[2026-09-20 11:44:03.551] [WARNING] [tid:2248] Relay bus: Referenced serial device does not exist.
[2026-09-20 11:44:03.551] [WARNING] [tid:2248] Relay bus: Не удается найти указанный файл.
Metering TX: 06 03 00 0b 00 07 74 7d
Metering TX: 02 03 00 c0 00 30 45 d1
Metering TX: 02 03 00 30 00 30 45 e2
Metering TX: 02 03 00 90 00 30 45 c0
Metering TX: 04 03 00 11 00 20 14 42
Metering TX: 05 03 03 00 00 02 c5 cb
[2026-09-20 11:44:04.500] [WARNING] [tid:2248] Metering bus: Metering timeout: type=0 slave=5 start=0x300 count=2 pending=
Metering TX: dd a5 03 00 ff fd 77
Metering TX: dd a5 04 00 ff fc 77
Metering TX: 06 03 00 0b 00 07 74 7d
Metering TX: 02 03 00 c0 00 30 45 d1
Metering TX: 02 03 00 30 00 30 45 e2
Metering TX: 02 03 00 90 00 30 45 c0
Metering TX: 04 03 00 11 00 20 14 42
Metering TX: dd a5 03 00 ff fd 77
Metering TX: 06 03 00 0b 00 07 74 7d
Metering TX: 02 03 00 c0 00 30 45 d1
Metering TX: 02 03 00 30 00 30 45 e2
Metering TX: 02 03 00 90 00 30 45 c0
Metering TX: 04 03 00 11 00 20 14 42
Metering TX: 06 03 00 0b 00 07 74 7d
Metering TX: 02 03 00 c0 00 30 45 d1
Metering TX: 02 03 00 30 00 30 45 e2
Metering TX: 02 03 00 90 00 30 45 c0
Metering TX: 04 03 00 11 00 20 14 42
Metering TX: dd a5 03 00 ff fd 77
Metering TX: 06 03 00 0b 00 07 74 7d
Metering TX: 02 03 00 c0 00 30 45 d1
Metering TX: 02 03 00 30 00 30 45 e2
Metering TX: 02 03 00 90 00 30 45 c0
Metering TX: 04 03 00 11 00 20 14 42
Metering TX: 05 03 03 00 00 02 c5 cb
[2026-09-20 11:44:08.925] [WARNING] [tid:2248] Metering bus: Metering timeout: type=0 slave=5 start=0x300 count=2 pending=
Metering TX: 06 03 00 0b 00 07 74 7d
Metering TX: 02 03 00 c0 00 30 45 d1
Metering TX: 02 03 00 30 00 30 45 e2
Metering TX: 02 03 00 90 00 30 45 c0
[2026-09-20 11:44:09.490] [WARNING] [tid:2248] Metering bus: Metering timeout: type=0 slave=2 start=0x90 count=48 pending=
Metering TX: 04 03 00 11 00 20 14 42
Metering TX: dd a5 03 00 ff fd 77
Metering TX: 06 03 00 0b 00 07 74 7d
Metering TX: 02 03 00 c0 00 30 45 d1
Metering TX: 02 03 00 30 00 30 45 e2
Metering TX: 02 03 00 90 00 30 45 c0
Metering TX: 04 03 00 11 00 20 14 42
Metering TX: 06 03 00 0b 00 07 74 7d
Metering TX: 02 03 00 c0 00 30 45 d1
Metering TX: 02 03 00 30 00 30 45 e2
Metering TX: 02 03 00 90 00 30 45 c0
Metering TX: 04 03 00 11 00 20 14 42
Metering TX: dd a5 03 00 ff fd 77
Metering TX: 06 03 00 0b 00 07 74 7d
Metering TX: 02 03 00 c0 00 30 45 d1
[2026-09-20 11:44:12.401] [WARNING] [tid:2248] Metering bus: Metering timeout: type=0 slave=2 start=0xc0 count=48 pending=
Metering TX: 02 03 00 30 00 30 45 e2
Metering TX: 02 03 00 90 00 30 45 c0
[2026-09-20 11:44:12.777] [WARNING] [tid:2248] Metering bus: Metering timeout: type=0 slave=2 start=0x90 count=48 pending=
Metering TX: 04 03 00 11 00 20 14 42
Metering TX: 06 03 00 0b 00 07 74 7d
Metering TX: 02 03 00 c0 00 30 45 d1
Metering TX: 02 03 00 30 00 30 45 e2
Metering TX: 02 03 00 90 00 30 45 c0
Metering TX: 04 03 00 11 00 20 14 42
Metering TX: dd a5 04 00 ff fc 77
Metering TX: 05 03 03 00 00 02 c5 cb
[2026-09-20 11:44:13.979] [WARNING] [tid:2248] Metering bus: Metering timeout: type=0 slave=5 start=0x300 count=2 pending=
Metering TX: dd a5 03 00 ff fd 77
Metering TX: 06 03 00 0b 00 07 74 7d
Metering TX: 02 03 00 c0 00 30 45 d1
[2026-09-20 11:44:14.461] [WARNING] [tid:2248] Metering bus: Metering timeout: type=0 slave=2 start=0xc0 count=48 pending=
Metering TX: 02 03 00 30 00 30 45 e2
Metering TX: 02 03 00 90 00 30 45 c0
[2026-09-20 11:44:14.863] [WARNING] [tid:2248] Metering bus: Metering timeout: type=0 slave=2 start=0x90 count=48 pending=
Metering TX: 04 03 00 11 00 20 14 42
Metering TX: 06 03 00 0b 00 07 74 7d
Metering TX: 02 03 00 c0 00 30 45 d1
Metering TX: 02 03 00 30 00 30 45 e2
Metering TX: 02 03 00 90 00 30 45 c0
Metering TX: 04 03 00 11 00 20 14 42
Metering TX: dd a5 03 00 ff fd 77
Metering TX: 06 03 00 0b 00 07 74 7d
Metering TX: 02 03 00 c0 00 30 45 d1
Metering TX: 02 03 00 30 00 30 45 e2
Metering TX: 02 03 00 90 00 30 45 c0
Metering TX: 04 03 00 11 00 20 14 42
Metering TX: 06 03 00 0b 00 07 74 7d
Metering TX: 02 03 00 c0 00 30 45 d1
Metering TX: 02 03 00 30 00 30 45 e2
Metering TX: 02 03 00 90 00 30 45 c0
Metering TX: 04 03 00 11 00 20 14 42
Metering TX: dd a5 03 00 ff fd 77
Metering TX: 06 03 00 0b 00 07 74 7d
Metering TX: 02 03 00 c0 00 30 45 d1
Metering TX: 02 03 00 30 00 30 45 e2
Metering TX: 02 03 00 90 00 30 45 c0
Metering TX: 04 03 00 11 00 20 14 42
Metering TX: 05 03 03 00 00 02 c5 cb
[2026-09-20 11:44:19.090] [WARNING] [tid:2248] Metering bus: Metering timeout: type=0 slave=5 start=0x300 count=2 pending=
Metering TX: 06 03 00 0b 00 07 74 7d
Metering TX: 02 03 00 c0 00 30 45 d1
Metering TX: 02 03 00 30 00 30 45 e2
Metering TX: 02 03 00 90 00 30 45 c0
Metering TX: 04 03 00 11 00 20 14 42
[2026-09-20 11:44:19.986] [WARNING] [tid:2248] Metering bus: Metering timeout: type=0 slave=4 start=0x11 count=32 pending=
Metering TX: dd a5 03 00 ff fd 77
Metering TX: 06 03 00 0b 00 07 74 7d
Metering TX: 02 03 00 c0 00 30 45 d1
Metering TX: 02 03 00 30 00 30 45 e2
Metering TX: 02 03 00 90 00 30 45 c0
Metering TX: 04 03 00 11 00 20 14 42
Metering TX: 06 03 00 0b 00 07 74 7d
Metering TX: 02 03 00 c0 00 30 45 d1
[2026-09-20 11:44:21.654] [WARNING] [tid:2248] Metering bus: Metering timeout: type=0 slave=2 start=0xc0 count=48 pending=
Metering TX: 02 03 00 30 00 30 45 e2
Metering TX: 02 03 00 90 00 30 45 c0
Metering TX: 04 03 00 11 00 20 14 42
Metering TX: dd a5 03 00 ff fd 77
Metering TX: 06 03 00 0b 00 07 74 7d
Metering TX: 02 03 00 c0 00 30 45 d1
Metering TX: 02 03 00 30 00 30 45 e2
Metering TX: 02 03 00 90 00 30 45 c0
Metering TX: 04 03 00 11 00 20 14 42
Metering TX: 06 03 00 0b 00 07 74 7d
Metering TX: 02 03 00 c0 00 30 45 d1
Metering TX: 02 03 00 30 00 30 45 e2
Metering TX: 02 03 00 90 00 30 45 c0
Metering TX: 04 03 00 11 00 20 14 42
Metering TX: dd a5 04 00 ff fc 77
Metering TX: 05 03 03 00 00 02 c5 cb
[2026-09-20 11:44:24.402] [WARNING] [tid:2248] Metering bus: Metering timeout: type=0 slave=5 start=0x300 count=2 pending=
Metering TX: dd a5 03 00 ff fd 77
Metering TX: 06 03 00 0b 00 07 74 7d
Metering TX: 02 03 00 c0 00 30 45 d1
Metering TX: 02 03 00 30 00 30 45 e2
Metering TX: 02 03 00 90 00 30 45 c0
Metering TX: 04 03 00 11 00 20 14 42
Metering TX: 06 03 00 0b 00 07 74 7d
Metering TX: 02 03 00 c0 00 30 45 d1
Metering TX: 02 03 00 30 00 30 45 e2
Metering TX: 02 03 00 90 00 30 45 c0
Metering TX: 04 03 00 11 00 20 14 42
[2026-09-20 11:44:26.121] [CRITICAL] [tid:2248] State write failed: Отказано в доступе.
Metering TX: dd a5 03 00 ff fd 77
Metering TX: 06 03 00 0b 00 07 74 7d
Metering TX: 02 03 00 c0 00 30 45 d1
Metering TX: 02 03 00 30 00 30 45 e2
Metering TX: 02 03 00 90 00 30 45 c0
Metering TX: 04 03 00 11 00 20 14 42
Metering TX: 06 03 00 0b 00 07 74 7d
Metering TX: 02 03 00 c0 00 30 45 d1
Metering TX: 02 03 00 30 00 30 45 e2
Metering TX: 02 03 00 90 00 30 45 c0
Metering TX: 04 03 00 11 00 20 14 42
Metering TX: dd a5 03 00 ff fd 77
Metering TX: 06 03 00 0b 00 07 74 7d
Metering TX: 02 03 00 c0 00 30 45 d1
Metering TX: 02 03 00 30 00 30 45 e2
Metering TX: 02 03 00 90 00 30 45 c0
Metering TX: 04 03 00 11 00 20 14 42
Metering TX: 05 03 03 00 00 02 c5 cb
[2026-09-20 11:44:29.482] [WARNING] [tid:2248] Metering bus: Metering timeout: type=0 slave=5 start=0x300 count=2 pending=
Metering TX: 06 03 00 0b 00 07 74 7d
Metering TX: 02 03 00 c0 00 30 45 d1
[2026-09-20 11:44:30.011] [WARNING] [tid:2248] Metering bus: Metering timeout: type=0 slave=2 start=0xc0 count=48 pending=
Metering TX: 02 03 00 30 00 30 45 e2
Metering TX: 02 03 00 90 00 30 45 c0
Metering TX: 04 03 00 11 00 20 14 42
Metering TX: dd a5 03 00 ff fd 77
Metering TX: 06 03 00 0b 00 07 74 7d
Metering TX: 02 03 00 c0 00 30 45 d1
Metering TX: 02 03 00 30 00 30 45 e2
Metering TX: 02 03 00 90 00 30 45 c0
Metering TX: 04 03 00 11 00 20 14 42
Metering TX: 06 03 00 0b 00 07 74 7d
Metering TX: 02 03 00 c0 00 30 45 d1
Metering TX: 02 03 00 30 00 30 45 e2
Metering TX: 02 03 00 90 00 30 45 c0
Metering TX: 04 03 00 11 00 20 14 42
Metering TX: dd a5 03 00 ff fd 77
Metering TX: 06 03 00 0b 00 07 74 7d
Metering TX: 02 03 00 c0 00 30 45 d1
Metering TX: 02 03 00 30 00 30 45 e2
Metering TX: 02 03 00 90 00 30 45 c0
Metering TX: 04 03 00 11 00 20 14 42
Metering TX: dd a5 04 00 ff fc 77
Metering TX: 05 03 03 00 00 02 c5 cb
[2026-09-20 11:44:34.116] [WARNING] [tid:2248] Metering bus: Metering timeout: type=0 slave=5 start=0x300 count=2 pending=
Metering TX: 06 03 00 0b 00 07 74 7d
Metering TX: 02 03 00 c0 00 30 45 d1
Metering TX: 02 03 00 30 00 30 45 e2
Metering TX: 02 03 00 90 00 30 45 c0
Metering TX: 04 03 00 11 00 20 14 42
Metering TX: dd a5 03 00 ff fd 77
Metering TX: 06 03 00 0b 00 07 74 7d
Metering TX: 02 03 00 c0 00 30 45 d1
Metering TX: 02 03 00 30 00 30 45 e2
Metering TX: 02 03 00 90 00 30 45 c0
Metering TX: 04 03 00 11 00 20 14 42
Metering TX: 06 03 00 0b 00 07 74 7d
Metering TX: 02 03 00 c0 00 30 45 d1
Metering TX: 02 03 00 30 00 30 45 e2
Metering TX: 02 03 00 90 00 30 45 c0
Metering TX: 04 03 00 11 00 20 14 42
Metering TX: dd a5 03 00 ff fd 77
Metering TX: 06 03 00 0b 00 07 74 7d
Metering TX: 02 03 00 c0 00 30 45 d1
[2026-09-20 11:44:37.327] [WARNING] [tid:2248] Metering bus: Metering timeout: type=0 slave=2 start=0xc0 count=48 pending=
Metering TX: 02 03 00 30 00 30 45 e2
Metering TX: 02 03 00 90 00 30 45 c0
Metering TX: 04 03 00 11 00 20 14 42
Metering TX: 06 03 00 0b 00 07 74 7d
Metering TX: 02 03 00 c0 00 30 45 d1
Metering TX: 02 03 00 30 00 30 45 e2
Metering TX: 02 03 00 90 00 30 45 c0
Metering TX: 04 03 00 11 00 20 14 42
Metering TX: dd a5 03 00 ff fd 77
Metering TX: 05 03 03 00 00 02 c5 cb
[2026-09-20 11:44:39.139] [WARNING] [tid:2248] Metering bus: Metering timeout: type=0 slave=5 start=0x300 count=2 pending=
Metering TX: 06 03 00 0b 00 07 74 7d
Metering TX: 02 03 00 c0 00 30 45 d1
Metering TX: 02 03 00 30 00 30 45 e2
Metering TX: 02 03 00 90 00 30 45 c0
Metering TX: 04 03 00 11 00 20 14 42
Metering TX: 06 03 00 0b 00 07 74 7d
Metering TX: 02 03 00 c0 00 30 45 d1
[2026-09-20 11:44:40.505] [WARNING] [tid:2248] Metering bus: Metering timeout: type=0 slave=2 start=0xc0 count=48 pending=
Metering TX: 02 03 00 30 00 30 45 e2
Metering TX: 02 03 00 90 00 30 45 c0
Metering TX: 04 03 00 11 00 20 14 42
Metering TX: dd a5 03 00 ff fd 77
Metering TX: 06 03 00 0b 00 07 74 7d
Metering TX: 02 03 00 c0 00 30 45 d1
Metering TX: 02 03 00 30 00 30 45 e2
Metering TX: 02 03 00 90 00 30 45 c0
Metering TX: 04 03 00 11 00 20 14 42
[2026-09-20 11:44:41.884] [WARNING] [tid:2248] Metering bus: Metering timeout: type=0 slave=4 start=0x11 count=32 pending=
Metering TX: 06 03 00 0b 00 07 74 7d
Metering TX: 02 03 00 c0 00 30 45 d1
Metering TX: 02 03 00 30 00 30 45 e2
Metering TX: 02 03 00 90 00 30 45 c0
Metering TX: 04 03 00 11 00 20 14 42
Metering TX: dd a5 03 00 ff fd 77
Metering TX: 06 03 00 0b 00 07 74 7d
Metering TX: 02 03 00 c0 00 30 45 d1
Metering TX: 02 03 00 30 00 30 45 e2
Metering TX: 02 03 00 90 00 30 45 c0
Metering TX: 04 03 00 11 00 20 14 42
Metering TX: dd a5 04 00 ff fc 77
Metering TX: 05 03 03 00 00 02 c5 cb
[2026-09-20 11:44:44.279] [WARNING] [tid:2248] Metering bus: Metering timeout: type=0 slave=5 start=0x300 count=2 pending=
Metering TX: 06 03 00 0b 00 07 74 7d
Metering TX: 02 03 00 c0 00 30 45 d1
Metering TX: 02 03 00 30 00 30 45 e2
Metering TX: 02 03 00 90 00 30 45 c0
Metering TX: 04 03 00 11 00 20 14 42
[2026-09-20 11:44:45.084] [WARNING] [tid:2248] Metering bus: Metering timeout: type=0 slave=4 start=0x11 count=32 pending=
Metering TX: dd a5 03 00 ff fd 77
Metering TX: 06 03 00 0b 00 07 74 7d
Metering TX: 02 03 00 c0 00 30 45 d1
Metering TX: 02 03 00 30 00 30 45 e2
Metering TX: 02 03 00 90 00 30 45 c0
Metering TX: 04 03 00 11 00 20 14 42
Metering TX: 06 03 00 0b 00 07 74 7d
Metering TX: 02 03 00 c0 00 30 45 d1
Metering TX: 02 03 00 30 00 30 45 e2
Metering TX: 02 03 00 90 00 30 45 c0
Metering TX: 04 03 00 11 00 20 14 42
Metering TX: dd a5 03 00 ff fd 77
Metering TX: 06 03 00 0b 00 07 74 7d
Metering TX: 02 03 00 c0 00 30 45 d1
Metering TX: 02 03 00 30 00 30 45 e2
Metering TX: 02 03 00 90 00 30 45 c0
Metering TX: 04 03 00 11 00 20 14 42
Metering TX: 06 03 00 0b 00 07 74 7d
Metering TX: 02 03 00 c0 00 30 45 d1
Metering TX: 02 03 00 30 00 30 45 e2
Metering TX: 02 03 00 90 00 30 45 c0
Metering TX: 04 03 00 11 00 20 14 42
Metering TX: dd a5 03 00 ff fd 77
Metering TX: 05 03 03 00 00 02 c5 cb
[2026-09-20 11:44:49.315] [WARNING] [tid:2248] Metering bus: Metering timeout: type=0 slave=5 start=0x300 count=2 pending=
Metering TX: 06 03 00 0b 00 07 74 7d
Metering TX: 02 03 00 c0 00 30 45 d1
Metering TX: 02 03 00 30 00 30 45 e2
Metering TX: 02 03 00 90 00 30 45 c0
Metering TX: 04 03 00 11 00 20 14 42
Metering TX: 06 03 00 0b 00 07 74 7d
Metering TX: 02 03 00 c0 00 30 45 d1
Metering TX: 02 03 00 30 00 30 45 e2
Metering TX: 02 03 00 90 00 30 45 c0
Metering TX: 04 03 00 11 00 20 14 42
Metering TX: dd a5 03 00 ff fd 77
Metering TX: 06 03 00 0b 00 07 74 7d
Metering TX: 02 03 00 c0 00 30 45 d1
Metering TX: 02 03 00 30 00 30 45 e2
Metering TX: 02 03 00 90 00 30 45 c0
Metering TX: 04 03 00 11 00 20 14 42
Metering TX: 06 03 00 0b 00 07 74 7d
Metering TX: 02 03 00 c0 00 30 45 d1
Metering TX: 02 03 00 30 00 30 45 e2
Metering TX: 02 03 00 90 00 30 45 c0
Metering TX: 04 03 00 11 00 20 14 42
Metering TX: dd a5 03 00 ff fd 77
Metering TX: 06 03 00 0b 00 07 74 7d
Metering TX: 02 03 00 c0 00 30 45 d1
Metering TX: 02 03 00 30 00 30 45 e2
Metering TX: 02 03 00 90 00 30 45 c0
Metering TX: 04 03 00 11 00 20 14 42
Metering TX: dd a5 04 00 ff fc 77
Metering TX: 05 03 03 00 00 02 c5 cb
[2026-09-20 11:44:54.432] [WARNING] [tid:2248] Metering bus: Metering timeout: type=0 slave=5 start=0x300 count=2 pending=
Metering TX: 06 03 00 0b 00 07 74 7d
Metering TX: 02 03 00 c0 00 30 45 d1
Metering TX: 02 03 00 30 00 30 45 e2
Metering TX: 02 03 00 90 00 30 45 c0
Metering TX: 04 03 00 11 00 20 14 42
Metering TX: dd a5 03 00 ff fd 77
Metering TX: 06 03 00 0b 00 07 74 7d
Metering TX: 02 03 00 c0 00 30 45 d1
Metering TX: 02 03 00 30 00 30 45 e2
Metering TX: 02 03 00 90 00 30 45 c0
Metering TX: 04 03 00 11 00 20 14 42
Metering TX: 06 03 00 0b 00 07 74 7d
Metering TX: 02 03 00 c0 00 30 45 d1
Metering TX: 02 03 00 30 00 30 45 e2
Metering TX: 02 03 00 90 00 30 45 c0
Metering TX: 04 03 00 11 00 20 14 42
Metering TX: dd a5 03 00 ff fd 77
Metering TX: 06 03 00 0b 00 07 74 7d
Metering TX: 02 03 00 c0 00 30 45 d1
[2026-09-20 11:44:57.964] [WARNING] [tid:2248] Metering bus: Metering timeout: type=0 slave=2 start=0xc0 count=48 pending=
Metering TX: 02 03 00 30 00 30 45 e2
Metering TX: 02 03 00 90 00 30 45 c0
Metering TX: 04 03 00 11 00 20 14 42
[2026-09-20 11:44:58.485] [WARNING] [tid:2248] Metering bus: Metering timeout: type=0 slave=4 start=0x11 count=32 pending=
Metering TX: dd a5 03 00 ff fd 77
Metering TX: 06 03 00 0b 00 07 74 7d
Metering TX: 02 03 00 c0 00 30 45 d1
Metering TX: 02 03 00 30 00 30 45 e2
Metering TX: 02 03 00 90 00 30 45 c0
Metering TX: 04 03 00 11 00 20 14 42
Metering TX: 05 03 03 00 00 02 c5 cb
[2026-09-20 11:44:59.586] [WARNING] [tid:2248] Metering bus: Metering timeout: type=0 slave=5 start=0x300 count=2 pending=
Metering TX: 06 03 00 0b 00 07 74 7d
Metering TX: 02 03 00 c0 00 30 45 d1
Metering TX: 02 03 00 30 00 30 45 e2
Metering TX: 02 03 00 90 00 30 45 c0
Metering TX: 04 03 00 11 00 20 14 42
Metering TX: dd a5 03 00 ff fd 77
Metering TX: 06 03 00 0b 00 07 74 7d
Metering TX: 02 03 00 c0 00 30 45 d1
Metering TX: 02 03 00 30 00 30 45 e2
Metering TX: 02 03 00 90 00 30 45 c0
Metering TX: 04 03 00 11 00 20 14 42
Metering TX: 06 03 00 0b 00 07 74 7d
Metering TX: 02 03 00 c0 00 30 45 d1
Metering TX: 02 03 00 30 00 30 45 e2
Metering TX: 02 03 00 90 00 30 45 c0
Metering TX: 04 03 00 11 00 20 14 42
Metering TX: dd a5 03 00 ff fd 77
Metering TX: 06 03 00 0b 00 07 74 7d
Metering TX: 02 03 00 c0 00 30 45 d1
Metering TX: 02 03 00 30 00 30 45 e2
Metering TX: 02 03 00 90 00 30 45 c0
Metering TX: 04 03 00 11 00 20 14 42
Metering TX: dd a5 04 00 ff fc 77
Metering TX: 06 03 00 0b 00 07 74 7d
Metering TX: 02 03 00 c0 00 30 45 d1
Metering TX: 02 03 00 30 00 30 45 e2
Metering TX: 02 03 00 90 00 30 45 c0
Metering TX: 04 03 00 11 00 20 14 42
[2026-09-20 11:45:04.588] [WARNING] [tid:2248] Metering bus: Metering timeout: type=0 slave=4 start=0x11 count=32 pending=
Metering TX: 05 03 03 00 00 02 c5 cb
[2026-09-20 11:45:04.843] [WARNING] [tid:2248] Metering bus: Metering timeout: type=0 slave=5 start=0x300 count=2 pending=
Metering TX: dd a5 03 00 ff fd 77
Metering TX: 06 03 00 0b 00 07 74 7d
Metering TX: 02 03 00 c0 00 30 45 d1
Metering TX: 02 03 00 30 00 30 45 e2
Metering TX: 02 03 00 90 00 30 45 c0
Metering TX: 04 03 00 11 00 20 14 42
Metering TX: 06 03 00 0b 00 07 74 7d
Metering TX: 02 03 00 c0 00 30 45 d1
Metering TX: 02 03 00 30 00 30 45 e2
Metering TX: 02 03 00 90 00 30 45 c0
Metering TX: 04 03 00 11 00 20 14 42
Metering TX: dd a5 03 00 ff fd 77
Metering TX: 06 03 00 0b 00 07 74 7d
Metering TX: 02 03 00 c0 00 30 45 d1
Metering TX: 02 03 00 30 00 30 45 e2
Metering TX: 02 03 00 90 00 30 45 c0
Metering TX: 04 03 00 11 00 20 14 42
Metering TX: 06 03 00 0b 00 07 74 7d
Metering TX: 02 03 00 c0 00 30 45 d1
Metering TX: 02 03 00 30 00 30 45 e2
Metering TX: 02 03 00 90 00 30 45 c0
Metering TX: 04 03 00 11 00 20 14 42
Metering TX: dd a5 03 00 ff fd 77
Metering TX: 06 03 00 0b 00 07 74 7d
Metering TX: 02 03 00 c0 00 30 45 d1
Metering TX: 02 03 00 30 00 30 45 e2
Metering TX: 02 03 00 90 00 30 45 c0
Metering TX: 04 03 00 11 00 20 14 42
Metering TX: 05 03 03 00 00 02 c5 cb
[2026-09-20 11:45:09.800] [WARNING] [tid:2248] Metering bus: Metering timeout: type=0 slave=5 start=0x300 count=2 pending=
Metering TX: 06 03 00 0b 00 07 74 7d
Metering TX: 02 03 00 c0 00 30 45 d1
Metering TX: 02 03 00 30 00 30 45 e2
Metering TX: 02 03 00 90 00 30 45 c0
Metering TX: 04 03 00 11 00 20 14 42
Metering TX: dd a5 03 00 ff fd 77
Metering TX: 06 03 00 0b 00 07 74 7d
Metering TX: 02 03 00 c0 00 30 45 d1
Metering TX: 02 03 00 30 00 30 45 e2
Metering TX: 02 03 00 90 00 30 45 c0
Metering TX: 04 03 00 11 00 20 14 42
Metering TX: 06 03 00 0b 00 07 74 7d
Metering TX: 02 03 00 c0 00 30 45 d1
Metering TX: 02 03 00 30 00 30 45 e2
Metering TX: 02 03 00 90 00 30 45 c0
Metering TX: 04 03 00 11 00 20 14 42
Metering TX: dd a5 03 00 ff fd 77
Metering TX: 06 03 00 0b 00 07 74 7d
Metering TX: 02 03 00 c0 00 30 45 d1
Metering TX: 02 03 00 30 00 30 45 e2
Metering TX: 02 03 00 90 00 30 45 c0
Metering TX: 04 03 00 11 00 20 14 42
Metering TX: dd a5 04 00 ff fc 77
Metering TX: 05 03 03 00 00 02 c5 cb
[2026-09-20 11:45:14.308] [WARNING] [tid:2248] Metering bus: Metering timeout: type=0 slave=5 start=0x300 count=2 pending=
Metering TX: 06 03 00 0b 00 07 74 7d
Metering TX: 02 03 00 c0 00 30 45 d1
Metering TX: 02 03 00 30 00 30 45 e2
Metering TX: 02 03 00 90 00 30 45 c0
Metering TX: 04 03 00 11 00 20 14 42
Metering TX: dd a5 03 00 ff fd 77
Metering TX: 06 03 00 0b 00 07 74 7d
Metering TX: 02 03 00 c0 00 30 45 d1
Metering TX: 02 03 00 30 00 30 45 e2
Metering TX: 02 03 00 90 00 30 45 c0
Metering TX: 04 03 00 11 00 20 14 42
Metering TX: 06 03 00 0b 00 07 74 7d
Metering TX: 02 03 00 c0 00 30 45 d1
Metering TX: 02 03 00 30 00 30 45 e2
Metering TX: 02 03 00 90 00 30 45 c0
Metering TX: 04 03 00 11 00 20 14 42
Metering TX: dd a5 03 00 ff fd 77
Metering TX: 06 03 00 0b 00 07 74 7d
Metering TX: 02 03 00 c0 00 30 45 d1
Metering TX: 02 03 00 30 00 30 45 e2
Metering TX: 02 03 00 90 00 30 45 c0
Metering TX: 04 03 00 11 00 20 14 42
Metering TX: 06 03 00 0b 00 07 74 7d
Metering TX: 02 03 00 c0 00 30 45 d1
Metering TX: 02 03 00 30 00 30 45 e2
Metering TX: 02 03 00 90 00 30 45 c0
Metering TX: 04 03 00 11 00 20 14 42
Metering TX: dd a5 03 00 ff fd 77
Metering TX: 05 03 03 00 00 02 c5 cb
[2026-09-20 11:45:19.367] [WARNING] [tid:2248] Metering bus: Metering timeout: type=0 slave=5 start=0x300 count=2 pending=
Metering TX: 06 03 00 0b 00 07 74 7d
Metering TX: 02 03 00 c0 00 30 45 d1
Metering TX: 02 03 00 30 00 30 45 e2
Metering TX: 02 03 00 90 00 30 45 c0
Metering TX: 04 03 00 11 00 20 14 42
Metering TX: 06 03 00 0b 00 07 74 7d
Metering TX: 02 03 00 c0 00 30 45 d1
Metering TX: 02 03 00 30 00 30 45 e2
Metering TX: 02 03 00 90 00 30 45 c0
Metering TX: 04 03 00 11 00 20 14 42
Metering TX: dd a5 03 00 ff fd 77
Metering TX: 06 03 00 0b 00 07 74 7d
Metering TX: 02 03 00 c0 00 30 45 d1
Metering TX: 02 03 00 30 00 30 45 e2
Metering TX: 02 03 00 90 00 30 45 c0
Metering TX: 04 03 00 11 00 20 14 42
Metering TX: 06 03 00 0b 00 07 74 7d
Metering TX: 02 03 00 c0 00 30 45 d1
Metering TX: 02 03 00 30 00 30 45 e2
Metering TX: 02 03 00 90 00 30 45 c0
Metering TX: 04 03 00 11 00 20 14 42
Metering TX: dd a5 03 00 ff fd 77
Metering TX: 06 03 00 0b 00 07 74 7d
Metering TX: 02 03 00 c0 00 30 45 d1
Metering TX: 02 03 00 30 00 30 45 e2
Metering TX: 02 03 00 90 00 30 45 c0
Metering TX: 04 03 00 11 00 20 14 42
Metering TX: dd a5 04 00 ff fc 77
Metering TX: 05 03 03 00 00 02 c5 cb
[2026-09-20 11:45:24.446] [WARNING] [tid:2248] Metering bus: Metering timeout: type=0 slave=5 start=0x300 count=2 pending=
Metering TX: 06 03 00 0b 00 07 74 7d
Metering TX: 02 03 00 c0 00 30 45 d1
[2026-09-20 11:45:24.732] [WARNING] [tid:2248] Metering bus: Metering timeout: type=0 slave=2 start=0xc0 count=48 pending=
Metering TX: 02 03 00 30 00 30 45 e2
Metering TX: 02 03 00 90 00 30 45 c0
Metering TX: 04 03 00 11 00 20 14 42
Metering TX: dd a5 03 00 ff fd 77
Metering TX: 06 03 00 0b 00 07 74 7d
Metering TX: 02 03 00 c0 00 30 45 d1
Metering TX: 02 03 00 30 00 30 45 e2
Metering TX: 02 03 00 90 00 30 45 c0
Metering TX: 04 03 00 11 00 20 14 42
Metering TX: 06 03 00 0b 00 07 74 7d
Metering TX: 02 03 00 c0 00 30 45 d1
Metering TX: 02 03 00 30 00 30 45 e2
Metering TX: 02 03 00 90 00 30 45 c0
Metering TX: 04 03 00 11 00 20 14 42
Metering TX: dd a5 03 00 ff fd 77
Metering TX: 06 03 00 0b 00 07 74 7d
Metering TX: 02 03 00 c0 00 30 45 d1
Metering TX: 02 03 00 30 00 30 45 e2
Metering TX: 02 03 00 90 00 30 45 c0
Metering TX: 04 03 00 11 00 20 14 42
Metering TX: 06 03 00 0b 00 07 74 7d
Metering TX: 02 03 00 c0 00 30 45 d1
Metering TX: 02 03 00 30 00 30 45 e2
Metering TX: 02 03 00 90 00 30 45 c0
Metering TX: 04 03 00 11 00 20 14 42
Metering TX: dd a5 03 00 ff fd 77
Metering TX: 05 03 03 00 00 02 c5 cb
[2026-09-20 11:45:29.539] [WARNING] [tid:2248] Metering bus: Metering timeout: type=0 slave=5 start=0x300 count=2 pending=
Metering TX: 06 03 00 0b 00 07 74 7d
Metering TX: 02 03 00 c0 00 30 45 d1
Metering TX: 02 03 00 30 00 30 45 e2
Metering TX: 02 03 00 90 00 30 45 c0
Metering TX: 04 03 00 11 00 20 14 42
[2026-09-20 11:45:30.375] [WARNING] [tid:2248] Metering bus: Metering timeout: type=0 slave=4 start=0x11 count=32 pending=
Metering TX: 06 03 00 0b 00 07 74 7d
Metering TX: 02 03 00 c0 00 30 45 d1
Metering TX: 02 03 00 30 00 30 45 e2
Metering TX: 02 03 00 90 00 30 45 c0
Metering TX: 04 03 00 11 00 20 14 42
Metering TX: dd a5 03 00 ff fd 77
Metering TX: 06 03 00 0b 00 07 74 7d
Metering TX: 02 03 00 c0 00 30 45 d1
Metering TX: 02 03 00 30 00 30 45 e2
Metering TX: 02 03 00 90 00 30 45 c0
Metering TX: 04 03 00 11 00 20 14 42
Metering TX: 06 03 00 0b 00 07 74 7d
Metering TX: 02 03 00 c0 00 30 45 d1
Metering TX: 02 03 00 30 00 30 45 e2
Metering TX: 02 03 00 90 00 30 45 c0
Metering TX: 04 03 00 11 00 20 14 42
Metering TX: dd a5 03 00 ff fd 77
Metering TX: 06 03 00 0b 00 07 74 7d
Metering TX: 02 03 00 c0 00 30 45 d1
Metering TX: 02 03 00 30 00 30 45 e2
Metering TX: 02 03 00 90 00 30 45 c0
Metering TX: 04 03 00 11 00 20 14 42
[2026-09-20 11:45:34.511] [WARNING] [tid:2248] Metering bus: Metering timeout: type=0 slave=4 start=0x11 count=32 pending=
Metering TX: dd a5 04 00 ff fc 77
Metering TX: 05 03 03 00 00 02 c5 cb
[2026-09-20 11:45:34.828] [WARNING] [tid:2248] Metering bus: Metering timeout: type=0 slave=5 start=0x300 count=2 pending=
Metering TX: 06 03 00 0b 00 07 74 7d
Metering TX: 02 03 00 c0 00 30 45 d1
Metering TX: 02 03 00 30 00 30 45 e2
Metering TX: 02 03 00 90 00 30 45 c0
Metering TX: 04 03 00 11 00 20 14 42
Metering TX: dd a5 03 00 ff fd 77
Metering TX: 06 03 00 0b 00 07 74 7d
Metering TX: 02 03 00 c0 00 30 45 d1
[2026-09-20 11:45:36.203] [WARNING] [tid:2248] Metering bus: Metering timeout: type=0 slave=2 start=0xc0 count=48 pending=
Metering TX: 02 03 00 30 00 30 45 e2
Metering TX: 02 03 00 90 00 30 45 c0
Metering TX: 04 03 00 11 00 20 14 42
Metering TX: 06 03 00 0b 00 07 74 7d
Metering TX: 02 03 00 c0 00 30 45 d1
[2026-09-20 11:45:37.208] [WARNING] [tid:2248] Metering bus: Metering timeout: type=0 slave=2 start=0xc0 count=48 pending=
Metering TX: 02 03 00 30 00 30 45 e2
Metering TX: 02 03 00 90 00 30 45 c0
Metering TX: 04 03 00 11 00 20 14 42
[2026-09-20 11:45:37.728] [WARNING] [tid:2248] Metering bus: Metering timeout: type=0 slave=4 start=0x11 count=32 pending=
Metering TX: dd a5 03 00 ff fd 77
Metering TX: 06 03 00 0b 00 07 74 7d
Metering TX: 02 03 00 c0 00 30 45 d1
Metering TX: 02 03 00 30 00 30 45 e2
Metering TX: 02 03 00 90 00 30 45 c0
Metering TX: 04 03 00 11 00 20 14 42
Metering TX: 06 03 00 0b 00 07 74 7d
Metering TX: 02 03 00 c0 00 30 45 d1
Metering TX: 02 03 00 30 00 30 45 e2
Metering TX: 02 03 00 90 00 30 45 c0
Metering TX: 04 03 00 11 00 20 14 42
Metering TX: 05 03 03 00 00 02 c5 cb
[2026-09-20 11:45:39.830] [WARNING] [tid:2248] Metering bus: Metering timeout: type=0 slave=5 start=0x300 count=2 pending=
Metering TX: dd a5 03 00 ff fd 77
Metering TX: 06 03 00 0b 00 07 74 7d
Metering TX: 02 03 00 c0 00 30 45 d1
Metering TX: 02 03 00 30 00 30 45 e2
Metering TX: 02 03 00 90 00 30 45 c0
Metering TX: 04 03 00 11 00 20 14 42
Metering TX: 06 03 00 0b 00 07 74 7d
Metering TX: 02 03 00 c0 00 30 45 d1
Metering TX: 02 03 00 30 00 30 45 e2
Metering TX: 02 03 00 90 00 30 45 c0
Metering TX: 04 03 00 11 00 20 14 42
Metering TX: dd a5 03 00 ff fd 77
Metering TX: 06 03 00 0b 00 07 74 7d
Metering TX: 02 03 00 c0 00 30 45 d1
Metering TX: 02 03 00 30 00 30 45 e2
Metering TX: 02 03 00 90 00 30 45 c0
Metering TX: 04 03 00 11 00 20 14 42
Metering TX: 06 03 00 0b 00 07 74 7d
Metering TX: 02 03 00 c0 00 30 45 d1
Metering TX: 02 03 00 30 00 30 45 e2
Metering TX: 02 03 00 90 00 30 45 c0
Metering TX: 04 03 00 11 00 20 14 42
Metering TX: dd a5 03 00 ff fd 77
Metering TX: dd a5 04 00 ff fc 77
Metering TX: 06 03 00 0b 00 07 74 7d
Metering TX: 02 03 00 c0 00 30 45 d1
Metering TX: 02 03 00 30 00 30 45 e2
Metering TX: 02 03 00 90 00 30 45 c0
Metering TX: 04 03 00 11 00 20 14 42
Metering TX: 05 03 03 00 00 02 c5 cb
[2026-09-20 11:45:44.987] [WARNING] [tid:2248] Metering bus: Metering timeout: type=0 slave=5 start=0x300 count=2 pending=
Metering TX: 06 03 00 0b 00 07 74 7d
Metering TX: 02 03 00 c0 00 30 45 d1
Metering TX: 02 03 00 30 00 30 45 e2
Metering TX: 02 03 00 90 00 30 45 c0
Metering TX: 04 03 00 11 00 20 14 42
Metering TX: dd a5 03 00 ff fd 77
Metering TX: 06 03 00 0b 00 07 74 7d
Metering TX: 02 03 00 c0 00 30 45 d1
Metering TX: 02 03 00 30 00 30 45 e2
Metering TX: 02 03 00 90 00 30 45 c0
Metering TX: 04 03 00 11 00 20 14 42
Metering TX: 06 03 00 0b 00 07 74 7d
Metering TX: 02 03 00 c0 00 30 45 d1
Metering TX: 02 03 00 30 00 30 45 e2
Metering TX: 02 03 00 90 00 30 45 c0
Metering TX: 04 03 00 11 00 20 14 42
Metering TX: dd a5 03 00 ff fd 77
Metering TX: 06 03 00 0b 00 07 74 7d
Metering TX: 02 03 00 c0 00 30 45 d1
Metering TX: 02 03 00 30 00 30 45 e2
Metering TX: 02 03 00 90 00 30 45 c0
Metering TX: 04 03 00 11 00 20 14 42
Metering TX: 06 03 00 0b 00 07 74 7d
Metering TX: 02 03 00 c0 00 30 45 d1
Metering TX: 02 03 00 30 00 30 45 e2
Metering TX: 02 03 00 90 00 30 45 c0
Metering TX: 04 03 00 11 00 20 14 42
Metering TX: 05 03 03 00 00 02 c5 cb
[2026-09-20 11:45:50.096] [WARNING] [tid:2248] Metering bus: Metering timeout: type=0 slave=5 start=0x300 count=2 pending=
Metering TX: dd a5 03 00 ff fd 77
Metering TX: 06 03 00 0b 00 07 74 7d
Metering TX: 02 03 00 c0 00 30 45 d1
Metering TX: 02 03 00 30 00 30 45 e2
Metering TX: 02 03 00 90 00 30 45 c0
Metering TX: 04 03 00 11 00 20 14 42
Metering TX: dd a5 03 00 ff fd 77
Metering TX: 06 03 00 0b 00 07 74 7d
Metering TX: 02 03 00 c0 00 30 45 d1
Metering TX: 02 03 00 30 00 30 45 e2
Metering TX: 02 03 00 90 00 30 45 c0
Metering TX: 04 03 00 11 00 20 14 42
Metering TX: 06 03 00 0b 00 07 74 7d
Metering TX: 02 03 00 c0 00 30 45 d1
Metering TX: 02 03 00 30 00 30 45 e2
Metering TX: 02 03 00 90 00 30 45 c0
Metering TX: 04 03 00 11 00 20 14 42
Metering TX: dd a5 03 00 ff fd 77
Metering TX: 06 03 00 0b 00 07 74 7d
Metering TX: 02 03 00 c0 00 30 45 d1
Metering TX: 02 03 00 30 00 30 45 e2
Metering TX: 02 03 00 90 00 30 45 c0
Metering TX: 04 03 00 11 00 20 14 42
Metering TX: dd a5 04 00 ff fc 77
Metering TX: 05 03 03 00 00 02 c5 cb
[2026-09-20 11:45:54.551] [WARNING] [tid:2248] Metering bus: Metering timeout: type=0 slave=5 start=0x300 count=2 pending=
Metering TX: 06 03 00 0b 00 07 74 7d
Metering TX: 02 03 00 c0 00 30 45 d1
[2026-09-20 11:45:54.848] [WARNING] [tid:2248] Metering bus: Metering timeout: type=0 slave=2 start=0xc0 count=48 pending=
Metering TX: 02 03 00 30 00 30 45 e2
Metering TX: 02 03 00 90 00 30 45 c0
Metering TX: 04 03 00 11 00 20 14 42
Metering TX: dd a5 03 00 ff fd 77
Metering TX: 06 03 00 0b 00 07 74 7d
Metering TX: 02 03 00 c0 00 30 45 d1
Metering TX: 02 03 00 30 00 30 45 e2
Metering TX: 02 03 00 90 00 30 45 c0
Metering TX: 04 03 00 11 00 20 14 42
Metering TX: 06 03 00 0b 00 07 74 7d
Metering TX: 02 03 00 c0 00 30 45 d1
[2026-09-20 11:45:56.785] [WARNING] [tid:2248] Metering bus: Metering timeout: type=0 slave=2 start=0xc0 count=48 pending=
Metering TX: 02 03 00 30 00 30 45 e2
Metering TX: 02 03 00 90 00 30 45 c0
Metering TX: 04 03 00 11 00 20 14 42
Metering TX: dd a5 03 00 ff fd 77
Metering TX: 06 03 00 0b 00 07 74 7d
Metering TX: 02 03 00 c0 00 30 45 d1
Metering TX: 02 03 00 30 00 30 45 e2
Metering TX: 02 03 00 90 00 30 45 c0
Metering TX: 04 03 00 11 00 20 14 42
Metering TX: 06 03 00 0b 00 07 74 7d
Metering TX: 02 03 00 c0 00 30 45 d1
Metering TX: 02 03 00 30 00 30 45 e2
Metering TX: 02 03 00 90 00 30 45 c0
Metering TX: 04 03 00 11 00 20 14 42
Metering TX: 05 03 03 00 00 02 c5 cb
[2026-09-20 11:45:59.558] [WARNING] [tid:2248] Metering bus: Metering timeout: type=0 slave=5 start=0x300 count=2 pending=
Metering TX: dd a5 03 00 ff fd 77
Metering TX: 06 03 00 0b 00 07 74 7d
Metering TX: 02 03 00 c0 00 30 45 d1
Metering TX: 02 03 00 30 00 30 45 e2
Metering TX: 02 03 00 90 00 30 45 c0
Metering TX: 04 03 00 11 00 20 14 42
Metering TX: 06 03 00 0b 00 07 74 7d
Metering TX: 02 03 00 c0 00 30 45 d1
Metering TX: 02 03 00 30 00 30 45 e2
Metering TX: 02 03 00 90 00 30 45 c0
Metering TX: 04 03 00 11 00 20 14 42
Metering TX: dd a5 03 00 ff fd 77
Metering TX: 06 03 00 0b 00 07 74 7d
Metering TX: 02 03 00 c0 00 30 45 d1
[2026-09-20 11:46:01.802] [WARNING] [tid:2248] Metering bus: Metering timeout: type=0 slave=2 start=0xc0 count=48 pending=
Metering TX: 02 03 00 30 00 30 45 e2
Metering TX: 02 03 00 90 00 30 45 c0
Metering TX: 04 03 00 11 00 20 14 42
[2026-09-20 11:46:02.321] [WARNING] [tid:2248] Metering bus: Metering timeout: type=0 slave=4 start=0x11 count=32 pending=
Metering TX: 06 03 00 0b 00 07 74 7d
Metering TX: 02 03 00 c0 00 30 45 d1
Metering TX: 02 03 00 30 00 30 45 e2
Metering TX: 02 03 00 90 00 30 45 c0
Metering TX: 04 03 00 11 00 20 14 42
Metering TX: dd a5 03 00 ff fd 77
Metering TX: 06 03 00 0b 00 07 74 7d
Metering TX: 02 03 00 c0 00 30 45 d1
Metering TX: 02 03 00 30 00 30 45 e2
Metering TX: 02 03 00 90 00 30 45 c0
Metering TX: 04 03 00 11 00 20 14 42
Metering TX: dd a5 04 00 ff fc 77
Metering TX: 05 03 03 00 00 02 c5 cb
[2026-09-20 11:46:04.570] [WARNING] [tid:2248] Metering bus: Metering timeout: type=0 slave=5 start=0x300 count=2 pending=
Metering TX: 06 03 00 0b 00 07 74 7d
Metering TX: 02 03 00 c0 00 30 45 d1
[2026-09-20 11:46:04.859] [WARNING] [tid:2248] Metering bus: Metering timeout: type=0 slave=2 start=0xc0 count=48 pending=
Metering TX: 02 03 00 30 00 30 45 e2
Metering TX: 02 03 00 90 00 30 45 c0
Metering TX: 04 03 00 11 00 20 14 42
[2026-09-20 11:46:05.376] [WARNING] [tid:2248] Metering bus: Metering timeout: type=0 slave=4 start=0x11 count=32 pending=
Metering TX: dd a5 03 00 ff fd 77
Metering TX: 06 03 00 0b 00 07 74 7d
Metering TX: 02 03 00 c0 00 30 45 d1
[2026-09-20 11:46:05.863] [WARNING] [tid:2248] Metering bus: Metering timeout: type=0 slave=2 start=0xc0 count=48 pending=
Metering TX: 02 03 00 30 00 30 45 e2
Metering TX: 02 03 00 90 00 30 45 c0
Metering TX: 04 03 00 11 00 20 14 42
Metering TX: 06 03 00 0b 00 07 74 7d
Metering TX: 02 03 00 c0 00 30 45 d1
Metering TX: 02 03 00 30 00 30 45 e2
Metering TX: 02 03 00 90 00 30 45 c0
Metering TX: 04 03 00 11 00 20 14 42
Metering TX: dd a5 03 00 ff fd 77
Metering TX: 06 03 00 0b 00 07 74 7d
Metering TX: 02 03 00 c0 00 30 45 d1
Metering TX: 02 03 00 30 00 30 45 e2
Metering TX: 02 03 00 90 00 30 45 c0
Metering TX: 04 03 00 11 00 20 14 42
Metering TX: 06 03 00 0b 00 07 74 7d
Metering TX: 02 03 00 c0 00 30 45 d1
Metering TX: 02 03 00 30 00 30 45 e2
Metering TX: 02 03 00 90 00 30 45 c0
Metering TX: 04 03 00 11 00 20 14 42
Metering TX: 05 03 03 00 00 02 c5 cb
[2026-09-20 11:46:09.597] [WARNING] [tid:2248] Metering bus: Metering timeout: type=0 slave=5 start=0x300 count=2 pending=
Metering TX: dd a5 03 00 ff fd 77
Metering TX: 06 03 00 0b 00 07 74 7d
Metering TX: 02 03 00 c0 00 30 45 d1
Metering TX: 02 03 00 30 00 30 45 e2
Metering TX: 02 03 00 90 00 30 45 c0
Metering TX: 04 03 00 11 00 20 14 42
Metering TX: 06 03 00 0b 00 07 74 7d
Metering TX: 02 03 00 c0 00 30 45 d1
Metering TX: 02 03 00 30 00 30 45 e2
Metering TX: 02 03 00 90 00 30 45 c0
Metering TX: 04 03 00 11 00 20 14 42
Metering TX: dd a5 03 00 ff fd 77
Metering TX: 06 03 00 0b 00 07 74 7d
Metering TX: 02 03 00 c0 00 30 45 d1
[2026-09-20 11:46:12.013] [WARNING] [tid:2248] Metering bus: Metering timeout: type=0 slave=2 start=0xc0 count=48 pending=
Metering TX: 02 03 00 30 00 30 45 e2
Metering TX: 02 03 00 90 00 30 45 c0
Metering TX: 04 03 00 11 00 20 14 42
Metering TX: 06 03 00 0b 00 07 74 7d
Metering TX: 02 03 00 c0 00 30 45 d1
Metering TX: 02 03 00 30 00 30 45 e2
Metering TX: 02 03 00 90 00 30 45 c0
Metering TX: 04 03 00 11 00 20 14 42
Metering TX: dd a5 03 00 ff fd 77
Metering TX: 06 03 00 0b 00 07 74 7d
Metering TX: 02 03 00 c0 00 30 45 d1
Metering TX: 02 03 00 30 00 30 45 e2
Metering TX: 02 03 00 90 00 30 45 c0
Metering TX: 04 03 00 11 00 20 14 42
Metering TX: dd a5 04 00 ff fc 77
Metering TX: 05 03 03 00 00 02 c5 cb
[2026-09-20 11:46:14.629] [WARNING] [tid:2248] Metering bus: Metering timeout: type=0 slave=5 start=0x300 count=2 pending=
Metering TX: 06 03 00 0b 00 07 74 7d
Metering TX: 02 03 00 c0 00 30 45 d1
Metering TX: 02 03 00 30 00 30 45 e2
Metering TX: 02 03 00 90 00 30 45 c0
Metering TX: 04 03 00 11 00 20 14 42
Metering TX: dd a5 03 00 ff fd 77
Metering TX: 06 03 00 0b 00 07 74 7d
Metering TX: 02 03 00 c0 00 30 45 d1
Metering TX: 02 03 00 30 00 30 45 e2
Metering TX: 02 03 00 90 00 30 45 c0
Metering TX: 04 03 00 11 00 20 14 42
Metering TX: 06 03 00 0b 00 07 74 7d
Metering TX: 02 03 00 c0 00 30 45 d1
Metering TX: 02 03 00 30 00 30 45 e2
Metering TX: 02 03 00 90 00 30 45 c0
Metering TX: 04 03 00 11 00 20 14 42
Metering TX: dd a5 03 00 ff fd 77
Metering TX: 06 03 00 0b 00 07 74 7d
Metering TX: 02 03 00 c0 00 30 45 d1
Metering TX: 02 03 00 30 00 30 45 e2
[2026-09-20 11:46:18.237] [WARNING] [tid:2248] Metering bus: Metering timeout: type=0 slave=2 start=0x30 count=48 pending=
Metering TX: 02 03 00 90 00 30 45 c0
Metering TX: 04 03 00 11 00 20 14 42
Metering TX: 06 03 00 0b 00 07 74 7d
Metering TX: 02 03 00 c0 00 30 45 d1
Metering TX: 02 03 00 30 00 30 45 e2
Metering TX: 02 03 00 90 00 30 45 c0
Metering TX: 04 03 00 11 00 20 14 42
Metering TX: 05 03 03 00 00 02 c5 cb
[2026-09-20 11:46:19.639] [WARNING] [tid:2248] Metering bus: Metering timeout: type=0 slave=5 start=0x300 count=2 pending=
Metering TX: dd a5 03 00 ff fd 77
Metering TX: 06 03 00 0b 00 07 74 7d
Metering TX: 02 03 00 c0 00 30 45 d1
Metering TX: 02 03 00 30 00 30 45 e2
Metering TX: 02 03 00 90 00 30 45 c0
Metering TX: 04 03 00 11 00 20 14 42
Metering TX: 06 03 00 0b 00 07 74 7d
Metering TX: 02 03 00 c0 00 30 45 d1
Metering TX: 02 03 00 30 00 30 45 e2
Metering TX: 02 03 00 90 00 30 45 c0
Metering TX: 04 03 00 11 00 20 14 42
Metering TX: dd a5 03 00 ff fd 77
Metering TX: 06 03 00 0b 00 07 74 7d
Metering TX: 02 03 00 c0 00 30 45 d1
Metering TX: 02 03 00 30 00 30 45 e2
Metering TX: 02 03 00 90 00 30 45 c0
Metering TX: 04 03 00 11 00 20 14 42
Metering TX: 06 03 00 0b 00 07 74 7d
Metering TX: 02 03 00 c0 00 30 45 d1
Metering TX: 02 03 00 30 00 30 45 e2
Metering TX: 02 03 00 90 00 30 45 c0
Metering TX: 04 03 00 11 00 20 14 42
Metering TX: dd a5 03 00 ff fd 77
Metering TX: 06 03 00 0b 00 07 74 7d
Metering TX: 02 03 00 c0 00 30 45 d1
Metering TX: 02 03 00 30 00 30 45 e2
Metering TX: 02 03 00 90 00 30 45 c0
Metering TX: 04 03 00 11 00 20 14 42
Metering TX: dd a5 04 00 ff fc 77
Metering TX: 05 03 03 00 00 02 c5 cb
[2026-09-20 11:46:24.884] [WARNING] [tid:2248] Metering bus: Metering timeout: type=0 slave=5 start=0x300 count=2 pending=
Metering TX: 06 03 00 0b 00 07 74 7d
Metering TX: 02 03 00 c0 00 30 45 d1
Metering TX: 02 03 00 30 00 30 45 e2
Metering TX: 02 03 00 90 00 30 45 c0
Metering TX: 04 03 00 11 00 20 14 42
Metering TX: dd a5 03 00 ff fd 77
Metering TX: 06 03 00 0b 00 07 74 7d
Metering TX: 02 03 00 c0 00 30 45 d1
Metering TX: 02 03 00 30 00 30 45 e2
Metering TX: 02 03 00 90 00 30 45 c0
Metering TX: 04 03 00 11 00 20 14 42
Metering TX: 06 03 00 0b 00 07 74 7d
Metering TX: 02 03 00 c0 00 30 45 d1
Metering TX: 02 03 00 30 00 30 45 e2
Metering TX: 02 03 00 90 00 30 45 c0
Metering TX: 04 03 00 11 00 20 14 42
Metering TX: dd a5 03 00 ff fd 77
Metering TX: 06 03 00 0b 00 07 74 7d
Metering TX: 02 03 00 c0 00 30 45 d1
Metering TX: 02 03 00 30 00 30 45 e2
Metering TX: 02 03 00 90 00 30 45 c0
Metering TX: 04 03 00 11 00 20 14 42
Metering TX: 06 03 00 0b 00 07 74 7d
Metering TX: 02 03 00 c0 00 30 45 d1
Metering TX: 02 03 00 30 00 30 45 e2
Metering TX: 02 03 00 90 00 30 45 c0
Metering TX: 04 03 00 11 00 20 14 42
Metering TX: 05 03 03 00 00 02 c5 cb
[2026-09-20 11:46:29.935] [WARNING] [tid:2248] Metering bus: Metering timeout: type=0 slave=5 start=0x300 count=2 pending=
Metering TX: dd a5 03 00 ff fd 77
Metering TX: 06 03 00 0b 00 07 74 7d
Metering TX: 02 03 00 c0 00 30 45 d1
[2026-09-20 11:46:30.410] [WARNING] [tid:2248] Metering bus: Metering timeout: type=0 slave=2 start=0xc0 count=48 pending=
Metering TX: 02 03 00 30 00 30 45 e2
Metering TX: 02 03 00 90 00 30 45 c0
Metering TX: 04 03 00 11 00 20 14 42
Metering TX: 06 03 00 0b 00 07 74 7d
Metering TX: 02 03 00 c0 00 30 45 d1
[2026-09-20 11:46:31.430] [WARNING] [tid:2248] Metering bus: Metering timeout: type=0 slave=2 start=0xc0 count=48 pending=
Metering TX: 02 03 00 30 00 30 45 e2
Metering TX: 02 03 00 90 00 30 45 c0
Metering TX: 04 03 00 11 00 20 14 42
Metering TX: dd a5 03 00 ff fd 77
Metering TX: 06 03 00 0b 00 07 74 7d
Metering TX: 02 03 00 c0 00 30 45 d1
Metering TX: 02 03 00 30 00 30 45 e2
Metering TX: 02 03 00 90 00 30 45 c0
Metering TX: 04 03 00 11 00 20 14 42
Metering TX: 06 03 00 0b 00 07 74 7d
Metering TX: 02 03 00 c0 00 30 45 d1
Metering TX: 02 03 00 30 00 30 45 e2
Metering TX: 02 03 00 90 00 30 45 c0
Metering TX: 04 03 00 11 00 20 14 42
Metering TX: dd a5 03 00 ff fd 77
Metering TX: 06 03 00 0b 00 07 74 7d
Metering TX: 02 03 00 c0 00 30 45 d1
Metering TX: 02 03 00 30 00 30 45 e2
Metering TX: 02 03 00 90 00 30 45 c0
Metering TX: 04 03 00 11 00 20 14 42
Metering TX: dd a5 04 00 ff fc 77
Metering TX: 05 03 03 00 00 02 c5 cb
[2026-09-20 11:46:35.111] [WARNING] [tid:2248] Metering bus: Metering timeout: type=0 slave=5 start=0x300 count=2 pending=
Metering TX: 06 03 00 0b 00 07 74 7d
Metering TX: 02 03 00 c0 00 30 45 d1
Metering TX: 02 03 00 30 00 30 45 e2
Metering TX: 02 03 00 90 00 30 45 c0
Metering TX: 04 03 00 11 00 20 14 42
Metering TX: dd a5 03 00 ff fd 77
Metering TX: 06 03 00 0b 00 07 74 7d
Metering TX: 02 03 00 c0 00 30 45 d1
[2026-09-20 11:46:36.605] [WARNING] [tid:2248] Metering bus: Metering timeout: type=0 slave=2 start=0xc0 count=48 pending=
Metering TX: 02 03 00 30 00 30 45 e2
Metering TX: 02 03 00 90 00 30 45 c0
Metering TX: 04 03 00 11 00 20 14 42
Metering TX: 06 03 00 0b 00 07 74 7d
Metering TX: 02 03 00 c0 00 30 45 d1
Metering TX: 02 03 00 30 00 30 45 e2
Metering TX: 02 03 00 90 00 30 45 c0
Metering TX: 04 03 00 11 00 20 14 42
Metering TX: dd a5 03 00 ff fd 77
Metering TX: 06 03 00 0b 00 07 74 7d
Metering TX: 02 03 00 c0 00 30 45 d1
Metering TX: 02 03 00 30 00 30 45 e2
Metering TX: 02 03 00 90 00 30 45 c0
Metering TX: 04 03 00 11 00 20 14 42
Metering TX: 06 03 00 0b 00 07 74 7d
Metering TX: 02 03 00 c0 00 30 45 d1
Metering TX: 02 03 00 30 00 30 45 e2
Metering TX: 02 03 00 90 00 30 45 c0
Metering TX: 04 03 00 11 00 20 14 42
Metering TX: 05 03 03 00 00 02 c5 cb
[2026-09-20 11:46:40.216] [WARNING] [tid:2248] Metering bus: Metering timeout: type=0 slave=5 start=0x300 count=2 pending=
Metering TX: dd a5 03 00 ff fd 77
Metering TX: 06 03 00 0b 00 07 74 7d
Metering TX: 02 03 00 c0 00 30 45 d1
Metering TX: 02 03 00 30 00 30 45 e2
Metering TX: 02 03 00 90 00 30 45 c0
Metering TX: 04 03 00 11 00 20 14 42
Metering TX: 06 03 00 0b 00 07 74 7d
Metering TX: 02 03 00 c0 00 30 45 d1
[2026-09-20 11:46:41.693] [WARNING] [tid:2248] Metering bus: Metering timeout: type=0 slave=2 start=0xc0 count=48 pending=
Metering TX: 02 03 00 30 00 30 45 e2
Metering TX: 02 03 00 90 00 30 45 c0
Metering TX: 04 03 00 11 00 20 14 42
Metering TX: dd a5 03 00 ff fd 77
Metering TX: 06 03 00 0b 00 07 74 7d
Metering TX: 02 03 00 c0 00 30 45 d1
Metering TX: 02 03 00 30 00 30 45 e2
Metering TX: 02 03 00 90 00 30 45 c0
Metering TX: 04 03 00 11 00 20 14 42
Metering TX: 06 03 00 0b 00 07 74 7d
Metering TX: 02 03 00 c0 00 30 45 d1
[2026-09-20 11:46:43.759] [WARNING] [tid:2248] Metering bus: Metering timeout: type=0 slave=2 start=0xc0 count=48 pending=
Metering TX: 02 03 00 30 00 30 45 e2
Metering TX: 02 03 00 90 00 30 45 c0
Metering TX: 04 03 00 11 00 20 14 42
Metering TX: dd a5 03 00 ff fd 77
Metering TX: dd a5 04 00 ff fc 77
Metering TX: 06 03 00 0b 00 07 74 7d
Metering TX: 02 03 00 c0 00 30 45 d1
[2026-09-20 11:46:44.781] [WARNING] [tid:2248] Metering bus: Metering timeout: type=0 slave=2 start=0xc0 count=48 pending=
Metering TX: 02 03 00 30 00 30 45 e2
Metering TX: 02 03 00 90 00 30 45 c0
Metering TX: 04 03 00 11 00 20 14 42
Metering TX: 05 03 03 00 00 02 c5 cb
[2026-09-20 11:46:45.414] [WARNING] [tid:2248] Metering bus: Metering timeout: type=0 slave=5 start=0x300 count=2 pending=
Metering TX: 06 03 00 0b 00 07 74 7d
Metering TX: 02 03 00 c0 00 30 45 d1
Metering TX: 02 03 00 30 00 30 45 e2
Metering TX: 02 03 00 90 00 30 45 c0
Metering TX: 04 03 00 11 00 20 14 42
[2026-09-20 11:46:46.179] [WARNING] [tid:2248] Metering bus: Metering timeout: type=0 slave=4 start=0x11 count=32 pending=
Metering TX: dd a5 03 00 ff fd 77
Metering TX: 06 03 00 0b 00 07 74 7d
Metering TX: 02 03 00 c0 00 30 45 d1
Metering TX: 02 03 00 30 00 30 45 e2
Metering TX: 02 03 00 90 00 30 45 c0
Metering TX: 04 03 00 11 00 20 14 42
Metering TX: 06 03 00 0b 00 07 74 7d
Metering TX: 02 03 00 c0 00 30 45 d1
Metering TX: 02 03 00 30 00 30 45 e2
Metering TX: 02 03 00 90 00 30 45 c0
Metering TX: 04 03 00 11 00 20 14 42
Metering TX: dd a5 03 00 ff fd 77
Metering TX: 06 03 00 0b 00 07 74 7d
Metering TX: 02 03 00 c0 00 30 45 d1
Metering TX: 02 03 00 30 00 30 45 e2
Metering TX: 02 03 00 90 00 30 45 c0
Metering TX: 04 03 00 11 00 20 14 42
Metering TX: 05 03 03 00 00 02 c5 cb
[2026-09-20 11:46:49.748] [WARNING] [tid:2248] Metering bus: Metering timeout: type=0 slave=5 start=0x300 count=2 pending=
Metering TX: 06 03 00 0b 00 07 74 7d
Metering TX: 02 03 00 c0 00 30 45 d1
Metering TX: 02 03 00 30 00 30 45 e2
Metering TX: 02 03 00 90 00 30 45 c0
Metering TX: 04 03 00 11 00 20 14 42
Metering TX: dd a5 03 00 ff fd 77
Metering TX: 06 03 00 0b 00 07 74 7d
Metering TX: 02 03 00 c0 00 30 45 d1
Metering TX: 02 03 00 30 00 30 45 e2
Metering TX: 02 03 00 90 00 30 45 c0
Metering TX: 04 03 00 11 00 20 14 42
Metering TX: 06 03 00 0b 00 07 74 7d
Metering TX: 02 03 00 c0 00 30 45 d1
Metering TX: 02 03 00 30 00 30 45 e2
Metering TX: 02 03 00 90 00 30 45 c0
Metering TX: 04 03 00 11 00 20 14 42
[2026-09-20 11:46:52.419] [WARNING] [tid:2248] Metering bus: Metering timeout: type=0 slave=4 start=0x11 count=32 pending=
Metering TX: dd a5 03 00 ff fd 77
Metering TX: 06 03 00 0b 00 07 74 7d
Metering TX: 02 03 00 c0 00 30 45 d1
Metering TX: 02 03 00 30 00 30 45 e2
Metering TX: 02 03 00 90 00 30 45 c0
Metering TX: 04 03 00 11 00 20 14 42
Metering TX: 06 03 00 0b 00 07 74 7d
Metering TX: 02 03 00 c0 00 30 45 d1
[2026-09-20 11:46:54.099] [WARNING] [tid:2248] Metering bus: Metering timeout: type=0 slave=2 start=0xc0 count=48 pending=
Metering TX: 02 03 00 30 00 30 45 e2
Metering TX: 02 03 00 90 00 30 45 c0
Metering TX: 04 03 00 11 00 20 14 42
Metering TX: dd a5 03 00 ff fd 77
Metering TX: dd a5 04 00 ff fc 77
Metering TX: 05 03 03 00 00 02 c5 cb
[2026-09-20 11:46:54.891] [WARNING] [tid:2248] Metering bus: Metering timeout: type=0 slave=5 start=0x300 count=2 pending=
Metering TX: 06 03 00 0b 00 07 74 7d
Metering TX: 02 03 00 c0 00 30 45 d1
[2026-09-20 11:46:55.198] [WARNING] [tid:2248] Metering bus: Metering timeout: type=0 slave=2 start=0xc0 count=48 pending=
Metering TX: 02 03 00 30 00 30 45 e2
Metering TX: 02 03 00 90 00 30 45 c0
Metering TX: 04 03 00 11 00 20 14 42
Metering TX: 06 03 00 0b 00 07 74 7d
Metering TX: 02 03 00 c0 00 30 45 d1
Metering TX: 02 03 00 30 00 30 45 e2
Metering TX: 02 03 00 90 00 30 45 c0
Metering TX: 04 03 00 11 00 20 14 42
Metering TX: dd a5 03 00 ff fd 77
Metering TX: 06 03 00 0b 00 07 74 7d
Metering TX: 02 03 00 c0 00 30 45 d1
Metering TX: 02 03 00 30 00 30 45 e2
Metering TX: 02 03 00 90 00 30 45 c0
Metering TX: 04 03 00 11 00 20 14 42
Metering TX: 06 03 00 0b 00 07 74 7d
Metering TX: 02 03 00 c0 00 30 45 d1
Metering TX: 02 03 00 30 00 30 45 e2
Metering TX: 02 03 00 90 00 30 45 c0
Metering TX: 04 03 00 11 00 20 14 42
Metering TX: dd a5 03 00 ff fd 77
Metering TX: 06 03 00 0b 00 07 74 7d
Metering TX: 02 03 00 c0 00 30 45 d1
Metering TX: 02 03 00 30 00 30 45 e2
Metering TX: 02 03 00 90 00 30 45 c0
Metering TX: 04 03 00 11 00 20 14 42
Metering TX: 05 03 03 00 00 02 c5 cb
[2026-09-20 11:46:59.782] [WARNING] [tid:2248] Metering bus: Metering timeout: type=0 slave=5 start=0x300 count=2 pending=
Metering TX: 06 03 00 0b 00 07 74 7d
Metering TX: 02 03 00 c0 00 30 45 d1
Metering TX: 02 03 00 30 00 30 45 e2
Metering TX: 02 03 00 90 00 30 45 c0
[2026-09-20 11:47:00.516] [WARNING] [tid:2248] Metering bus: Metering timeout: type=0 slave=2 start=0x90 count=48 pending=
Metering TX: 04 03 00 11 00 20 14 42
Metering TX: dd a5 03 00 ff fd 77
Metering TX: 06 03 00 0b 00 07 74 7d
Metering TX: 02 03 00 c0 00 30 45 d1
Metering TX: 02 03 00 30 00 30 45 e2
Metering TX: 02 03 00 90 00 30 45 c0
Metering TX: 04 03 00 11 00 20 14 42
Metering TX: 06 03 00 0b 00 07 74 7d
Metering TX: 02 03 00 c0 00 30 45 d1
Metering TX: 02 03 00 30 00 30 45 e2
Metering TX: 02 03 00 90 00 30 45 c0
Metering TX: 04 03 00 11 00 20 14 42
Metering TX: dd a5 03 00 ff fd 77
Metering TX: 06 03 00 0b 00 07 74 7d
Metering TX: 02 03 00 c0 00 30 45 d1
Metering TX: 02 03 00 30 00 30 45 e2
Metering TX: 02 03 00 90 00 30 45 c0
Metering TX: 04 03 00 11 00 20 14 42
Metering TX: dd a5 03 00 ff fd 77
Metering TX: 06 03 00 0b 00 07 74 7d
Metering TX: 02 03 00 c0 00 30 45 d1
Metering TX: 02 03 00 30 00 30 45 e2
Metering TX: 02 03 00 90 00 30 45 c0
Metering TX: 04 03 00 11 00 20 14 42
Metering TX: dd a5 04 00 ff fc 77
Metering TX: 05 03 03 00 00 02 c5 cb
[2026-09-20 11:47:05.045] [WARNING] [tid:2248] Metering bus: Metering timeout: type=0 slave=5 start=0x300 count=2 pending=
Metering TX: 06 03 00 0b 00 07 74 7d
Metering TX: 02 03 00 c0 00 30 45 d1
Metering TX: 02 03 00 30 00 30 45 e2
Metering TX: 02 03 00 90 00 30 45 c0
Metering TX: 04 03 00 11 00 20 14 42
Metering TX: dd a5 03 00 ff fd 77
Metering TX: 06 03 00 0b 00 07 74 7d
Metering TX: 02 03 00 c0 00 30 45 d1
Metering TX: 02 03 00 30 00 30 45 e2
Metering TX: 02 03 00 90 00 30 45 c0
Metering TX: 04 03 00 11 00 20 14 42
Metering TX: 06 03 00 0b 00 07 74 7d
Metering TX: 02 03 00 c0 00 30 45 d1
Metering TX: 02 03 00 30 00 30 45 e2
Metering TX: 02 03 00 90 00 30 45 c0
Metering TX: 04 03 00 11 00 20 14 42
Metering TX: dd a5 03 00 ff fd 77
Metering TX: 06 03 00 0b 00 07 74 7d
Metering TX: 02 03 00 c0 00 30 45 d1
Metering TX: 02 03 00 30 00 30 45 e2
Metering TX: 02 03 00 90 00 30 45 c0
Metering TX: 04 03 00 11 00 20 14 42
Metering TX: 06 03 00 0b 00 07 74 7d
Metering TX: 02 03 00 c0 00 30 45 d1
Metering TX: 02 03 00 30 00 30 45 e2
Metering TX: 02 03 00 90 00 30 45 c0
Metering TX: 04 03 00 11 00 20 14 42
Metering TX: 05 03 03 00 00 02 c5 cb
[2026-09-20 11:47:10.084] [WARNING] [tid:2248] Metering bus: Metering timeout: type=0 slave=5 start=0x300 count=2 pending=
Metering TX: dd a5 03 00 ff fd 77
Metering TX: 06 03 00 0b 00 07 74 7d
Metering TX: 02 03 00 c0 00 30 45 d1
Metering TX: 02 03 00 30 00 30 45 e2
Metering TX: 02 03 00 90 00 30 45 c0
Metering TX: 04 03 00 11 00 20 14 42
Metering TX: 06 03 00 0b 00 07 74 7d
Metering TX: 02 03 00 c0 00 30 45 d1
Metering TX: 02 03 00 30 00 30 45 e2
Metering TX: 02 03 00 90 00 30 45 c0
Metering TX: 04 03 00 11 00 20 14 42
Metering TX: dd a5 03 00 ff fd 77
Metering TX: 06 03 00 0b 00 07 74 7d
Metering TX: 02 03 00 c0 00 30 45 d1
Metering TX: 02 03 00 30 00 30 45 e2
Metering TX: 02 03 00 90 00 30 45 c0
Metering TX: 04 03 00 11 00 20 14 42
Metering TX: 06 03 00 0b 00 07 74 7d
Metering TX: 02 03 00 c0 00 30 45 d1
Metering TX: 02 03 00 30 00 30 45 e2
Metering TX: 02 03 00 90 00 30 45 c0
Metering TX: 04 03 00 11 00 20 14 42
[2026-09-20 11:47:14.032] [WARNING] [tid:2248] Metering bus: Metering timeout: type=0 slave=4 start=0x11 count=32 pending=
Metering TX: dd a5 03 00 ff fd 77
Metering TX: dd a5 04 00 ff fc 77
Metering TX: 06 03 00 0b 00 07 74 7d
Metering TX: 02 03 00 c0 00 30 45 d1
Metering TX: 02 03 00 30 00 30 45 e2
Metering TX: 02 03 00 90 00 30 45 c0
Metering TX: 04 03 00 11 00 20 14 42
[2026-09-20 11:47:15.107] [WARNING] [tid:2248] Metering bus: Metering timeout: type=0 slave=4 start=0x11 count=32 pending=
Metering TX: 05 03 03 00 00 02 c5 cb
[2026-09-20 11:47:15.357] [WARNING] [tid:2248] Metering bus: Metering timeout: type=0 slave=5 start=0x300 count=2 pending=
Metering TX: 06 03 00 0b 00 07 74 7d
Metering TX: 02 03 00 c0 00 30 45 d1
Metering TX: 02 03 00 30 00 30 45 e2
Metering TX: 02 03 00 90 00 30 45 c0
Metering TX: 04 03 00 11 00 20 14 42
Metering TX: dd a5 03 00 ff fd 77
Metering TX: 06 03 00 0b 00 07 74 7d
Metering TX: 02 03 00 c0 00 30 45 d1
[2026-09-20 11:47:16.785] [WARNING] [tid:2248] Metering bus: Metering timeout: type=0 slave=2 start=0xc0 count=48 pending=
Metering TX: 02 03 00 30 00 30 45 e2
Metering TX: 02 03 00 90 00 30 45 c0
Metering TX: 04 03 00 11 00 20 14 42
Metering TX: 06 03 00 0b 00 07 74 7d
Metering TX: 02 03 00 c0 00 30 45 d1
Metering TX: 02 03 00 30 00 30 45 e2
Metering TX: 02 03 00 90 00 30 45 c0
Metering TX: 04 03 00 11 00 20 14 42
Metering TX: dd a5 03 00 ff fd 77
Metering TX: 06 03 00 0b 00 07 74 7d
Metering TX: 02 03 00 c0 00 30 45 d1
Metering TX: 02 03 00 30 00 30 45 e2
Metering TX: 02 03 00 90 00 30 45 c0
Metering TX: 04 03 00 11 00 20 14 42
Metering TX: 06 03 00 0b 00 07 74 7d
Metering TX: 02 03 00 c0 00 30 45 d1
Metering TX: 02 03 00 30 00 30 45 e2
Metering TX: 02 03 00 90 00 30 45 c0
Metering TX: 04 03 00 11 00 20 14 42
Metering TX: 05 03 03 00 00 02 c5 cb
[2026-09-20 11:47:20.415] [WARNING] [tid:2248] Metering bus: Metering timeout: type=0 slave=5 start=0x300 count=2 pending=
Metering TX: dd a5 03 00 ff fd 77
Metering TX: 06 03 00 0b 00 07 74 7d
Metering TX: 02 03 00 c0 00 30 45 d1
Metering TX: 02 03 00 30 00 30 45 e2
Metering TX: 02 03 00 90 00 30 45 c0
Metering TX: 04 03 00 11 00 20 14 42
Metering TX: 06 03 00 0b 00 07 74 7d
Metering TX: 02 03 00 c0 00 30 45 d1
Metering TX: 02 03 00 30 00 30 45 e2
Metering TX: 02 03 00 90 00 30 45 c0
Metering TX: 04 03 00 11 00 20 14 42
Metering TX: dd a5 03 00 ff fd 77
Metering TX: 06 03 00 0b 00 07 74 7d
Metering TX: 02 03 00 c0 00 30 45 d1
Metering TX: 02 03 00 30 00 30 45 e2
Metering TX: 02 03 00 90 00 30 45 c0
Metering TX: 04 03 00 11 00 20 14 42
Metering TX: 06 03 00 0b 00 07 74 7d
Metering TX: 02 03 00 c0 00 30 45 d1
Metering TX: 02 03 00 30 00 30 45 e2
Metering TX: 02 03 00 90 00 30 45 c0
Metering TX: 04 03 00 11 00 20 14 42
Metering TX: dd a5 03 00 ff fd 77
Metering TX: dd a5 04 00 ff fc 77
Metering TX: 05 03 03 00 00 02 c5 cb
[2026-09-20 11:47:24.915] [WARNING] [tid:2248] Metering bus: Metering timeout: type=0 slave=5 start=0x300 count=2 pending=
Metering TX: 06 03 00 0b 00 07 74 7d
Metering TX: 02 03 00 c0 00 30 45 d1
Metering TX: 02 03 00 30 00 30 45 e2
Metering TX: 02 03 00 90 00 30 45 c0
Metering TX: 04 03 00 11 00 20 14 42
Metering TX: 06 03 00 0b 00 07 74 7d
Metering TX: 02 03 00 c0 00 30 45 d1
Metering TX: 02 03 00 30 00 30 45 e2
Metering TX: 02 03 00 90 00 30 45 c0
Metering TX: 04 03 00 11 00 20 14 42
Metering TX: dd a5 03 00 ff fd 77
Metering TX: 06 03 00 0b 00 07 74 7d
Metering TX: 02 03 00 c0 00 30 45 d1
Metering TX: 02 03 00 30 00 30 45 e2
Metering TX: 02 03 00 90 00 30 45 c0
Metering TX: 04 03 00 11 00 20 14 42
Metering TX: 06 03 00 0b 00 07 74 7d
Metering TX: 02 03 00 c0 00 30 45 d1
Metering TX: 02 03 00 30 00 30 45 e2
Metering TX: 02 03 00 90 00 30 45 c0
Metering TX: 04 03 00 11 00 20 14 42
Metering TX: dd a5 03 00 ff fd 77
Metering TX: 06 03 00 0b 00 07 74 7d
Metering TX: 02 03 00 c0 00 30 45 d1
Metering TX: 02 03 00 30 00 30 45 e2
Metering TX: 02 03 00 90 00 30 45 c0
Metering TX: 04 03 00 11 00 20 14 42
Metering TX: 05 03 03 00 00 02 c5 cb
[2026-09-20 11:47:29.940] [WARNING] [tid:2248] Metering bus: Metering timeout: type=0 slave=5 start=0x300 count=2 pending=
Metering TX: 06 03 00 0b 00 07 74 7d
Metering TX: 02 03 00 c0 00 30 45 d1
Metering TX: 02 03 00 30 00 30 45 e2
Metering TX: 02 03 00 90 00 30 45 c0
Metering TX: 04 03 00 11 00 20 14 42
Metering TX: dd a5 03 00 ff fd 77
Metering TX: 06 03 00 0b 00 07 74 7d
Metering TX: 02 03 00 c0 00 30 45 d1
Metering TX: 02 03 00 30 00 30 45 e2
Metering TX: 02 03 00 90 00 30 45 c0
Metering TX: 04 03 00 11 00 20 14 42
Metering TX: 06 03 00 0b 00 07 74 7d
Metering TX: 02 03 00 c0 00 30 45 d1
Metering TX: 02 03 00 30 00 30 45 e2
Metering TX: 02 03 00 90 00 30 45 c0
Metering TX: 04 03 00 11 00 20 14 42
Metering TX: dd a5 03 00 ff fd 77
Metering TX: 06 03 00 0b 00 07 74 7d
Metering TX: 02 03 00 c0 00 30 45 d1
Metering TX: 02 03 00 30 00 30 45 e2
Metering TX: 02 03 00 90 00 30 45 c0
Metering TX: 04 03 00 11 00 20 14 42
Metering TX: 06 03 00 0b 00 07 74 7d
Metering TX: 02 03 00 c0 00 30 45 d1
Metering TX: 02 03 00 30 00 30 45 e2
Metering TX: 02 03 00 90 00 30 45 c0
Metering TX: 04 03 00 11 00 20 14 42
Metering TX: dd a5 04 00 ff fc 77
Metering TX: dd a5 03 00 ff fd 77
Metering TX: 05 03 03 00 00 02 c5 cb
[2026-09-20 11:47:34.959] [WARNING] [tid:2248] Metering bus: Metering timeout: type=0 slave=5 start=0x300 count=2 pending=
Metering TX: 06 03 00 0b 00 07 74 7d
Metering TX: 02 03 00 c0 00 30 45 d1
Metering TX: 02 03 00 30 00 30 45 e2
Metering TX: 02 03 00 90 00 30 45 c0
Metering TX: 04 03 00 11 00 20 14 42
Metering TX: 06 03 00 0b 00 07 74 7d
Metering TX: 02 03 00 c0 00 30 45 d1
Metering TX: 02 03 00 30 00 30 45 e2
Metering TX: 02 03 00 90 00 30 45 c0
Metering TX: 04 03 00 11 00 20 14 42
Metering TX: dd a5 03 00 ff fd 77
Metering TX: 06 03 00 0b 00 07 74 7d
Metering TX: 02 03 00 c0 00 30 45 d1
Metering TX: 02 03 00 30 00 30 45 e2
Metering TX: 02 03 00 90 00 30 45 c0
Metering TX: 04 03 00 11 00 20 14 42
Metering TX: 06 03 00 0b 00 07 74 7d
Metering TX: 02 03 00 c0 00 30 45 d1
Metering TX: 02 03 00 30 00 30 45 e2
Metering TX: 02 03 00 90 00 30 45 c0
Metering TX: 04 03 00 11 00 20 14 42
[2026-09-20 11:47:38.698] [WARNING] [tid:2248] Metering bus: Metering timeout: type=0 slave=4 start=0x11 count=32 pending=
Metering TX: dd a5 03 00 ff fd 77
Metering TX: 06 03 00 0b 00 07 74 7d
Metering TX: 02 03 00 c0 00 30 45 d1
Metering TX: 02 03 00 30 00 30 45 e2
Metering TX: 02 03 00 90 00 30 45 c0
Metering TX: 04 03 00 11 00 20 14 42
Metering TX: 05 03 03 00 00 02 c5 cb
[2026-09-20 11:47:39.992] [WARNING] [tid:2248] Metering bus: Metering timeout: type=0 slave=5 start=0x300 count=2 pending=
Metering TX: 06 03 00 0b 00 07 74 7d
Metering TX: 02 03 00 c0 00 30 45 d1
Metering TX: 02 03 00 30 00 30 45 e2
Metering TX: 02 03 00 90 00 30 45 c0
Metering TX: 04 03 00 11 00 20 14 42
Metering TX: dd a5 03 00 ff fd 77
Metering TX: 06 03 00 0b 00 07 74 7d
Metering TX: 02 03 00 c0 00 30 45 d1
Metering TX: 02 03 00 30 00 30 45 e2
Metering TX: 02 03 00 90 00 30 45 c0
Metering TX: 04 03 00 11 00 20 14 42
Metering TX: 06 03 00 0b 00 07 74 7d
Metering TX: 02 03 00 c0 00 30 45 d1
Metering TX: 02 03 00 30 00 30 45 e2
Metering TX: 02 03 00 90 00 30 45 c0
Metering TX: 04 03 00 11 00 20 14 42
Metering TX: dd a5 03 00 ff fd 77
Metering TX: 06 03 00 0b 00 07 74 7d
Metering TX: 02 03 00 c0 00 30 45 d1
Metering TX: 02 03 00 30 00 30 45 e2
Metering TX: 02 03 00 90 00 30 45 c0
Metering TX: 04 03 00 11 00 20 14 42
[2026-09-20 11:47:43.824] [WARNING] [tid:2248] Metering bus: Metering timeout: type=0 slave=4 start=0x11 count=32 pending=
Metering TX: 06 03 00 0b 00 07 74 7d
Metering TX: 02 03 00 c0 00 30 45 d1
Metering TX: 02 03 00 30 00 30 45 e2
Metering TX: 02 03 00 90 00 30 45 c0
Metering TX: 04 03 00 11 00 20 14 42
Metering TX: dd a5 04 00 ff fc 77
Metering TX: dd a5 03 00 ff fd 77
Metering TX: 05 03 03 00 00 02 c5 cb
[2026-09-20 11:47:45.143] [WARNING] [tid:2248] Metering bus: Metering timeout: type=0 slave=5 start=0x300 count=2 pending=
Metering TX: 06 03 00 0b 00 07 74 7d
Metering TX: 02 03 00 c0 00 30 45 d1
Metering TX: 02 03 00 30 00 30 45 e2
Metering TX: 02 03 00 90 00 30 45 c0
Metering TX: 04 03 00 11 00 20 14 42
Metering TX: 06 03 00 0b 00 07 74 7d
Metering TX: 02 03 00 c0 00 30 45 d1
Metering TX: 02 03 00 30 00 30 45 e2
Metering TX: 02 03 00 90 00 30 45 c0
Metering TX: 04 03 00 11 00 20 14 42
Metering TX: dd a5 03 00 ff fd 77
Metering TX: 06 03 00 0b 00 07 74 7d
Metering TX: 02 03 00 c0 00 30 45 d1
[2026-09-20 11:47:47.577] [WARNING] [tid:2248] Metering bus: Metering timeout: type=0 slave=2 start=0xc0 count=48 pending=
Metering TX: 02 03 00 30 00 30 45 e2
Metering TX: 02 03 00 90 00 30 45 c0
Metering TX: 04 03 00 11 00 20 14 42
Metering TX: 06 03 00 0b 00 07 74 7d
Metering TX: 02 03 00 c0 00 30 45 d1
Metering TX: 02 03 00 30 00 30 45 e2
Metering TX: 02 03 00 90 00 30 45 c0
Metering TX: 04 03 00 11 00 20 14 42
Metering TX: dd a5 03 00 ff fd 77
Metering TX: 06 03 00 0b 00 07 74 7d
Metering TX: 02 03 00 c0 00 30 45 d1
Metering TX: 02 03 00 30 00 30 45 e2
Metering TX: 02 03 00 90 00 30 45 c0
Metering TX: 04 03 00 11 00 20 14 42
Metering TX: 05 03 03 00 00 02 c5 cb
[2026-09-20 11:47:50.159] [WARNING] [tid:2248] Metering bus: Metering timeout: type=0 slave=5 start=0x300 count=2 pending=
Metering TX: 06 03 00 0b 00 07 74 7d
Metering TX: 02 03 00 c0 00 30 45 d1
Metering TX: 02 03 00 30 00 30 45 e2
Metering TX: 02 03 00 90 00 30 45 c0
Metering TX: 04 03 00 11 00 20 14 42
Metering TX: dd a5 03 00 ff fd 77
Metering TX: 06 03 00 0b 00 07 74 7d
Metering TX: 02 03 00 c0 00 30 45 d1
Metering TX: 02 03 00 30 00 30 45 e2
Metering TX: 02 03 00 90 00 30 45 c0
Metering TX: 04 03 00 11 00 20 14 42
Metering TX: 06 03 00 0b 00 07 74 7d
Metering TX: 02 03 00 c0 00 30 45 d1
Metering TX: 02 03 00 30 00 30 45 e2
Metering TX: 02 03 00 90 00 30 45 c0
Metering TX: 04 03 00 11 00 20 14 42
Metering TX: dd a5 03 00 ff fd 77
Metering TX: 06 03 00 0b 00 07 74 7d
Metering TX: 02 03 00 c0 00 30 45 d1
Metering TX: 02 03 00 30 00 30 45 e2
Metering TX: 02 03 00 90 00 30 45 c0
Metering TX: 04 03 00 11 00 20 14 42
Metering TX: 06 03 00 0b 00 07 74 7d
Metering TX: 02 03 00 c0 00 30 45 d1
Metering TX: 02 03 00 30 00 30 45 e2
Metering TX: 02 03 00 90 00 30 45 c0
Metering TX: 04 03 00 11 00 20 14 42
Metering TX: dd a5 04 00 ff fc 77
Metering TX: dd a5 03 00 ff fd 77
Metering TX: 05 03 03 00 00 02 c5 cb
[2026-09-20 11:47:55.414] [WARNING] [tid:2248] Metering bus: Metering timeout: type=0 slave=5 start=0x300 count=2 pending=
Metering TX: 06 03 00 0b 00 07 74 7d
Metering TX: 02 03 00 c0 00 30 45 d1
Metering TX: 02 03 00 30 00 30 45 e2
Metering TX: 02 03 00 90 00 30 45 c0
Metering TX: 04 03 00 11 00 20 14 42
Metering TX: 06 03 00 0b 00 07 74 7d
Metering TX: 02 03 00 c0 00 30 45 d1
[2026-09-20 11:47:56.828] [WARNING] [tid:2248] Metering bus: Metering timeout: type=0 slave=2 start=0xc0 count=48 pending=
Metering TX: 02 03 00 30 00 30 45 e2
Metering TX: 02 03 00 90 00 30 45 c0
Metering TX: 04 03 00 11 00 20 14 42
Metering TX: dd a5 03 00 ff fd 77
Metering TX: 06 03 00 0b 00 07 74 7d
Metering TX: 02 03 00 c0 00 30 45 d1
Metering TX: 02 03 00 30 00 30 45 e2
Metering TX: 02 03 00 90 00 30 45 c0
Metering TX: 04 03 00 11 00 20 14 42
Metering TX: 06 03 00 0b 00 07 74 7d
Metering TX: 02 03 00 c0 00 30 45 d1
Metering TX: 02 03 00 30 00 30 45 e2
Metering TX: 02 03 00 90 00 30 45 c0
Metering TX: 04 03 00 11 00 20 14 42
Metering TX: dd a5 03 00 ff fd 77
Metering TX: 06 03 00 0b 00 07 74 7d
Metering TX: 02 03 00 c0 00 30 45 d1
Metering TX: 02 03 00 30 00 30 45 e2
Metering TX: 02 03 00 90 00 30 45 c0
Metering TX: 04 03 00 11 00 20 14 42
Metering TX: 05 03 03 00 00 02 c5 cb
[2026-09-20 11:48:00.530] [WARNING] [tid:2248] Metering bus: Metering timeout: type=0 slave=5 start=0x300 count=2 pending=
Metering TX: 06 03 00 0b 00 07 74 7d
Metering TX: 02 03 00 c0 00 30 45 d1
Metering TX: 02 03 00 30 00 30 45 e2
Metering TX: 02 03 00 90 00 30 45 c0
Metering TX: 04 03 00 11 00 20 14 42
[2026-09-20 11:48:01.395] [WARNING] [tid:2248] Metering bus: Metering timeout: type=0 slave=4 start=0x11 count=32 pending=
Metering TX: dd a5 03 00 ff fd 77
Metering TX: 06 03 00 0b 00 07 74 7d
Metering TX: 02 03 00 c0 00 30 45 d1
Metering TX: 02 03 00 30 00 30 45 e2
Metering TX: 02 03 00 90 00 30 45 c0
Metering TX: 04 03 00 11 00 20 14 42
Metering TX: dd a5 03 00 ff fd 77
Metering TX: 06 03 00 0b 00 07 74 7d
Metering TX: 02 03 00 c0 00 30 45 d1
Metering TX: 02 03 00 30 00 30 45 e2
Metering TX: 02 03 00 90 00 30 45 c0
Metering TX: 04 03 00 11 00 20 14 42
Metering TX: 06 03 00 0b 00 07 74 7d
Metering TX: 02 03 00 c0 00 30 45 d1
Metering TX: 02 03 00 30 00 30 45 e2
Metering TX: 02 03 00 90 00 30 45 c0
Metering TX: 04 03 00 11 00 20 14 42
Metering TX: dd a5 04 00 ff fc 77
Metering TX: 06 03 00 0b 00 07 74 7d
Metering TX: 02 03 00 c0 00 30 45 d1
Metering TX: 02 03 00 30 00 30 45 e2
Metering TX: 02 03 00 90 00 30 45 c0
Metering TX: 04 03 00 11 00 20 14 42
Metering TX: dd a5 03 00 ff fd 77
Metering TX: 05 03 03 00 00 02 c5 cb
[2026-09-20 11:48:05.666] [WARNING] [tid:2248] Metering bus: Metering timeout: type=0 slave=5 start=0x300 count=2 pending=
Metering TX: 06 03 00 0b 00 07 74 7d
Metering TX: 02 03 00 c0 00 30 45 d1
Metering TX: 02 03 00 30 00 30 45 e2
Metering TX: 02 03 00 90 00 30 45 c0
Metering TX: 04 03 00 11 00 20 14 42
Metering TX: dd a5 03 00 ff fd 77
Metering TX: 06 03 00 0b 00 07 74 7d
Metering TX: 02 03 00 c0 00 30 45 d1
Metering TX: 02 03 00 30 00 30 45 e2
Metering TX: 02 03 00 90 00 30 45 c0
Metering TX: 04 03 00 11 00 20 14 42
[2026-09-20 11:48:07.554] [WARNING] [tid:2248] Metering bus: Metering timeout: type=0 slave=4 start=0x11 count=32 pending=
Metering TX: 06 03 00 0b 00 07 74 7d
Metering TX: 02 03 00 c0 00 30 45 d1
Metering TX: 02 03 00 30 00 30 45 e2
Metering TX: 02 03 00 90 00 30 45 c0
Metering TX: 04 03 00 11 00 20 14 42
Metering TX: dd a5 03 00 ff fd 77
Metering TX: 06 03 00 0b 00 07 74 7d
Metering TX: 02 03 00 c0 00 30 45 d1
Metering TX: 02 03 00 30 00 30 45 e2
Metering TX: 02 03 00 90 00 30 45 c0
Metering TX: 04 03 00 11 00 20 14 42
Metering TX: 05 03 03 00 00 02 c5 cb
[2026-09-20 11:48:10.127] [WARNING] [tid:2248] Metering bus: Metering timeout: type=0 slave=5 start=0x300 count=2 pending=
Metering TX: 06 03 00 0b 00 07 74 7d
Metering TX: 02 03 00 c0 00 30 45 d1
Metering TX: 02 03 00 30 00 30 45 e2
Metering TX: 02 03 00 90 00 30 45 c0
Metering TX: 04 03 00 11 00 20 14 42
Metering TX: dd a5 03 00 ff fd 77
Metering TX: 06 03 00 0b 00 07 74 7d
Metering TX: 02 03 00 c0 00 30 45 d1
Metering TX: 02 03 00 30 00 30 45 e2
Metering TX: 02 03 00 90 00 30 45 c0
Metering TX: 04 03 00 11 00 20 14 42
Metering TX: 06 03 00 0b 00 07 74 7d
Metering TX: 02 03 00 c0 00 30 45 d1
Metering TX: 02 03 00 30 00 30 45 e2
Metering TX: 02 03 00 90 00 30 45 c0
Metering TX: 04 03 00 11 00 20 14 42
Metering TX: dd a5 03 00 ff fd 77
Metering TX: 06 03 00 0b 00 07 74 7d
Metering TX: 02 03 00 c0 00 30 45 d1
Metering TX: 02 03 00 30 00 30 45 e2
Metering TX: 02 03 00 90 00 30 45 c0
Metering TX: 04 03 00 11 00 20 14 42
Metering TX: 06 03 00 0b 00 07 74 7d
Metering TX: 02 03 00 c0 00 30 45 d1
Metering TX: 02 03 00 30 00 30 45 e2
Metering TX: 02 03 00 90 00 30 45 c0
Metering TX: 04 03 00 11 00 20 14 42
Metering TX: dd a5 04 00 ff fc 77
Metering TX: 05 03 03 00 00 02 c5 cb
[2026-09-20 11:48:15.141] [WARNING] [tid:2248] Metering bus: Metering timeout: type=0 slave=5 start=0x300 count=2 pending=
Metering TX: dd a5 03 00 ff fd 77
Metering TX: 06 03 00 0b 00 07 74 7d
Metering TX: 02 03 00 c0 00 30 45 d1
Metering TX: 02 03 00 30 00 30 45 e2
Metering TX: 02 03 00 90 00 30 45 c0
Metering TX: 04 03 00 11 00 20 14 42
Metering TX: 06 03 00 0b 00 07 74 7d
Metering TX: 02 03 00 c0 00 30 45 d1
Metering TX: 02 03 00 30 00 30 45 e2
Metering TX: 02 03 00 90 00 30 45 c0
Metering TX: 04 03 00 11 00 20 14 42
Metering TX: dd a5 03 00 ff fd 77
Metering TX: 06 03 00 0b 00 07 74 7d
Metering TX: 02 03 00 c0 00 30 45 d1
Metering TX: 02 03 00 30 00 30 45 e2
Metering TX: 02 03 00 90 00 30 45 c0
Metering TX: 04 03 00 11 00 20 14 42
Metering TX: 06 03 00 0b 00 07 74 7d
Metering TX: 02 03 00 c0 00 30 45 d1
Metering TX: 02 03 00 30 00 30 45 e2
Metering TX: 02 03 00 90 00 30 45 c0
Metering TX: 04 03 00 11 00 20 14 42
Metering TX: dd a5 03 00 ff fd 77
Metering TX: 06 03 00 0b 00 07 74 7d
Metering TX: 02 03 00 c0 00 30 45 d1
Metering TX: 02 03 00 30 00 30 45 e2
Metering TX: 02 03 00 90 00 30 45 c0
Metering TX: 04 03 00 11 00 20 14 42
Metering TX: 05 03 03 00 00 02 c5 cb
[2026-09-20 11:48:20.168] [WARNING] [tid:2248] Metering bus: Metering timeout: type=0 slave=5 start=0x300 count=2 pending=
Metering TX: 06 03 00 0b 00 07 74 7d
Metering TX: 02 03 00 c0 00 30 45 d1
Metering TX: 02 03 00 30 00 30 45 e2
Metering TX: 02 03 00 90 00 30 45 c0
Metering TX: 04 03 00 11 00 20 14 42
Metering TX: dd a5 03 00 ff fd 77
Metering TX: 06 03 00 0b 00 07 74 7d
Metering TX: 02 03 00 c0 00 30 45 d1
Metering TX: 02 03 00 30 00 30 45 e2
Metering TX: 02 03 00 90 00 30 45 c0
Metering TX: 04 03 00 11 00 20 14 42
Metering TX: 06 03 00 0b 00 07 74 7d
Metering TX: 02 03 00 c0 00 30 45 d1
Metering TX: 02 03 00 30 00 30 45 e2
Metering TX: 02 03 00 90 00 30 45 c0
Metering TX: 04 03 00 11 00 20 14 42
Metering TX: dd a5 03 00 ff fd 77
Metering TX: 06 03 00 0b 00 07 74 7d
Metering TX: 02 03 00 c0 00 30 45 d1
Metering TX: 02 03 00 30 00 30 45 e2
Metering TX: 02 03 00 90 00 30 45 c0
Metering TX: 04 03 00 11 00 20 14 42
[2026-09-20 11:48:23.937] [WARNING] [tid:2248] Metering bus: Metering timeout: type=0 slave=4 start=0x11 count=32 pending=
Metering TX: 06 03 00 0b 00 07 74 7d
Metering TX: 02 03 00 c0 00 30 45 d1
Metering TX: 02 03 00 30 00 30 45 e2
Metering TX: 02 03 00 90 00 30 45 c0
Metering TX: 04 03 00 11 00 20 14 42
Metering TX: dd a5 04 00 ff fc 77
Metering TX: 05 03 03 00 00 02 c5 cb
[2026-09-20 11:48:25.229] [WARNING] [tid:2248] Metering bus: Metering timeout: type=0 slave=5 start=0x300 count=2 pending=
Metering TX: dd a5 03 00 ff fd 77
Metering TX: 06 03 00 0b 00 07 74 7d
Metering TX: 02 03 00 c0 00 30 45 d1
Metering TX: 02 03 00 30 00 30 45 e2
Metering TX: 02 03 00 90 00 30 45 c0
Metering TX: 04 03 00 11 00 20 14 42
[2026-09-20 11:48:26.048] [WARNING] [tid:2248] Metering bus: Metering timeout: type=0 slave=4 start=0x11 count=32 pending=
Metering TX: 06 03 00 0b 00 07 74 7d
Metering TX: 02 03 00 c0 00 30 45 d1
Metering TX: 02 03 00 30 00 30 45 e2
Metering TX: 02 03 00 90 00 30 45 c0
Metering TX: 04 03 00 11 00 20 14 42
Metering TX: dd a5 03 00 ff fd 77
Metering TX: 06 03 00 0b 00 07 74 7d
Metering TX: 02 03 00 c0 00 30 45 d1
Metering TX: 02 03 00 30 00 30 45 e2
Metering TX: 02 03 00 90 00 30 45 c0
Metering TX: 04 03 00 11 00 20 14 42
Metering TX: 06 03 00 0b 00 07 74 7d
Metering TX: 02 03 00 c0 00 30 45 d1
Metering TX: 02 03 00 30 00 30 45 e2
Metering TX: 02 03 00 90 00 30 45 c0
Metering TX: 04 03 00 11 00 20 14 42
Metering TX: dd a5 03 00 ff fd 77
Metering TX: 06 03 00 0b 00 07 74 7d
Metering TX: 02 03 00 c0 00 30 45 d1
Metering TX: 02 03 00 30 00 30 45 e2
Metering TX: 02 03 00 90 00 30 45 c0
Metering TX: 04 03 00 11 00 20 14 42
Metering TX: 05 03 03 00 00 02 c5 cb
[2026-09-20 11:48:30.279] [WARNING] [tid:2248] Metering bus: Metering timeout: type=0 slave=5 start=0x300 count=2 pending=
Metering TX: 06 03 00 0b 00 07 74 7d
Metering TX: 02 03 00 c0 00 30 45 d1
[2026-09-20 11:48:30.708] [WARNING] [tid:2248] Metering bus: Metering timeout: type=0 slave=2 start=0xc0 count=48 pending=
Metering TX: 02 03 00 30 00 30 45 e2
Metering TX: 02 03 00 90 00 30 45 c0
Metering TX: 04 03 00 11 00 20 14 42
Metering TX: dd a5 03 00 ff fd 77
Metering TX: 06 03 00 0b 00 07 74 7d
Metering TX: 02 03 00 c0 00 30 45 d1
Metering TX: 02 03 00 30 00 30 45 e2
Metering TX: 02 03 00 90 00 30 45 c0
Metering TX: 04 03 00 11 00 20 14 42
[2026-09-20 11:48:32.089] [WARNING] [tid:2248] Metering bus: Metering timeout: type=0 slave=4 start=0x11 count=32 pending=
Metering TX: 06 03 00 0b 00 07 74 7d
Metering TX: 02 03 00 c0 00 30 45 d1
Metering TX: 02 03 00 30 00 30 45 e2
Metering TX: 02 03 00 90 00 30 45 c0
Metering TX: 04 03 00 11 00 20 14 42
Metering TX: dd a5 03 00 ff fd 77
Metering TX: 06 03 00 0b 00 07 74 7d
Metering TX: 02 03 00 c0 00 30 45 d1
Metering TX: 02 03 00 30 00 30 45 e2
Metering TX: 02 03 00 90 00 30 45 c0
Metering TX: 04 03 00 11 00 20 14 42
Metering TX: 06 03 00 0b 00 07 74 7d
Metering TX: 02 03 00 c0 00 30 45 d1
[2026-09-20 11:48:34.822] [WARNING] [tid:2248] Metering bus: Metering timeout: type=0 slave=2 start=0xc0 count=48 pending=
Metering TX: 02 03 00 30 00 30 45 e2
Metering TX: 02 03 00 90 00 30 45 c0
Metering TX: 04 03 00 11 00 20 14 42
Metering TX: dd a5 04 00 ff fc 77
Metering TX: 05 03 03 00 00 02 c5 cb
[2026-09-20 11:48:35.549] [WARNING] [tid:2248] Metering bus: Metering timeout: type=0 slave=5 start=0x300 count=2 pending=
Metering TX: dd a5 03 00 ff fd 77
Metering TX: 06 03 00 0b 00 07 74 7d
Metering TX: 02 03 00 c0 00 30 45 d1
Metering TX: 02 03 00 30 00 30 45 e2
Metering TX: 02 03 00 90 00 30 45 c0
Metering TX: 04 03 00 11 00 20 14 42
Metering TX: 06 03 00 0b 00 07 74 7d
Metering TX: 02 03 00 c0 00 30 45 d1
Metering TX: 02 03 00 30 00 30 45 e2
Metering TX: 02 03 00 90 00 30 45 c0
Metering TX: 04 03 00 11 00 20 14 42
Metering TX: dd a5 03 00 ff fd 77
Metering TX: 06 03 00 0b 00 07 74 7d
Metering TX: 02 03 00 c0 00 30 45 d1
Metering TX: 02 03 00 30 00 30 45 e2
Metering TX: 02 03 00 90 00 30 45 c0
Metering TX: 04 03 00 11 00 20 14 42
Metering TX: 06 03 00 0b 00 07 74 7d
Metering TX: 02 03 00 c0 00 30 45 d1
Metering TX: 02 03 00 30 00 30 45 e2
Metering TX: 02 03 00 90 00 30 45 c0
Metering TX: 04 03 00 11 00 20 14 42
Metering TX: dd a5 03 00 ff fd 77
Metering TX: 06 03 00 0b 00 07 74 7d
Metering TX: 02 03 00 c0 00 30 45 d1
Metering TX: 02 03 00 30 00 30 45 e2
Metering TX: 02 03 00 90 00 30 45 c0
Metering TX: 04 03 00 11 00 20 14 42
[2026-09-20 11:48:40.293] [WARNING] [tid:2248] Metering bus: Metering timeout: type=0 slave=4 start=0x11 count=32 pending=
Metering TX: 05 03 03 00 00 02 c5 cb
[2026-09-20 11:48:40.545] [WARNING] [tid:2248] Metering bus: Metering timeout: type=0 slave=5 start=0x300 count=2 pending=
Metering TX: 06 03 00 0b 00 07 74 7d
Metering TX: 02 03 00 c0 00 30 45 d1
Metering TX: 02 03 00 30 00 30 45 e2
Metering TX: 02 03 00 90 00 30 45 c0
Metering TX: 04 03 00 11 00 20 14 42
Metering TX: dd a5 03 00 ff fd 77
Metering TX: 06 03 00 0b 00 07 74 7d
Metering TX: 02 03 00 c0 00 30 45 d1
Metering TX: 02 03 00 30 00 30 45 e2
Metering TX: 02 03 00 90 00 30 45 c0
Metering TX: 04 03 00 11 00 20 14 42
Metering TX: 06 03 00 0b 00 07 74 7d
Metering TX: 02 03 00 c0 00 30 45 d1
Metering TX: 02 03 00 30 00 30 45 e2
Metering TX: 02 03 00 90 00 30 45 c0
Metering TX: 04 03 00 11 00 20 14 42
Metering TX: dd a5 03 00 ff fd 77
Metering TX: 06 03 00 0b 00 07 74 7d
Metering TX: 02 03 00 c0 00 30 45 d1
Metering TX: 02 03 00 30 00 30 45 e2
Metering TX: 02 03 00 90 00 30 45 c0
Metering TX: 04 03 00 11 00 20 14 42
Metering TX: dd a5 04 00 ff fc 77
Metering TX: 06 03 00 0b 00 07 74 7d
Metering TX: 02 03 00 c0 00 30 45 d1
Metering TX: 02 03 00 30 00 30 45 e2
Metering TX: 02 03 00 90 00 30 45 c0
Metering TX: 04 03 00 11 00 20 14 42
Metering TX: 05 03 03 00 00 02 c5 cb
[2026-09-20 11:48:45.662] [WARNING] [tid:2248] Metering bus: Metering timeout: type=0 slave=5 start=0x300 count=2 pending=
Metering TX: dd a5 03 00 ff fd 77
Metering TX: 06 03 00 0b 00 07 74 7d
Metering TX: 02 03 00 c0 00 30 45 d1
Metering TX: 02 03 00 30 00 30 45 e2
Metering TX: 02 03 00 90 00 30 45 c0
Metering TX: 04 03 00 11 00 20 14 42
Metering TX: 06 03 00 0b 00 07 74 7d
Metering TX: 02 03 00 c0 00 30 45 d1
Metering TX: 02 03 00 30 00 30 45 e2
Metering TX: 02 03 00 90 00 30 45 c0
Metering TX: 04 03 00 11 00 20 14 42
[2026-09-20 11:48:47.495] [WARNING] [tid:2248] Metering bus: Metering timeout: type=0 slave=4 start=0x11 count=32 pending=
Metering TX: dd a5 03 00 ff fd 77
Metering TX: 06 03 00 0b 00 07 74 7d
Metering TX: 02 03 00 c0 00 30 45 d1
[2026-09-20 11:48:48.168] [WARNING] [tid:2248] Metering bus: Metering timeout: type=0 slave=2 start=0xc0 count=48 pending=
Metering TX: 02 03 00 30 00 30 45 e2
Metering TX: 02 03 00 90 00 30 45 c0
Metering TX: 04 03 00 11 00 20 14 42
Metering TX: 06 03 00 0b 00 07 74 7d
Metering TX: 02 03 00 c0 00 30 45 d1
Metering TX: 02 03 00 30 00 30 45 e2
Metering TX: 02 03 00 90 00 30 45 c0
Metering TX: 04 03 00 11 00 20 14 42
Metering TX: dd a5 03 00 ff fd 77
Metering TX: 06 03 00 0b 00 07 74 7d
Metering TX: 02 03 00 c0 00 30 45 d1
Metering TX: 02 03 00 30 00 30 45 e2
Metering TX: 02 03 00 90 00 30 45 c0
Metering TX: 04 03 00 11 00 20 14 42
Metering TX: 05 03 03 00 00 02 c5 cb
[2026-09-20 11:48:50.718] [WARNING] [tid:2248] Metering bus: Metering timeout: type=0 slave=5 start=0x300 count=2 pending=
Metering TX: 06 03 00 0b 00 07 74 7d
Metering TX: 02 03 00 c0 00 30 45 d1
Metering TX: 02 03 00 30 00 30 45 e2
Metering TX: 02 03 00 90 00 30 45 c0
Metering TX: 04 03 00 11 00 20 14 42
Metering TX: dd a5 03 00 ff fd 77
Metering TX: 06 03 00 0b 00 07 74 7d
Metering TX: 02 03 00 c0 00 30 45 d1
Metering TX: 02 03 00 30 00 30 45 e2
Metering TX: 02 03 00 90 00 30 45 c0
Metering TX: 04 03 00 11 00 20 14 42
Metering TX: 06 03 00 0b 00 07 74 7d
Metering TX: 02 03 00 c0 00 30 45 d1
Metering TX: 02 03 00 30 00 30 45 e2
Metering TX: 02 03 00 90 00 30 45 c0
Metering TX: 04 03 00 11 00 20 14 42
Metering TX: dd a5 03 00 ff fd 77
Metering TX: 06 03 00 0b 00 07 74 7d
Metering TX: 02 03 00 c0 00 30 45 d1
Metering TX: 02 03 00 30 00 30 45 e2
Metering TX: 02 03 00 90 00 30 45 c0
Metering TX: 04 03 00 11 00 20 14 42
Metering TX: dd a5 04 00 ff fc 77
Metering TX: 06 03 00 0b 00 07 74 7d
Metering TX: 02 03 00 c0 00 30 45 d1
Metering TX: 02 03 00 30 00 30 45 e2
Metering TX: 02 03 00 90 00 30 45 c0
Metering TX: 04 03 00 11 00 20 14 42
Metering TX: 05 03 03 00 00 02 c5 cb
[2026-09-20 11:48:55.820] [WARNING] [tid:2248] Metering bus: Metering timeout: type=0 slave=5 start=0x300 count=2 pending=
Metering TX: dd a5 03 00 ff fd 77
Metering TX: 06 03 00 0b 00 07 74 7d
Metering TX: 02 03 00 c0 00 30 45 d1
Metering TX: 02 03 00 30 00 30 45 e2
Metering TX: 02 03 00 90 00 30 45 c0
Metering TX: 04 03 00 11 00 20 14 42
Metering TX: 06 03 00 0b 00 07 74 7d
Metering TX: 02 03 00 c0 00 30 45 d1
Metering TX: 02 03 00 30 00 30 45 e2
Metering TX: 02 03 00 90 00 30 45 c0
Metering TX: 04 03 00 11 00 20 14 42
Metering TX: dd a5 03 00 ff fd 77
Metering TX: 06 03 00 0b 00 07 74 7d
Metering TX: 02 03 00 c0 00 30 45 d1
Metering TX: 02 03 00 30 00 30 45 e2
Metering TX: 02 03 00 90 00 30 45 c0
Metering TX: 04 03 00 11 00 20 14 42
Metering TX: 06 03 00 0b 00 07 74 7d
Metering TX: 02 03 00 c0 00 30 45 d1
Metering TX: 02 03 00 30 00 30 45 e2
Metering TX: 02 03 00 90 00 30 45 c0
Metering TX: 04 03 00 11 00 20 14 42
Metering TX: dd a5 03 00 ff fd 77
Metering TX: 05 03 03 00 00 02 c5 cb
[2026-09-20 11:49:00.344] [WARNING] [tid:2248] Metering bus: Metering timeout: type=0 slave=5 start=0x300 count=2 pending=
Metering TX: 06 03 00 0b 00 07 74 7d
Metering TX: 02 03 00 c0 00 30 45 d1
Metering TX: 02 03 00 30 00 30 45 e2
Metering TX: 02 03 00 90 00 30 45 c0
Metering TX: 04 03 00 11 00 20 14 42
Metering TX: 06 03 00 0b 00 07 74 7d
Metering TX: 02 03 00 c0 00 30 45 d1
Metering TX: 02 03 00 30 00 30 45 e2
Metering TX: 02 03 00 90 00 30 45 c0
Metering TX: 04 03 00 11 00 20 14 42
Metering TX: dd a5 03 00 ff fd 77
Metering TX: 06 03 00 0b 00 07 74 7d
Metering TX: 02 03 00 c0 00 30 45 d1
Metering TX: 02 03 00 30 00 30 45 e2
Metering TX: 02 03 00 90 00 30 45 c0
Metering TX: 04 03 00 11 00 20 14 42
Metering TX: 06 03 00 0b 00 07 74 7d
Metering TX: 02 03 00 c0 00 30 45 d1
[2026-09-20 11:49:03.621] [WARNING] [tid:2248] Metering bus: Metering timeout: type=0 slave=2 start=0xc0 count=48 pending=
Metering TX: 02 03 00 30 00 30 45 e2
Metering TX: 02 03 00 90 00 30 45 c0
Metering TX: 04 03 00 11 00 20 14 42
Metering TX: dd a5 03 00 ff fd 77
Metering TX: 06 03 00 0b 00 07 74 7d
Metering TX: 02 03 00 c0 00 30 45 d1
[2026-09-20 11:49:04.655] [WARNING] [tid:2248] Metering bus: Metering timeout: type=0 slave=2 start=0xc0 count=48 pending=
Metering TX: 02 03 00 30 00 30 45 e2
Metering TX: 02 03 00 90 00 30 45 c0
Metering TX: 04 03 00 11 00 20 14 42
Metering TX: dd a5 04 00 ff fc 77
Metering TX: 05 03 03 00 00 02 c5 cb
[2026-09-20 11:49:05.402] [WARNING] [tid:2248] Metering bus: Metering timeout: type=0 slave=5 start=0x300 count=2 pending=
Metering TX: 06 03 00 0b 00 07 74 7d
Metering TX: 02 03 00 c0 00 30 45 d1
Metering TX: 02 03 00 30 00 30 45 e2
Metering TX: 02 03 00 90 00 30 45 c0
Metering TX: 04 03 00 11 00 20 14 42
Metering TX: dd a5 03 00 ff fd 77
Metering TX: 06 03 00 0b 00 07 74 7d
Metering TX: 02 03 00 c0 00 30 45 d1
[2026-09-20 11:49:06.717] [WARNING] [tid:2248] Metering bus: Metering timeout: type=0 slave=2 start=0xc0 count=48 pending=
Metering TX: 02 03 00 30 00 30 45 e2
Metering TX: 02 03 00 90 00 30 45 c0
Metering TX: 04 03 00 11 00 20 14 42
Metering TX: 06 03 00 0b 00 07 74 7d
Metering TX: 02 03 00 c0 00 30 45 d1
Metering TX: 02 03 00 30 00 30 45 e2
Metering TX: 02 03 00 90 00 30 45 c0
Metering TX: 04 03 00 11 00 20 14 42
Metering TX: dd a5 03 00 ff fd 77
Metering TX: 06 03 00 0b 00 07 74 7d
Metering TX: 02 03 00 c0 00 30 45 d1
Metering TX: 02 03 00 30 00 30 45 e2
[2026-09-20 11:49:08.902] [WARNING] [tid:2248] Metering bus: Metering timeout: type=0 slave=2 start=0x30 count=48 pending=
Metering TX: 02 03 00 90 00 30 45 c0
Metering TX: 04 03 00 11 00 20 14 42
Metering TX: 06 03 00 0b 00 07 74 7d
Metering TX: 02 03 00 c0 00 30 45 d1
Metering TX: 02 03 00 30 00 30 45 e2
Metering TX: 02 03 00 90 00 30 45 c0
Metering TX: 04 03 00 11 00 20 14 42
Metering TX: dd a5 03 00 ff fd 77
Metering TX: 05 03 03 00 00 02 c5 cb
[2026-09-20 11:49:10.502] [WARNING] [tid:2248] Metering bus: Metering timeout: type=0 slave=5 start=0x300 count=2 pending=
Metering TX: 06 03 00 0b 00 07 74 7d
Metering TX: 02 03 00 c0 00 30 45 d1
[2026-09-20 11:49:10.814] [WARNING] [tid:2248] Metering bus: Metering timeout: type=0 slave=2 start=0xc0 count=48 pending=
Metering TX: 02 03 00 30 00 30 45 e2
Metering TX: 02 03 00 90 00 30 45 c0
Metering TX: 04 03 00 11 00 20 14 42
Metering TX: 06 03 00 0b 00 07 74 7d
Metering TX: 02 03 00 c0 00 30 45 d1
Metering TX: 02 03 00 30 00 30 45 e2
Metering TX: 02 03 00 90 00 30 45 c0
Metering TX: 04 03 00 11 00 20 14 42
Metering TX: dd a5 03 00 ff fd 77
Metering TX: 06 03 00 0b 00 07 74 7d
Metering TX: 02 03 00 c0 00 30 45 d1
Metering TX: 02 03 00 30 00 30 45 e2
Metering TX: 02 03 00 90 00 30 45 c0
Metering TX: 04 03 00 11 00 20 14 42
Metering TX: 06 03 00 0b 00 07 74 7d
Metering TX: 02 03 00 c0 00 30 45 d1
Metering TX: 02 03 00 30 00 30 45 e2
Metering TX: 02 03 00 90 00 30 45 c0
Metering TX: 04 03 00 11 00 20 14 42
Metering TX: dd a5 03 00 ff fd 77
Metering TX: 06 03 00 0b 00 07 74 7d
Metering TX: 02 03 00 c0 00 30 45 d1
[2026-09-20 11:49:14.935] [WARNING] [tid:2248] Metering bus: Metering timeout: type=0 slave=2 start=0xc0 count=48 pending=
Metering TX: 02 03 00 30 00 30 45 e2
Metering TX: 02 03 00 90 00 30 45 c0
Metering TX: 04 03 00 11 00 20 14 42
Metering TX: dd a5 04 00 ff fc 77
Metering TX: 05 03 03 00 00 02 c5 cb
[2026-09-20 11:49:15.661] [WARNING] [tid:2248] Metering bus: Metering timeout: type=0 slave=5 start=0x300 count=2 pending=
Metering TX: 06 03 00 0b 00 07 74 7d
Metering TX: 02 03 00 c0 00 30 45 d1
Metering TX: 02 03 00 30 00 30 45 e2
Metering TX: 02 03 00 90 00 30 45 c0
Metering TX: 04 03 00 11 00 20 14 42
Metering TX: dd a5 03 00 ff fd 77
Metering TX: 06 03 00 0b 00 07 74 7d
Metering TX: 02 03 00 c0 00 30 45 d1
Metering TX: 02 03 00 30 00 30 45 e2
Metering TX: 02 03 00 90 00 30 45 c0
Metering TX: 04 03 00 11 00 20 14 42
Metering TX: 06 03 00 0b 00 07 74 7d
Metering TX: 02 03 00 c0 00 30 45 d1
Metering TX: 02 03 00 30 00 30 45 e2
Metering TX: 02 03 00 90 00 30 45 c0
Metering TX: 04 03 00 11 00 20 14 42
Metering TX: dd a5 03 00 ff fd 77
Metering TX: 06 03 00 0b 00 07 74 7d
Metering TX: 02 03 00 c0 00 30 45 d1
[2026-09-20 11:49:19.058] [WARNING] [tid:2248] Metering bus: Metering timeout: type=0 slave=2 start=0xc0 count=48 pending=
Metering TX: 02 03 00 30 00 30 45 e2
Metering TX: 02 03 00 90 00 30 45 c0
Metering TX: 04 03 00 11 00 20 14 42
Metering TX: 06 03 00 0b 00 07 74 7d
Metering TX: 02 03 00 c0 00 30 45 d1
Metering TX: 02 03 00 30 00 30 45 e2
Metering TX: 02 03 00 90 00 30 45 c0
Metering TX: 04 03 00 11 00 20 14 42
Metering TX: dd a5 03 00 ff fd 77
[2026-09-20 11:49:20.584] [WARNING] [tid:2248] Metering bus: Metering timeout: type=2 slave=1 start=0x0 count=1 pending=
Metering TX: 05 03 03 00 00 02 c5 cb
[2026-09-20 11:49:20.837] [WARNING] [tid:2248] Metering bus: Metering timeout: type=0 slave=5 start=0x300 count=2 pending=
Metering TX: 06 03 00 0b 00 07 74 7d
Metering TX: 02 03 00 c0 00 30 45 d1
Metering TX: 02 03 00 30 00 30 45 e2
Metering TX: 02 03 00 90 00 30 45 c0
Metering TX: 04 03 00 11 00 20 14 42
[2026-09-20 11:49:21.540] [WARNING] [tid:2248] Metering bus: Metering timeout: type=0 slave=4 start=0x11 count=32 pending=
Metering TX: 06 03 00 0b 00 07 74 7d
Metering TX: 02 03 00 c0 00 30 45 d1
Metering TX: 02 03 00 30 00 30 45 e2
Metering TX: 02 03 00 90 00 30 45 c0
Metering TX: 04 03 00 11 00 20 14 42
Metering TX: dd a5 03 00 ff fd 77
Metering TX: 06 03 00 0b 00 07 74 7d
Metering TX: 02 03 00 c0 00 30 45 d1
Metering TX: 02 03 00 30 00 30 45 e2
Metering TX: 02 03 00 90 00 30 45 c0
Metering TX: 04 03 00 11 00 20 14 42
[2026-09-20 11:49:23.541] [WARNING] [tid:2248] Metering bus: Metering timeout: type=0 slave=4 start=0x11 count=32 pending=
Metering TX: dd a5 03 00 ff fd 77
Metering TX: 06 03 00 0b 00 07 74 7d
Metering TX: 02 03 00 c0 00 30 45 d1
Metering TX: 02 03 00 30 00 30 45 e2
Metering TX: 02 03 00 90 00 30 45 c0
Metering TX: 04 03 00 11 00 20 14 42
Metering TX: dd a5 04 00 ff fc 77
Metering TX: 06 03 00 0b 00 07 74 7d
Metering TX: 02 03 00 c0 00 30 45 d1
Metering TX: 02 03 00 30 00 30 45 e2
Metering TX: 02 03 00 90 00 30 45 c0
Metering TX: 04 03 00 11 00 20 14 42
Metering TX: 05 03 03 00 00 02 c5 cb
[2026-09-20 11:49:25.738] [WARNING] [tid:2248] Metering bus: Metering timeout: type=0 slave=5 start=0x300 count=2 pending=
Metering TX: dd a5 03 00 ff fd 77
Metering TX: 06 03 00 0b 00 07 74 7d
Metering TX: 02 03 00 c0 00 30 45 d1
Metering TX: 02 03 00 30 00 30 45 e2
Metering TX: 02 03 00 90 00 30 45 c0
Metering TX: 04 03 00 11 00 20 14 42
Metering TX: 06 03 00 0b 00 07 74 7d
Metering TX: 02 03 00 c0 00 30 45 d1
Metering TX: 02 03 00 30 00 30 45 e2
Metering TX: 02 03 00 90 00 30 45 c0
Metering TX: 04 03 00 11 00 20 14 42
Metering TX: dd a5 03 00 ff fd 77
Metering TX: 06 03 00 0b 00 07 74 7d
Metering TX: 02 03 00 c0 00 30 45 d1
Metering TX: 02 03 00 30 00 30 45 e2
Metering TX: 02 03 00 90 00 30 45 c0
Metering TX: 04 03 00 11 00 20 14 42
[2026-09-20 11:49:28.679] [WARNING] [tid:2248] Metering bus: Metering timeout: type=0 slave=4 start=0x11 count=32 pending=
Metering TX: 06 03 00 0b 00 07 74 7d
Metering TX: 02 03 00 c0 00 30 45 d1
[2026-09-20 11:49:29.260] [WARNING] [tid:2248] Metering bus: Metering timeout: type=0 slave=2 start=0xc0 count=48 pending=
Metering TX: 02 03 00 30 00 30 45 e2
Metering TX: 02 03 00 90 00 30 45 c0
Metering TX: 04 03 00 11 00 20 14 42
Metering TX: dd a5 03 00 ff fd 77
Metering TX: 06 03 00 0b 00 07 74 7d
Metering TX: 02 03 00 c0 00 30 45 d1
Metering TX: 02 03 00 30 00 30 45 e2
Metering TX: 02 03 00 90 00 30 45 c0
Metering TX: 04 03 00 11 00 20 14 42
Metering TX: 05 03 03 00 00 02 c5 cb
[2026-09-20 11:49:30.811] [WARNING] [tid:2248] Metering bus: Metering timeout: type=0 slave=5 start=0x300 count=2 pending=
Metering TX: 06 03 00 0b 00 07 74 7d
Metering TX: 02 03 00 c0 00 30 45 d1
[2026-09-20 11:49:31.282] [WARNING] [tid:2248] Metering bus: Metering timeout: type=0 slave=2 start=0xc0 count=48 pending=
Metering TX: 02 03 00 30 00 30 45 e2
Metering TX: 02 03 00 90 00 30 45 c0
Metering TX: 04 03 00 11 00 20 14 42
Metering TX: dd a5 03 00 ff fd 77
Metering TX: 06 03 00 0b 00 07 74 7d
Metering TX: 02 03 00 c0 00 30 45 d1
Metering TX: 02 03 00 30 00 30 45 e2
Metering TX: 02 03 00 90 00 30 45 c0
Metering TX: 04 03 00 11 00 20 14 42
Metering TX: 06 03 00 0b 00 07 74 7d
Metering TX: 02 03 00 c0 00 30 45 d1
Metering TX: 02 03 00 30 00 30 45 e2
Metering TX: 02 03 00 90 00 30 45 c0
Metering TX: 04 03 00 11 00 20 14 42
Metering TX: dd a5 03 00 ff fd 77
Metering TX: 06 03 00 0b 00 07 74 7d
Metering TX: 02 03 00 c0 00 30 45 d1
Metering TX: 02 03 00 30 00 30 45 e2
Metering TX: 02 03 00 90 00 30 45 c0
Metering TX: 04 03 00 11 00 20 14 42
Metering TX: dd a5 04 00 ff fc 77
Metering TX: 06 03 00 0b 00 07 74 7d
Metering TX: 02 03 00 c0 00 30 45 d1
Metering TX: 02 03 00 30 00 30 45 e2
Metering TX: 02 03 00 90 00 30 45 c0
Metering TX: 04 03 00 11 00 20 14 42
Metering TX: 05 03 03 00 00 02 c5 cb
[2026-09-20 11:49:35.904] [WARNING] [tid:2248] Metering bus: Metering timeout: type=0 slave=5 start=0x300 count=2 pending=
Metering TX: dd a5 03 00 ff fd 77
Metering TX: 06 03 00 0b 00 07 74 7d
Metering TX: 02 03 00 c0 00 30 45 d1
[2026-09-20 11:49:36.456] [WARNING] [tid:2248] Metering bus: Metering timeout: type=0 slave=2 start=0xc0 count=48 pending=
Metering TX: 02 03 00 30 00 30 45 e2
[2026-09-20 11:49:36.702] [WARNING] [tid:2248] Metering bus: Metering timeout: type=0 slave=2 start=0x30 count=48 pending=
Metering TX: 02 03 00 90 00 30 45 c0
[2026-09-20 11:49:36.971] [WARNING] [tid:2248] Metering bus: Metering timeout: type=0 slave=2 start=0x90 count=48 pending=
Metering TX: 04 03 00 11 00 20 14 42
Metering TX: 06 03 00 0b 00 07 74 7d
Metering TX: 02 03 00 c0 00 30 45 d1
[2026-09-20 11:49:37.474] [WARNING] [tid:2248] Metering bus: Metering timeout: type=0 slave=2 start=0xc0 count=48 pending=
Metering TX: 02 03 00 30 00 30 45 e2
[2026-09-20 11:49:37.734] [WARNING] [tid:2248] Metering bus: Metering timeout: type=0 slave=2 start=0x30 count=48 pending=
Metering TX: 02 03 00 90 00 30 45 c0
[2026-09-20 11:49:37.979] [WARNING] [tid:2248] Metering bus: Metering timeout: type=0 slave=2 start=0x90 count=48 pending=
Metering TX: 04 03 00 11 00 20 14 42
Metering TX: dd a5 03 00 ff fd 77
Metering TX: 06 03 00 0b 00 07 74 7d
Metering TX: 02 03 00 c0 00 30 45 d1
[2026-09-20 11:49:38.525] [WARNING] [tid:2248] Metering bus: Metering timeout: type=0 slave=2 start=0xc0 count=48 pending=
Metering TX: 02 03 00 30 00 30 45 e2
[2026-09-20 11:49:38.785] [WARNING] [tid:2248] Metering bus: Metering timeout: type=0 slave=2 start=0x30 count=48 pending=
Metering TX: 02 03 00 90 00 30 45 c0
[2026-09-20 11:49:39.026] [WARNING] [tid:2248] Metering bus: Metering timeout: type=0 slave=2 start=0x90 count=48 pending=
Metering TX: 04 03 00 11 00 20 14 42
Metering TX: 06 03 00 0b 00 07 74 7d
Metering TX: 02 03 00 c0 00 30 45 d1
[2026-09-20 11:49:39.543] [WARNING] [tid:2248] Metering bus: Metering timeout: type=0 slave=2 start=0xc0 count=48 pending=
Metering TX: 02 03 00 30 00 30 45 e2
[2026-09-20 11:49:39.802] [WARNING] [tid:2248] Metering bus: Metering timeout: type=0 slave=2 start=0x30 count=48 pending=
Metering TX: 02 03 00 90 00 30 45 c0
[2026-09-20 11:49:40.043] [WARNING] [tid:2248] Metering bus: Metering timeout: type=0 slave=2 start=0x90 count=48 pending=
Metering TX: 04 03 00 11 00 20 14 42
Metering TX: dd a5 03 00 ff fd 77
Metering TX: 06 03 00 0b 00 07 74 7d
Metering TX: 02 03 00 c0 00 30 45 d1
[2026-09-20 11:49:40.560] [WARNING] [tid:2248] Metering bus: Metering timeout: type=0 slave=2 start=0xc0 count=48 pending=
Metering TX: 02 03 00 30 00 30 45 e2
[2026-09-20 11:49:40.834] [WARNING] [tid:2248] Metering bus: Metering timeout: type=0 slave=2 start=0x30 count=48 pending=
Metering TX: 02 03 00 90 00 30 45 c0
[2026-09-20 11:49:41.093] [WARNING] [tid:2248] Metering bus: Metering timeout: type=0 slave=2 start=0x90 count=48 pending=
Metering TX: 04 03 00 11 00 20 14 42
Metering TX: 05 03 03 00 00 02 c5 cb
[2026-09-20 11:49:41.471] [WARNING] [tid:2248] Metering bus: Metering timeout: type=0 slave=5 start=0x300 count=2 pending=
Metering TX: 06 03 00 0b 00 07 74 7d
Metering TX: 02 03 00 c0 00 30 45 d1
[2026-09-20 11:49:41.761] [WARNING] [tid:2248] Metering bus: Metering timeout: type=0 slave=2 start=0xc0 count=48 pending=
Metering TX: 02 03 00 30 00 30 45 e2
[2026-09-20 11:49:42.012] [WARNING] [tid:2248] Metering bus: Metering timeout: type=0 slave=2 start=0x30 count=48 pending=
Metering TX: 02 03 00 90 00 30 45 c0
[2026-09-20 11:49:42.260] [WARNING] [tid:2248] Metering bus: Metering timeout: type=0 slave=2 start=0x90 count=48 pending=
Metering TX: 04 03 00 11 00 20 14 42
[2026-09-20 11:49:42.518] [WARNING] [tid:2248] Metering bus: Metering timeout: type=0 slave=4 start=0x11 count=32 pending=
Metering TX: dd a5 03 00 ff fd 77
Metering TX: 06 03 00 0b 00 07 74 7d
[2026-09-20 11:49:42.859] [WARNING] [tid:2248] Metering bus: Metering timeout: type=0 slave=6 start=0xb count=7 pending=06 03 0e 01 65 00 0b 00 00 00 e0
Metering TX: 02 03 00 c0 00 30 45 d1
[2026-09-20 11:49:43.112] [WARNING] [tid:2248] Metering bus: Metering timeout: type=0 slave=2 start=0xc0 count=48 pending=
Metering TX: 02 03 00 30 00 30 45 e2
[2026-09-20 11:49:43.360] [WARNING] [tid:2248] Metering bus: Metering timeout: type=0 slave=2 start=0x30 count=48 pending=
Metering TX: 02 03 00 90 00 30 45 c0
[2026-09-20 11:49:43.610] [WARNING] [tid:2248] Metering bus: Metering timeout: type=0 slave=2 start=0x90 count=48 pending=
Metering TX: 04 03 00 11 00 20 14 42
[2026-09-20 11:49:43.863] [WARNING] [tid:2248] Metering bus: Metering timeout: type=0 slave=4 start=0x11 count=32 pending=
Metering TX: 06 03 00 0b 00 07 74 7d
[2026-09-20 11:49:44.113] [WARNING] [tid:2248] Metering bus: Metering timeout: type=0 slave=6 start=0xb count=7 pending=
Metering TX: 02 03 00 c0 00 30 45 d1
[2026-09-20 11:49:44.364] [WARNING] [tid:2248] Metering bus: Metering timeout: type=0 slave=2 start=0xc0 count=48 pending=
Metering TX: 02 03 00 30 00 30 45 e2
[2026-09-20 11:49:44.613] [WARNING] [tid:2248] Metering bus: Metering timeout: type=0 slave=2 start=0x30 count=48 pending=
Metering TX: dd a5 03 00 ff fd 77
Metering TX: 06 03 00 0b 00 07 74 7d
[2026-09-20 11:49:44.947] [WARNING] [tid:2248] Metering bus: Metering timeout: type=0 slave=6 start=0xb count=7 pending=
Metering TX: 02 03 00 c0 00 30 45 d1
[2026-09-20 11:49:45.211] [WARNING] [tid:2248] Metering bus: Metering timeout: type=0 slave=2 start=0xc0 count=48 pending=
Metering TX: 02 03 00 30 00 30 45 e2
[2026-09-20 11:49:45.465] [WARNING] [tid:2248] Metering bus: Metering timeout: type=0 slave=2 start=0x30 count=48 pending=
Metering TX: 02 03 00 90 00 30 45 c0
[2026-09-20 11:49:45.726] [WARNING] [tid:2248] Metering bus: Metering timeout: type=0 slave=2 start=0x90 count=48 pending=
Metering TX: 04 03 00 11 00 20 14 42
[2026-09-20 11:49:45.981] [WARNING] [tid:2248] Metering bus: Metering timeout: type=0 slave=4 start=0x11 count=32 pending=
Metering TX: dd a5 04 00 ff fc 77
Metering TX: 06 03 00 0b 00 07 74 7d
[2026-09-20 11:49:46.326] [WARNING] [tid:2248] Metering bus: Metering timeout: type=0 slave=6 start=0xb count=7 pending=
Metering TX: 02 03 00 c0 00 30 45 d1
[2026-09-20 11:49:46.582] [WARNING] [tid:2248] Metering bus: Metering timeout: type=0 slave=2 start=0xc0 count=48 pending=
Metering TX: 02 03 00 30 00 30 45 e2
[2026-09-20 11:49:46.826] [WARNING] [tid:2248] Metering bus: Metering timeout: type=0 slave=2 start=0x30 count=48 pending=
Metering TX: 05 03 03 00 00 02 c5 cb
[2026-09-20 11:49:47.083] [WARNING] [tid:2248] Metering bus: Metering timeout: type=0 slave=5 start=0x300 count=2 pending=
Metering TX: dd a5 03 00 ff fd 77
Metering TX: 06 03 00 0b 00 07 74 7d
[2026-09-20 11:49:47.440] [WARNING] [tid:2248] Metering bus: Metering timeout: type=0 slave=6 start=0xb count=7 pending=
Metering TX: 02 03 00 c0 00 30 45 d1
[2026-09-20 11:49:47.696] [WARNING] [tid:2248] Metering bus: Metering timeout: type=0 slave=2 start=0xc0 count=48 pending=
Metering TX: 02 03 00 90 00 30 45 c0
[2026-09-20 11:49:47.971] [WARNING] [tid:2248] Metering bus: Metering timeout: type=0 slave=2 start=0x90 count=48 pending=
Metering TX: 04 03 00 11 00 20 14 42
[2026-09-20 11:49:48.213] [WARNING] [tid:2248] Metering bus: Metering timeout: type=0 slave=4 start=0x11 count=32 pending=
Metering TX: 06 03 00 0b 00 07 74 7d
[2026-09-20 11:49:48.475] [WARNING] [tid:2248] Metering bus: Metering timeout: type=0 slave=6 start=0xb count=7 pending=
Metering TX: 02 03 00 30 00 30 45 e2
[2026-09-20 11:49:48.716] [WARNING] [tid:2248] Metering bus: Metering timeout: type=0 slave=2 start=0x30 count=48 pending=
Metering TX: dd a5 03 00 ff fd 77
Metering TX: 06 03 00 0b 00 07 74 7d
[2026-09-20 11:49:49.067] [WARNING] [tid:2248] Metering bus: Metering timeout: type=0 slave=6 start=0xb count=7 pending=
Metering TX: 02 03 00 c0 00 30 45 d1
[2026-09-20 11:49:49.331] [WARNING] [tid:2248] Metering bus: Metering timeout: type=0 slave=2 start=0xc0 count=48 pending=
Metering TX: 02 03 00 90 00 30 45 c0
[2026-09-20 11:49:49.586] [WARNING] [tid:2248] Metering bus: Metering timeout: type=0 slave=2 start=0x90 count=48 pending=
Metering TX: 04 03 00 11 00 20 14 42
[2026-09-20 11:49:49.846] [WARNING] [tid:2248] Metering bus: Metering timeout: type=0 slave=4 start=0x11 count=32 pending=
Metering TX: 06 03 00 0b 00 07 74 7d
[2026-09-20 11:49:50.086] [WARNING] [tid:2248] Metering bus: Metering timeout: type=0 slave=6 start=0xb count=7 pending=
Metering TX: 02 03 00 c0 00 30 45 d1
[2026-09-20 11:49:50.349] [WARNING] [tid:2248] Metering bus: Metering timeout: type=0 slave=2 start=0xc0 count=48 pending=
Metering TX: 02 03 00 30 00 30 45 e2
[2026-09-20 11:49:50.603] [WARNING] [tid:2248] Metering bus: Metering timeout: type=0 slave=2 start=0x30 count=48 pending=
Metering TX: 02 03 00 90 00 30 45 c0
[2026-09-20 11:49:50.865] [WARNING] [tid:2248] Metering bus: Metering timeout: type=0 slave=2 start=0x90 count=48 pending=
Metering TX: dd a5 03 00 ff fd 77
Metering TX: 06 03 00 0b 00 07 74 7d
[2026-09-20 11:49:51.215] [WARNING] [tid:2248] Metering bus: Metering timeout: type=0 slave=6 start=0xb count=7 pending=
Metering TX: 02 03 00 c0 00 30 45 d1
[2026-09-20 11:49:51.485] [WARNING] [tid:2248] Metering bus: Metering timeout: type=0 slave=2 start=0xc0 count=48 pending=
Metering TX: 02 03 00 30 00 30 45 e2
[2026-09-20 11:49:51.734] [WARNING] [tid:2248] Metering bus: Metering timeout: type=0 slave=2 start=0x30 count=48 pending=
Metering TX: 04 03 00 11 00 20 14 42
[2026-09-20 11:49:51.988] [WARNING] [tid:2248] Metering bus: Metering timeout: type=0 slave=4 start=0x11 count=32 pending=
Metering TX: 05 03 03 00 00 02 c5 cb
[2026-09-20 11:49:52.234] [WARNING] [tid:2248] Metering bus: Metering timeout: type=0 slave=5 start=0x300 count=2 pending=
Metering TX: 06 03 00 0b 00 07 74 7d
[2026-09-20 11:49:52.499] [WARNING] [tid:2248] Metering bus: Metering timeout: type=0 slave=6 start=0xb count=7 pending=
Metering TX: 02 03 00 c0 00 30 45 d1
[2026-09-20 11:49:52.751] [WARNING] [tid:2248] Metering bus: Metering timeout: type=0 slave=2 start=0xc0 count=48 pending=
Metering TX: 02 03 00 30 00 30 45 e2
[2026-09-20 11:49:53.007] [WARNING] [tid:2248] Metering bus: Metering timeout: type=0 slave=2 start=0x30 count=48 pending=
Metering TX: 02 03 00 90 00 30 45 c0
[2026-09-20 11:49:53.264] [WARNING] [tid:2248] Metering bus: Metering timeout: type=0 slave=2 start=0x90 count=48 pending=
Metering TX: dd a5 03 00 ff fd 77
Metering TX: 06 03 00 0b 00 07 74 7d
[2026-09-20 11:49:53.605] [WARNING] [tid:2248] Metering bus: Metering timeout: type=0 slave=6 start=0xb count=7 pending=
Metering TX: 02 03 00 c0 00 30 45 d1
[2026-09-20 11:49:53.862] [WARNING] [tid:2248] Metering bus: Metering timeout: type=0 slave=2 start=0xc0 count=48 pending=
Metering TX: 04 03 00 11 00 20 14 42
[2026-09-20 11:49:54.105] [WARNING] [tid:2248] Metering bus: Metering timeout: type=0 slave=4 start=0x11 count=32 pending=
Metering TX: 06 03 00 0b 00 07 74 7d
[2026-09-20 11:49:54.366] [WARNING] [tid:2248] Metering bus: Metering timeout: type=0 slave=6 start=0xb count=7 pending=
Metering TX: 02 03 00 30 00 30 45 e2
[2026-09-20 11:49:54.607] [WARNING] [tid:2248] Metering bus: Metering timeout: type=0 slave=2 start=0x30 count=48 pending=
Metering TX: 02 03 00 90 00 30 45 c0
[2026-09-20 11:49:54.863] [WARNING] [tid:2248] Metering bus: Metering timeout: type=0 slave=2 start=0x90 count=48 pending=
Metering TX: dd a5 03 00 ff fd 77
Metering TX: 06 03 00 0b 00 07 74 7d
[2026-09-20 11:49:55.204] [WARNING] [tid:2248] Metering bus: Metering timeout: type=0 slave=6 start=0xb count=7 pending=
Metering TX: 02 03 00 c0 00 30 45 d1
[2026-09-20 11:49:55.451] [WARNING] [tid:2248] Metering bus: Metering timeout: type=0 slave=2 start=0xc0 count=48 pending=
Metering TX: 02 03 00 30 00 30 45 e2
[2026-09-20 11:49:55.703] [WARNING] [tid:2248] Metering bus: Metering timeout: type=0 slave=2 start=0x30 count=48 pending=
Metering TX: 04 03 00 11 00 20 14 42
[2026-09-20 11:49:55.962] [WARNING] [tid:2248] Metering bus: Metering timeout: type=0 slave=4 start=0x11 count=32 pending=
Metering TX: dd a5 04 00 ff fc 77
Metering TX: 06 03 00 0b 00 07 74 7d
[2026-09-20 11:49:56.285] [WARNING] [tid:2248] Metering bus: Metering timeout: type=0 slave=6 start=0xb count=7 pending=
Metering TX: 02 03 00 c0 00 30 45 d1
[2026-09-20 11:49:56.531] [WARNING] [tid:2248] Metering bus: Metering timeout: type=0 slave=2 start=0xc0 count=48 pending=
Metering TX: 02 03 00 30 00 30 45 e2
[2026-09-20 11:49:56.790] [WARNING] [tid:2248] Metering bus: Metering timeout: type=0 slave=2 start=0x30 count=48 pending=
Metering TX: 02 03 00 90 00 30 45 c0
[2026-09-20 11:49:57.044] [WARNING] [tid:2248] Metering bus: Metering timeout: type=0 slave=2 start=0x90 count=48 pending=
Metering TX: 05 03 03 00 00 02 c5 cb
[2026-09-20 11:49:57.305] [WARNING] [tid:2248] Metering bus: Metering timeout: type=0 slave=5 start=0x300 count=2 pending=
Metering TX: dd a5 03 00 ff fd 77
Metering TX: 06 03 00 0b 00 07 74 7d
[2026-09-20 11:49:57.660] [WARNING] [tid:2248] Metering bus: Metering timeout: type=0 slave=6 start=0xb count=7 pending=
Metering TX: 02 03 00 c0 00 30 45 d1
[2026-09-20 11:49:57.903] [WARNING] [tid:2248] Metering bus: Metering timeout: type=0 slave=2 start=0xc0 count=48 pending=
Metering TX: 02 03 00 30 00 30 45 e2
[2026-09-20 11:49:58.161] [WARNING] [tid:2248] Metering bus: Metering timeout: type=0 slave=2 start=0x30 count=48 pending=
Metering TX: 04 03 00 11 00 20 14 42
[2026-09-20 11:49:58.422] [WARNING] [tid:2248] Metering bus: Metering timeout: type=0 slave=4 start=0x11 count=32 pending=
Metering TX: 06 03 00 0b 00 07 74 7d
[2026-09-20 11:49:58.677] [WARNING] [tid:2248] Metering bus: Metering timeout: type=0 slave=6 start=0xb count=7 pending=
Metering TX: 02 03 00 90 00 30 45 c0
[2026-09-20 11:49:58.937] [WARNING] [tid:2248] Metering bus: Metering timeout: type=0 slave=2 start=0x90 count=48 pending=
Metering TX: dd a5 03 00 ff fd 77
Metering TX: 06 03 00 0b 00 07 74 7d
[2026-09-20 11:49:59.277] [WARNING] [tid:2248] Metering bus: Metering timeout: type=0 slave=6 start=0xb count=7 pending=
Metering TX: 02 03 00 c0 00 30 45 d1
[2026-09-20 11:49:59.539] [WARNING] [tid:2248] Metering bus: Metering timeout: type=0 slave=2 start=0xc0 count=48 pending=
Metering TX: 02 03 00 30 00 30 45 e2
[2026-09-20 11:49:59.796] [WARNING] [tid:2248] Metering bus: Metering timeout: type=0 slave=2 start=0x30 count=48 pending=
Metering TX: 04 03 00 11 00 20 14 42
[2026-09-20 11:50:00.046] [WARNING] [tid:2248] Metering bus: Metering timeout: type=0 slave=4 start=0x11 count=32 pending=
Metering TX: 06 03 00 0b 00 07 74 7d
[2026-09-20 11:50:00.296] [WARNING] [tid:2248] Metering bus: Metering timeout: type=0 slave=6 start=0xb count=7 pending=
Metering TX: 02 03 00 c0 00 30 45 d1
[2026-09-20 11:50:00.547] [WARNING] [tid:2248] Metering bus: Metering timeout: type=0 slave=2 start=0xc0 count=48 pending=
Metering TX: 02 03 00 30 00 30 45 e2
[2026-09-20 11:50:00.795] [WARNING] [tid:2248] Metering bus: Metering timeout: type=0 slave=2 start=0x30 count=48 pending=
Metering TX: 02 03 00 90 00 30 45 c0
[2026-09-20 11:50:01.048] [WARNING] [tid:2248] Metering bus: Metering timeout: type=0 slave=2 start=0x90 count=48 pending=
Metering TX: dd a5 03 00 ff fd 77
Metering TX: 05 03 03 00 00 02 c5 cb
[2026-09-20 11:50:01.397] [WARNING] [tid:2248] Metering bus: Metering timeout: type=0 slave=5 start=0x300 count=2 pending=
Metering TX: 06 03 00 0b 00 07 74 7d
[2026-09-20 11:50:01.662] [WARNING] [tid:2248] Metering bus: Metering timeout: type=0 slave=6 start=0xb count=7 pending=
Metering TX: 02 03 00 c0 00 30 45 d1
[2026-09-20 11:50:01.914] [WARNING] [tid:2248] Metering bus: Metering timeout: type=0 slave=2 start=0xc0 count=48 pending=
Metering TX: 02 03 00 30 00 30 45 e2
[2026-09-20 11:50:02.178] [WARNING] [tid:2248] Metering bus: Metering timeout: type=0 slave=2 start=0x30 count=48 pending=
Metering TX: 04 03 00 11 00 20 14 42
[2026-09-20 11:50:02.431] [WARNING] [tid:2248] Metering bus: Metering timeout: type=0 slave=4 start=0x11 count=32 pending=
Metering TX: 06 03 00 0b 00 07 74 7d
[2026-09-20 11:50:02.699] [WARNING] [tid:2248] Metering bus: Metering timeout: type=0 slave=6 start=0xb count=7 pending=
Metering TX: 02 03 00 c0 00 30 45 d1
[2026-09-20 11:50:02.948] [WARNING] [tid:2248] Metering bus: Metering timeout: type=0 slave=2 start=0xc0 count=48 pending=
Metering TX: 02 03 00 90 00 30 45 c0
[2026-09-20 11:50:03.210] [WARNING] [tid:2248] Metering bus: Metering timeout: type=0 slave=2 start=0x90 count=48 pending=
Metering TX: dd a5 03 00 ff fd 77
Metering TX: 06 03 00 0b 00 07 74 7d
[2026-09-20 11:50:03.548] [WARNING] [tid:2248] Metering bus: Metering timeout: type=0 slave=6 start=0xb count=7 pending=
Metering TX: 02 03 00 c0 00 30 45 d1
[2026-09-20 11:50:03.791] [WARNING] [tid:2248] Metering bus: Metering timeout: type=0 slave=2 start=0xc0 count=48 pending=
Metering TX: 02 03 00 30 00 30 45 e2
[2026-09-20 11:50:04.041] [WARNING] [tid:2248] Metering bus: Metering timeout: type=0 slave=2 start=0x30 count=48 pending=
Metering TX: 04 03 00 11 00 20 14 42
[2026-09-20 11:50:04.291] [WARNING] [tid:2248] Metering bus: Metering timeout: type=0 slave=4 start=0x11 count=32 pending=
Metering TX: 06 03 00 0b 00 07 74 7d
[2026-09-20 11:50:04.549] [WARNING] [tid:2248] Metering bus: Metering timeout: type=0 slave=6 start=0xb count=7 pending=
Metering TX: 02 03 00 c0 00 30 45 d1
[2026-09-20 11:50:04.805] [WARNING] [tid:2248] Metering bus: Metering timeout: type=0 slave=2 start=0xc0 count=48 pending=
Metering TX: 02 03 00 30 00 30 45 e2
[2026-09-20 11:50:05.082] [WARNING] [tid:2248] Metering bus: Metering timeout: type=0 slave=2 start=0x30 count=48 pending=
Metering TX: 02 03 00 90 00 30 45 c0
[2026-09-20 11:50:05.349] [WARNING] [tid:2248] Metering bus: Metering timeout: type=0 slave=2 start=0x90 count=48 pending=
Metering TX: dd a5 03 00 ff fd 77
Metering TX: 06 03 00 0b 00 07 74 7d
[2026-09-20 11:50:05.681] [WARNING] [tid:2248] Metering bus: Metering timeout: type=0 slave=6 start=0xb count=7 pending=
Metering TX: 02 03 00 c0 00 30 45 d1
[2026-09-20 11:50:05.952] [WARNING] [tid:2248] Metering bus: Metering timeout: type=0 slave=2 start=0xc0 count=48 pending=
Metering TX: 02 03 00 30 00 30 45 e2
[2026-09-20 11:50:06.202] [WARNING] [tid:2248] Metering bus: Metering timeout: type=0 slave=2 start=0x30 count=48 pending=
Metering TX: 04 03 00 11 00 20 14 42
[2026-09-20 11:50:06.453] [WARNING] [tid:2248] Metering bus: Metering timeout: type=0 slave=4 start=0x11 count=32 pending=
Metering TX: dd a5 04 00 ff fc 77
Metering TX: 05 03 03 00 00 02 c5 cb
[2026-09-20 11:50:06.786] [WARNING] [tid:2248] Metering bus: Metering timeout: type=0 slave=5 start=0x300 count=2 pending=
Metering TX: 06 03 00 0b 00 07 74 7d
[2026-09-20 11:50:07.054] [WARNING] [tid:2248] Metering bus: Metering timeout: type=0 slave=6 start=0xb count=7 pending=
Metering TX: 02 03 00 c0 00 30 45 d1
[2026-09-20 11:50:07.320] [WARNING] [tid:2248] Metering bus: Metering timeout: type=0 slave=2 start=0xc0 count=48 pending=
Metering TX: 02 03 00 90 00 30 45 c0
[2026-09-20 11:50:07.585] [WARNING] [tid:2248] Metering bus: Metering timeout: type=0 slave=2 start=0x90 count=48 pending=
Metering TX: dd a5 03 00 ff fd 77
Metering TX: 06 03 00 0b 00 07 74 7d
[2026-09-20 11:50:07.955] [WARNING] [tid:2248] Metering bus: Metering timeout: type=0 slave=6 start=0xb count=7 pending=
Metering TX: 02 03 00 30 00 30 45 e2
[2026-09-20 11:50:08.212] [WARNING] [tid:2248] Metering bus: Metering timeout: type=0 slave=2 start=0x30 count=48 pending=
Metering TX: 04 03 00 11 00 20 14 42
[2026-09-20 11:50:08.470] [WARNING] [tid:2248] Metering bus: Metering timeout: type=0 slave=4 start=0x11 count=32 pending=
Metering TX: 06 03 00 0b 00 07 74 7d
[2026-09-20 11:50:08.718] [WARNING] [tid:2248] Metering bus: Metering timeout: type=0 slave=6 start=0xb count=7 pending=
Metering TX: 02 03 00 c0 00 30 45 d1
[2026-09-20 11:50:08.972] [WARNING] [tid:2248] Metering bus: Metering timeout: type=0 slave=2 start=0xc0 count=48 pending=
Metering TX: 02 03 00 90 00 30 45 c0
[2026-09-20 11:50:09.215] [WARNING] [tid:2248] Metering bus: Metering timeout: type=0 slave=2 start=0x90 count=48 pending=
Metering TX: dd a5 03 00 ff fd 77
Metering TX: 06 03 00 0b 00 07 74 7d
[2026-09-20 11:50:09.571] [WARNING] [tid:2248] Metering bus: Metering timeout: type=0 slave=6 start=0xb count=7 pending=
Metering TX: 02 03 00 c0 00 30 45 d1
[2026-09-20 11:50:09.822] [WARNING] [tid:2248] Metering bus: Metering timeout: type=0 slave=2 start=0xc0 count=48 pending=
Metering TX: 02 03 00 30 00 30 45 e2
[2026-09-20 11:50:10.073] [WARNING] [tid:2248] Metering bus: Metering timeout: type=0 slave=2 start=0x30 count=48 pending=
Metering TX: 04 03 00 11 00 20 14 42
[2026-09-20 11:50:10.323] [WARNING] [tid:2248] Metering bus: Metering timeout: type=0 slave=4 start=0x11 count=32 pending=
Metering TX: 06 03 00 0b 00 07 74 7d
[2026-09-20 11:50:10.573] [WARNING] [tid:2248] Metering bus: Metering timeout: type=0 slave=6 start=0xb count=7 pending=
Metering TX: 02 03 00 c0 00 30 45 d1
[2026-09-20 11:50:10.839] [WARNING] [tid:2248] Metering bus: Metering timeout: type=0 slave=2 start=0xc0 count=48 pending=
Metering TX: 02 03 00 30 00 30 45 e2
[2026-09-20 11:50:11.089] [WARNING] [tid:2248] Metering bus: Metering timeout: type=0 slave=2 start=0x30 count=48 pending=
Metering TX: 02 03 00 90 00 30 45 c0
[2026-09-20 11:50:11.351] [WARNING] [tid:2248] Metering bus: Metering timeout: type=0 slave=2 start=0x90 count=48 pending=
Metering TX: dd a5 03 00 ff fd 77
Metering TX: 05 03 03 00 00 02 c5 cb
[2026-09-20 11:50:11.706] [WARNING] [tid:2248] Metering bus: Metering timeout: type=0 slave=5 start=0x300 count=2 pending=
Metering TX: 06 03 00 0b 00 07 74 7d
[2026-09-20 11:50:11.957] [WARNING] [tid:2248] Metering bus: Metering timeout: type=0 slave=6 start=0xb count=7 pending=
Metering TX: 02 03 00 c0 00 30 45 d1
[2026-09-20 11:50:12.204] [WARNING] [tid:2248] Metering bus: Metering timeout: type=0 slave=2 start=0xc0 count=48 pending=
Metering TX: 02 03 00 30 00 30 45 e2
[2026-09-20 11:50:12.460] [WARNING] [tid:2248] Metering bus: Metering timeout: type=0 slave=2 start=0x30 count=48 pending=
Metering TX: 04 03 00 11 00 20 14 42
[2026-09-20 11:50:12.721] [WARNING] [tid:2248] Metering bus: Metering timeout: type=0 slave=4 start=0x11 count=32 pending=
Metering TX: 06 03 00 0b 00 07 74 7d
[2026-09-20 11:50:12.976] [WARNING] [tid:2248] Metering bus: Metering timeout: type=0 slave=6 start=0xb count=7 pending=
Metering TX: 02 03 00 c0 00 30 45 d1
[2026-09-20 11:50:13.237] [WARNING] [tid:2248] Metering bus: Metering timeout: type=0 slave=2 start=0xc0 count=48 pending=
Metering TX: 02 03 00 90 00 30 45 c0
[2026-09-20 11:50:13.490] [WARNING] [tid:2248] Metering bus: Metering timeout: type=0 slave=2 start=0x90 count=48 pending=
Metering TX: dd a5 03 00 ff fd 77
Metering TX: 06 03 00 0b 00 07 74 7d
[2026-09-20 11:50:13.844] [WARNING] [tid:2248] Metering bus: Metering timeout: type=0 slave=6 start=0xb count=7 pending=
Metering TX: 02 03 00 c0 00 30 45 d1
[2026-09-20 11:50:14.091] [WARNING] [tid:2248] Metering bus: Metering timeout: type=0 slave=2 start=0xc0 count=48 pending=
Metering TX: 02 03 00 30 00 30 45 e2
[2026-09-20 11:50:14.347] [WARNING] [tid:2248] Metering bus: Metering timeout: type=0 slave=2 start=0x30 count=48 pending=
Metering TX: 04 03 00 11 00 20 14 42
[2026-09-20 11:50:14.593] [WARNING] [tid:2248] Metering bus: Metering timeout: type=0 slave=4 start=0x11 count=32 pending=
Metering TX: 06 03 00 0b 00 07 74 7d
[2026-09-20 11:50:14.846] [WARNING] [tid:2248] Metering bus: Metering timeout: type=0 slave=6 start=0xb count=7 pending=
Metering TX: 02 03 00 c0 00 30 45 d1
[2026-09-20 11:50:15.093] [WARNING] [tid:2248] Metering bus: Metering timeout: type=0 slave=2 start=0xc0 count=48 pending=
Metering TX: 02 03 00 90 00 30 45 c0
[2026-09-20 11:50:15.350] [WARNING] [tid:2248] Metering bus: Metering timeout: type=0 slave=2 start=0x90 count=48 pending=
Metering TX: dd a5 03 00 ff fd 77
Metering TX: dd a5 04 00 ff fc 77
Metering TX: 06 03 00 0b 00 07 74 7d
[2026-09-20 11:50:15.759] [WARNING] [tid:2248] Metering bus: Metering timeout: type=0 slave=6 start=0xb count=7 pending=
Metering TX: 02 03 00 c0 00 30 45 d1
[2026-09-20 11:50:16.018] [WARNING] [tid:2248] Metering bus: Metering timeout: type=0 slave=2 start=0xc0 count=48 pending=
Metering TX: 02 03 00 30 00 30 45 e2
[2026-09-20 11:50:16.263] [WARNING] [tid:2248] Metering bus: Metering timeout: type=0 slave=2 start=0x30 count=48 pending=
Metering TX: 04 03 00 11 00 20 14 42
[2026-09-20 11:50:16.508] [WARNING] [tid:2248] Metering bus: Metering timeout: type=0 slave=4 start=0x11 count=32 pending=
Metering TX: 05 03 03 00 00 02 c5 cb
[2026-09-20 11:50:16.761] [WARNING] [tid:2248] Metering bus: Metering timeout: type=0 slave=5 start=0x300 count=2 pending=
Metering TX: 06 03 00 0b 00 07 74 7d
[2026-09-20 11:50:17.014] [WARNING] [tid:2248] Metering bus: Metering timeout: type=0 slave=6 start=0xb count=7 pending=
Metering TX: 02 03 00 c0 00 30 45 d1
[2026-09-20 11:50:17.261] [WARNING] [tid:2248] Metering bus: Metering timeout: type=0 slave=2 start=0xc0 count=48 pending=
Metering TX: 02 03 00 30 00 30 45 e2
[2026-09-20 11:50:17.523] [WARNING] [tid:2248] Metering bus: Metering timeout: type=0 slave=2 start=0x30 count=48 pending=
Metering TX: 02 03 00 90 00 30 45 c0
[2026-09-20 11:50:17.763] [WARNING] [tid:2248] Metering bus: Metering timeout: type=0 slave=2 start=0x90 count=48 pending=
Metering TX: dd a5 03 00 ff fd 77
Metering TX: 06 03 00 0b 00 07 74 7d
[2026-09-20 11:50:18.113] [WARNING] [tid:2248] Metering bus: Metering timeout: type=0 slave=6 start=0xb count=7 pending=
Metering TX: 02 03 00 c0 00 30 45 d1
[2026-09-20 11:50:18.376] [WARNING] [tid:2248] Metering bus: Metering timeout: type=0 slave=2 start=0xc0 count=48 pending=
Metering TX: 04 03 00 11 00 20 14 42
[2026-09-20 11:50:18.629] [WARNING] [tid:2248] Metering bus: Metering timeout: type=0 slave=4 start=0x11 count=32 pending=
Metering TX: 06 03 00 0b 00 07 74 7d
[2026-09-20 11:50:18.879] [WARNING] [tid:2248] Metering bus: Metering timeout: type=0 slave=6 start=0xb count=7 pending=
Metering TX: 02 03 00 30 00 30 45 e2
[2026-09-20 11:50:19.129] [WARNING] [tid:2248] Metering bus: Metering timeout: type=0 slave=2 start=0x30 count=48 pending=
Metering TX: 02 03 00 90 00 30 45 c0
[2026-09-20 11:50:19.380] [WARNING] [tid:2248] Metering bus: Metering timeout: type=0 slave=2 start=0x90 count=48 pending=
Metering TX: dd a5 03 00 ff fd 77
Metering TX: 06 03 00 0b 00 07 74 7d
[2026-09-20 11:50:19.744] [WARNING] [tid:2248] Metering bus: Metering timeout: type=0 slave=6 start=0xb count=7 pending=
Metering TX: 02 03 00 c0 00 30 45 d1
[2026-09-20 11:50:19.996] [WARNING] [tid:2248] Metering bus: Metering timeout: type=0 slave=2 start=0xc0 count=48 pending=
Metering TX: 02 03 00 30 00 30 45 e2
[2026-09-20 11:50:20.246] [WARNING] [tid:2248] Metering bus: Metering timeout: type=0 slave=2 start=0x30 count=48 pending=
Metering TX: 02 03 00 90 00 30 45 c0
[2026-09-20 11:50:20.497] [WARNING] [tid:2248] Metering bus: Metering timeout: type=0 slave=2 start=0x90 count=48 pending=
Metering TX: 04 03 00 11 00 20 14 42
[2026-09-20 11:50:20.743] [WARNING] [tid:2248] Metering bus: Metering timeout: type=0 slave=4 start=0x11 count=32 pending=
Metering TX: 06 03 00 0b 00 07 74 7d
[2026-09-20 11:50:21.001] [WARNING] [tid:2248] Metering bus: Metering timeout: type=0 slave=6 start=0xb count=7 pending=
Metering TX: 02 03 00 c0 00 30 45 d1
[2026-09-20 11:50:21.244] [WARNING] [tid:2248] Metering bus: Metering timeout: type=0 slave=2 start=0xc0 count=48 pending=
Metering TX: 02 03 00 30 00 30 45 e2
[2026-09-20 11:50:21.498] [WARNING] [tid:2248] Metering bus: Metering timeout: type=0 slave=2 start=0x30 count=48 pending=
Metering TX: 05 03 03 00 00 02 c5 cb
[2026-09-20 11:50:21.743] [WARNING] [tid:2248] Metering bus: Metering timeout: type=0 slave=5 start=0x300 count=2 pending=
Metering TX: dd a5 03 00 ff fd 77
Metering TX: 06 03 00 0b 00 07 74 7d
[2026-09-20 11:50:22.101] [WARNING] [tid:2248] Metering bus: Metering timeout: type=0 slave=6 start=0xb count=7 pending=
Metering TX: 02 03 00 c0 00 30 45 d1
[2026-09-20 11:50:22.364] [WARNING] [tid:2248] Metering bus: Metering timeout: type=0 slave=2 start=0xc0 count=48 pending=
Metering TX: 02 03 00 90 00 30 45 c0
[2026-09-20 11:50:22.617] [WARNING] [tid:2248] Metering bus: Metering timeout: type=0 slave=2 start=0x90 count=48 pending=
Metering TX: 04 03 00 11 00 20 14 42
[2026-09-20 11:50:22.876] [WARNING] [tid:2248] Metering bus: Metering timeout: type=0 slave=4 start=0x11 count=32 pending=
Metering TX: 06 03 00 0b 00 07 74 7d
[2026-09-20 11:50:23.134] [WARNING] [tid:2248] Metering bus: Metering timeout: type=0 slave=6 start=0xb count=7 pending=
Metering TX: 02 03 00 c0 00 30 45 d1
[2026-09-20 11:50:23.387] [WARNING] [tid:2248] Metering bus: Metering timeout: type=0 slave=2 start=0xc0 count=48 pending=
Metering TX: 02 03 00 30 00 30 45 e2
[2026-09-20 11:50:23.636] [WARNING] [tid:2248] Metering bus: Metering timeout: type=0 slave=2 start=0x30 count=48 pending=
Metering TX: dd a5 03 00 ff fd 77
Metering TX: 06 03 00 0b 00 07 74 7d
[2026-09-20 11:50:23.978] [WARNING] [tid:2248] Metering bus: Metering timeout: type=0 slave=6 start=0xb count=7 pending=
Metering TX: 02 03 00 c0 00 30 45 d1
[2026-09-20 11:50:24.234] [WARNING] [tid:2248] Metering bus: Metering timeout: type=0 slave=2 start=0xc0 count=48 pending=
Metering TX: 02 03 00 90 00 30 45 c0
[2026-09-20 11:50:24.493] [WARNING] [tid:2248] Metering bus: Metering timeout: type=0 slave=2 start=0x90 count=48 pending=
Metering TX: 04 03 00 11 00 20 14 42
[2026-09-20 11:50:24.752] [WARNING] [tid:2248] Metering bus: Metering timeout: type=0 slave=4 start=0x11 count=32 pending=
Metering TX: 06 03 00 0b 00 07 74 7d
[2026-09-20 11:50:24.997] [WARNING] [tid:2248] Metering bus: Metering timeout: type=0 slave=6 start=0xb count=7 pending=
Metering TX: 02 03 00 c0 00 30 45 d1
[2026-09-20 11:50:25.252] [WARNING] [tid:2248] Metering bus: Metering timeout: type=0 slave=2 start=0xc0 count=48 pending=
Metering TX: 02 03 00 30 00 30 45 e2
[2026-09-20 11:50:25.497] [WARNING] [tid:2248] Metering bus: Metering timeout: type=0 slave=2 start=0x30 count=48 pending=
Metering TX: 02 03 00 90 00 30 45 c0
[2026-09-20 11:50:25.755] [WARNING] [tid:2248] Metering bus: Metering timeout: type=0 slave=2 start=0x90 count=48 pending=
Metering TX: dd a5 03 00 ff fd 77
Metering TX: dd a5 04 00 ff fc 77
Metering TX: 06 03 00 0b 00 07 74 7d
[2026-09-20 11:50:26.152] [WARNING] [tid:2248] Metering bus: Metering timeout: type=0 slave=6 start=0xb count=7 pending=
Metering TX: 02 03 00 c0 00 30 45 d1
[2026-09-20 11:50:26.405] [WARNING] [tid:2248] Metering bus: Metering timeout: type=0 slave=2 start=0xc0 count=48 pending=
Metering TX: 02 03 00 30 00 30 45 e2
[2026-09-20 11:50:26.657] [WARNING] [tid:2248] Metering bus: Metering timeout: type=0 slave=2 start=0x30 count=48 pending=
Metering TX: 04 03 00 11 00 20 14 42
[2026-09-20 11:50:26.906] [WARNING] [tid:2248] Metering bus: Metering timeout: type=0 slave=4 start=0x11 count=32 pending=
Metering TX: 05 03 03 00 00 02 c5 cb
[2026-09-20 11:50:27.157] [WARNING] [tid:2248] Metering bus: Metering timeout: type=0 slave=5 start=0x300 count=2 pending=
Metering TX: 06 03 00 0b 00 07 74 7d
[2026-09-20 11:50:27.408] [WARNING] [tid:2248] Metering bus: Metering timeout: type=0 slave=6 start=0xb count=7 pending=
Metering TX: 02 03 00 c0 00 30 45 d1
[2026-09-20 11:50:27.654] [WARNING] [tid:2248] Metering bus: Metering timeout: type=0 slave=2 start=0xc0 count=48 pending=
Metering TX: 02 03 00 90 00 30 45 c0
[2026-09-20 11:50:27.905] [WARNING] [tid:2248] Metering bus: Metering timeout: type=0 slave=2 start=0x90 count=48 pending=
Metering TX: dd a5 03 00 ff fd 77
Metering TX: 06 03 00 0b 00 07 74 7d
[2026-09-20 11:50:28.255] [WARNING] [tid:2248] Metering bus: Metering timeout: type=0 slave=6 start=0xb count=7 pending=
Metering TX: 02 03 00 c0 00 30 45 d1
[2026-09-20 11:50:28.520] [WARNING] [tid:2248] Metering bus: Metering timeout: type=0 slave=2 start=0xc0 count=48 pending=
Metering TX: 02 03 00 30 00 30 45 e2
[2026-09-20 11:50:28.769] [WARNING] [tid:2248] Metering bus: Metering timeout: type=0 slave=2 start=0x30 count=48 pending=
Metering TX: 04 03 00 11 00 20 14 42
[2026-09-20 11:50:29.025] [WARNING] [tid:2248] Metering bus: Metering timeout: type=0 slave=4 start=0x11 count=32 pending=
Metering TX: 06 03 00 0b 00 07 74 7d
[2026-09-20 11:50:29.299] [WARNING] [tid:2248] Metering bus: Metering timeout: type=0 slave=6 start=0xb count=7 pending=
Metering TX: 02 03 00 c0 00 30 45 d1
[2026-09-20 11:50:29.544] [WARNING] [tid:2248] Metering bus: Metering timeout: type=0 slave=2 start=0xc0 count=48 pending=
Metering TX: 02 03 00 90 00 30 45 c0
[2026-09-20 11:50:29.805] [WARNING] [tid:2248] Metering bus: Metering timeout: type=0 slave=2 start=0x90 count=48 pending=
Metering TX: dd a5 03 00 ff fd 77
Metering TX: 06 03 00 0b 00 07 74 7d
[2026-09-20 11:50:30.142] [WARNING] [tid:2248] Metering bus: Metering timeout: type=0 slave=6 start=0xb count=7 pending=
Metering TX: 02 03 00 c0 00 30 45 d1
[2026-09-20 11:50:30.400] [WARNING] [tid:2248] Metering bus: Metering timeout: type=0 slave=2 start=0xc0 count=48 pending=
Metering TX: 02 03 00 30 00 30 45 e2
[2026-09-20 11:50:30.657] [WARNING] [tid:2248] Metering bus: Metering timeout: type=0 slave=2 start=0x30 count=48 pending=
Metering TX: 04 03 00 11 00 20 14 42
[2026-09-20 11:50:30.907] [WARNING] [tid:2248] Metering bus: Metering timeout: type=0 slave=4 start=0x11 count=32 pending=
Metering TX: 06 03 00 0b 00 07 74 7d
[2026-09-20 11:50:31.172] [WARNING] [tid:2248] Metering bus: Metering timeout: type=0 slave=6 start=0xb count=7 pending=
Metering TX: 02 03 00 c0 00 30 45 d1
[2026-09-20 11:50:31.417] [WARNING] [tid:2248] Metering bus: Metering timeout: type=0 slave=2 start=0xc0 count=48 pending=
Metering TX: 02 03 00 30 00 30 45 e2
[2026-09-20 11:50:31.675] [WARNING] [tid:2248] Metering bus: Metering timeout: type=0 slave=2 start=0x30 count=48 pending=
Metering TX: 02 03 00 90 00 30 45 c0
[2026-09-20 11:50:31.919] [WARNING] [tid:2248] Metering bus: Metering timeout: type=0 slave=2 start=0x90 count=48 pending=
Metering TX: 05 03 03 00 00 02 c5 cb
[2026-09-20 11:50:32.176] [WARNING] [tid:2248] Metering bus: Metering timeout: type=0 slave=5 start=0x300 count=2 pending=
Metering TX: dd a5 03 00 ff fd 77
Metering TX: 06 03 00 0b 00 07 74 7d
[2026-09-20 11:50:32.562] [WARNING] [tid:2248] Metering bus: Metering timeout: type=0 slave=6 start=0xb count=7 pending=
Metering TX: 02 03 00 c0 00 30 45 d1
[2026-09-20 11:50:32.805] [WARNING] [tid:2248] Metering bus: Metering timeout: type=0 slave=2 start=0xc0 count=48 pending=
Metering TX: 02 03 00 30 00 30 45 e2
[2026-09-20 11:50:33.063] [WARNING] [tid:2248] Metering bus: Metering timeout: type=0 slave=2 start=0x30 count=48 pending=
Metering TX: 04 03 00 11 00 20 14 42
[2026-09-20 11:50:33.306] [WARNING] [tid:2248] Metering bus: Metering timeout: type=0 slave=4 start=0x11 count=32 pending=
Metering TX: 06 03 00 0b 00 07 74 7d
[2026-09-20 11:50:33.563] [WARNING] [tid:2248] Metering bus: Metering timeout: type=0 slave=6 start=0xb count=7 pending=
Metering TX: 02 03 00 c0 00 30 45 d1
[2026-09-20 11:50:33.815] [WARNING] [tid:2248] Metering bus: Metering timeout: type=0 slave=2 start=0xc0 count=48 pending=
Metering TX: 02 03 00 90 00 30 45 c0
[2026-09-20 11:50:34.064] [WARNING] [tid:2248] Metering bus: Metering timeout: type=0 slave=2 start=0x90 count=48 pending=
Metering TX: dd a5 03 00 ff fd 77
Metering TX: 06 03 00 0b 00 07 74 7d
[2026-09-20 11:50:34.409] [WARNING] [tid:2248] Metering bus: Metering timeout: type=0 slave=6 start=0xb count=7 pending=
Metering TX: 02 03 00 c0 00 30 45 d1
[2026-09-20 11:50:34.662] [WARNING] [tid:2248] Metering bus: Metering timeout: type=0 slave=2 start=0xc0 count=48 pending=
Metering TX: 02 03 00 30 00 30 45 e2
[2026-09-20 11:50:34.923] [WARNING] [tid:2248] Metering bus: Metering timeout: type=0 slave=2 start=0x30 count=48 pending=
Metering TX: 04 03 00 11 00 20 14 42
[2026-09-20 11:50:35.178] [WARNING] [tid:2248] Metering bus: Metering timeout: type=0 slave=4 start=0x11 count=32 pending=
Metering TX: 06 03 00 0b 00 07 74 7d
[2026-09-20 11:50:35.442] [WARNING] [tid:2248] Metering bus: Metering timeout: type=0 slave=6 start=0xb count=7 pending=
Metering TX: 02 03 00 c0 00 30 45 d1
[2026-09-20 11:50:35.681] [WARNING] [tid:2248] Metering bus: Metering timeout: type=0 slave=2 start=0xc0 count=48 pending=
Metering TX: 02 03 00 90 00 30 45 c0
[2026-09-20 11:50:35.942] [WARNING] [tid:2248] Metering bus: Metering timeout: type=0 slave=2 start=0x90 count=48 pending=
Metering TX: dd a5 03 00 ff fd 77
Metering TX: dd a5 04 00 ff fc 77
Metering TX: 06 03 00 0b 00 07 74 7d
[2026-09-20 11:50:36.364] [WARNING] [tid:2248] Metering bus: Metering timeout: type=0 slave=6 start=0xb count=7 pending=
Metering TX: 02 03 00 c0 00 30 45 d1
[2026-09-20 11:50:36.632] [WARNING] [tid:2248] Metering bus: Metering timeout: type=0 slave=2 start=0xc0 count=48 pending=
Metering TX: 02 03 00 30 00 30 45 e2
[2026-09-20 11:50:36.895] [WARNING] [tid:2248] Metering bus: Metering timeout: type=0 slave=2 start=0x30 count=48 pending=
Metering TX: 04 03 00 11 00 20 14 42
[2026-09-20 11:50:37.150] [WARNING] [tid:2248] Metering bus: Metering timeout: type=0 slave=4 start=0x11 count=32 pending=
Metering TX: 05 03 03 00 00 02 c5 cb
[2026-09-20 11:50:37.415] [WARNING] [tid:2248] Metering bus: Metering timeout: type=0 slave=5 start=0x300 count=2 pending=
Metering TX: 06 03 00 0b 00 07 74 7d
[2026-09-20 11:50:37.682] [WARNING] [tid:2248] Metering bus: Metering timeout: type=0 slave=6 start=0xb count=7 pending=
Metering TX: 02 03 00 c0 00 30 45 d1
[2026-09-20 11:50:37.932] [WARNING] [tid:2248] Metering bus: Metering timeout: type=0 slave=2 start=0xc0 count=48 pending=
Metering TX: 02 03 00 30 00 30 45 e2
[2026-09-20 11:50:38.197] [WARNING] [tid:2248] Metering bus: Metering timeout: type=0 slave=2 start=0x30 count=48 pending=
Metering TX: 02 03 00 90 00 30 45 c0
[2026-09-20 11:50:38.450] [WARNING] [tid:2248] Metering bus: Metering timeout: type=0 slave=2 start=0x90 count=48 pending=
Metering TX: dd a5 03 00 ff fd 77
Metering TX: 06 03 00 0b 00 07 74 7d
[2026-09-20 11:50:38.797] [WARNING] [tid:2248] Metering bus: Metering timeout: type=0 slave=6 start=0xb count=7 pending=
Metering TX: 02 03 00 c0 00 30 45 d1
[2026-09-20 11:50:39.201] [WARNING] [tid:2248] Metering bus: Metering timeout: type=0 slave=2 start=0xc0 count=48 pending=
Metering TX: 04 03 00 11 00 20 14 42
[2026-09-20 11:50:39.462] [WARNING] [tid:2248] Metering bus: Metering timeout: type=0 slave=4 start=0x11 count=32 pending=
Metering TX: 06 03 00 0b 00 07 74 7d
[2026-09-20 11:50:39.715] [WARNING] [tid:2248] Metering bus: Metering timeout: type=0 slave=6 start=0xb count=7 pending=
Metering TX: 02 03 00 30 00 30 45 e2
[2026-09-20 11:50:39.974] [WARNING] [tid:2248] Metering bus: Metering timeout: type=0 slave=2 start=0x30 count=48 pending=
Metering TX: 02 03 00 90 00 30 45 c0
[2026-09-20 11:50:40.213] [WARNING] [tid:2248] Metering bus: Metering timeout: type=0 slave=2 start=0x90 count=48 pending=
Metering TX: dd a5 03 00 ff fd 77
Metering TX: 06 03 00 0b 00 07 74 7d
[2026-09-20 11:50:40.568] [WARNING] [tid:2248] Metering bus: Metering timeout: type=0 slave=6 start=0xb count=7 pending=
Metering TX: 02 03 00 c0 00 30 45 d1
[2026-09-20 11:50:40.830] [WARNING] [tid:2248] Metering bus: Metering timeout: type=0 slave=2 start=0xc0 count=48 pending=
Metering TX: 02 03 00 30 00 30 45 e2
[2026-09-20 11:50:41.086] [WARNING] [tid:2248] Metering bus: Metering timeout: type=0 slave=2 start=0x30 count=48 pending=
Metering TX: 04 03 00 11 00 20 14 42
[2026-09-20 11:50:41.347] [WARNING] [tid:2248] Metering bus: Metering timeout: type=0 slave=4 start=0x11 count=32 pending=
Metering TX: 06 03 00 0b 00 07 74 7d
[2026-09-20 11:50:41.588] [WARNING] [tid:2248] Metering bus: Metering timeout: type=0 slave=6 start=0xb count=7 pending=
Metering TX: 02 03 00 c0 00 30 45 d1
[2026-09-20 11:50:41.843] [WARNING] [tid:2248] Metering bus: Metering timeout: type=0 slave=2 start=0xc0 count=48 pending=
Metering TX: 02 03 00 90 00 30 45 c0
[2026-09-20 11:50:42.089] [WARNING] [tid:2248] Metering bus: Metering timeout: type=0 slave=2 start=0x90 count=48 pending=
Metering TX: 05 03 03 00 00 02 c5 cb
[2026-09-20 11:50:42.336] [WARNING] [tid:2248] Metering bus: Metering timeout: type=0 slave=5 start=0x300 count=2 pending=
Metering TX: dd a5 03 00 ff fd 77
Metering TX: 06 03 00 0b 00 07 74 7d
[2026-09-20 11:50:42.690] [WARNING] [tid:2248] Metering bus: Metering timeout: type=0 slave=6 start=0xb count=7 pending=
Metering TX: 02 03 00 c0 00 30 45 d1
[2026-09-20 11:50:42.946] [WARNING] [tid:2248] Metering bus: Metering timeout: type=0 slave=2 start=0xc0 count=48 pending=
Metering TX: 02 03 00 30 00 30 45 e2
[2026-09-20 11:50:43.204] [WARNING] [tid:2248] Metering bus: Metering timeout: type=0 slave=2 start=0x30 count=48 pending=
Metering TX: 04 03 00 11 00 20 14 42
[2026-09-20 11:50:43.456] [WARNING] [tid:2248] Metering bus: Metering timeout: type=0 slave=4 start=0x11 count=32 pending=
Metering TX: 06 03 00 0b 00 07 74 7d
[2026-09-20 11:50:43.722] [WARNING] [tid:2248] Metering bus: Metering timeout: type=0 slave=6 start=0xb count=7 pending=
Metering TX: 02 03 00 c0 00 30 45 d1
[2026-09-20 11:50:43.973] [WARNING] [tid:2248] Metering bus: Metering timeout: type=0 slave=2 start=0xc0 count=48 pending=
Metering TX: 02 03 00 90 00 30 45 c0
[2026-09-20 11:50:44.222] [WARNING] [tid:2248] Metering bus: Metering timeout: type=0 slave=2 start=0x90 count=48 pending=
Metering TX: dd a5 03 00 ff fd 77
Metering TX: 06 03 00 0b 00 07 74 7d
[2026-09-20 11:50:44.591] [WARNING] [tid:2248] Metering bus: Metering timeout: type=0 slave=6 start=0xb count=7 pending=
Metering TX: 02 03 00 c0 00 30 45 d1
[2026-09-20 11:50:44.841] [WARNING] [tid:2248] Metering bus: Metering timeout: type=0 slave=2 start=0xc0 count=48 pending=
Metering TX: 02 03 00 30 00 30 45 e2
[2026-09-20 11:50:45.090] [WARNING] [tid:2248] Metering bus: Metering timeout: type=0 slave=2 start=0x30 count=48 pending=
Metering TX: 04 03 00 11 00 20 14 42
[2026-09-20 11:50:45.343] [WARNING] [tid:2248] Metering bus: Metering timeout: type=0 slave=4 start=0x11 count=32 pending=
Metering TX: 06 03 00 0b 00 07 74 7d
[2026-09-20 11:50:45.594] [WARNING] [tid:2248] Metering bus: Metering timeout: type=0 slave=6 start=0xb count=7 pending=
Metering TX: 02 03 00 c0 00 30 45 d1
[2026-09-20 11:50:45.846] [WARNING] [tid:2248] Metering bus: Metering timeout: type=0 slave=2 start=0xc0 count=48 pending=
Metering TX: 02 03 00 90 00 30 45 c0
[2026-09-20 11:50:46.091] [WARNING] [tid:2248] Metering bus: Metering timeout: type=0 slave=2 start=0x90 count=48 pending=
Metering TX: dd a5 04 00 ff fc 77
Metering TX: dd a5 03 00 ff fd 77
Metering TX: 06 03 00 0b 00 07 74 7d
[2026-09-20 11:50:46.511] [WARNING] [tid:2248] Metering bus: Metering timeout: type=0 slave=6 start=0xb count=7 pending=
Metering TX: 02 03 00 c0 00 30 45 d1
[2026-09-20 11:50:46.772] [WARNING] [tid:2248] Metering bus: Metering timeout: type=0 slave=2 start=0xc0 count=48 pending=
Metering TX: 02 03 00 30 00 30 45 e2
[2026-09-20 11:50:47.026] [WARNING] [tid:2248] Metering bus: Metering timeout: type=0 slave=2 start=0x30 count=48 pending=
Metering TX: 04 03 00 11 00 20 14 42
[2026-09-20 11:50:47.293] [WARNING] [tid:2248] Metering bus: Metering timeout: type=0 slave=4 start=0x11 count=32 pending=
Metering TX: 05 03 03 00 00 02 c5 cb
[2026-09-20 11:50:47.561] [WARNING] [tid:2248] Metering bus: Metering timeout: type=0 slave=5 start=0x300 count=2 pending=
Metering TX: 06 03 00 0b 00 07 74 7d
[2026-09-20 11:50:47.810] [WARNING] [tid:2248] Metering bus: Metering timeout: type=0 slave=6 start=0xb count=7 pending=
Metering TX: 02 03 00 c0 00 30 45 d1
[2026-09-20 11:50:48.062] [WARNING] [tid:2248] Metering bus: Metering timeout: type=0 slave=2 start=0xc0 count=48 pending=
Metering TX: 02 03 00 30 00 30 45 e2
[2026-09-20 11:50:48.310] [WARNING] [tid:2248] Metering bus: Metering timeout: type=0 slave=2 start=0x30 count=48 pending=
Metering TX: 02 03 00 90 00 30 45 c0
[2026-09-20 11:50:48.561] [WARNING] [tid:2248] Metering bus: Metering timeout: type=0 slave=2 start=0x90 count=48 pending=
Metering TX: dd a5 03 00 ff fd 77
Metering TX: 06 03 00 0b 00 07 74 7d
[2026-09-20 11:50:48.904] [WARNING] [tid:2248] Metering bus: Metering timeout: type=0 slave=6 start=0xb count=7 pending=
Metering TX: 02 03 00 c0 00 30 45 d1
[2026-09-20 11:50:49.157] [WARNING] [tid:2248] Metering bus: Metering timeout: type=0 slave=2 start=0xc0 count=48 pending=
Metering TX: 04 03 00 11 00 20 14 42
[2026-09-20 11:50:49.402] [WARNING] [tid:2248] Metering bus: Metering timeout: type=0 slave=4 start=0x11 count=32 pending=
Metering TX: 06 03 00 0b 00 07 74 7d
[2026-09-20 11:50:49.662] [WARNING] [tid:2248] Metering bus: Metering timeout: type=0 slave=6 start=0xb count=7 pending=
Metering TX: 02 03 00 30 00 30 45 e2
[2026-09-20 11:50:49.906] [WARNING] [tid:2248] Metering bus: Metering timeout: type=0 slave=2 start=0x30 count=48 pending=
Metering TX: 02 03 00 90 00 30 45 c0
[2026-09-20 11:50:50.161] [WARNING] [tid:2248] Metering bus: Metering timeout: type=0 slave=2 start=0x90 count=48 pending=
Metering TX: dd a5 03 00 ff fd 77
Metering TX: 06 03 00 0b 00 07 74 7d
[2026-09-20 11:50:50.504] [WARNING] [tid:2248] Metering bus: Metering timeout: type=0 slave=6 start=0xb count=7 pending=
Metering TX: 02 03 00 c0 00 30 45 d1
[2026-09-20 11:50:50.744] [WARNING] [tid:2248] Metering bus: Metering timeout: type=0 slave=2 start=0xc0 count=48 pending=
Metering TX: 02 03 00 30 00 30 45 e2
[2026-09-20 11:50:51.014] [WARNING] [tid:2248] Metering bus: Metering timeout: type=0 slave=2 start=0x30 count=48 pending=
Metering TX: 02 03 00 90 00 30 45 c0
[2026-09-20 11:50:51.277] [WARNING] [tid:2248] Metering bus: Metering timeout: type=0 slave=2 start=0x90 count=48 pending=
Metering TX: 04 03 00 11 00 20 14 42
[2026-09-20 11:50:51.537] [WARNING] [tid:2248] Metering bus: Metering timeout: type=0 slave=4 start=0x11 count=32 pending=
Metering TX: 06 03 00 0b 00 07 74 7d
[2026-09-20 11:50:51.794] [WARNING] [tid:2248] Metering bus: Metering timeout: type=0 slave=6 start=0xb count=7 pending=
Metering TX: 02 03 00 c0 00 30 45 d1
[2026-09-20 11:50:52.050] [WARNING] [tid:2248] Metering bus: Metering timeout: type=0 slave=2 start=0xc0 count=48 pending=
Metering TX: 02 03 00 30 00 30 45 e2
[2026-09-20 11:50:52.297] [WARNING] [tid:2248] Metering bus: Metering timeout: type=0 slave=2 start=0x30 count=48 pending=
Metering TX: 05 03 03 00 00 02 c5 cb
[2026-09-20 11:50:52.544] [WARNING] [tid:2248] Metering bus: Metering timeout: type=0 slave=5 start=0x300 count=2 pending=
Metering TX: dd a5 03 00 ff fd 77
Metering TX: 06 03 00 0b 00 07 74 7d
[2026-09-20 11:50:52.879] [WARNING] [tid:2248] Metering bus: Metering timeout: type=0 slave=6 start=0xb count=7 pending=
Metering TX: 02 03 00 c0 00 30 45 d1
[2026-09-20 11:50:53.131] [WARNING] [tid:2248] Metering bus: Metering timeout: type=0 slave=2 start=0xc0 count=48 pending=
Metering TX: 02 03 00 90 00 30 45 c0
[2026-09-20 11:50:53.381] [WARNING] [tid:2248] Metering bus: Metering timeout: type=0 slave=2 start=0x90 count=48 pending=
Metering TX: 04 03 00 11 00 20 14 42
[2026-09-20 11:50:53.648] [WARNING] [tid:2248] Metering bus: Metering timeout: type=0 slave=4 start=0x11 count=32 pending=
Metering TX: 06 03 00 0b 00 07 74 7d
[2026-09-20 11:50:53.913] [WARNING] [tid:2248] Metering bus: Metering timeout: type=0 slave=6 start=0xb count=7 pending=
Metering TX: 02 03 00 c0 00 30 45 d1
[2026-09-20 11:50:54.164] [WARNING] [tid:2248] Metering bus: Metering timeout: type=0 slave=2 start=0xc0 count=48 pending=
Metering TX: 02 03 00 30 00 30 45 e2
[2026-09-20 11:50:54.431] [WARNING] [tid:2248] Metering bus: Metering timeout: type=0 slave=2 start=0x30 count=48 pending=
Metering TX: dd a5 03 00 ff fd 77
Metering TX: 06 03 00 0b 00 07 74 7d
[2026-09-20 11:50:54.781] [WARNING] [tid:2248] Metering bus: Metering timeout: type=0 slave=6 start=0xb count=7 pending=
Metering TX: 02 03 00 c0 00 30 45 d1
[2026-09-20 11:50:55.035] [WARNING] [tid:2248] Metering bus: Metering timeout: type=0 slave=2 start=0xc0 count=48 pending=
Metering TX: 02 03 00 90 00 30 45 c0
[2026-09-20 11:50:55.280] [WARNING] [tid:2248] Metering bus: Metering timeout: type=0 slave=2 start=0x90 count=48 pending=
Metering TX: 04 03 00 11 00 20 14 42
[2026-09-20 11:50:55.533] [WARNING] [tid:2248] Metering bus: Metering timeout: type=0 slave=4 start=0x11 count=32 pending=
Metering TX: 06 03 00 0b 00 07 74 7d
[2026-09-20 11:50:55.784] [WARNING] [tid:2248] Metering bus: Metering timeout: type=0 slave=6 start=0xb count=7 pending=
Metering TX: 02 03 00 c0 00 30 45 d1
[2026-09-20 11:50:56.035] [WARNING] [tid:2248] Metering bus: Metering timeout: type=0 slave=2 start=0xc0 count=48 pending=
Metering TX: 02 03 00 30 00 30 45 e2
[2026-09-20 11:50:56.297] [WARNING] [tid:2248] Metering bus: Metering timeout: type=0 slave=2 start=0x30 count=48 pending=
Metering TX: dd a5 04 00 ff fc 77
Metering TX: dd a5 03 00 ff fd 77
Metering TX: 05 03 03 00 00 02 c5 cb
[2026-09-20 11:50:56.735] [WARNING] [tid:2248] Metering bus: Metering timeout: type=0 slave=5 start=0x300 count=2 pending=
Metering TX: 06 03 00 0b 00 07 74 7d
[2026-09-20 11:50:56.985] [WARNING] [tid:2248] Metering bus: Metering timeout: type=0 slave=6 start=0xb count=7 pending=
Metering TX: 02 03 00 c0 00 30 45 d1
[2026-09-20 11:50:57.236] [WARNING] [tid:2248] Metering bus: Metering timeout: type=0 slave=2 start=0xc0 count=48 pending=
Metering TX: 02 03 00 30 00 30 45 e2
[2026-09-20 11:50:57.488] [WARNING] [tid:2248] Metering bus: Metering timeout: type=0 slave=2 start=0x30 count=48 pending=
Metering TX: 02 03 00 90 00 30 45 c0
[2026-09-20 11:50:57.734] [WARNING] [tid:2248] Metering bus: Metering timeout: type=0 slave=2 start=0x90 count=48 pending=
Metering TX: 04 03 00 11 00 20 14 42
[2026-09-20 11:50:57.991] [WARNING] [tid:2248] Metering bus: Metering timeout: type=0 slave=4 start=0x11 count=32 pending=
Metering TX: 06 03 00 0b 00 07 74 7d
[2026-09-20 11:50:58.248] [WARNING] [tid:2248] Metering bus: Metering timeout: type=0 slave=6 start=0xb count=7 pending=
Metering TX: 02 03 00 c0 00 30 45 d1
[2026-09-20 11:50:58.506] [WARNING] [tid:2248] Metering bus: Metering timeout: type=0 slave=2 start=0xc0 count=48 pending=
Metering TX: dd a5 03 00 ff fd 77
Metering TX: 06 03 00 0b 00 07 74 7d
[2026-09-20 11:50:58.862] [WARNING] [tid:2248] Metering bus: Metering timeout: type=0 slave=6 start=0xb count=7 pending=
Metering TX: 02 03 00 30 00 30 45 e2
[2026-09-20 11:50:59.104] [WARNING] [tid:2248] Metering bus: Metering timeout: type=0 slave=2 start=0x30 count=48 pending=
Metering TX: 02 03 00 90 00 30 45 c0
[2026-09-20 11:50:59.367] [WARNING] [tid:2248] Metering bus: Metering timeout: type=0 slave=2 start=0x90 count=48 pending=
Metering TX: 04 03 00 11 00 20 14 42
[2026-09-20 11:50:59.622] [WARNING] [tid:2248] Metering bus: Metering timeout: type=0 slave=4 start=0x11 count=32 pending=
Metering TX: 06 03 00 0b 00 07 74 7d
[2026-09-20 11:50:59.871] [WARNING] [tid:2248] Metering bus: Metering timeout: type=0 slave=6 start=0xb count=7 pending=
Metering TX: 02 03 00 c0 00 30 45 d1
[2026-09-20 11:51:00.122] [WARNING] [tid:2248] Metering bus: Metering timeout: type=0 slave=2 start=0xc0 count=48 pending=
Metering TX: 02 03 00 30 00 30 45 e2
[2026-09-20 11:51:00.373] [WARNING] [tid:2248] Metering bus: Metering timeout: type=0 slave=2 start=0x30 count=48 pending=
Metering TX: dd a5 03 00 ff fd 77
Metering TX: 06 03 00 0b 00 07 74 7d
[2026-09-20 11:51:00.723] [WARNING] [tid:2248] Metering bus: Metering timeout: type=0 slave=6 start=0xb count=7 pending=
Metering TX: 02 03 00 c0 00 30 45 d1
[2026-09-20 11:51:00.972] [WARNING] [tid:2248] Metering bus: Metering timeout: type=0 slave=2 start=0xc0 count=48 pending=
Metering TX: 02 03 00 90 00 30 45 c0
[2026-09-20 11:51:01.218] [WARNING] [tid:2248] Metering bus: Metering timeout: type=0 slave=2 start=0x90 count=48 pending=
Metering TX: 04 03 00 11 00 20 14 42
[2026-09-20 11:51:01.474] [WARNING] [tid:2248] Metering bus: Metering timeout: type=0 slave=4 start=0x11 count=32 pending=
Metering TX: 05 03 03 00 00 02 c5 cb
[2026-09-20 11:51:01.722] [WARNING] [tid:2248] Metering bus: Metering timeout: type=0 slave=5 start=0x300 count=2 pending=
Metering TX: 06 03 00 0b 00 07 74 7d
[2026-09-20 11:51:01.971] [WARNING] [tid:2248] Metering bus: Metering timeout: type=0 slave=6 start=0xb count=7 pending=
Metering TX: 02 03 00 c0 00 30 45 d1
[2026-09-20 11:51:02.217] [WARNING] [tid:2248] Metering bus: Metering timeout: type=0 slave=2 start=0xc0 count=48 pending=
Metering TX: 02 03 00 30 00 30 45 e2
[2026-09-20 11:51:02.462] [WARNING] [tid:2248] Metering bus: Metering timeout: type=0 slave=2 start=0x30 count=48 pending=
Metering TX: 02 03 00 90 00 30 45 c0
[2026-09-20 11:51:02.722] [WARNING] [tid:2248] Metering bus: Metering timeout: type=0 slave=2 start=0x90 count=48 pending=
Metering TX: dd a5 03 00 ff fd 77
Metering TX: 06 03 00 0b 00 07 74 7d
[2026-09-20 11:51:03.075] [WARNING] [tid:2248] Metering bus: Metering timeout: type=0 slave=6 start=0xb count=7 pending=
Metering TX: 02 03 00 c0 00 30 45 d1
[2026-09-20 11:51:03.324] [WARNING] [tid:2248] Metering bus: Metering timeout: type=0 slave=2 start=0xc0 count=48 pending=
Metering TX: 04 03 00 11 00 20 14 42
[2026-09-20 11:51:03.575] [WARNING] [tid:2248] Metering bus: Metering timeout: type=0 slave=4 start=0x11 count=32 pending=
Metering TX: 06 03 00 0b 00 07 74 7d
[2026-09-20 11:51:03.837] [WARNING] [tid:2248] Metering bus: Metering timeout: type=0 slave=6 start=0xb count=7 pending=
Metering TX: 02 03 00 c0 00 30 45 d1
[2026-09-20 11:51:04.091] [WARNING] [tid:2248] Metering bus: Metering timeout: type=0 slave=2 start=0xc0 count=48 pending=
Metering TX: 02 03 00 30 00 30 45 e2
[2026-09-20 11:51:04.342] [WARNING] [tid:2248] Metering bus: Metering timeout: type=0 slave=2 start=0x30 count=48 pending=
Metering TX: 02 03 00 90 00 30 45 c0
[2026-09-20 11:51:04.609] [WARNING] [tid:2248] Metering bus: Metering timeout: type=0 slave=2 start=0x90 count=48 pending=
Metering TX: dd a5 03 00 ff fd 77
Metering TX: 06 03 00 0b 00 07 74 7d
[2026-09-20 11:51:04.961] [WARNING] [tid:2248] Metering bus: Metering timeout: type=0 slave=6 start=0xb count=7 pending=
Metering TX: 02 03 00 c0 00 30 45 d1
[2026-09-20 11:51:05.222] [WARNING] [tid:2248] Metering bus: Metering timeout: type=0 slave=2 start=0xc0 count=48 pending=
Metering TX: 02 03 00 30 00 30 45 e2
[2026-09-20 11:51:05.476] [WARNING] [tid:2248] Metering bus: Metering timeout: type=0 slave=2 start=0x30 count=48 pending=
Metering TX: 04 03 00 11 00 20 14 42
[2026-09-20 11:51:05.744] [WARNING] [tid:2248] Metering bus: Metering timeout: type=0 slave=4 start=0x11 count=32 pending=
Metering TX: dd a5 04 00 ff fc 77
Metering TX: 06 03 00 0b 00 07 74 7d
[2026-09-20 11:51:06.056] [WARNING] [tid:2248] Metering bus: Metering timeout: type=0 slave=6 start=0xb count=7 pending=
Metering TX: 02 03 00 c0 00 30 45 d1
[2026-09-20 11:51:06.312] [WARNING] [tid:2248] Metering bus: Metering timeout: type=0 slave=2 start=0xc0 count=48 pending=
Metering TX: 02 03 00 90 00 30 45 c0
[2026-09-20 11:51:06.561] [WARNING] [tid:2248] Metering bus: Metering timeout: type=0 slave=2 start=0x90 count=48 pending=
Metering TX: dd a5 03 00 ff fd 77
Metering TX: 05 03 03 00 00 02 c5 cb
[2026-09-20 11:51:06.904] [WARNING] [tid:2248] Metering bus: Metering timeout: type=0 slave=5 start=0x300 count=2 pending=
Metering TX: 06 03 00 0b 00 07 74 7d
[2026-09-20 11:51:07.179] [WARNING] [tid:2248] Metering bus: Metering timeout: type=0 slave=6 start=0xb count=7 pending=
Metering TX: 02 03 00 c0 00 30 45 d1
[2026-09-20 11:51:07.443] [WARNING] [tid:2248] Metering bus: Metering timeout: type=0 slave=2 start=0xc0 count=48 pending=
Metering TX: 02 03 00 30 00 30 45 e2
[2026-09-20 11:51:07.697] [WARNING] [tid:2248] Metering bus: Metering timeout: type=0 slave=2 start=0x30 count=48 pending=
Metering TX: 04 03 00 11 00 20 14 42
[2026-09-20 11:51:07.975] [WARNING] [tid:2248] Metering bus: Metering timeout: type=0 slave=4 start=0x11 count=32 pending=
Metering TX: 06 03 00 0b 00 07 74 7d
[2026-09-20 11:51:08.226] [WARNING] [tid:2248] Metering bus: Metering timeout: type=0 slave=6 start=0xb count=7 pending=
Metering TX: 02 03 00 90 00 30 45 c0
[2026-09-20 11:51:08.464] [WARNING] [tid:2248] Metering bus: Metering timeout: type=0 slave=2 start=0x90 count=48 pending=
Metering TX: dd a5 03 00 ff fd 77
Metering TX: 06 03 00 0b 00 07 74 7d
[2026-09-20 11:51:08.829] [WARNING] [tid:2248] Metering bus: Metering timeout: type=0 slave=6 start=0xb count=7 pending=
Metering TX: 02 03 00 c0 00 30 45 d1
[2026-09-20 11:51:09.080] [WARNING] [tid:2248] Metering bus: Metering timeout: type=0 slave=2 start=0xc0 count=48 pending=
Metering TX: 02 03 00 30 00 30 45 e2
[2026-09-20 11:51:09.332] [WARNING] [tid:2248] Metering bus: Metering timeout: type=0 slave=2 start=0x30 count=48 pending=
Metering TX: 04 03 00 11 00 20 14 42
[2026-09-20 11:51:09.582] [WARNING] [tid:2248] Metering bus: Metering timeout: type=0 slave=4 start=0x11 count=32 pending=
Metering TX: 06 03 00 0b 00 07 74 7d
[2026-09-20 11:51:09.828] [WARNING] [tid:2248] Metering bus: Metering timeout: type=0 slave=6 start=0xb count=7 pending=
Metering TX: 02 03 00 c0 00 30 45 d1
[2026-09-20 11:51:10.082] [WARNING] [tid:2248] Metering bus: Metering timeout: type=0 slave=2 start=0xc0 count=48 pending=
Metering TX: 02 03 00 30 00 30 45 e2
[2026-09-20 11:51:10.332] [WARNING] [tid:2248] Metering bus: Metering timeout: type=0 slave=2 start=0x30 count=48 pending=
Metering TX: 02 03 00 90 00 30 45 c0
[2026-09-20 11:51:10.594] [WARNING] [tid:2248] Metering bus: Metering timeout: type=0 slave=2 start=0x90 count=48 pending=
Metering TX: dd a5 03 00 ff fd 77
Metering TX: 06 03 00 0b 00 07 74 7d
[2026-09-20 11:51:10.950] [WARNING] [tid:2248] Metering bus: Metering timeout: type=0 slave=6 start=0xb count=7 pending=
Metering TX: 02 03 00 c0 00 30 45 d1
[2026-09-20 11:51:11.198] [WARNING] [tid:2248] Metering bus: Metering timeout: type=0 slave=2 start=0xc0 count=48 pending=
Metering TX: 02 03 00 30 00 30 45 e2
[2026-09-20 11:51:11.451] [WARNING] [tid:2248] Metering bus: Metering timeout: type=0 slave=2 start=0x30 count=48 pending=
Metering TX: 04 03 00 11 00 20 14 42
[2026-09-20 11:51:11.715] [WARNING] [tid:2248] Metering bus: Metering timeout: type=0 slave=4 start=0x11 count=32 pending=
Metering TX: 05 03 03 00 00 02 c5 cb
[2026-09-20 11:51:11.966] [WARNING] [tid:2248] Metering bus: Metering timeout: type=0 slave=5 start=0x300 count=2 pending=
Metering TX: 06 03 00 0b 00 07 74 7d
[2026-09-20 11:51:12.215] [WARNING] [tid:2248] Metering bus: Metering timeout: type=0 slave=6 start=0xb count=7 pending=
Metering TX: 02 03 00 c0 00 30 45 d1
[2026-09-20 11:51:12.469] [WARNING] [tid:2248] Metering bus: Metering timeout: type=0 slave=2 start=0xc0 count=48 pending=
Metering TX: 02 03 00 30 00 30 45 e2
[2026-09-20 11:51:12.717] [WARNING] [tid:2248] Metering bus: Metering timeout: type=0 slave=2 start=0x30 count=48 pending=
Metering TX: 02 03 00 90 00 30 45 c0
[2026-09-20 11:51:12.966] [WARNING] [tid:2248] Metering bus: Metering timeout: type=0 slave=2 start=0x90 count=48 pending=
Metering TX: dd a5 03 00 ff fd 77
Metering TX: 06 03 00 0b 00 07 74 7d
[2026-09-20 11:51:13.332] [WARNING] [tid:2248] Metering bus: Metering timeout: type=0 slave=6 start=0xb count=7 pending=
Metering TX: 02 03 00 c0 00 30 45 d1
[2026-09-20 11:51:13.575] [WARNING] [tid:2248] Metering bus: Metering timeout: type=0 slave=2 start=0xc0 count=48 pending=
Metering TX: 04 03 00 11 00 20 14 42
[2026-09-20 11:51:13.828] [WARNING] [tid:2248] Metering bus: Metering timeout: type=0 slave=4 start=0x11 count=32 pending=
Metering TX: 06 03 00 0b 00 07 74 7d
[2026-09-20 11:51:14.085] [WARNING] [tid:2248] Metering bus: Metering timeout: type=0 slave=6 start=0xb count=7 pending=
Metering TX: 02 03 00 30 00 30 45 e2
[2026-09-20 11:51:14.345] [WARNING] [tid:2248] Metering bus: Metering timeout: type=0 slave=2 start=0x30 count=48 pending=
Metering TX: 02 03 00 90 00 30 45 c0
[2026-09-20 11:51:14.598] [WARNING] [tid:2248] Metering bus: Metering timeout: type=0 slave=2 start=0x90 count=48 pending=
Metering TX: dd a5 03 00 ff fd 77
Metering TX: 06 03 00 0b 00 07 74 7d
[2026-09-20 11:51:14.958] [WARNING] [tid:2248] Metering bus: Metering timeout: type=0 slave=6 start=0xb count=7 pending=
Metering TX: 02 03 00 c0 00 30 45 d1
[2026-09-20 11:51:15.217] [WARNING] [tid:2248] Metering bus: Metering timeout: type=0 slave=2 start=0xc0 count=48 pending=
Metering TX: 02 03 00 30 00 30 45 e2
[2026-09-20 11:51:15.473] [WARNING] [tid:2248] Metering bus: Metering timeout: type=0 slave=2 start=0x30 count=48 pending=
Metering TX: 04 03 00 11 00 20 14 42
[2026-09-20 11:51:15.718] [WARNING] [tid:2248] Metering bus: Metering timeout: type=0 slave=4 start=0x11 count=32 pending=
Metering TX: dd a5 04 00 ff fc 77
Metering TX: 06 03 00 0b 00 07 74 7d
[2026-09-20 11:51:16.039] [WARNING] [tid:2248] Metering bus: Metering timeout: type=0 slave=6 start=0xb count=7 pending=
Metering TX: 02 03 00 c0 00 30 45 d1
[2026-09-20 11:51:16.305] [WARNING] [tid:2248] Metering bus: Metering timeout: type=0 slave=2 start=0xc0 count=48 pending=
Metering TX: 02 03 00 30 00 30 45 e2
[2026-09-20 11:51:16.565] [WARNING] [tid:2248] Metering bus: Metering timeout: type=0 slave=2 start=0x30 count=48 pending=
Metering TX: 02 03 00 90 00 30 45 c0
[2026-09-20 11:51:16.823] [WARNING] [tid:2248] Metering bus: Metering timeout: type=0 slave=2 start=0x90 count=48 pending=
Metering TX: dd a5 03 00 ff fd 77
Metering TX: 05 03 03 00 00 02 c5 cb
[2026-09-20 11:51:17.171] [WARNING] [tid:2248] Metering bus: Metering timeout: type=0 slave=5 start=0x300 count=2 pending=
Metering TX: 06 03 00 0b 00 07 74 7d
[2026-09-20 11:51:17.420] [WARNING] [tid:2248] Metering bus: Metering timeout: type=0 slave=6 start=0xb count=7 pending=
Metering TX: 02 03 00 c0 00 30 45 d1
[2026-09-20 11:51:17.668] [WARNING] [tid:2248] Metering bus: Metering timeout: type=0 slave=2 start=0xc0 count=48 pending=
Metering TX: 02 03 00 30 00 30 45 e2
[2026-09-20 11:51:17.919] [WARNING] [tid:2248] Metering bus: Metering timeout: type=0 slave=2 start=0x30 count=48 pending=
Metering TX: 04 03 00 11 00 20 14 42
[2026-09-20 11:51:18.172] [WARNING] [tid:2248] Metering bus: Metering timeout: type=0 slave=4 start=0x11 count=32 pending=
Metering TX: 06 03 00 0b 00 07 74 7d
[2026-09-20 11:51:18.417] [WARNING] [tid:2248] Metering bus: Metering timeout: type=0 slave=6 start=0xb count=7 pending=
Metering TX: 02 03 00 90 00 30 45 c0
[2026-09-20 11:51:18.674] [WARNING] [tid:2248] Metering bus: Metering timeout: type=0 slave=2 start=0x90 count=48 pending=
Metering TX: dd a5 03 00 ff fd 77
Metering TX: 06 03 00 0b 00 07 74 7d
[2026-09-20 11:51:19.042] [WARNING] [tid:2248] Metering bus: Metering timeout: type=0 slave=6 start=0xb count=7 pending=
Metering TX: 02 03 00 c0 00 30 45 d1
[2026-09-20 11:51:19.292] [WARNING] [tid:2248] Metering bus: Metering timeout: type=0 slave=2 start=0xc0 count=48 pending=
Metering TX: 02 03 00 30 00 30 45 e2
[2026-09-20 11:51:19.553] [WARNING] [tid:2248] Metering bus: Metering timeout: type=0 slave=2 start=0x30 count=48 pending=
Metering TX: 04 03 00 11 00 20 14 42
[2026-09-20 11:51:19.806] [WARNING] [tid:2248] Metering bus: Metering timeout: type=0 slave=4 start=0x11 count=32 pending=
Metering TX: 06 03 00 0b 00 07 74 7d
[2026-09-20 11:51:20.059] [WARNING] [tid:2248] Metering bus: Metering timeout: type=0 slave=6 start=0xb count=7 pending=
Metering TX: 02 03 00 c0 00 30 45 d1
[2026-09-20 11:51:20.309] [WARNING] [tid:2248] Metering bus: Metering timeout: type=0 slave=2 start=0xc0 count=48 pending=
Metering TX: 02 03 00 30 00 30 45 e2
[2026-09-20 11:51:20.557] [WARNING] [tid:2248] Metering bus: Metering timeout: type=0 slave=2 start=0x30 count=48 pending=
Metering TX: 02 03 00 90 00 30 45 c0
[2026-09-20 11:51:20.808] [WARNING] [tid:2248] Metering bus: Metering timeout: type=0 slave=2 start=0x90 count=48 pending=
Metering TX: dd a5 03 00 ff fd 77
Metering TX: 06 03 00 0b 00 07 74 7d
[2026-09-20 11:51:21.153] [WARNING] [tid:2248] Metering bus: Metering timeout: type=0 slave=6 start=0xb count=7 pending=
Metering TX: 02 03 00 c0 00 30 45 d1
[2026-09-20 11:51:21.406] [WARNING] [tid:2248] Metering bus: Metering timeout: type=0 slave=2 start=0xc0 count=48 pending=
Metering TX: 02 03 00 30 00 30 45 e2
[2026-09-20 11:51:21.661] [WARNING] [tid:2248] Metering bus: Metering timeout: type=0 slave=2 start=0x30 count=48 pending=
Metering TX: 04 03 00 11 00 20 14 42
[2026-09-20 11:51:21.910] [WARNING] [tid:2248] Metering bus: Metering timeout: type=0 slave=4 start=0x11 count=32 pending=
Metering TX: 05 03 03 00 00 02 c5 cb
[2026-09-20 11:51:22.160] [WARNING] [tid:2248] Metering bus: Metering timeout: type=0 slave=5 start=0x300 count=2 pending=
Metering TX: 06 03 00 0b 00 07 74 7d
[2026-09-20 11:51:22.402] [WARNING] [tid:2248] Metering bus: Metering timeout: type=0 slave=6 start=0xb count=7 pending=
Metering TX: 02 03 00 c0 00 30 45 d1
[2026-09-20 11:51:22.662] [WARNING] [tid:2248] Metering bus: Metering timeout: type=0 slave=2 start=0xc0 count=48 pending=
Metering TX: 02 03 00 30 00 30 45 e2
[2026-09-20 11:51:22.905] [WARNING] [tid:2248] Metering bus: Metering timeout: type=0 slave=2 start=0x30 count=48 pending=
Metering TX: 02 03 00 90 00 30 45 c0
[2026-09-20 11:51:23.160] [WARNING] [tid:2248] Metering bus: Metering timeout: type=0 slave=2 start=0x90 count=48 pending=
Metering TX: dd a5 03 00 ff fd 77
Metering TX: 06 03 00 0b 00 07 74 7d
[2026-09-20 11:51:23.512] [WARNING] [tid:2248] Metering bus: Metering timeout: type=0 slave=6 start=0xb count=7 pending=
Metering TX: 02 03 00 c0 00 30 45 d1
[2026-09-20 11:51:23.764] [WARNING] [tid:2248] Metering bus: Metering timeout: type=0 slave=2 start=0xc0 count=48 pending=
Metering TX: 04 03 00 11 00 20 14 42
[2026-09-20 11:51:24.013] [WARNING] [tid:2248] Metering bus: Metering timeout: type=0 slave=4 start=0x11 count=32 pending=
Metering TX: 06 03 00 0b 00 07 74 7d
[2026-09-20 11:51:24.261] [WARNING] [tid:2248] Metering bus: Metering timeout: type=0 slave=6 start=0xb count=7 pending=
Metering TX: 02 03 00 30 00 30 45 e2
[2026-09-20 11:51:24.535] [WARNING] [tid:2248] Metering bus: Metering timeout: type=0 slave=2 start=0x30 count=48 pending=
Metering TX: 02 03 00 90 00 30 45 c0
[2026-09-20 11:51:24.778] [WARNING] [tid:2248] Metering bus: Metering timeout: type=0 slave=2 start=0x90 count=48 pending=
Metering TX: dd a5 03 00 ff fd 77
Metering TX: 06 03 00 0b 00 07 74 7d
[2026-09-20 11:51:25.130] [WARNING] [tid:2248] Metering bus: Metering timeout: type=0 slave=6 start=0xb count=7 pending=
Metering TX: 02 03 00 c0 00 30 45 d1
[2026-09-20 11:51:25.397] [WARNING] [tid:2248] Metering bus: Metering timeout: type=0 slave=2 start=0xc0 count=48 pending=
Metering TX: 02 03 00 30 00 30 45 e2
[2026-09-20 11:51:25.665] [WARNING] [tid:2248] Metering bus: Metering timeout: type=0 slave=2 start=0x30 count=48 pending=
Metering TX: 04 03 00 11 00 20 14 42
[2026-09-20 11:51:25.916] [WARNING] [tid:2248] Metering bus: Metering timeout: type=0 slave=4 start=0x11 count=32 pending=
Metering TX: dd a5 04 00 ff fc 77
Metering TX: 06 03 00 0b 00 07 74 7d
[2026-09-20 11:51:26.244] [WARNING] [tid:2248] Metering bus: Metering timeout: type=0 slave=6 start=0xb count=7 pending=
Metering TX: 02 03 00 c0 00 30 45 d1
[2026-09-20 11:51:26.499] [WARNING] [tid:2248] Metering bus: Metering timeout: type=0 slave=2 start=0xc0 count=48 pending=
Metering TX: 02 03 00 30 00 30 45 e2
[2026-09-20 11:51:26.748] [WARNING] [tid:2248] Metering bus: Metering timeout: type=0 slave=2 start=0x30 count=48 pending=
Metering TX: 02 03 00 90 00 30 45 c0
[2026-09-20 11:51:26.993] [WARNING] [tid:2248] Metering bus: Metering timeout: type=0 slave=2 start=0x90 count=48 pending=
Metering TX: dd a5 03 00 ff fd 77
Metering TX: 05 03 03 00 00 02 c5 cb
[2026-09-20 11:51:27.331] [WARNING] [tid:2248] Metering bus: Metering timeout: type=0 slave=5 start=0x300 count=2 pending=
Metering TX: 06 03 00 0b 00 07 74 7d
[2026-09-20 11:51:27.582] [WARNING] [tid:2248] Metering bus: Metering timeout: type=0 slave=6 start=0xb count=7 pending=
Metering TX: 02 03 00 c0 00 30 45 d1
[2026-09-20 11:51:27.848] [WARNING] [tid:2248] Metering bus: Metering timeout: type=0 slave=2 start=0xc0 count=48 pending=
Metering TX: 02 03 00 30 00 30 45 e2
[2026-09-20 11:51:28.115] [WARNING] [tid:2248] Metering bus: Metering timeout: type=0 slave=2 start=0x30 count=48 pending=
Metering TX: 04 03 00 11 00 20 14 42
[2026-09-20 11:51:28.368] [WARNING] [tid:2248] Metering bus: Metering timeout: type=0 slave=4 start=0x11 count=32 pending=
Metering TX: 06 03 00 0b 00 07 74 7d
[2026-09-20 11:51:28.631] [WARNING] [tid:2248] Metering bus: Metering timeout: type=0 slave=6 start=0xb count=7 pending=
Metering TX: 02 03 00 90 00 30 45 c0
[2026-09-20 11:51:28.880] [WARNING] [tid:2248] Metering bus: Metering timeout: type=0 slave=2 start=0x90 count=48 pending=
Metering TX: dd a5 03 00 ff fd 77
Metering TX: 06 03 00 0b 00 07 74 7d
[2026-09-20 11:51:29.251] [WARNING] [tid:2248] Metering bus: Metering timeout: type=0 slave=6 start=0xb count=7 pending=
Metering TX: 02 03 00 c0 00 30 45 d1
[2026-09-20 11:51:29.501] [WARNING] [tid:2248] Metering bus: Metering timeout: type=0 slave=2 start=0xc0 count=48 pending=
Metering TX: 02 03 00 30 00 30 45 e2
[2026-09-20 11:51:29.750] [WARNING] [tid:2248] Metering bus: Metering timeout: type=0 slave=2 start=0x30 count=48 pending=
Metering TX: 04 03 00 11 00 20 14 42
[2026-09-20 11:51:30.003] [WARNING] [tid:2248] Metering bus: Metering timeout: type=0 slave=4 start=0x11 count=32 pending=
Metering TX: 06 03 00 0b 00 07 74 7d
[2026-09-20 11:51:30.251] [WARNING] [tid:2248] Metering bus: Metering timeout: type=0 slave=6 start=0xb count=7 pending=
Metering TX: 02 03 00 c0 00 30 45 d1
[2026-09-20 11:51:30.500] [WARNING] [tid:2248] Metering bus: Metering timeout: type=0 slave=2 start=0xc0 count=48 pending=
Metering TX: 02 03 00 30 00 30 45 e2
[2026-09-20 11:51:30.752] [WARNING] [tid:2248] Metering bus: Metering timeout: type=0 slave=2 start=0x30 count=48 pending=
Metering TX: 02 03 00 90 00 30 45 c0
[2026-09-20 11:51:30.997] [WARNING] [tid:2248] Metering bus: Metering timeout: type=0 slave=2 start=0x90 count=48 pending=
Metering TX: dd a5 03 00 ff fd 77
Metering TX: 06 03 00 0b 00 07 74 7d
[2026-09-20 11:51:31.355] [WARNING] [tid:2248] Metering bus: Metering timeout: type=0 slave=6 start=0xb count=7 pending=
Metering TX: 02 03 00 c0 00 30 45 d1
[2026-09-20 11:51:31.603] [WARNING] [tid:2248] Metering bus: Metering timeout: type=0 slave=2 start=0xc0 count=48 pending=
Metering TX: 02 03 00 30 00 30 45 e2
[2026-09-20 11:51:31.868] [WARNING] [tid:2248] Metering bus: Metering timeout: type=0 slave=2 start=0x30 count=48 pending=
Metering TX: 04 03 00 11 00 20 14 42
[2026-09-20 11:51:32.121] [WARNING] [tid:2248] Metering bus: Metering timeout: type=0 slave=4 start=0x11 count=32 pending=
Metering TX: 05 03 03 00 00 02 c5 cb
[2026-09-20 11:51:32.381] [WARNING] [tid:2248] Metering bus: Metering timeout: type=0 slave=5 start=0x300 count=2 pending=
Metering TX: 06 03 00 0b 00 07 74 7d
[2026-09-20 11:51:32.639] [WARNING] [tid:2248] Metering bus: Metering timeout: type=0 slave=6 start=0xb count=7 pending=
Metering TX: 02 03 00 c0 00 30 45 d1
[2026-09-20 11:51:32.890] [WARNING] [tid:2248] Metering bus: Metering timeout: type=0 slave=2 start=0xc0 count=48 pending=
Metering TX: 02 03 00 30 00 30 45 e2
[2026-09-20 11:51:33.138] [WARNING] [tid:2248] Metering bus: Metering timeout: type=0 slave=2 start=0x30 count=48 pending=
Metering TX: 02 03 00 90 00 30 45 c0
[2026-09-20 11:51:33.393] [WARNING] [tid:2248] Metering bus: Metering timeout: type=0 slave=2 start=0x90 count=48 pending=
Metering TX: dd a5 03 00 ff fd 77
Metering TX: 06 03 00 0b 00 07 74 7d
[2026-09-20 11:51:33.739] [WARNING] [tid:2248] Metering bus: Metering timeout: type=0 slave=6 start=0xb count=7 pending=
Metering TX: 02 03 00 c0 00 30 45 d1
[2026-09-20 11:51:33.980] [WARNING] [tid:2248] Metering bus: Metering timeout: type=0 slave=2 start=0xc0 count=48 pending=
Metering TX: 04 03 00 11 00 20 14 42
[2026-09-20 11:51:34.238] [WARNING] [tid:2248] Metering bus: Metering timeout: type=0 slave=4 start=0x11 count=32 pending=
Metering TX: 06 03 00 0b 00 07 74 7d
[2026-09-20 11:51:34.490] [WARNING] [tid:2248] Metering bus: Metering timeout: type=0 slave=6 start=0xb count=7 pending=
Metering TX: 02 03 00 30 00 30 45 e2
[2026-09-20 11:51:34.740] [WARNING] [tid:2248] Metering bus: Metering timeout: type=0 slave=2 start=0x30 count=48 pending=
Metering TX: 02 03 00 90 00 30 45 c0
[2026-09-20 11:51:34.992] [WARNING] [tid:2248] Metering bus: Metering timeout: type=0 slave=2 start=0x90 count=48 pending=
Metering TX: dd a5 03 00 ff fd 77
Metering TX: 06 03 00 0b 00 07 74 7d
[2026-09-20 11:51:35.358] [WARNING] [tid:2248] Metering bus: Metering timeout: type=0 slave=6 start=0xb count=7 pending=
Metering TX: 02 03 00 c0 00 30 45 d1
[2026-09-20 11:51:35.607] [WARNING] [tid:2248] Metering bus: Metering timeout: type=0 slave=2 start=0xc0 count=48 pending=
Metering TX: 02 03 00 30 00 30 45 e2
[2026-09-20 11:51:35.858] [WARNING] [tid:2248] Metering bus: Metering timeout: type=0 slave=2 start=0x30 count=48 pending=
Metering TX: 04 03 00 11 00 20 14 42
[2026-09-20 11:51:36.106] [WARNING] [tid:2248] Metering bus: Metering timeout: type=0 slave=4 start=0x11 count=32 pending=
Metering TX: dd a5 04 00 ff fc 77
Metering TX: 06 03 00 0b 00 07 74 7d
[2026-09-20 11:51:36.424] [WARNING] [tid:2248] Metering bus: Metering timeout: type=0 slave=6 start=0xb count=7 pending=
Metering TX: 02 03 00 c0 00 30 45 d1
[2026-09-20 11:51:36.676] [WARNING] [tid:2248] Metering bus: Metering timeout: type=0 slave=2 start=0xc0 count=48 pending=
Metering TX: 02 03 00 30 00 30 45 e2
[2026-09-20 11:51:36.919] [WARNING] [tid:2248] Metering bus: Metering timeout: type=0 slave=2 start=0x30 count=48 pending=
Metering TX: 02 03 00 90 00 30 45 c0
[2026-09-20 11:51:37.175] [WARNING] [tid:2248] Metering bus: Metering timeout: type=0 slave=2 start=0x90 count=48 pending=
Metering TX: dd a5 03 00 ff fd 77
Metering TX: 05 03 03 00 00 02 c5 cb
[2026-09-20 11:51:37.539] [WARNING] [tid:2248] Metering bus: Metering timeout: type=0 slave=5 start=0x300 count=2 pending=
Metering TX: 06 03 00 0b 00 07 74 7d
[2026-09-20 11:51:37.804] [WARNING] [tid:2248] Metering bus: Metering timeout: type=0 slave=6 start=0xb count=7 pending=
Metering TX: 02 03 00 c0 00 30 45 d1
[2026-09-20 11:51:38.061] [WARNING] [tid:2248] Metering bus: Metering timeout: type=0 slave=2 start=0xc0 count=48 pending=
Metering TX: 02 03 00 30 00 30 45 e2
[2026-09-20 11:51:38.308] [WARNING] [tid:2248] Metering bus: Metering timeout: type=0 slave=2 start=0x30 count=48 pending=
Metering TX: 04 03 00 11 00 20 14 42
[2026-09-20 11:51:38.561] [WARNING] [tid:2248] Metering bus: Metering timeout: type=0 slave=4 start=0x11 count=32 pending=
Metering TX: 06 03 00 0b 00 07 74 7d
[2026-09-20 11:51:38.808] [WARNING] [tid:2248] Metering bus: Metering timeout: type=0 slave=6 start=0xb count=7 pending=
Metering TX: 02 03 00 90 00 30 45 c0
[2026-09-20 11:51:39.079] [WARNING] [tid:2248] Metering bus: Metering timeout: type=0 slave=2 start=0x90 count=48 pending=
Metering TX: dd a5 03 00 ff fd 77
Metering TX: 06 03 00 0b 00 07 74 7d
[2026-09-20 11:51:39.418] [WARNING] [tid:2248] Metering bus: Metering timeout: type=0 slave=6 start=0xb count=7 pending=
Metering TX: 02 03 00 c0 00 30 45 d1
[2026-09-20 11:51:39.678] [WARNING] [tid:2248] Metering bus: Metering timeout: type=0 slave=2 start=0xc0 count=48 pending=
Metering TX: 02 03 00 30 00 30 45 e2
[2026-09-20 11:51:39.943] [WARNING] [tid:2248] Metering bus: Metering timeout: type=0 slave=2 start=0x30 count=48 pending=
Metering TX: 04 03 00 11 00 20 14 42
[2026-09-20 11:51:40.212] [WARNING] [tid:2248] Metering bus: Metering timeout: type=0 slave=4 start=0x11 count=32 pending=
Metering TX: 06 03 00 0b 00 07 74 7d
[2026-09-20 11:51:40.475] [WARNING] [tid:2248] Metering bus: Metering timeout: type=0 slave=6 start=0xb count=7 pending=
Metering TX: 02 03 00 c0 00 30 45 d1
[2026-09-20 11:51:40.711] [WARNING] [tid:2248] Metering bus: Metering timeout: type=0 slave=2 start=0xc0 count=48 pending=
Metering TX: 02 03 00 30 00 30 45 e2
[2026-09-20 11:51:40.975] [WARNING] [tid:2248] Metering bus: Metering timeout: type=0 slave=2 start=0x30 count=48 pending=
Metering TX: 02 03 00 90 00 30 45 c0
[2026-09-20 11:51:41.225] [WARNING] [tid:2248] Metering bus: Metering timeout: type=0 slave=2 start=0x90 count=48 pending=
Metering TX: dd a5 03 00 ff fd 77
Metering TX: 06 03 00 0b 00 07 74 7d
[2026-09-20 11:51:41.577] [WARNING] [tid:2248] Metering bus: Metering timeout: type=0 slave=6 start=0xb count=7 pending=
Metering TX: 02 03 00 c0 00 30 45 d1
[2026-09-20 11:51:41.828] [WARNING] [tid:2248] Metering bus: Metering timeout: type=0 slave=2 start=0xc0 count=48 pending=
Metering TX: 02 03 00 30 00 30 45 e2
[2026-09-20 11:51:42.080] [WARNING] [tid:2248] Metering bus: Metering timeout: type=0 slave=2 start=0x30 count=48 pending=
Metering TX: 04 03 00 11 00 20 14 42
[2026-09-20 11:51:42.323] [WARNING] [tid:2248] Metering bus: Metering timeout: type=0 slave=4 start=0x11 count=32 pending=
Metering TX: 05 03 03 00 00 02 c5 cb
[2026-09-20 11:51:42.576] [WARNING] [tid:2248] Metering bus: Metering timeout: type=0 slave=5 start=0x300 count=2 pending=
Metering TX: 06 03 00 0b 00 07 74 7d
[2026-09-20 11:51:42.831] [WARNING] [tid:2248] Metering bus: Metering timeout: type=0 slave=6 start=0xb count=7 pending=
Metering TX: 02 03 00 c0 00 30 45 d1
[2026-09-20 11:51:43.097] [WARNING] [tid:2248] Metering bus: Metering timeout: type=0 slave=2 start=0xc0 count=48 pending=
Metering TX: 02 03 00 30 00 30 45 e2
[2026-09-20 11:51:43.340] [WARNING] [tid:2248] Metering bus: Metering timeout: type=0 slave=2 start=0x30 count=48 pending=
Metering TX: 02 03 00 90 00 30 45 c0
[2026-09-20 11:51:43.596] [WARNING] [tid:2248] Metering bus: Metering timeout: type=0 slave=2 start=0x90 count=48 pending=
Metering TX: dd a5 03 00 ff fd 77
Metering TX: 06 03 00 0b 00 07 74 7d
[2026-09-20 11:51:43.950] [WARNING] [tid:2248] Metering bus: Metering timeout: type=0 slave=6 start=0xb count=7 pending=
Metering TX: 02 03 00 c0 00 30 45 d1
[2026-09-20 11:51:44.201] [WARNING] [tid:2248] Metering bus: Metering timeout: type=0 slave=2 start=0xc0 count=48 pending=
Metering TX: 04 03 00 11 00 20 14 42
[2026-09-20 11:51:44.447] [WARNING] [tid:2248] Metering bus: Metering timeout: type=0 slave=4 start=0x11 count=32 pending=
Metering TX: 06 03 00 0b 00 07 74 7d
[2026-09-20 11:51:44.698] [WARNING] [tid:2248] Metering bus: Metering timeout: type=0 slave=6 start=0xb count=7 pending=
Metering TX: 02 03 00 30 00 30 45 e2
[2026-09-20 11:51:44.945] [WARNING] [tid:2248] Metering bus: Metering timeout: type=0 slave=2 start=0x30 count=48 pending=
Metering TX: 02 03 00 90 00 30 45 c0
[2026-09-20 11:51:45.199] [WARNING] [tid:2248] Metering bus: Metering timeout: type=0 slave=2 start=0x90 count=48 pending=
Metering TX: dd a5 03 00 ff fd 77
Metering TX: 06 03 00 0b 00 07 74 7d
[2026-09-20 11:51:45.552] [WARNING] [tid:2248] Metering bus: Metering timeout: type=0 slave=6 start=0xb count=7 pending=
Metering TX: 02 03 00 c0 00 30 45 d1
[2026-09-20 11:51:45.815] [WARNING] [tid:2248] Metering bus: Metering timeout: type=0 slave=2 start=0xc0 count=48 pending=
Metering TX: 02 03 00 30 00 30 45 e2
[2026-09-20 11:51:46.069] [WARNING] [tid:2248] Metering bus: Metering timeout: type=0 slave=2 start=0x30 count=48 pending=
Metering TX: 02 03 00 90 00 30 45 c0
[2026-09-20 11:51:46.334] [WARNING] [tid:2248] Metering bus: Metering timeout: type=0 slave=2 start=0x90 count=48 pending=
Metering TX: 04 03 00 11 00 20 14 42
[2026-09-20 11:51:46.601] [WARNING] [tid:2248] Metering bus: Metering timeout: type=0 slave=4 start=0x11 count=32 pending=
Metering TX: dd a5 04 00 ff fc 77
Metering TX: 06 03 00 0b 00 07 74 7d
[2026-09-20 11:51:46.928] [WARNING] [tid:2248] Metering bus: Metering timeout: type=0 slave=6 start=0xb count=7 pending=
Metering TX: 02 03 00 c0 00 30 45 d1
[2026-09-20 11:51:47.183] [WARNING] [tid:2248] Metering bus: Metering timeout: type=0 slave=2 start=0xc0 count=48 pending=
Metering TX: 02 03 00 30 00 30 45 e2
[2026-09-20 11:51:47.432] [WARNING] [tid:2248] Metering bus: Metering timeout: type=0 slave=2 start=0x30 count=48 pending=
Metering TX: dd a5 03 00 ff fd 77
Metering TX: 05 03 03 00 00 02 c5 cb
[2026-09-20 11:51:47.770] [WARNING] [tid:2248] Metering bus: Metering timeout: type=0 slave=5 start=0x300 count=2 pending=
Metering TX: 06 03 00 0b 00 07 74 7d
[2026-09-20 11:51:48.021] [WARNING] [tid:2248] Metering bus: Metering timeout: type=0 slave=6 start=0xb count=7 pending=
Metering TX: 02 03 00 c0 00 30 45 d1
[2026-09-20 11:51:48.282] [WARNING] [tid:2248] Metering bus: Metering timeout: type=0 slave=2 start=0xc0 count=48 pending=
Metering TX: 02 03 00 90 00 30 45 c0
[2026-09-20 11:51:48.534] [WARNING] [tid:2248] Metering bus: Metering timeout: type=0 slave=2 start=0x90 count=48 pending=
Metering TX: 04 03 00 11 00 20 14 42
[2026-09-20 11:51:48.785] [WARNING] [tid:2248] Metering bus: Metering timeout: type=0 slave=4 start=0x11 count=32 pending=
Metering TX: 06 03 00 0b 00 07 74 7d
[2026-09-20 11:51:49.038] [WARNING] [tid:2248] Metering bus: Metering timeout: type=0 slave=6 start=0xb count=7 pending=
Metering TX: 02 03 00 c0 00 30 45 d1
[2026-09-20 11:51:49.303] [WARNING] [tid:2248] Metering bus: Metering timeout: type=0 slave=2 start=0xc0 count=48 pending=
Metering TX: 02 03 00 30 00 30 45 e2
[2026-09-20 11:51:49.563] [WARNING] [tid:2248] Metering bus: Metering timeout: type=0 slave=2 start=0x30 count=48 pending=
Metering TX: dd a5 03 00 ff fd 77
Metering TX: 06 03 00 0b 00 07 74 7d
[2026-09-20 11:51:49.917] [WARNING] [tid:2248] Metering bus: Metering timeout: type=0 slave=6 start=0xb count=7 pending=
Metering TX: 02 03 00 c0 00 30 45 d1
[2026-09-20 11:51:50.171] [WARNING] [tid:2248] Metering bus: Metering timeout: type=0 slave=2 start=0xc0 count=48 pending=
Metering TX: 02 03 00 90 00 30 45 c0
[2026-09-20 11:51:50.421] [WARNING] [tid:2248] Metering bus: Metering timeout: type=0 slave=2 start=0x90 count=48 pending=
Metering TX: 04 03 00 11 00 20 14 42
[2026-09-20 11:51:50.672] [WARNING] [tid:2248] Metering bus: Metering timeout: type=0 slave=4 start=0x11 count=32 pending=
Metering TX: 06 03 00 0b 00 07 74 7d
[2026-09-20 11:51:50.918] [WARNING] [tid:2248] Metering bus: Metering timeout: type=0 slave=6 start=0xb count=7 pending=
Metering TX: 02 03 00 c0 00 30 45 d1
[2026-09-20 11:51:51.174] [WARNING] [tid:2248] Metering bus: Metering timeout: type=0 slave=2 start=0xc0 count=48 pending=
Metering TX: 02 03 00 30 00 30 45 e2
[2026-09-20 11:51:51.418] [WARNING] [tid:2248] Metering bus: Metering timeout: type=0 slave=2 start=0x30 count=48 pending=
Metering TX: dd a5 03 00 ff fd 77
Metering TX: 06 03 00 0b 00 07 74 7d
[2026-09-20 11:51:51.770] [WARNING] [tid:2248] Metering bus: Metering timeout: type=0 slave=6 start=0xb count=7 pending=
Metering TX: 02 03 00 c0 00 30 45 d1
[2026-09-20 11:51:52.008] [WARNING] [tid:2248] Metering bus: Metering timeout: type=0 slave=2 start=0xc0 count=48 pending=
Metering TX: 02 03 00 90 00 30 45 c0
[2026-09-20 11:51:52.269] [WARNING] [tid:2248] Metering bus: Metering timeout: type=0 slave=2 start=0x90 count=48 pending=
Metering TX: 04 03 00 11 00 20 14 42
[2026-09-20 11:51:52.513] [WARNING] [tid:2248] Metering bus: Metering timeout: type=0 slave=4 start=0x11 count=32 pending=
Metering TX: 05 03 03 00 00 02 c5 cb
[2026-09-20 11:51:52.759] [WARNING] [tid:2248] Metering bus: Metering timeout: type=0 slave=5 start=0x300 count=2 pending=
Metering TX: 06 03 00 0b 00 07 74 7d
[2026-09-20 11:51:53.026] [WARNING] [tid:2248] Metering bus: Metering timeout: type=0 slave=6 start=0xb count=7 pending=
Metering TX: 02 03 00 c0 00 30 45 d1
[2026-09-20 11:51:53.289] [WARNING] [tid:2248] Metering bus: Metering timeout: type=0 slave=2 start=0xc0 count=48 pending=
Metering TX: 02 03 00 30 00 30 45 e2
[2026-09-20 11:51:53.541] [WARNING] [tid:2248] Metering bus: Metering timeout: type=0 slave=2 start=0x30 count=48 pending=
Metering TX: 02 03 00 90 00 30 45 c0
[2026-09-20 11:51:53.792] [WARNING] [tid:2248] Metering bus: Metering timeout: type=0 slave=2 start=0x90 count=48 pending=
Metering TX: dd a5 03 00 ff fd 77
Metering TX: 06 03 00 0b 00 07 74 7d
[2026-09-20 11:51:54.157] [WARNING] [tid:2248] Metering bus: Metering timeout: type=0 slave=6 start=0xb count=7 pending=
Metering TX: 02 03 00 c0 00 30 45 d1
[2026-09-20 11:51:54.407] [WARNING] [tid:2248] Metering bus: Metering timeout: type=0 slave=2 start=0xc0 count=48 pending=
Metering TX: 04 03 00 11 00 20 14 42
[2026-09-20 11:51:54.663] [WARNING] [tid:2248] Metering bus: Metering timeout: type=0 slave=4 start=0x11 count=32 pending=
Metering TX: 06 03 00 0b 00 07 74 7d
[2026-09-20 11:51:54.909] [WARNING] [tid:2248] Metering bus: Metering timeout: type=0 slave=6 start=0xb count=7 pending=
Metering TX: 02 03 00 30 00 30 45 e2
[2026-09-20 11:51:55.157] [WARNING] [tid:2248] Metering bus: Metering timeout: type=0 slave=2 start=0x30 count=48 pending=
Metering TX: 02 03 00 90 00 30 45 c0
[2026-09-20 11:51:55.411] [WARNING] [tid:2248] Metering bus: Metering timeout: type=0 slave=2 start=0x90 count=48 pending=
Metering TX: dd a5 03 00 ff fd 77
Metering TX: 06 03 00 0b 00 07 74 7d
[2026-09-20 11:51:55.777] [WARNING] [tid:2248] Metering bus: Metering timeout: type=0 slave=6 start=0xb count=7 pending=
Metering TX: 02 03 00 c0 00 30 45 d1
[2026-09-20 11:51:56.029] [WARNING] [tid:2248] Metering bus: Metering timeout: type=0 slave=2 start=0xc0 count=48 pending=
Metering TX: 02 03 00 30 00 30 45 e2
[2026-09-20 11:51:56.278] [WARNING] [tid:2248] Metering bus: Metering timeout: type=0 slave=2 start=0x30 count=48 pending=
Metering TX: 04 03 00 11 00 20 14 42
[2026-09-20 11:51:56.529] [WARNING] [tid:2248] Metering bus: Metering timeout: type=0 slave=4 start=0x11 count=32 pending=
Metering TX: dd a5 04 00 ff fc 77
Metering TX: 06 03 00 0b 00 07 74 7d
[2026-09-20 11:51:56.857] [WARNING] [tid:2248] Metering bus: Metering timeout: type=0 slave=6 start=0xb count=7 pending=
Metering TX: 02 03 00 c0 00 30 45 d1
[2026-09-20 11:51:57.112] [WARNING] [tid:2248] Metering bus: Metering timeout: type=0 slave=2 start=0xc0 count=48 pending=
Metering TX: 02 03 00 30 00 30 45 e2
[2026-09-20 11:51:57.364] [WARNING] [tid:2248] Metering bus: Metering timeout: type=0 slave=2 start=0x30 count=48 pending=
Metering TX: 02 03 00 90 00 30 45 c0
[2026-09-20 11:51:57.629] [WARNING] [tid:2248] Metering bus: Metering timeout: type=0 slave=2 start=0x90 count=48 pending=
Metering TX: dd a5 03 00 ff fd 77
Metering TX: 05 03 03 00 00 02 c5 cb
[2026-09-20 11:51:57.964] [WARNING] [tid:2248] Metering bus: Metering timeout: type=0 slave=5 start=0x300 count=2 pending=
Metering TX: 06 03 00 0b 00 07 74 7d
[2026-09-20 11:51:58.212] [WARNING] [tid:2248] Metering bus: Metering timeout: type=0 slave=6 start=0xb count=7 pending=
Metering TX: 02 03 00 c0 00 30 45 d1
[2026-09-20 11:51:58.464] [WARNING] [tid:2248] Metering bus: Metering timeout: type=0 slave=2 start=0xc0 count=48 pending=
Metering TX: 02 03 00 30 00 30 45 e2
[2026-09-20 11:51:58.714] [WARNING] [tid:2248] Metering bus: Metering timeout: type=0 slave=2 start=0x30 count=48 pending=
Metering TX: 04 03 00 11 00 20 14 42
[2026-09-20 11:51:58.965] [WARNING] [tid:2248] Metering bus: Metering timeout: type=0 slave=4 start=0x11 count=32 pending=
Metering TX: 06 03 00 0b 00 07 74 7d
[2026-09-20 11:51:59.214] [WARNING] [tid:2248] Metering bus: Metering timeout: type=0 slave=6 start=0xb count=7 pending=
Metering TX: 02 03 00 c0 00 30 45 d1
[2026-09-20 11:51:59.466] [WARNING] [tid:2248] Metering bus: Metering timeout: type=0 slave=2 start=0xc0 count=48 pending=
Metering TX: 02 03 00 90 00 30 45 c0
[2026-09-20 11:51:59.715] [WARNING] [tid:2248] Metering bus: Metering timeout: type=0 slave=2 start=0x90 count=48 pending=
Metering TX: dd a5 03 00 ff fd 77
Metering TX: 06 03 00 0b 00 07 74 7d
[2026-09-20 11:52:00.062] [WARNING] [tid:2248] Metering bus: Metering timeout: type=0 slave=6 start=0xb count=7 pending=
Metering TX: 02 03 00 c0 00 30 45 d1
[2026-09-20 11:52:00.315] [WARNING] [tid:2248] Metering bus: Metering timeout: type=0 slave=2 start=0xc0 count=48 pending=
Metering TX: 02 03 00 30 00 30 45 e2
[2026-09-20 11:52:00.564] [WARNING] [tid:2248] Metering bus: Metering timeout: type=0 slave=2 start=0x30 count=48 pending=
Metering TX: 04 03 00 11 00 20 14 42
[2026-09-20 11:52:00.815] [WARNING] [tid:2248] Metering bus: Metering timeout: type=0 slave=4 start=0x11 count=32 pending=
Metering TX: dd a5 03 00 ff fd 77
Metering TX: 06 03 00 0b 00 07 74 7d
[2026-09-20 11:52:01.149] [WARNING] [tid:2248] Metering bus: Metering timeout: type=0 slave=6 start=0xb count=7 pending=
Metering TX: 02 03 00 c0 00 30 45 d1
[2026-09-20 11:52:01.400] [WARNING] [tid:2248] Metering bus: Metering timeout: type=0 slave=2 start=0xc0 count=48 pending=
Metering TX: 02 03 00 30 00 30 45 e2
[2026-09-20 11:52:01.649] [WARNING] [tid:2248] Metering bus: Metering timeout: type=0 slave=2 start=0x30 count=48 pending=
Metering TX: 02 03 00 90 00 30 45 c0
[2026-09-20 11:52:01.915] [WARNING] [tid:2248] Metering bus: Metering timeout: type=0 slave=2 start=0x90 count=48 pending=
Metering TX: 06 03 00 0b 00 07 74 7d
[2026-09-20 11:52:02.167] [WARNING] [tid:2248] Metering bus: Metering timeout: type=0 slave=6 start=0xb count=7 pending=
Metering TX: 02 03 00 c0 00 30 45 d1
[2026-09-20 11:52:02.417] [WARNING] [tid:2248] Metering bus: Metering timeout: type=0 slave=2 start=0xc0 count=48 pending=
Metering TX: 04 03 00 11 00 20 14 42
[2026-09-20 11:52:02.669] [WARNING] [tid:2248] Metering bus: Metering timeout: type=0 slave=4 start=0x11 count=32 pending=
Metering TX: 05 03 03 00 00 02 c5 cb
[2026-09-20 11:52:02.918] [WARNING] [tid:2248] Metering bus: Metering timeout: type=0 slave=5 start=0x300 count=2 pending=
Metering TX: dd a5 03 00 ff fd 77
Metering TX: 06 03 00 0b 00 07 74 7d
[2026-09-20 11:52:03.268] [WARNING] [tid:2248] Metering bus: Metering timeout: type=0 slave=6 start=0xb count=7 pending=
Metering TX: 02 03 00 c0 00 30 45 d1
[2026-09-20 11:52:03.521] [WARNING] [tid:2248] Metering bus: Metering timeout: type=0 slave=2 start=0xc0 count=48 pending=
Metering TX: 02 03 00 30 00 30 45 e2
[2026-09-20 11:52:03.770] [WARNING] [tid:2248] Metering bus: Metering timeout: type=0 slave=2 start=0x30 count=48 pending=
Metering TX: 02 03 00 90 00 30 45 c0
[2026-09-20 11:52:04.020] [WARNING] [tid:2248] Metering bus: Metering timeout: type=0 slave=2 start=0x90 count=48 pending=
Metering TX: 06 03 00 0b 00 07 74 7d
[2026-09-20 11:52:04.269] [WARNING] [tid:2248] Metering bus: Metering timeout: type=0 slave=6 start=0xb count=7 pending=
Metering TX: 02 03 00 c0 00 30 45 d1
[2026-09-20 11:52:04.520] [WARNING] [tid:2248] Metering bus: Metering timeout: type=0 slave=2 start=0xc0 count=48 pending=
Metering TX: 04 03 00 11 00 20 14 42
[2026-09-20 11:52:04.786] [WARNING] [tid:2248] Metering bus: Metering timeout: type=0 slave=4 start=0x11 count=32 pending=
Metering TX: dd a5 03 00 ff fd 77
Metering TX: 06 03 00 0b 00 07 74 7d
[2026-09-20 11:52:05.152] [WARNING] [tid:2248] Metering bus: Metering timeout: type=0 slave=6 start=0xb count=7 pending=
Metering TX: 02 03 00 c0 00 30 45 d1
[2026-09-20 11:52:05.400] [WARNING] [tid:2248] Metering bus: Metering timeout: type=0 slave=2 start=0xc0 count=48 pending=
Metering TX: 02 03 00 30 00 30 45 e2
[2026-09-20 11:52:05.655] [WARNING] [tid:2248] Metering bus: Metering timeout: type=0 slave=2 start=0x30 count=48 pending=
Metering TX: 02 03 00 90 00 30 45 c0
[2026-09-20 11:52:05.902] [WARNING] [tid:2248] Metering bus: Metering timeout: type=0 slave=2 start=0x90 count=48 pending=
Metering TX: dd a5 04 00 ff fc 77
Metering TX: 06 03 00 0b 00 07 74 7d
[2026-09-20 11:52:06.236] [WARNING] [tid:2248] Metering bus: Metering timeout: type=0 slave=6 start=0xb count=7 pending=
Metering TX: 02 03 00 c0 00 30 45 d1
[2026-09-20 11:52:06.487] [WARNING] [tid:2248] Metering bus: Metering timeout: type=0 slave=2 start=0xc0 count=48 pending=
Metering TX: 02 03 00 30 00 30 45 e2
[2026-09-20 11:52:06.739] [WARNING] [tid:2248] Metering bus: Metering timeout: type=0 slave=2 start=0x30 count=48 pending=
Metering TX: 04 03 00 11 00 20 14 42
[2026-09-20 11:52:06.989] [WARNING] [tid:2248] Metering bus: Metering timeout: type=0 slave=4 start=0x11 count=32 pending=
Metering TX: dd a5 03 00 ff fd 77
Metering TX: 06 03 00 0b 00 07 74 7d
[2026-09-20 11:52:07.322] [WARNING] [tid:2248] Metering bus: Metering timeout: type=0 slave=6 start=0xb count=7 pending=
Metering TX: 02 03 00 c0 00 30 45 d1
[2026-09-20 11:52:07.574] [WARNING] [tid:2248] Metering bus: Metering timeout: type=0 slave=2 start=0xc0 count=48 pending=
Metering TX: 02 03 00 90 00 30 45 c0
[2026-09-20 11:52:07.822] [WARNING] [tid:2248] Metering bus: Metering timeout: type=0 slave=2 start=0x90 count=48 pending=
Metering TX: 05 03 03 00 00 02 c5 cb
[2026-09-20 11:52:08.074] [WARNING] [tid:2248] Metering bus: Metering timeout: type=0 slave=5 start=0x300 count=2 pending=
Metering TX: 06 03 00 0b 00 07 74 7d
[2026-09-20 11:52:08.324] [WARNING] [tid:2248] Metering bus: Metering timeout: type=0 slave=6 start=0xb count=7 pending=
Metering TX: 02 03 00 c0 00 30 45 d1
[2026-09-20 11:52:08.574] [WARNING] [tid:2248] Metering bus: Metering timeout: type=0 slave=2 start=0xc0 count=48 pending=
Metering TX: 02 03 00 30 00 30 45 e2
[2026-09-20 11:52:08.823] [WARNING] [tid:2248] Metering bus: Metering timeout: type=0 slave=2 start=0x30 count=48 pending=
Metering TX: 04 03 00 11 00 20 14 42
[2026-09-20 11:52:09.075] [WARNING] [tid:2248] Metering bus: Metering timeout: type=0 slave=4 start=0x11 count=32 pending=
Metering TX: dd a5 03 00 ff fd 77
Metering TX: 06 03 00 0b 00 07 74 7d
[2026-09-20 11:52:09.442] [WARNING] [tid:2248] Metering bus: Metering timeout: type=0 slave=6 start=0xb count=7 pending=
Metering TX: 02 03 00 c0 00 30 45 d1
[2026-09-20 11:52:09.692] [WARNING] [tid:2248] Metering bus: Metering timeout: type=0 slave=2 start=0xc0 count=48 pending=
Metering TX: 02 03 00 90 00 30 45 c0
[2026-09-20 11:52:09.943] [WARNING] [tid:2248] Metering bus: Metering timeout: type=0 slave=2 start=0x90 count=48 pending=
Metering TX: 06 03 00 0b 00 07 74 7d
[2026-09-20 11:52:10.188] [WARNING] [tid:2248] Metering bus: Metering timeout: type=0 slave=6 start=0xb count=7 pending=
Metering TX: 02 03 00 c0 00 30 45 d1
[2026-09-20 11:52:10.443] [WARNING] [tid:2248] Metering bus: Metering timeout: type=0 slave=2 start=0xc0 count=48 pending=
Metering TX: 02 03 00 30 00 30 45 e2
[2026-09-20 11:52:10.692] [WARNING] [tid:2248] Metering bus: Metering timeout: type=0 slave=2 start=0x30 count=48 pending=
Metering TX: 04 03 00 11 00 20 14 42
[2026-09-20 11:52:10.944] [WARNING] [tid:2248] Metering bus: Metering timeout: type=0 slave=4 start=0x11 count=32 pending=
Metering TX: dd a5 03 00 ff fd 77
Metering TX: 06 03 00 0b 00 07 74 7d
[2026-09-20 11:52:11.294] [WARNING] [tid:2248] Metering bus: Metering timeout: type=0 slave=6 start=0xb count=7 pending=
Metering TX: 02 03 00 c0 00 30 45 d1
[2026-09-20 11:52:11.544] [WARNING] [tid:2248] Metering bus: Metering timeout: type=0 slave=2 start=0xc0 count=48 pending=
Metering TX: 02 03 00 30 00 30 45 e2
[2026-09-20 11:52:11.793] [WARNING] [tid:2248] Metering bus: Metering timeout: type=0 slave=2 start=0x30 count=48 pending=
Metering TX: 02 03 00 90 00 30 45 c0
[2026-09-20 11:52:12.045] [WARNING] [tid:2248] Metering bus: Metering timeout: type=0 slave=2 start=0x90 count=48 pending=
Metering TX: 05 03 03 00 00 02 c5 cb
[2026-09-20 11:52:12.295] [WARNING] [tid:2248] Metering bus: Metering timeout: type=0 slave=5 start=0x300 count=2 pending=
Metering TX: 06 03 00 0b 00 07 74 7d
[2026-09-20 11:52:12.544] [WARNING] [tid:2248] Metering bus: Metering timeout: type=0 slave=6 start=0xb count=7 pending=
Metering TX: 02 03 00 c0 00 30 45 d1
[2026-09-20 11:52:12.796] [WARNING] [tid:2248] Metering bus: Metering timeout: type=0 slave=2 start=0xc0 count=48 pending=
Metering TX: 02 03 00 30 00 30 45 e2
[2026-09-20 11:52:13.042] [WARNING] [tid:2248] Metering bus: Metering timeout: type=0 slave=2 start=0x30 count=48 pending=
Metering TX: 04 03 00 11 00 20 14 42
[2026-09-20 11:52:13.294] [WARNING] [tid:2248] Metering bus: Metering timeout: type=0 slave=4 start=0x11 count=32 pending=
Metering TX: dd a5 03 00 ff fd 77
Metering TX: 06 03 00 0b 00 07 74 7d
[2026-09-20 11:52:13.645] [WARNING] [tid:2248] Metering bus: Metering timeout: type=0 slave=6 start=0xb count=7 pending=
Metering TX: 02 03 00 c0 00 30 45 d1
[2026-09-20 11:52:13.908] [WARNING] [tid:2248] Metering bus: Metering timeout: type=0 slave=2 start=0xc0 count=48 pending=
Metering TX: 02 03 00 90 00 30 45 c0
[2026-09-20 11:52:14.162] [WARNING] [tid:2248] Metering bus: Metering timeout: type=0 slave=2 start=0x90 count=48 pending=
Metering TX: 06 03 00 0b 00 07 74 7d
[2026-09-20 11:52:14.412] [WARNING] [tid:2248] Metering bus: Metering timeout: type=0 slave=6 start=0xb count=7 pending=
Metering TX: 02 03 00 c0 00 30 45 d1
[2026-09-20 11:52:14.679] [WARNING] [tid:2248] Metering bus: Metering timeout: type=0 slave=2 start=0xc0 count=48 pending=
Metering TX: 02 03 00 30 00 30 45 e2
[2026-09-20 11:52:14.930] [WARNING] [tid:2248] Metering bus: Metering timeout: type=0 slave=2 start=0x30 count=48 pending=
Metering TX: 04 03 00 11 00 20 14 42
[2026-09-20 11:52:15.181] [WARNING] [tid:2248] Metering bus: Metering timeout: type=0 slave=4 start=0x11 count=32 pending=
Metering TX: dd a5 03 00 ff fd 77
Metering TX: 06 03 00 0b 00 07 74 7d
[2026-09-20 11:52:15.514] [WARNING] [tid:2248] Metering bus: Metering timeout: type=0 slave=6 start=0xb count=7 pending=
Metering TX: 02 03 00 c0 00 30 45 d1
[2026-09-20 11:52:15.764] [WARNING] [tid:2248] Metering bus: Metering timeout: type=0 slave=2 start=0xc0 count=48 pending=
Metering TX: 02 03 00 30 00 30 45 e2
[2026-09-20 11:52:16.016] [WARNING] [tid:2248] Metering bus: Metering timeout: type=0 slave=2 start=0x30 count=48 pending=
Metering TX: 02 03 00 90 00 30 45 c0
[2026-09-20 11:52:16.263] [WARNING] [tid:2248] Metering bus: Metering timeout: type=0 slave=2 start=0x90 count=48 pending=
Metering TX: dd a5 04 00 ff fc 77
Metering TX: 06 03 00 0b 00 07 74 7d
[2026-09-20 11:52:16.596] [WARNING] [tid:2248] Metering bus: Metering timeout: type=0 slave=6 start=0xb count=7 pending=
Metering TX: 02 03 00 c0 00 30 45 d1
[2026-09-20 11:52:16.846] [WARNING] [tid:2248] Metering bus: Metering timeout: type=0 slave=2 start=0xc0 count=48 pending=
Metering TX: 04 03 00 11 00 20 14 42
[2026-09-20 11:52:17.101] [WARNING] [tid:2248] Metering bus: Metering timeout: type=0 slave=4 start=0x11 count=32 pending=
Metering TX: dd a5 03 00 ff fd 77
Metering TX: 05 03 03 00 00 02 c5 cb
[2026-09-20 11:52:17.446] [WARNING] [tid:2248] Metering bus: Metering timeout: type=0 slave=5 start=0x300 count=2 pending=
Metering TX: 06 03 00 0b 00 07 74 7d
[2026-09-20 11:52:17.698] [WARNING] [tid:2248] Metering bus: Metering timeout: type=0 slave=6 start=0xb count=7 pending=
Metering TX: 02 03 00 c0 00 30 45 d1
[2026-09-20 11:52:17.948] [WARNING] [tid:2248] Metering bus: Metering timeout: type=0 slave=2 start=0xc0 count=48 pending=
Metering TX: 02 03 00 30 00 30 45 e2
[2026-09-20 11:52:18.210] [WARNING] [tid:2248] Metering bus: Metering timeout: type=0 slave=2 start=0x30 count=48 pending=
Metering TX: 02 03 00 90 00 30 45 c0
[2026-09-20 11:52:18.450] [WARNING] [tid:2248] Metering bus: Metering timeout: type=0 slave=2 start=0x90 count=48 pending=
Metering TX: 06 03 00 0b 00 07 74 7d
[2026-09-20 11:52:18.700] [WARNING] [tid:2248] Metering bus: Metering timeout: type=0 slave=6 start=0xb count=7 pending=
Metering TX: 02 03 00 c0 00 30 45 d1
[2026-09-20 11:52:18.950] [WARNING] [tid:2248] Metering bus: Metering timeout: type=0 slave=2 start=0xc0 count=48 pending=
Metering TX: 04 03 00 11 00 20 14 42
[2026-09-20 11:52:19.202] [WARNING] [tid:2248] Metering bus: Metering timeout: type=0 slave=4 start=0x11 count=32 pending=
Metering TX: dd a5 03 00 ff fd 77
Metering TX: 06 03 00 0b 00 07 74 7d
[2026-09-20 11:52:19.534] [WARNING] [tid:2248] Metering bus: Metering timeout: type=0 slave=6 start=0xb count=7 pending=
Metering TX: 02 03 00 c0 00 30 45 d1
[2026-09-20 11:52:19.785] [WARNING] [tid:2248] Metering bus: Metering timeout: type=0 slave=2 start=0xc0 count=48 pending=
Metering TX: 02 03 00 30 00 30 45 e2
[2026-09-20 11:52:20.036] [WARNING] [tid:2248] Metering bus: Metering timeout: type=0 slave=2 start=0x30 count=48 pending=
Metering TX: 02 03 00 90 00 30 45 c0
[2026-09-20 11:52:20.284] [WARNING] [tid:2248] Metering bus: Metering timeout: type=0 slave=2 start=0x90 count=48 pending=
Metering TX: 06 03 00 0b 00 07 74 7d
[2026-09-20 11:52:20.536] [WARNING] [tid:2248] Metering bus: Metering timeout: type=0 slave=6 start=0xb count=7 pending=
Metering TX: 02 03 00 c0 00 30 45 d1
[2026-09-20 11:52:20.802] [WARNING] [tid:2248] Metering bus: Metering timeout: type=0 slave=2 start=0xc0 count=48 pending=
Metering TX: 02 03 00 30 00 30 45 e2
[2026-09-20 11:52:21.053] [WARNING] [tid:2248] Metering bus: Metering timeout: type=0 slave=2 start=0x30 count=48 pending=
Metering TX: 04 03 00 11 00 20 14 42
[2026-09-20 11:52:21.317] [WARNING] [tid:2248] Metering bus: Metering timeout: type=0 slave=4 start=0x11 count=32 pending=
Metering TX: dd a5 03 00 ff fd 77
Metering TX: 06 03 00 0b 00 07 74 7d
[2026-09-20 11:52:21.669] [WARNING] [tid:2248] Metering bus: Metering timeout: type=0 slave=6 start=0xb count=7 pending=
Metering TX: 02 03 00 c0 00 30 45 d1
[2026-09-20 11:52:21.920] [WARNING] [tid:2248] Metering bus: Metering timeout: type=0 slave=2 start=0xc0 count=48 pending=
Metering TX: 02 03 00 30 00 30 45 e2
[2026-09-20 11:52:22.171] [WARNING] [tid:2248] Metering bus: Metering timeout: type=0 slave=2 start=0x30 count=48 pending=
Metering TX: 02 03 00 90 00 30 45 c0
[2026-09-20 11:52:22.422] [WARNING] [tid:2248] Metering bus: Metering timeout: type=0 slave=2 start=0x90 count=48 pending=
Metering TX: 05 03 03 00 00 02 c5 cb
[2026-09-20 11:52:22.672] [WARNING] [tid:2248] Metering bus: Metering timeout: type=0 slave=5 start=0x300 count=2 pending=
Metering TX: 06 03 00 0b 00 07 74 7d
[2026-09-20 11:52:22.922] [WARNING] [tid:2248] Metering bus: Metering timeout: type=0 slave=6 start=0xb count=7 pending=
Metering TX: 02 03 00 c0 00 30 45 d1
[2026-09-20 11:52:23.171] [WARNING] [tid:2248] Metering bus: Metering timeout: type=0 slave=2 start=0xc0 count=48 pending=
Metering TX: 04 03 00 11 00 20 14 42
[2026-09-20 11:52:23.423] [WARNING] [tid:2248] Metering bus: Metering timeout: type=0 slave=4 start=0x11 count=32 pending=
Metering TX: dd a5 03 00 ff fd 77
Metering TX: 06 03 00 0b 00 07 74 7d
[2026-09-20 11:52:23.773] [WARNING] [tid:2248] Metering bus: Metering timeout: type=0 slave=6 start=0xb count=7 pending=
Metering TX: 02 03 00 30 00 30 45 e2
[2026-09-20 11:52:24.024] [WARNING] [tid:2248] Metering bus: Metering timeout: type=0 slave=2 start=0x30 count=48 pending=
Metering TX: 02 03 00 90 00 30 45 c0
[2026-09-20 11:52:24.274] [WARNING] [tid:2248] Metering bus: Metering timeout: type=0 slave=2 start=0x90 count=48 pending=
Metering TX: 06 03 00 0b 00 07 74 7d
[2026-09-20 11:52:24.541] [WARNING] [tid:2248] Metering bus: Metering timeout: type=0 slave=6 start=0xb count=7 pending=
Metering TX: 02 03 00 c0 00 30 45 d1
[2026-09-20 11:52:24.791] [WARNING] [tid:2248] Metering bus: Metering timeout: type=0 slave=2 start=0xc0 count=48 pending=
Metering TX: 02 03 00 30 00 30 45 e2
[2026-09-20 11:52:25.041] [WARNING] [tid:2248] Metering bus: Metering timeout: type=0 slave=2 start=0x30 count=48 pending=
Metering TX: 04 03 00 11 00 20 14 42
[2026-09-20 11:52:25.291] [WARNING] [tid:2248] Metering bus: Metering timeout: type=0 slave=4 start=0x11 count=32 pending=
Metering TX: dd a5 03 00 ff fd 77
Metering TX: 06 03 00 0b 00 07 74 7d
[2026-09-20 11:52:25.639] [WARNING] [tid:2248] Metering bus: Metering timeout: type=0 slave=6 start=0xb count=7 pending=
Metering TX: 02 03 00 c0 00 30 45 d1
[2026-09-20 11:52:25.903] [WARNING] [tid:2248] Metering bus: Metering timeout: type=0 slave=2 start=0xc0 count=48 pending=
Metering TX: 02 03 00 30 00 30 45 e2
[2026-09-20 11:52:26.158] [WARNING] [tid:2248] Metering bus: Metering timeout: type=0 slave=2 start=0x30 count=48 pending=
Metering TX: 02 03 00 90 00 30 45 c0
[2026-09-20 11:52:26.409] [WARNING] [tid:2248] Metering bus: Metering timeout: type=0 slave=2 start=0x90 count=48 pending=
Metering TX: dd a5 04 00 ff fc 77
Metering TX: 06 03 00 0b 00 07 74 7d
[2026-09-20 11:52:26.742] [WARNING] [tid:2248] Metering bus: Metering timeout: type=0 slave=6 start=0xb count=7 pending=
Metering TX: 02 03 00 c0 00 30 45 d1
[2026-09-20 11:52:27.010] [WARNING] [tid:2248] Metering bus: Metering timeout: type=0 slave=2 start=0xc0 count=48 pending=
Metering TX: 02 03 00 30 00 30 45 e2
[2026-09-20 11:52:27.260] [WARNING] [tid:2248] Metering bus: Metering timeout: type=0 slave=2 start=0x30 count=48 pending=
Metering TX: 04 03 00 11 00 20 14 42
[2026-09-20 11:52:27.510] [WARNING] [tid:2248] Metering bus: Metering timeout: type=0 slave=4 start=0x11 count=32 pending=
Metering TX: 05 03 03 00 00 02 c5 cb
[2026-09-20 11:52:27.761] [WARNING] [tid:2248] Metering bus: Metering timeout: type=0 slave=5 start=0x300 count=2 pending=
Metering TX: dd a5 03 00 ff fd 77
Metering TX: 06 03 00 0b 00 07 74 7d
[2026-09-20 11:52:28.109] [WARNING] [tid:2248] Metering bus: Metering timeout: type=0 slave=6 start=0xb count=7 pending=
Metering TX: 02 03 00 c0 00 30 45 d1
[2026-09-20 11:52:28.361] [WARNING] [tid:2248] Metering bus: Metering timeout: type=0 slave=2 start=0xc0 count=48 pending=
Metering TX: 02 03 00 90 00 30 45 c0
[2026-09-20 11:52:28.612] [WARNING] [tid:2248] Metering bus: Metering timeout: type=0 slave=2 start=0x90 count=48 pending=
Metering TX: 06 03 00 0b 00 07 74 7d
[2026-09-20 11:52:28.862] [WARNING] [tid:2248] Metering bus: Metering timeout: type=0 slave=6 start=0xb count=7 pending=
Metering TX: 02 03 00 30 00 30 45 e2
[2026-09-20 11:52:29.111] [WARNING] [tid:2248] Metering bus: Metering timeout: type=0 slave=2 start=0x30 count=48 pending=
Metering TX: 04 03 00 11 00 20 14 42
[2026-09-20 11:52:29.360] [WARNING] [tid:2248] Metering bus: Metering timeout: type=0 slave=4 start=0x11 count=32 pending=
Metering TX: dd a5 03 00 ff fd 77
Metering TX: 06 03 00 0b 00 07 74 7d
[2026-09-20 11:52:29.728] [WARNING] [tid:2248] Metering bus: Metering timeout: type=0 slave=6 start=0xb count=7 pending=
Metering TX: 02 03 00 c0 00 30 45 d1
[2026-09-20 11:52:29.978] [WARNING] [tid:2248] Metering bus: Metering timeout: type=0 slave=2 start=0xc0 count=48 pending=
Metering TX: 02 03 00 30 00 30 45 e2
[2026-09-20 11:52:30.228] [WARNING] [tid:2248] Metering bus: Metering timeout: type=0 slave=2 start=0x30 count=48 pending=
Metering TX: 02 03 00 90 00 30 45 c0
[2026-09-20 11:52:30.478] [WARNING] [tid:2248] Metering bus: Metering timeout: type=0 slave=2 start=0x90 count=48 pending=
Metering TX: 06 03 00 0b 00 07 74 7d
[2026-09-20 11:52:30.729] [WARNING] [tid:2248] Metering bus: Metering timeout: type=0 slave=6 start=0xb count=7 pending=
Metering TX: 02 03 00 c0 00 30 45 d1
[2026-09-20 11:52:30.979] [WARNING] [tid:2248] Metering bus: Metering timeout: type=0 slave=2 start=0xc0 count=48 pending=
Metering TX: 02 03 00 30 00 30 45 e2
[2026-09-20 11:52:31.230] [WARNING] [tid:2248] Metering bus: Metering timeout: type=0 slave=2 start=0x30 count=48 pending=
Metering TX: 04 03 00 11 00 20 14 42
[2026-09-20 11:52:31.496] [WARNING] [tid:2248] Metering bus: Metering timeout: type=0 slave=4 start=0x11 count=32 pending=
Metering TX: dd a5 03 00 ff fd 77
Metering TX: 06 03 00 0b 00 07 74 7d
[2026-09-20 11:52:31.848] [WARNING] [tid:2248] Metering bus: Metering timeout: type=0 slave=6 start=0xb count=7 pending=
Metering TX: 02 03 00 c0 00 30 45 d1
[2026-09-20 11:52:32.097] [WARNING] [tid:2248] Metering bus: Metering timeout: type=0 slave=2 start=0xc0 count=48 pending=
Metering TX: 02 03 00 30 00 30 45 e2
[2026-09-20 11:52:32.351] [WARNING] [tid:2248] Metering bus: Metering timeout: type=0 slave=2 start=0x30 count=48 pending=
Metering TX: 02 03 00 90 00 30 45 c0
[2026-09-20 11:52:32.609] [WARNING] [tid:2248] Metering bus: Metering timeout: type=0 slave=2 start=0x90 count=48 pending=
Metering TX: 05 03 03 00 00 02 c5 cb
[2026-09-20 11:52:32.865] [WARNING] [tid:2248] Metering bus: Metering timeout: type=0 slave=5 start=0x300 count=2 pending=
Metering TX: 06 03 00 0b 00 07 74 7d
[2026-09-20 11:52:33.115] [WARNING] [tid:2248] Metering bus: Metering timeout: type=0 slave=6 start=0xb count=7 pending=
Metering TX: 02 03 00 c0 00 30 45 d1
[2026-09-20 11:52:33.382] [WARNING] [tid:2248] Metering bus: Metering timeout: type=0 slave=2 start=0xc0 count=48 pending=
Metering TX: 04 03 00 11 00 20 14 42
[2026-09-20 11:52:33.648] [WARNING] [tid:2248] Metering bus: Metering timeout: type=0 slave=4 start=0x11 count=32 pending=
Metering TX: dd a5 03 00 ff fd 77
Metering TX: 06 03 00 0b 00 07 74 7d
[2026-09-20 11:52:34.000] [WARNING] [tid:2248] Metering bus: Metering timeout: type=0 slave=6 start=0xb count=7 pending=
Metering TX: 02 03 00 30 00 30 45 e2
[2026-09-20 11:52:34.250] [WARNING] [tid:2248] Metering bus: Metering timeout: type=0 slave=2 start=0x30 count=48 pending=
Metering TX: 02 03 00 90 00 30 45 c0
[2026-09-20 11:52:34.498] [WARNING] [tid:2248] Metering bus: Metering timeout: type=0 slave=2 start=0x90 count=48 pending=
Metering TX: 06 03 00 0b 00 07 74 7d
[2026-09-20 11:52:34.751] [WARNING] [tid:2248] Metering bus: Metering timeout: type=0 slave=6 start=0xb count=7 pending=
Metering TX: 02 03 00 c0 00 30 45 d1
[2026-09-20 11:52:35.002] [WARNING] [tid:2248] Metering bus: Metering timeout: type=0 slave=2 start=0xc0 count=48 pending=
Metering TX: 02 03 00 30 00 30 45 e2
[2026-09-20 11:52:35.267] [WARNING] [tid:2248] Metering bus: Metering timeout: type=0 slave=2 start=0x30 count=48 pending=
Metering TX: 04 03 00 11 00 20 14 42
[2026-09-20 11:52:35.531] [WARNING] [tid:2248] Metering bus: Metering timeout: type=0 slave=4 start=0x11 count=32 pending=
Metering TX: dd a5 03 00 ff fd 77
Metering TX: 06 03 00 0b 00 07 74 7d
[2026-09-20 11:52:35.885] [WARNING] [tid:2248] Metering bus: Metering timeout: type=0 slave=6 start=0xb count=7 pending=
Metering TX: 02 03 00 c0 00 30 45 d1
[2026-09-20 11:52:36.135] [WARNING] [tid:2248] Metering bus: Metering timeout: type=0 slave=2 start=0xc0 count=48 pending=
Metering TX: 02 03 00 30 00 30 45 e2
[2026-09-20 11:52:36.384] [WARNING] [tid:2248] Metering bus: Metering timeout: type=0 slave=2 start=0x30 count=48 pending=
Metering TX: 02 03 00 90 00 30 45 c0
[2026-09-20 11:52:36.636] [WARNING] [tid:2248] Metering bus: Metering timeout: type=0 slave=2 start=0x90 count=48 pending=
Metering TX: dd a5 04 00 ff fc 77
Metering TX: 06 03 00 0b 00 07 74 7d
[2026-09-20 11:52:36.966] [WARNING] [tid:2248] Metering bus: Metering timeout: type=0 slave=6 start=0xb count=7 pending=
Metering TX: 02 03 00 c0 00 30 45 d1
[2026-09-20 11:52:37.219] [WARNING] [tid:2248] Metering bus: Metering timeout: type=0 slave=2 start=0xc0 count=48 pending=
Metering TX: 02 03 00 30 00 30 45 e2
[2026-09-20 11:52:37.469] [WARNING] [tid:2248] Metering bus: Metering timeout: type=0 slave=2 start=0x30 count=48 pending=
Metering TX: 04 03 00 11 00 20 14 42
[2026-09-20 11:52:37.721] [WARNING] [tid:2248] Metering bus: Metering timeout: type=0 slave=4 start=0x11 count=32 pending=
Metering TX: 05 03 03 00 00 02 c5 cb
[2026-09-20 11:52:37.970] [WARNING] [tid:2248] Metering bus: Metering timeout: type=0 slave=5 start=0x300 count=2 pending=
Metering TX: dd a5 03 00 ff fd 77
Metering TX: 06 03 00 0b 00 07 74 7d
[2026-09-20 11:52:38.355] [WARNING] [tid:2248] Metering bus: Metering timeout: type=0 slave=6 start=0xb count=7 pending=
Metering TX: 02 03 00 c0 00 30 45 d1
[2026-09-20 11:52:38.604] [WARNING] [tid:2248] Metering bus: Metering timeout: type=0 slave=2 start=0xc0 count=48 pending=
Metering TX: 02 03 00 90 00 30 45 c0
[2026-09-20 11:52:38.855] [WARNING] [tid:2248] Metering bus: Metering timeout: type=0 slave=2 start=0x90 count=48 pending=
Metering TX: 06 03 00 0b 00 07 74 7d
[2026-09-20 11:52:39.105] [WARNING] [tid:2248] Metering bus: Metering timeout: type=0 slave=6 start=0xb count=7 pending=
Metering TX: 02 03 00 30 00 30 45 e2
[2026-09-20 11:52:39.354] [WARNING] [tid:2248] Metering bus: Metering timeout: type=0 slave=2 start=0x30 count=48 pending=
Metering TX: 04 03 00 11 00 20 14 42
[2026-09-20 11:52:39.606] [WARNING] [tid:2248] Metering bus: Metering timeout: type=0 slave=4 start=0x11 count=32 pending=
Metering TX: dd a5 03 00 ff fd 77
Metering TX: 06 03 00 0b 00 07 74 7d
[2026-09-20 11:52:39.940] [WARNING] [tid:2248] Metering bus: Metering timeout: type=0 slave=6 start=0xb count=7 pending=
Metering TX: 02 03 00 c0 00 30 45 d1
[2026-09-20 11:52:40.190] [WARNING] [tid:2248] Metering bus: Metering timeout: type=0 slave=2 start=0xc0 count=48 pending=
Metering TX: 02 03 00 30 00 30 45 e2
[2026-09-20 11:52:40.439] [WARNING] [tid:2248] Metering bus: Metering timeout: type=0 slave=2 start=0x30 count=48 pending=
Metering TX: 02 03 00 90 00 30 45 c0
[2026-09-20 11:52:40.692] [WARNING] [tid:2248] Metering bus: Metering timeout: type=0 slave=2 start=0x90 count=48 pending=
Metering TX: 06 03 00 0b 00 07 74 7d
[2026-09-20 11:52:40.939] [WARNING] [tid:2248] Metering bus: Metering timeout: type=0 slave=6 start=0xb count=7 pending=
Metering TX: 02 03 00 c0 00 30 45 d1
[2026-09-20 11:52:41.207] [WARNING] [tid:2248] Metering bus: Metering timeout: type=0 slave=2 start=0xc0 count=48 pending=
Metering TX: 02 03 00 30 00 30 45 e2
[2026-09-20 11:52:41.454] [WARNING] [tid:2248] Metering bus: Metering timeout: type=0 slave=2 start=0x30 count=48 pending=
Metering TX: 04 03 00 11 00 20 14 42
[2026-09-20 11:52:41.707] [WARNING] [tid:2248] Metering bus: Metering timeout: type=0 slave=4 start=0x11 count=32 pending=
Metering TX: dd a5 03 00 ff fd 77
Metering TX: 06 03 00 0b 00 07 74 7d
[2026-09-20 11:52:42.057] [WARNING] [tid:2248] Metering bus: Metering timeout: type=0 slave=6 start=0xb count=7 pending=
Metering TX: 02 03 00 c0 00 30 45 d1
[2026-09-20 11:52:42.317] [WARNING] [tid:2248] Metering bus: Metering timeout: type=0 slave=2 start=0xc0 count=48 pending=
Metering TX: 02 03 00 30 00 30 45 e2
[2026-09-20 11:52:42.570] [WARNING] [tid:2248] Metering bus: Metering timeout: type=0 slave=2 start=0x30 count=48 pending=
Metering TX: 02 03 00 90 00 30 45 c0
[2026-09-20 11:52:42.821] [WARNING] [tid:2248] Metering bus: Metering timeout: type=0 slave=2 start=0x90 count=48 pending=
Metering TX: 05 03 03 00 00 02 c5 cb
[2026-09-20 11:52:43.074] [WARNING] [tid:2248] Metering bus: Metering timeout: type=0 slave=5 start=0x300 count=2 pending=
Metering TX: 06 03 00 0b 00 07 74 7d
[2026-09-20 11:52:43.326] [WARNING] [tid:2248] Metering bus: Metering timeout: type=0 slave=6 start=0xb count=7 pending=
Metering TX: 02 03 00 c0 00 30 45 d1
[2026-09-20 11:52:43.575] [WARNING] [tid:2248] Metering bus: Metering timeout: type=0 slave=2 start=0xc0 count=48 pending=
Metering TX: 02 03 00 30 00 30 45 e2
[2026-09-20 11:52:43.827] [WARNING] [tid:2248] Metering bus: Metering timeout: type=0 slave=2 start=0x30 count=48 pending=
Metering TX: 04 03 00 11 00 20 14 42
[2026-09-20 11:52:44.091] [WARNING] [tid:2248] Metering bus: Metering timeout: type=0 slave=4 start=0x11 count=32 pending=
Metering TX: dd a5 03 00 ff fd 77
Metering TX: 06 03 00 0b 00 07 74 7d
[2026-09-20 11:52:44.442] [WARNING] [tid:2248] Metering bus: Metering timeout: type=0 slave=6 start=0xb count=7 pending=
Metering TX: 02 03 00 c0 00 30 45 d1
[2026-09-20 11:52:44.693] [WARNING] [tid:2248] Metering bus: Metering timeout: type=0 slave=2 start=0xc0 count=48 pending=
Metering TX: 02 03 00 90 00 30 45 c0
[2026-09-20 11:52:44.943] [WARNING] [tid:2248] Metering bus: Metering timeout: type=0 slave=2 start=0x90 count=48 pending=
Metering TX: 06 03 00 0b 00 07 74 7d
[2026-09-20 11:52:45.210] [WARNING] [tid:2248] Metering bus: Metering timeout: type=0 slave=6 start=0xb count=7 pending=
Metering TX: 02 03 00 30 00 30 45 e2
[2026-09-20 11:52:45.478] [WARNING] [tid:2248] Metering bus: Metering timeout: type=0 slave=2 start=0x30 count=48 pending=
Metering TX: 04 03 00 11 00 20 14 42
[2026-09-20 11:52:45.744] [WARNING] [tid:2248] Metering bus: Metering timeout: type=0 slave=4 start=0x11 count=32 pending=
Metering TX: dd a5 03 00 ff fd 77
Metering TX: 06 03 00 0b 00 07 74 7d
[2026-09-20 11:52:46.079] [WARNING] [tid:2248] Metering bus: Metering timeout: type=0 slave=6 start=0xb count=7 pending=
Metering TX: 02 03 00 c0 00 30 45 d1
[2026-09-20 11:52:46.320] [WARNING] [tid:2248] Metering bus: Metering timeout: type=0 slave=2 start=0xc0 count=48 pending=
Metering TX: 02 03 00 30 00 30 45 e2
[2026-09-20 11:52:46.580] [WARNING] [tid:2248] Metering bus: Metering timeout: type=0 slave=2 start=0x30 count=48 pending=
Metering TX: 02 03 00 90 00 30 45 c0
[2026-09-20 11:52:46.830] [WARNING] [tid:2248] Metering bus: Metering timeout: type=0 slave=2 start=0x90 count=48 pending=
Metering TX: dd a5 04 00 ff fc 77
Metering TX: 06 03 00 0b 00 07 74 7d
[2026-09-20 11:52:47.176] [WARNING] [tid:2248] Metering bus: Metering timeout: type=0 slave=6 start=0xb count=7 pending=
Metering TX: 02 03 00 c0 00 30 45 d1
[2026-09-20 11:52:47.445] [WARNING] [tid:2248] Metering bus: Metering timeout: type=0 slave=2 start=0xc0 count=48 pending=
Metering TX: 02 03 00 30 00 30 45 e2
[2026-09-20 11:52:47.696] [WARNING] [tid:2248] Metering bus: Metering timeout: type=0 slave=2 start=0x30 count=48 pending=
Metering TX: 04 03 00 11 00 20 14 42
[2026-09-20 11:52:47.947] [WARNING] [tid:2248] Metering bus: Metering timeout: type=0 slave=4 start=0x11 count=32 pending=
Metering TX: 05 03 03 00 00 02 c5 cb
[2026-09-20 11:52:48.198] [WARNING] [tid:2248] Metering bus: Metering timeout: type=0 slave=5 start=0x300 count=2 pending=
Metering TX: dd a5 03 00 ff fd 77
Metering TX: 06 03 00 0b 00 07 74 7d
[2026-09-20 11:52:48.565] [WARNING] [tid:2248] Metering bus: Metering timeout: type=0 slave=6 start=0xb count=7 pending=
Metering TX: 02 03 00 c0 00 30 45 d1
[2026-09-20 11:52:48.815] [WARNING] [tid:2248] Metering bus: Metering timeout: type=0 slave=2 start=0xc0 count=48 pending=
Metering TX: 02 03 00 90 00 30 45 c0
[2026-09-20 11:52:49.060] [WARNING] [tid:2248] Metering bus: Metering timeout: type=0 slave=2 start=0x90 count=48 pending=
Metering TX: 06 03 00 0b 00 07 74 7d
[2026-09-20 11:52:49.314] [WARNING] [tid:2248] Metering bus: Metering timeout: type=0 slave=6 start=0xb count=7 pending=
Metering TX: 02 03 00 30 00 30 45 e2
[2026-09-20 11:52:49.564] [WARNING] [tid:2248] Metering bus: Metering timeout: type=0 slave=2 start=0x30 count=48 pending=
Metering TX: 04 03 00 11 00 20 14 42
[2026-09-20 11:52:49.815] [WARNING] [tid:2248] Metering bus: Metering timeout: type=0 slave=4 start=0x11 count=32 pending=
Metering TX: dd a5 03 00 ff fd 77
Metering TX: 06 03 00 0b 00 07 74 7d
[2026-09-20 11:52:50.149] [WARNING] [tid:2248] Metering bus: Metering timeout: type=0 slave=6 start=0xb count=7 pending=
Metering TX: 02 03 00 c0 00 30 45 d1
[2026-09-20 11:52:50.399] [WARNING] [tid:2248] Metering bus: Metering timeout: type=0 slave=2 start=0xc0 count=48 pending=
Metering TX: 02 03 00 30 00 30 45 e2
[2026-09-20 11:52:50.666] [WARNING] [tid:2248] Metering bus: Metering timeout: type=0 slave=2 start=0x30 count=48 pending=
Metering TX: 02 03 00 90 00 30 45 c0
[2026-09-20 11:52:50.917] [WARNING] [tid:2248] Metering bus: Metering timeout: type=0 slave=2 start=0x90 count=48 pending=
Metering TX: 06 03 00 0b 00 07 74 7d
[2026-09-20 11:52:51.167] [WARNING] [tid:2248] Metering bus: Metering timeout: type=0 slave=6 start=0xb count=7 pending=
Metering TX: 02 03 00 c0 00 30 45 d1
[2026-09-20 11:52:51.417] [WARNING] [tid:2248] Metering bus: Metering timeout: type=0 slave=2 start=0xc0 count=48 pending=
Metering TX: 02 03 00 30 00 30 45 e2
[2026-09-20 11:52:51.667] [WARNING] [tid:2248] Metering bus: Metering timeout: type=0 slave=2 start=0x30 count=48 pending=
Metering TX: 04 03 00 11 00 20 14 42
[2026-09-20 11:52:51.915] [WARNING] [tid:2248] Metering bus: Metering timeout: type=0 slave=4 start=0x11 count=32 pending=
Metering TX: dd a5 03 00 ff fd 77
Metering TX: 06 03 00 0b 00 07 74 7d
[2026-09-20 11:52:52.267] [WARNING] [tid:2248] Metering bus: Metering timeout: type=0 slave=6 start=0xb count=7 pending=
Metering TX: 02 03 00 c0 00 30 45 d1
[2026-09-20 11:52:52.516] [WARNING] [tid:2248] Metering bus: Metering timeout: type=0 slave=2 start=0xc0 count=48 pending=
Metering TX: 02 03 00 30 00 30 45 e2
[2026-09-20 11:52:52.769] [WARNING] [tid:2248] Metering bus: Metering timeout: type=0 slave=2 start=0x30 count=48 pending=
Metering TX: 02 03 00 90 00 30 45 c0
[2026-09-20 11:52:53.019] [WARNING] [tid:2248] Metering bus: Metering timeout: type=0 slave=2 start=0x90 count=48 pending=
Metering TX: 05 03 03 00 00 02 c5 cb
[2026-09-20 11:52:53.267] [WARNING] [tid:2248] Metering bus: Metering timeout: type=0 slave=5 start=0x300 count=2 pending=
Metering TX: 06 03 00 0b 00 07 74 7d
[2026-09-20 11:52:53.516] [WARNING] [tid:2248] Metering bus: Metering timeout: type=0 slave=6 start=0xb count=7 pending=
Metering TX: 02 03 00 c0 00 30 45 d1
[2026-09-20 11:52:53.771] [WARNING] [tid:2248] Metering bus: Metering timeout: type=0 slave=2 start=0xc0 count=48 pending=
Metering TX: 02 03 00 30 00 30 45 e2
[2026-09-20 11:52:54.020] [WARNING] [tid:2248] Metering bus: Metering timeout: type=0 slave=2 start=0x30 count=48 pending=
Metering TX: 04 03 00 11 00 20 14 42
[2026-09-20 11:52:54.269] [WARNING] [tid:2248] Metering bus: Metering timeout: type=0 slave=4 start=0x11 count=32 pending=
Metering TX: dd a5 03 00 ff fd 77
Metering TX: 06 03 00 0b 00 07 74 7d
[2026-09-20 11:52:54.618] [WARNING] [tid:2248] Metering bus: Metering timeout: type=0 slave=6 start=0xb count=7 pending=
Metering TX: 02 03 00 c0 00 30 45 d1
[2026-09-20 11:52:54.869] [WARNING] [tid:2248] Metering bus: Metering timeout: type=0 slave=2 start=0xc0 count=48 pending=
Metering TX: 02 03 00 90 00 30 45 c0
[2026-09-20 11:52:55.120] [WARNING] [tid:2248] Metering bus: Metering timeout: type=0 slave=2 start=0x90 count=48 pending=
Metering TX: 06 03 00 0b 00 07 74 7d
[2026-09-20 11:52:55.371] [WARNING] [tid:2248] Metering bus: Metering timeout: type=0 slave=6 start=0xb count=7 pending=
Metering TX: 02 03 00 c0 00 30 45 d1
[2026-09-20 11:52:55.622] [WARNING] [tid:2248] Metering bus: Metering timeout: type=0 slave=2 start=0xc0 count=48 pending=
Metering TX: 02 03 00 30 00 30 45 e2
[2026-09-20 11:52:55.887] [WARNING] [tid:2248] Metering bus: Metering timeout: type=0 slave=2 start=0x30 count=48 pending=
Metering TX: 04 03 00 11 00 20 14 42
[2026-09-20 11:52:56.139] [WARNING] [tid:2248] Metering bus: Metering timeout: type=0 slave=4 start=0x11 count=32 pending=
Metering TX: dd a5 03 00 ff fd 77
Metering TX: dd a5 04 00 ff fc 77
Metering TX: 06 03 00 0b 00 07 74 7d
[2026-09-20 11:52:56.568] [WARNING] [tid:2248] Metering bus: Metering timeout: type=0 slave=6 start=0xb count=7 pending=
Metering TX: 02 03 00 c0 00 30 45 d1
[2026-09-20 11:52:56.822] [WARNING] [tid:2248] Metering bus: Metering timeout: type=0 slave=2 start=0xc0 count=48 pending=
Metering TX: 02 03 00 30 00 30 45 e2
[2026-09-20 11:52:57.073] [WARNING] [tid:2248] Metering bus: Metering timeout: type=0 slave=2 start=0x30 count=48 pending=
Metering TX: 02 03 00 90 00 30 45 c0
[2026-09-20 11:52:57.322] [WARNING] [tid:2248] Metering bus: Metering timeout: type=0 slave=2 start=0x90 count=48 pending=
Metering TX: 06 03 00 0b 00 07 74 7d
[2026-09-20 11:52:57.588] [WARNING] [tid:2248] Metering bus: Metering timeout: type=0 slave=6 start=0xb count=7 pending=
Metering TX: 02 03 00 c0 00 30 45 d1
[2026-09-20 11:52:57.837] [WARNING] [tid:2248] Metering bus: Metering timeout: type=0 slave=2 start=0xc0 count=48 pending=
Metering TX: 04 03 00 11 00 20 14 42
[2026-09-20 11:52:58.090] [WARNING] [tid:2248] Metering bus: Metering timeout: type=0 slave=4 start=0x11 count=32 pending=
Metering TX: 05 03 03 00 00 02 c5 cb
[2026-09-20 11:52:58.341] [WARNING] [tid:2248] Metering bus: Metering timeout: type=0 slave=5 start=0x300 count=2 pending=
Metering TX: dd a5 03 00 ff fd 77
Metering TX: 06 03 00 0b 00 07 74 7d
[2026-09-20 11:52:58.691] [WARNING] [tid:2248] Metering bus: Metering timeout: type=0 slave=6 start=0xb count=7 pending=
Metering TX: 02 03 00 c0 00 30 45 d1
[2026-09-20 11:52:58.953] [WARNING] [tid:2248] Metering bus: Metering timeout: type=0 slave=2 start=0xc0 count=48 pending=
Metering TX: 02 03 00 30 00 30 45 e2
[2026-09-20 11:52:59.206] [WARNING] [tid:2248] Metering bus: Metering timeout: type=0 slave=2 start=0x30 count=48 pending=
Metering TX: 02 03 00 90 00 30 45 c0
[2026-09-20 11:52:59.465] [WARNING] [tid:2248] Metering bus: Metering timeout: type=0 slave=2 start=0x90 count=48 pending=
Metering TX: 06 03 00 0b 00 07 74 7d
[2026-09-20 11:52:59.737] [WARNING] [tid:2248] Metering bus: Metering timeout: type=0 slave=6 start=0xb count=7 pending=
Metering TX: 04 03 00 11 00 20 14 42
[2026-09-20 11:52:59.993] [WARNING] [tid:2248] Metering bus: Metering timeout: type=0 slave=4 start=0x11 count=32 pending=
Metering TX: dd a5 03 00 ff fd 77
Metering TX: 06 03 00 0b 00 07 74 7d
[2026-09-20 11:53:00.342] [WARNING] [tid:2248] Metering bus: Metering timeout: type=0 slave=6 start=0xb count=7 pending=
Metering TX: 02 03 00 c0 00 30 45 d1
[2026-09-20 11:53:00.593] [WARNING] [tid:2248] Metering bus: Metering timeout: type=0 slave=2 start=0xc0 count=48 pending=
Metering TX: 02 03 00 30 00 30 45 e2
[2026-09-20 11:53:00.843] [WARNING] [tid:2248] Metering bus: Metering timeout: type=0 slave=2 start=0x30 count=48 pending=
Metering TX: 02 03 00 90 00 30 45 c0
[2026-09-20 11:53:01.094] [WARNING] [tid:2248] Metering bus: Metering timeout: type=0 slave=2 start=0x90 count=48 pending=
Metering TX: 06 03 00 0b 00 07 74 7d
[2026-09-20 11:53:01.344] [WARNING] [tid:2248] Metering bus: Metering timeout: type=0 slave=6 start=0xb count=7 pending=
Metering TX: 02 03 00 c0 00 30 45 d1
[2026-09-20 11:53:01.594] [WARNING] [tid:2248] Metering bus: Metering timeout: type=0 slave=2 start=0xc0 count=48 pending=
Metering TX: 02 03 00 30 00 30 45 e2
[2026-09-20 11:53:01.845] [WARNING] [tid:2248] Metering bus: Metering timeout: type=0 slave=2 start=0x30 count=48 pending=
Metering TX: 04 03 00 11 00 20 14 42
[2026-09-20 11:53:02.088] [WARNING] [tid:2248] Metering bus: Metering timeout: type=0 slave=4 start=0x11 count=32 pending=
Metering TX: dd a5 03 00 ff fd 77
Metering TX: 06 03 00 0b 00 07 74 7d
[2026-09-20 11:53:02.429] [WARNING] [tid:2248] Metering bus: Metering timeout: type=0 slave=6 start=0xb count=7 pending=
Metering TX: 02 03 00 c0 00 30 45 d1
[2026-09-20 11:53:02.679] [WARNING] [tid:2248] Metering bus: Metering timeout: type=0 slave=2 start=0xc0 count=48 pending=
Metering TX: 02 03 00 30 00 30 45 e2
[2026-09-20 11:53:02.946] [WARNING] [tid:2248] Metering bus: Metering timeout: type=0 slave=2 start=0x30 count=48 pending=
Metering TX: 02 03 00 90 00 30 45 c0
[2026-09-20 11:53:03.213] [WARNING] [tid:2248] Metering bus: Metering timeout: type=0 slave=2 start=0x90 count=48 pending=
Metering TX: 05 03 03 00 00 02 c5 cb
[2026-09-20 11:53:03.463] [WARNING] [tid:2248] Metering bus: Metering timeout: type=0 slave=5 start=0x300 count=2 pending=
Metering TX: 06 03 00 0b 00 07 74 7d
[2026-09-20 11:53:03.712] [WARNING] [tid:2248] Metering bus: Metering timeout: type=0 slave=6 start=0xb count=7 pending=
Metering TX: 02 03 00 c0 00 30 45 d1
[2026-09-20 11:53:03.964] [WARNING] [tid:2248] Metering bus: Metering timeout: type=0 slave=2 start=0xc0 count=48 pending=
Metering TX: 02 03 00 30 00 30 45 e2
[2026-09-20 11:53:04.229] [WARNING] [tid:2248] Metering bus: Metering timeout: type=0 slave=2 start=0x30 count=48 pending=
Metering TX: 04 03 00 11 00 20 14 42
[2026-09-20 11:53:04.480] [WARNING] [tid:2248] Metering bus: Metering timeout: type=0 slave=4 start=0x11 count=32 pending=
Metering TX: dd a5 03 00 ff fd 77
Metering TX: 06 03 00 0b 00 07 74 7d
[2026-09-20 11:53:04.831] [WARNING] [tid:2248] Metering bus: Metering timeout: type=0 slave=6 start=0xb count=7 pending=
Metering TX: 02 03 00 c0 00 30 45 d1
[2026-09-20 11:53:05.081] [WARNING] [tid:2248] Metering bus: Metering timeout: type=0 slave=2 start=0xc0 count=48 pending=
Metering TX: 02 03 00 90 00 30 45 c0
[2026-09-20 11:53:05.334] [WARNING] [tid:2248] Metering bus: Metering timeout: type=0 slave=2 start=0x90 count=48 pending=
Metering TX: 06 03 00 0b 00 07 74 7d
[2026-09-20 11:53:05.582] [WARNING] [tid:2248] Metering bus: Metering timeout: type=0 slave=6 start=0xb count=7 pending=
Metering TX: 02 03 00 30 00 30 45 e2
[2026-09-20 11:53:05.832] [WARNING] [tid:2248] Metering bus: Metering timeout: type=0 slave=2 start=0x30 count=48 pending=
Metering TX: 04 03 00 11 00 20 14 42
[2026-09-20 11:53:06.081] [WARNING] [tid:2248] Metering bus: Metering timeout: type=0 slave=4 start=0x11 count=32 pending=
Metering TX: dd a5 03 00 ff fd 77
Metering TX: dd a5 04 00 ff fc 77
Metering TX: 06 03 00 0b 00 07 74 7d
[2026-09-20 11:53:06.499] [WARNING] [tid:2248] Metering bus: Metering timeout: type=0 slave=6 start=0xb count=7 pending=
Metering TX: 02 03 00 c0 00 30 45 d1
[2026-09-20 11:53:06.748] [WARNING] [tid:2248] Metering bus: Metering timeout: type=0 slave=2 start=0xc0 count=48 pending=
Metering TX: 02 03 00 30 00 30 45 e2
[2026-09-20 11:53:07.000] [WARNING] [tid:2248] Metering bus: Metering timeout: type=0 slave=2 start=0x30 count=48 pending=
Metering TX: 02 03 00 90 00 30 45 c0
[2026-09-20 11:53:07.248] [WARNING] [tid:2248] Metering bus: Metering timeout: type=0 slave=2 start=0x90 count=48 pending=
Metering TX: 04 03 00 11 00 20 14 42
[2026-09-20 11:53:07.500] [WARNING] [tid:2248] Metering bus: Metering timeout: type=0 slave=4 start=0x11 count=32 pending=
Metering TX: 06 03 00 0b 00 07 74 7d
[2026-09-20 11:53:07.750] [WARNING] [tid:2248] Metering bus: Metering timeout: type=0 slave=6 start=0xb count=7 pending=
Metering TX: 02 03 00 c0 00 30 45 d1
[2026-09-20 11:53:08.001] [WARNING] [tid:2248] Metering bus: Metering timeout: type=0 slave=2 start=0xc0 count=48 pending=
Metering TX: 02 03 00 30 00 30 45 e2
[2026-09-20 11:53:08.250] [WARNING] [tid:2248] Metering bus: Metering timeout: type=0 slave=2 start=0x30 count=48 pending=
Metering TX: 05 03 03 00 00 02 c5 cb
[2026-09-20 11:53:08.501] [WARNING] [tid:2248] Metering bus: Metering timeout: type=0 slave=5 start=0x300 count=2 pending=
Metering TX: dd a5 03 00 ff fd 77
Metering TX: 06 03 00 0b 00 07 74 7d
[2026-09-20 11:53:08.867] [WARNING] [tid:2248] Metering bus: Metering timeout: type=0 slave=6 start=0xb count=7 pending=
Metering TX: 02 03 00 c0 00 30 45 d1
[2026-09-20 11:53:09.122] [WARNING] [tid:2248] Metering bus: Metering timeout: type=0 slave=2 start=0xc0 count=48 pending=
Metering TX: 02 03 00 90 00 30 45 c0
[2026-09-20 11:53:09.384] [WARNING] [tid:2248] Metering bus: Metering timeout: type=0 slave=2 start=0x90 count=48 pending=
Metering TX: 04 03 00 11 00 20 14 42
[2026-09-20 11:53:09.649] [WARNING] [tid:2248] Metering bus: Metering timeout: type=0 slave=4 start=0x11 count=32 pending=
Metering TX: 06 03 00 0b 00 07 74 7d
[2026-09-20 11:53:09.900] [WARNING] [tid:2248] Metering bus: Metering timeout: type=0 slave=6 start=0xb count=7 pending=
Metering TX: 02 03 00 30 00 30 45 e2
[2026-09-20 11:53:10.152] [WARNING] [tid:2248] Metering bus: Metering timeout: type=0 slave=2 start=0x30 count=48 pending=
Metering TX: dd a5 03 00 ff fd 77
Metering TX: 06 03 00 0b 00 07 74 7d
[2026-09-20 11:53:10.535] [WARNING] [tid:2248] Metering bus: Metering timeout: type=0 slave=6 start=0xb count=7 pending=
Metering TX: 02 03 00 c0 00 30 45 d1
[2026-09-20 11:53:10.787] [WARNING] [tid:2248] Metering bus: Metering timeout: type=0 slave=2 start=0xc0 count=48 pending=
Metering TX: 02 03 00 90 00 30 45 c0
[2026-09-20 11:53:11.037] [WARNING] [tid:2248] Metering bus: Metering timeout: type=0 slave=2 start=0x90 count=48 pending=
Metering TX: 04 03 00 11 00 20 14 42
[2026-09-20 11:53:11.303] [WARNING] [tid:2248] Metering bus: Metering timeout: type=0 slave=4 start=0x11 count=32 pending=
Metering TX: 06 03 00 0b 00 07 74 7d
[2026-09-20 11:53:11.553] [WARNING] [tid:2248] Metering bus: Metering timeout: type=0 slave=6 start=0xb count=7 pending=
Metering TX: 02 03 00 c0 00 30 45 d1
[2026-09-20 11:53:11.820] [WARNING] [tid:2248] Metering bus: Metering timeout: type=0 slave=2 start=0xc0 count=48 pending=
Metering TX: 02 03 00 30 00 30 45 e2
[2026-09-20 11:53:12.072] [WARNING] [tid:2248] Metering bus: Metering timeout: type=0 slave=2 start=0x30 count=48 pending=
Metering TX: 02 03 00 90 00 30 45 c0
[2026-09-20 11:53:12.326] [WARNING] [tid:2248] Metering bus: Metering timeout: type=0 slave=2 start=0x90 count=48 pending=
Metering TX: dd a5 03 00 ff fd 77
Metering TX: 05 03 03 00 00 02 c5 cb
[2026-09-20 11:53:12.672] [WARNING] [tid:2248] Metering bus: Metering timeout: type=0 slave=5 start=0x300 count=2 pending=
Metering TX: 06 03 00 0b 00 07 74 7d
[2026-09-20 11:53:12.914] [WARNING] [tid:2248] Metering bus: Metering timeout: type=0 slave=6 start=0xb count=7 pending=
Metering TX: 02 03 00 c0 00 30 45 d1
[2026-09-20 11:53:13.165] [WARNING] [tid:2248] Metering bus: Metering timeout: type=0 slave=2 start=0xc0 count=48 pending=
Metering TX: 02 03 00 30 00 30 45 e2
[2026-09-20 11:53:13.416] [WARNING] [tid:2248] Metering bus: Metering timeout: type=0 slave=2 start=0x30 count=48 pending=
Metering TX: 04 03 00 11 00 20 14 42
[2026-09-20 11:53:13.666] [WARNING] [tid:2248] Metering bus: Metering timeout: type=0 slave=4 start=0x11 count=32 pending=
Metering TX: 06 03 00 0b 00 07 74 7d
[2026-09-20 11:53:13.917] [WARNING] [tid:2248] Metering bus: Metering timeout: type=0 slave=6 start=0xb count=7 pending=
Metering TX: 02 03 00 c0 00 30 45 d1
[2026-09-20 11:53:14.167] [WARNING] [tid:2248] Metering bus: Metering timeout: type=0 slave=2 start=0xc0 count=48 pending=
Metering TX: 02 03 00 90 00 30 45 c0
[2026-09-20 11:53:14.422] [WARNING] [tid:2248] Metering bus: Metering timeout: type=0 slave=2 start=0x90 count=48 pending=
Metering TX: dd a5 03 00 ff fd 77
Metering TX: 06 03 00 0b 00 07 74 7d
[2026-09-20 11:53:14.773] [WARNING] [tid:2248] Metering bus: Metering timeout: type=0 slave=6 start=0xb count=7 pending=
Metering TX: 02 03 00 c0 00 30 45 d1
[2026-09-20 11:53:15.024] [WARNING] [tid:2248] Metering bus: Metering timeout: type=0 slave=2 start=0xc0 count=48 pending=
Metering TX: 02 03 00 30 00 30 45 e2
[2026-09-20 11:53:15.275] [WARNING] [tid:2248] Metering bus: Metering timeout: type=0 slave=2 start=0x30 count=48 pending=
Metering TX: 04 03 00 11 00 20 14 42
[2026-09-20 11:53:15.525] [WARNING] [tid:2248] Metering bus: Metering timeout: type=0 slave=4 start=0x11 count=32 pending=
Metering TX: 06 03 00 0b 00 07 74 7d
[2026-09-20 11:53:15.776] [WARNING] [tid:2248] Metering bus: Metering timeout: type=0 slave=6 start=0xb count=7 pending=
Metering TX: 02 03 00 c0 00 30 45 d1
[2026-09-20 11:53:16.025] [WARNING] [tid:2248] Metering bus: Metering timeout: type=0 slave=2 start=0xc0 count=48 pending=
Metering TX: 02 03 00 90 00 30 45 c0
[2026-09-20 11:53:16.276] [WARNING] [tid:2248] Metering bus: Metering timeout: type=0 slave=2 start=0x90 count=48 pending=
Metering TX: dd a5 03 00 ff fd 77
Metering TX: dd a5 04 00 ff fc 77
Metering TX: 06 03 00 0b 00 07 74 7d
[2026-09-20 11:53:16.725] [WARNING] [tid:2248] Metering bus: Metering timeout: type=0 slave=6 start=0xb count=7 pending=
Metering TX: 02 03 00 c0 00 30 45 d1
[2026-09-20 11:53:16.994] [WARNING] [tid:2248] Metering bus: Metering timeout: type=0 slave=2 start=0xc0 count=48 pending=
Metering TX: 02 03 00 30 00 30 45 e2
[2026-09-20 11:53:17.242] [WARNING] [tid:2248] Metering bus: Metering timeout: type=0 slave=2 start=0x30 count=48 pending=
Metering TX: 02 03 00 90 00 30 45 c0
[2026-09-20 11:53:17.493] [WARNING] [tid:2248] Metering bus: Metering timeout: type=0 slave=2 start=0x90 count=48 pending=
Metering TX: 04 03 00 11 00 20 14 42
[2026-09-20 11:53:17.743] [WARNING] [tid:2248] Metering bus: Metering timeout: type=0 slave=4 start=0x11 count=32 pending=
Metering TX: 05 03 03 00 00 02 c5 cb
[2026-09-20 11:53:17.994] [WARNING] [tid:2248] Metering bus: Metering timeout: type=0 slave=5 start=0x300 count=2 pending=
Metering TX: 06 03 00 0b 00 07 74 7d
[2026-09-20 11:53:18.244] [WARNING] [tid:2248] Metering bus: Metering timeout: type=0 slave=6 start=0xb count=7 pending=
Metering TX: 02 03 00 c0 00 30 45 d1
[2026-09-20 11:53:18.495] [WARNING] [tid:2248] Metering bus: Metering timeout: type=0 slave=2 start=0xc0 count=48 pending=
Metering TX: 02 03 00 30 00 30 45 e2
[2026-09-20 11:53:18.745] [WARNING] [tid:2248] Metering bus: Metering timeout: type=0 slave=2 start=0x30 count=48 pending=
Metering TX: dd a5 03 00 ff fd 77
Metering TX: 06 03 00 0b 00 07 74 7d
[2026-09-20 11:53:19.095] [WARNING] [tid:2248] Metering bus: Metering timeout: type=0 slave=6 start=0xb count=7 pending=
Metering TX: 02 03 00 90 00 30 45 c0
[2026-09-20 11:53:19.344] [WARNING] [tid:2248] Metering bus: Metering timeout: type=0 slave=2 start=0x90 count=48 pending=
Metering TX: 04 03 00 11 00 20 14 42
[2026-09-20 11:53:19.594] [WARNING] [tid:2248] Metering bus: Metering timeout: type=0 slave=4 start=0x11 count=32 pending=
Metering TX: 06 03 00 0b 00 07 74 7d
[2026-09-20 11:53:19.845] [WARNING] [tid:2248] Metering bus: Metering timeout: type=0 slave=6 start=0xb count=7 pending=
Metering TX: 02 03 00 c0 00 30 45 d1
[2026-09-20 11:53:20.095] [WARNING] [tid:2248] Metering bus: Metering timeout: type=0 slave=2 start=0xc0 count=48 pending=
Metering TX: 02 03 00 30 00 30 45 e2
[2026-09-20 11:53:20.348] [WARNING] [tid:2248] Metering bus: Metering timeout: type=0 slave=2 start=0x30 count=48 pending=
Metering TX: dd a5 03 00 ff fd 77
Metering TX: 06 03 00 0b 00 07 74 7d
[2026-09-20 11:53:20.744] [WARNING] [tid:2248] Metering bus: Metering timeout: type=0 slave=6 start=0xb count=7 pending=
Metering TX: 02 03 00 c0 00 30 45 d1
[2026-09-20 11:53:20.995] [WARNING] [tid:2248] Metering bus: Metering timeout: type=0 slave=2 start=0xc0 count=48 pending=
Metering TX: 02 03 00 30 00 30 45 e2
[2026-09-20 11:53:21.246] [WARNING] [tid:2248] Metering bus: Metering timeout: type=0 slave=2 start=0x30 count=48 pending=
Metering TX: 02 03 00 90 00 30 45 c0
[2026-09-20 11:53:21.496] [WARNING] [tid:2248] Metering bus: Metering timeout: type=0 slave=2 start=0x90 count=48 pending=
Metering TX: 04 03 00 11 00 20 14 42
[2026-09-20 11:53:21.747] [WARNING] [tid:2248] Metering bus: Metering timeout: type=0 slave=4 start=0x11 count=32 pending=
Metering TX: 06 03 00 0b 00 07 74 7d
[2026-09-20 11:53:21.997] [WARNING] [tid:2248] Metering bus: Metering timeout: type=0 slave=6 start=0xb count=7 pending=
Metering TX: 02 03 00 c0 00 30 45 d1
[2026-09-20 11:53:22.247] [WARNING] [tid:2248] Metering bus: Metering timeout: type=0 slave=2 start=0xc0 count=48 pending=
Metering TX: 02 03 00 30 00 30 45 e2
[2026-09-20 11:53:22.497] [WARNING] [tid:2248] Metering bus: Metering timeout: type=0 slave=2 start=0x30 count=48 pending=
Metering TX: dd a5 03 00 ff fd 77
Metering TX: 05 03 03 00 00 02 c5 cb
[2026-09-20 11:53:22.846] [WARNING] [tid:2248] Metering bus: Metering timeout: type=0 slave=5 start=0x300 count=2 pending=
Metering TX: 06 03 00 0b 00 07 74 7d
[2026-09-20 11:53:23.099] [WARNING] [tid:2248] Metering bus: Metering timeout: type=0 slave=6 start=0xb count=7 pending=
Metering TX: 02 03 00 c0 00 30 45 d1
[2026-09-20 11:53:23.363] [WARNING] [tid:2248] Metering bus: Metering timeout: type=0 slave=2 start=0xc0 count=48 pending=
Metering TX: 02 03 00 90 00 30 45 c0
[2026-09-20 11:53:23.615] [WARNING] [tid:2248] Metering bus: Metering timeout: type=0 slave=2 start=0x90 count=48 pending=
Metering TX: 04 03 00 11 00 20 14 42
[2026-09-20 11:53:23.880] [WARNING] [tid:2248] Metering bus: Metering timeout: type=0 slave=4 start=0x11 count=32 pending=
Metering TX: 06 03 00 0b 00 07 74 7d
[2026-09-20 11:53:24.131] [WARNING] [tid:2248] Metering bus: Metering timeout: type=0 slave=6 start=0xb count=7 pending=
Metering TX: 02 03 00 c0 00 30 45 d1
[2026-09-20 11:53:24.384] [WARNING] [tid:2248] Metering bus: Metering timeout: type=0 slave=2 start=0xc0 count=48 pending=
Metering TX: 02 03 00 30 00 30 45 e2
[2026-09-20 11:53:24.647] [WARNING] [tid:2248] Metering bus: Metering timeout: type=0 slave=2 start=0x30 count=48 pending=
Metering TX: dd a5 03 00 ff fd 77
Metering TX: 06 03 00 0b 00 07 74 7d
[2026-09-20 11:53:25.004] [WARNING] [tid:2248] Metering bus: Metering timeout: type=0 slave=6 start=0xb count=7 pending=
Metering TX: 02 03 00 c0 00 30 45 d1
[2026-09-20 11:53:25.250] [WARNING] [tid:2248] Metering bus: Metering timeout: type=0 slave=2 start=0xc0 count=48 pending=
Metering TX: 02 03 00 90 00 30 45 c0
[2026-09-20 11:53:25.500] [WARNING] [tid:2248] Metering bus: Metering timeout: type=0 slave=2 start=0x90 count=48 pending=
Metering TX: 04 03 00 11 00 20 14 42
[2026-09-20 11:53:25.747] [WARNING] [tid:2248] Metering bus: Metering timeout: type=0 slave=4 start=0x11 count=32 pending=
Metering TX: 06 03 00 0b 00 07 74 7d
[2026-09-20 11:53:26.002] [WARNING] [tid:2248] Metering bus: Metering timeout: type=0 slave=6 start=0xb count=7 pending=
Metering TX: 02 03 00 c0 00 30 45 d1
[2026-09-20 11:53:26.251] [WARNING] [tid:2248] Metering bus: Metering timeout: type=0 slave=2 start=0xc0 count=48 pending=
Metering TX: 02 03 00 30 00 30 45 e2
[2026-09-20 11:53:26.501] [WARNING] [tid:2248] Metering bus: Metering timeout: type=0 slave=2 start=0x30 count=48 pending=
Metering TX: dd a5 03 00 ff fd 77
Metering TX: dd a5 04 00 ff fc 77
Metering TX: 06 03 00 0b 00 07 74 7d
[2026-09-20 11:53:26.919] [WARNING] [tid:2248] Metering bus: Metering timeout: type=0 slave=6 start=0xb count=7 pending=
Metering TX: 02 03 00 c0 00 30 45 d1
[2026-09-20 11:53:27.169] [WARNING] [tid:2248] Metering bus: Metering timeout: type=0 slave=2 start=0xc0 count=48 pending=
Metering TX: 02 03 00 90 00 30 45 c0
[2026-09-20 11:53:27.419] [WARNING] [tid:2248] Metering bus: Metering timeout: type=0 slave=2 start=0x90 count=48 pending=
Metering TX: 04 03 00 11 00 20 14 42
[2026-09-20 11:53:27.670] [WARNING] [tid:2248] Metering bus: Metering timeout: type=0 slave=4 start=0x11 count=32 pending=
Metering TX: 05 03 03 00 00 02 c5 cb
[2026-09-20 11:53:27.920] [WARNING] [tid:2248] Metering bus: Metering timeout: type=0 slave=5 start=0x300 count=2 pending=
Metering TX: 06 03 00 0b 00 07 74 7d
[2026-09-20 11:53:28.170] [WARNING] [tid:2248] Metering bus: Metering timeout: type=0 slave=6 start=0xb count=7 pending=
Metering TX: 02 03 00 c0 00 30 45 d1
[2026-09-20 11:53:28.421] [WARNING] [tid:2248] Metering bus: Metering timeout: type=0 slave=2 start=0xc0 count=48 pending=
Metering TX: 02 03 00 30 00 30 45 e2
[2026-09-20 11:53:28.671] [WARNING] [tid:2248] Metering bus: Metering timeout: type=0 slave=2 start=0x30 count=48 pending=
Metering TX: 02 03 00 90 00 30 45 c0
[2026-09-20 11:53:28.920] [WARNING] [tid:2248] Metering bus: Metering timeout: type=0 slave=2 start=0x90 count=48 pending=
Metering TX: dd a5 03 00 ff fd 77
Metering TX: 06 03 00 0b 00 07 74 7d
[2026-09-20 11:53:29.271] [WARNING] [tid:2248] Metering bus: Metering timeout: type=0 slave=6 start=0xb count=7 pending=
Metering TX: 02 03 00 c0 00 30 45 d1
[2026-09-20 11:53:29.521] [WARNING] [tid:2248] Metering bus: Metering timeout: type=0 slave=2 start=0xc0 count=48 pending=
Metering TX: 04 03 00 11 00 20 14 42
[2026-09-20 11:53:29.771] [WARNING] [tid:2248] Metering bus: Metering timeout: type=0 slave=4 start=0x11 count=32 pending=
Metering TX: 06 03 00 0b 00 07 74 7d
[2026-09-20 11:53:30.023] [WARNING] [tid:2248] Metering bus: Metering timeout: type=0 slave=6 start=0xb count=7 pending=
Metering TX: 02 03 00 30 00 30 45 e2
[2026-09-20 11:53:30.290] [WARNING] [tid:2248] Metering bus: Metering timeout: type=0 slave=2 start=0x30 count=48 pending=
Metering TX: 02 03 00 90 00 30 45 c0
[2026-09-20 11:53:30.540] [WARNING] [tid:2248] Metering bus: Metering timeout: type=0 slave=2 start=0x90 count=48 pending=
Metering TX: dd a5 03 00 ff fd 77
Metering TX: 06 03 00 0b 00 07 74 7d
[2026-09-20 11:53:30.889] [WARNING] [tid:2248] Metering bus: Metering timeout: type=0 slave=6 start=0xb count=7 pending=
Metering TX: 02 03 00 c0 00 30 45 d1
[2026-09-20 11:53:31.153] [WARNING] [tid:2248] Metering bus: Metering timeout: type=0 slave=2 start=0xc0 count=48 pending=
Metering TX: 02 03 00 30 00 30 45 e2
[2026-09-20 11:53:31.407] [WARNING] [tid:2248] Metering bus: Metering timeout: type=0 slave=2 start=0x30 count=48 pending=
Metering TX: 04 03 00 11 00 20 14 42
[2026-09-20 11:53:31.655] [WARNING] [tid:2248] Metering bus: Metering timeout: type=0 slave=4 start=0x11 count=32 pending=
Metering TX: 06 03 00 0b 00 07 74 7d
[2026-09-20 11:53:31.906] [WARNING] [tid:2248] Metering bus: Metering timeout: type=0 slave=6 start=0xb count=7 pending=
Metering TX: 02 03 00 c0 00 30 45 d1
[2026-09-20 11:53:32.157] [WARNING] [tid:2248] Metering bus: Metering timeout: type=0 slave=2 start=0xc0 count=48 pending=
Metering TX: 02 03 00 30 00 30 45 e2
[2026-09-20 11:53:32.407] [WARNING] [tid:2248] Metering bus: Metering timeout: type=0 slave=2 start=0x30 count=48 pending=
Metering TX: 02 03 00 90 00 30 45 c0
[2026-09-20 11:53:32.657] [WARNING] [tid:2248] Metering bus: Metering timeout: type=0 slave=2 start=0x90 count=48 pending=
Metering TX: dd a5 03 00 ff fd 77
Metering TX: 05 03 03 00 00 02 c5 cb
[2026-09-20 11:53:33.042] [WARNING] [tid:2248] Metering bus: Metering timeout: type=0 slave=5 start=0x300 count=2 pending=
Metering TX: 06 03 00 0b 00 07 74 7d
[2026-09-20 11:53:33.291] [WARNING] [tid:2248] Metering bus: Metering timeout: type=0 slave=6 start=0xb count=7 pending=
Metering TX: 02 03 00 c0 00 30 45 d1
[2026-09-20 11:53:33.553] [WARNING] [tid:2248] Metering bus: Metering timeout: type=0 slave=2 start=0xc0 count=48 pending=
Metering TX: 02 03 00 30 00 30 45 e2
[2026-09-20 11:53:33.792] [WARNING] [tid:2248] Metering bus: Metering timeout: type=0 slave=2 start=0x30 count=48 pending=
Metering TX: 04 03 00 11 00 20 14 42
[2026-09-20 11:53:34.060] [WARNING] [tid:2248] Metering bus: Metering timeout: type=0 slave=4 start=0x11 count=32 pending=
Metering TX: 06 03 00 0b 00 07 74 7d
[2026-09-20 11:53:34.308] [WARNING] [tid:2248] Metering bus: Metering timeout: type=0 slave=6 start=0xb count=7 pending=
Metering TX: 02 03 00 c0 00 30 45 d1
[2026-09-20 11:53:34.558] [WARNING] [tid:2248] Metering bus: Metering timeout: type=0 slave=2 start=0xc0 count=48 pending=
Metering TX: 02 03 00 90 00 30 45 c0
[2026-09-20 11:53:34.811] [WARNING] [tid:2248] Metering bus: Metering timeout: type=0 slave=2 start=0x90 count=48 pending=
Metering TX: dd a5 03 00 ff fd 77
Metering TX: 06 03 00 0b 00 07 74 7d
[2026-09-20 11:53:35.160] [WARNING] [tid:2248] Metering bus: Metering timeout: type=0 slave=6 start=0xb count=7 pending=
Metering TX: 02 03 00 c0 00 30 45 d1
[2026-09-20 11:53:35.409] [WARNING] [tid:2248] Metering bus: Metering timeout: type=0 slave=2 start=0xc0 count=48 pending=
Metering TX: 02 03 00 30 00 30 45 e2
[2026-09-20 11:53:35.659] [WARNING] [tid:2248] Metering bus: Metering timeout: type=0 slave=2 start=0x30 count=48 pending=
Metering TX: 04 03 00 11 00 20 14 42
[2026-09-20 11:53:35.927] [WARNING] [tid:2248] Metering bus: Metering timeout: type=0 slave=4 start=0x11 count=32 pending=
Metering TX: 06 03 00 0b 00 07 74 7d
[2026-09-20 11:53:36.177] [WARNING] [tid:2248] Metering bus: Metering timeout: type=0 slave=6 start=0xb count=7 pending=
Metering TX: 02 03 00 c0 00 30 45 d1
[2026-09-20 11:53:36.444] [WARNING] [tid:2248] Metering bus: Metering timeout: type=0 slave=2 start=0xc0 count=48 pending=
Metering TX: 02 03 00 90 00 30 45 c0
[2026-09-20 11:53:36.696] [WARNING] [tid:2248] Metering bus: Metering timeout: type=0 slave=2 start=0x90 count=48 pending=
Metering TX: dd a5 03 00 ff fd 77
Metering TX: dd a5 04 00 ff fc 77
Metering TX: 06 03 00 0b 00 07 74 7d
[2026-09-20 11:53:37.128] [WARNING] [tid:2248] Metering bus: Metering timeout: type=0 slave=6 start=0xb count=7 pending=
Metering TX: 02 03 00 c0 00 30 45 d1
[2026-09-20 11:53:37.380] [WARNING] [tid:2248] Metering bus: Metering timeout: type=0 slave=2 start=0xc0 count=48 pending=
Metering TX: 02 03 00 30 00 30 45 e2
[2026-09-20 11:53:37.627] [WARNING] [tid:2248] Metering bus: Metering timeout: type=0 slave=2 start=0x30 count=48 pending=
Metering TX: 04 03 00 11 00 20 14 42
[2026-09-20 11:53:37.881] [WARNING] [tid:2248] Metering bus: Metering timeout: type=0 slave=4 start=0x11 count=32 pending=
Metering TX: 05 03 03 00 00 02 c5 cb
[2026-09-20 11:53:38.146] [WARNING] [tid:2248] Metering bus: Metering timeout: type=0 slave=5 start=0x300 count=2 pending=
Metering TX: 06 03 00 0b 00 07 74 7d
[2026-09-20 11:53:38.414] [WARNING] [tid:2248] Metering bus: Metering timeout: type=0 slave=6 start=0xb count=7 pending=
Metering TX: 02 03 00 c0 00 30 45 d1
[2026-09-20 11:53:38.681] [WARNING] [tid:2248] Metering bus: Metering timeout: type=0 slave=2 start=0xc0 count=48 pending=
Metering TX: 02 03 00 30 00 30 45 e2
[2026-09-20 11:53:38.948] [WARNING] [tid:2248] Metering bus: Metering timeout: type=0 slave=2 start=0x30 count=48 pending=
Metering TX: 02 03 00 90 00 30 45 c0
[2026-09-20 11:53:39.197] [WARNING] [tid:2248] Metering bus: Metering timeout: type=0 slave=2 start=0x90 count=48 pending=
Metering TX: dd a5 03 00 ff fd 77
Metering TX: 06 03 00 0b 00 07 74 7d
[2026-09-20 11:53:39.530] [WARNING] [tid:2248] Metering bus: Metering timeout: type=0 slave=6 start=0xb count=7 pending=
Metering TX: 02 03 00 c0 00 30 45 d1
[2026-09-20 11:53:39.780] [WARNING] [tid:2248] Metering bus: Metering timeout: type=0 slave=2 start=0xc0 count=48 pending=
Metering TX: 04 03 00 11 00 20 14 42
[2026-09-20 11:53:40.032] [WARNING] [tid:2248] Metering bus: Metering timeout: type=0 slave=4 start=0x11 count=32 pending=
Metering TX: 06 03 00 0b 00 07 74 7d
[2026-09-20 11:53:40.283] [WARNING] [tid:2248] Metering bus: Metering timeout: type=0 slave=6 start=0xb count=7 pending=
Metering TX: 02 03 00 30 00 30 45 e2
[2026-09-20 11:53:40.532] [WARNING] [tid:2248] Metering bus: Metering timeout: type=0 slave=2 start=0x30 count=48 pending=
Metering TX: 02 03 00 90 00 30 45 c0
[2026-09-20 11:53:40.797] [WARNING] [tid:2248] Metering bus: Metering timeout: type=0 slave=2 start=0x90 count=48 pending=
Metering TX: dd a5 03 00 ff fd 77
Metering TX: 06 03 00 0b 00 07 74 7d
[2026-09-20 11:53:41.164] [WARNING] [tid:2248] Metering bus: Metering timeout: type=0 slave=6 start=0xb count=7 pending=
Metering TX: 02 03 00 c0 00 30 45 d1
[2026-09-20 11:53:41.417] [WARNING] [tid:2248] Metering bus: Metering timeout: type=0 slave=2 start=0xc0 count=48 pending=
Metering TX: 02 03 00 30 00 30 45 e2
[2026-09-20 11:53:41.666] [WARNING] [tid:2248] Metering bus: Metering timeout: type=0 slave=2 start=0x30 count=48 pending=
Metering TX: 04 03 00 11 00 20 14 42
[2026-09-20 11:53:41.916] [WARNING] [tid:2248] Metering bus: Metering timeout: type=0 slave=4 start=0x11 count=32 pending=
Metering TX: 06 03 00 0b 00 07 74 7d
[2026-09-20 11:53:42.167] [WARNING] [tid:2248] Metering bus: Metering timeout: type=0 slave=6 start=0xb count=7 pending=
Metering TX: 02 03 00 c0 00 30 45 d1
[2026-09-20 11:53:42.418] [WARNING] [tid:2248] Metering bus: Metering timeout: type=0 slave=2 start=0xc0 count=48 pending=
Metering TX: 02 03 00 30 00 30 45 e2
[2026-09-20 11:53:42.667] [WARNING] [tid:2248] Metering bus: Metering timeout: type=0 slave=2 start=0x30 count=48 pending=
Metering TX: 02 03 00 90 00 30 45 c0
[2026-09-20 11:53:42.917] [WARNING] [tid:2248] Metering bus: Metering timeout: type=0 slave=2 start=0x90 count=48 pending=
Metering TX: dd a5 03 00 ff fd 77
Metering TX: 05 03 03 00 00 02 c5 cb
[2026-09-20 11:53:43.270] [WARNING] [tid:2248] Metering bus: Metering timeout: type=0 slave=5 start=0x300 count=2 pending=
Metering TX: 06 03 00 0b 00 07 74 7d
[2026-09-20 11:53:43.515] [WARNING] [tid:2248] Metering bus: Metering timeout: type=0 slave=6 start=0xb count=7 pending=
Metering TX: 02 03 00 c0 00 30 45 d1
[2026-09-20 11:53:43.764] [WARNING] [tid:2248] Metering bus: Metering timeout: type=0 slave=2 start=0xc0 count=48 pending=
Metering TX: 02 03 00 30 00 30 45 e2
[2026-09-20 11:53:44.020] [WARNING] [tid:2248] Metering bus: Metering timeout: type=0 slave=2 start=0x30 count=48 pending=
Metering TX: 04 03 00 11 00 20 14 42
[2026-09-20 11:53:44.269] [WARNING] [tid:2248] Metering bus: Metering timeout: type=0 slave=4 start=0x11 count=32 pending=
Metering TX: 06 03 00 0b 00 07 74 7d
[2026-09-20 11:53:44.519] [WARNING] [tid:2248] Metering bus: Metering timeout: type=0 slave=6 start=0xb count=7 pending=
Metering TX: 02 03 00 c0 00 30 45 d1
[2026-09-20 11:53:44.771] [WARNING] [tid:2248] Metering bus: Metering timeout: type=0 slave=2 start=0xc0 count=48 pending=
Metering TX: 02 03 00 90 00 30 45 c0
[2026-09-20 11:53:45.021] [WARNING] [tid:2248] Metering bus: Metering timeout: type=0 slave=2 start=0x90 count=48 pending=
Metering TX: dd a5 03 00 ff fd 77
Metering TX: 06 03 00 0b 00 07 74 7d
[2026-09-20 11:53:45.371] [WARNING] [tid:2248] Metering bus: Metering timeout: type=0 slave=6 start=0xb count=7 pending=
Metering TX: 02 03 00 c0 00 30 45 d1
[2026-09-20 11:53:45.620] [WARNING] [tid:2248] Metering bus: Metering timeout: type=0 slave=2 start=0xc0 count=48 pending=
Metering TX: 02 03 00 30 00 30 45 e2
[2026-09-20 11:53:45.871] [WARNING] [tid:2248] Metering bus: Metering timeout: type=0 slave=2 start=0x30 count=48 pending=
Metering TX: 04 03 00 11 00 20 14 42
[2026-09-20 11:53:46.119] [WARNING] [tid:2248] Metering bus: Metering timeout: type=0 slave=4 start=0x11 count=32 pending=
Metering TX: 06 03 00 0b 00 07 74 7d
[2026-09-20 11:53:46.371] [WARNING] [tid:2248] Metering bus: Metering timeout: type=0 slave=6 start=0xb count=7 pending=
Metering TX: 02 03 00 c0 00 30 45 d1
[2026-09-20 11:53:46.622] [WARNING] [tid:2248] Metering bus: Metering timeout: type=0 slave=2 start=0xc0 count=48 pending=
Metering TX: 02 03 00 90 00 30 45 c0
[2026-09-20 11:53:46.872] [WARNING] [tid:2248] Metering bus: Metering timeout: type=0 slave=2 start=0x90 count=48 pending=
Metering TX: dd a5 03 00 ff fd 77
Metering TX: dd a5 04 00 ff fc 77
Metering TX: 06 03 00 0b 00 07 74 7d
[2026-09-20 11:53:47.303] [WARNING] [tid:2248] Metering bus: Metering timeout: type=0 slave=6 start=0xb count=7 pending=
Metering TX: 02 03 00 c0 00 30 45 d1
[2026-09-20 11:53:47.572] [WARNING] [tid:2248] Metering bus: Metering timeout: type=0 slave=2 start=0xc0 count=48 pending=
Metering TX: 02 03 00 30 00 30 45 e2
[2026-09-20 11:53:47.824] [WARNING] [tid:2248] Metering bus: Metering timeout: type=0 slave=2 start=0x30 count=48 pending=
Metering TX: 02 03 00 90 00 30 45 c0
[2026-09-20 11:53:48.074] [WARNING] [tid:2248] Metering bus: Metering timeout: type=0 slave=2 start=0x90 count=48 pending=
Metering TX: 04 03 00 11 00 20 14 42
[2026-09-20 11:53:48.324] [WARNING] [tid:2248] Metering bus: Metering timeout: type=0 slave=4 start=0x11 count=32 pending=
Metering TX: 05 03 03 00 00 02 c5 cb
[2026-09-20 11:53:48.575] [WARNING] [tid:2248] Metering bus: Metering timeout: type=0 slave=5 start=0x300 count=2 pending=
Metering TX: 06 03 00 0b 00 07 74 7d
[2026-09-20 11:53:48.825] [WARNING] [tid:2248] Metering bus: Metering timeout: type=0 slave=6 start=0xb count=7 pending=
Metering TX: 02 03 00 c0 00 30 45 d1
[2026-09-20 11:53:49.075] [WARNING] [tid:2248] Metering bus: Metering timeout: type=0 slave=2 start=0xc0 count=48 pending=
Metering TX: 02 03 00 30 00 30 45 e2
[2026-09-20 11:53:49.325] [WARNING] [tid:2248] Metering bus: Metering timeout: type=0 slave=2 start=0x30 count=48 pending=
Metering TX: dd a5 03 00 ff fd 77
Metering TX: 06 03 00 0b 00 07 74 7d
[2026-09-20 11:53:49.675] [WARNING] [tid:2248] Metering bus: Metering timeout: type=0 slave=6 start=0xb count=7 pending=
Metering TX: 02 03 00 90 00 30 45 c0
[2026-09-20 11:53:49.927] [WARNING] [tid:2248] Metering bus: Metering timeout: type=0 slave=2 start=0x90 count=48 pending=
Metering TX: 04 03 00 11 00 20 14 42
[2026-09-20 11:53:50.174] [WARNING] [tid:2248] Metering bus: Metering timeout: type=0 slave=4 start=0x11 count=32 pending=
Metering TX: dd a5 03 00 ff fd 77
Metering TX: 06 03 00 0b 00 07 74 7d
[2026-09-20 11:53:50.524] [WARNING] [tid:2248] Metering bus: Metering timeout: type=0 slave=6 start=0xb count=7 pending=
Metering TX: 02 03 00 c0 00 30 45 d1
[2026-09-20 11:53:50.777] [WARNING] [tid:2248] Metering bus: Metering timeout: type=0 slave=2 start=0xc0 count=48 pending=
Metering TX: 02 03 00 30 00 30 45 e2
[2026-09-20 11:53:51.025] [WARNING] [tid:2248] Metering bus: Metering timeout: type=0 slave=2 start=0x30 count=48 pending=
Metering TX: 02 03 00 90 00 30 45 c0
[2026-09-20 11:53:51.275] [WARNING] [tid:2248] Metering bus: Metering timeout: type=0 slave=2 start=0x90 count=48 pending=
Metering TX: 06 03 00 0b 00 07 74 7d
[2026-09-20 11:53:51.526] [WARNING] [tid:2248] Metering bus: Metering timeout: type=0 slave=6 start=0xb count=7 pending=
Metering TX: 02 03 00 c0 00 30 45 d1
[2026-09-20 11:53:51.777] [WARNING] [tid:2248] Metering bus: Metering timeout: type=0 slave=2 start=0xc0 count=48 pending=
Metering TX: 04 03 00 11 00 20 14 42
[2026-09-20 11:53:52.028] [WARNING] [tid:2248] Metering bus: Metering timeout: type=0 slave=4 start=0x11 count=32 pending=
Metering TX: dd a5 03 00 ff fd 77
Metering TX: 06 03 00 0b 00 07 74 7d
[2026-09-20 11:53:52.361] [WARNING] [tid:2248] Metering bus: Metering timeout: type=0 slave=6 start=0xb count=7 pending=
Metering TX: 02 03 00 c0 00 30 45 d1
[2026-09-20 11:53:52.612] [WARNING] [tid:2248] Metering bus: Metering timeout: type=0 slave=2 start=0xc0 count=48 pending=
Metering TX: 02 03 00 30 00 30 45 e2
[2026-09-20 11:53:52.862] [WARNING] [tid:2248] Metering bus: Metering timeout: type=0 slave=2 start=0x30 count=48 pending=
Metering TX: 02 03 00 90 00 30 45 c0
[2026-09-20 11:53:53.113] [WARNING] [tid:2248] Metering bus: Metering timeout: type=0 slave=2 start=0x90 count=48 pending=
Metering TX: 05 03 03 00 00 02 c5 cb
[2026-09-20 11:53:53.363] [WARNING] [tid:2248] Metering bus: Metering timeout: type=0 slave=5 start=0x300 count=2 pending=
Metering TX: 06 03 00 0b 00 07 74 7d
[2026-09-20 11:53:53.613] [WARNING] [tid:2248] Metering bus: Metering timeout: type=0 slave=6 start=0xb count=7 pending=
Metering TX: 02 03 00 c0 00 30 45 d1
[2026-09-20 11:53:53.864] [WARNING] [tid:2248] Metering bus: Metering timeout: type=0 slave=2 start=0xc0 count=48 pending=
Metering TX: 02 03 00 30 00 30 45 e2
[2026-09-20 11:53:54.112] [WARNING] [tid:2248] Metering bus: Metering timeout: type=0 slave=2 start=0x30 count=48 pending=
Metering TX: 04 03 00 11 00 20 14 42
[2026-09-20 11:53:54.364] [WARNING] [tid:2248] Metering bus: Metering timeout: type=0 slave=4 start=0x11 count=32 pending=
Metering TX: dd a5 03 00 ff fd 77
Metering TX: 06 03 00 0b 00 07 74 7d
[2026-09-20 11:53:54.713] [WARNING] [tid:2248] Metering bus: Metering timeout: type=0 slave=6 start=0xb count=7 pending=
Metering TX: 02 03 00 c0 00 30 45 d1
[2026-09-20 11:53:54.963] [WARNING] [tid:2248] Metering bus: Metering timeout: type=0 slave=2 start=0xc0 count=48 pending=
Metering TX: 02 03 00 90 00 30 45 c0
[2026-09-20 11:53:55.215] [WARNING] [tid:2248] Metering bus: Metering timeout: type=0 slave=2 start=0x90 count=48 pending=
Metering TX: 06 03 00 0b 00 07 74 7d
[2026-09-20 11:53:55.465] [WARNING] [tid:2248] Metering bus: Metering timeout: type=0 slave=6 start=0xb count=7 pending=
Metering TX: 02 03 00 c0 00 30 45 d1
[2026-09-20 11:53:55.715] [WARNING] [tid:2248] Metering bus: Metering timeout: type=0 slave=2 start=0xc0 count=48 pending=
Metering TX: 02 03 00 30 00 30 45 e2
[2026-09-20 11:53:55.965] [WARNING] [tid:2248] Metering bus: Metering timeout: type=0 slave=2 start=0x30 count=48 pending=
Metering TX: 04 03 00 11 00 20 14 42
[2026-09-20 11:53:56.215] [WARNING] [tid:2248] Metering bus: Metering timeout: type=0 slave=4 start=0x11 count=32 pending=
Metering TX: dd a5 04 00 ff fc 77
Metering TX: dd a5 03 00 ff fd 77
Metering TX: 06 03 00 0b 00 07 74 7d
[2026-09-20 11:53:56.648] [WARNING] [tid:2248] Metering bus: Metering timeout: type=0 slave=6 start=0xb count=7 pending=
Metering TX: 02 03 00 c0 00 30 45 d1
[2026-09-20 11:53:56.915] [WARNING] [tid:2248] Metering bus: Metering timeout: type=0 slave=2 start=0xc0 count=48 pending=
Metering TX: 02 03 00 30 00 30 45 e2
[2026-09-20 11:53:57.181] [WARNING] [tid:2248] Metering bus: Metering timeout: type=0 slave=2 start=0x30 count=48 pending=
Metering TX: 02 03 00 90 00 30 45 c0
[2026-09-20 11:53:57.434] [WARNING] [tid:2248] Metering bus: Metering timeout: type=0 slave=2 start=0x90 count=48 pending=
Metering TX: 06 03 00 0b 00 07 74 7d
[2026-09-20 11:53:57.681] [WARNING] [tid:2248] Metering bus: Metering timeout: type=0 slave=6 start=0xb count=7 pending=
Metering TX: 02 03 00 c0 00 30 45 d1
[2026-09-20 11:53:57.933] [WARNING] [tid:2248] Metering bus: Metering timeout: type=0 slave=2 start=0xc0 count=48 pending=
Metering TX: 04 03 00 11 00 20 14 42
[2026-09-20 11:53:58.182] [WARNING] [tid:2248] Metering bus: Metering timeout: type=0 slave=4 start=0x11 count=32 pending=
Metering TX: 05 03 03 00 00 02 c5 cb
[2026-09-20 11:53:58.434] [WARNING] [tid:2248] Metering bus: Metering timeout: type=0 slave=5 start=0x300 count=2 pending=
Metering TX: dd a5 03 00 ff fd 77
Metering TX: 06 03 00 0b 00 07 74 7d
[2026-09-20 11:53:58.785] [WARNING] [tid:2248] Metering bus: Metering timeout: type=0 slave=6 start=0xb count=7 pending=
Metering TX: 02 03 00 c0 00 30 45 d1
[2026-09-20 11:53:59.036] [WARNING] [tid:2248] Metering bus: Metering timeout: type=0 slave=2 start=0xc0 count=48 pending=
Metering TX: 02 03 00 30 00 30 45 e2
[2026-09-20 11:53:59.285] [WARNING] [tid:2248] Metering bus: Metering timeout: type=0 slave=2 start=0x30 count=48 pending=
Metering TX: 02 03 00 90 00 30 45 c0
[2026-09-20 11:53:59.535] [WARNING] [tid:2248] Metering bus: Metering timeout: type=0 slave=2 start=0x90 count=48 pending=
Metering TX: 06 03 00 0b 00 07 74 7d
[2026-09-20 11:53:59.779] [WARNING] [tid:2248] Metering bus: Metering timeout: type=0 slave=6 start=0xb count=7 pending=
Metering TX: 02 03 00 c0 00 30 45 d1
[2026-09-20 11:54:00.026] [WARNING] [tid:2248] Metering bus: Metering timeout: type=0 slave=2 start=0xc0 count=48 pending=
Metering TX: 04 03 00 11 00 20 14 42
[2026-09-20 11:54:00.274] [WARNING] [tid:2248] Metering bus: Metering timeout: type=0 slave=4 start=0x11 count=32 pending=
Metering TX: dd a5 03 00 ff fd 77
Metering TX: 06 03 00 0b 00 07 74 7d
[2026-09-20 11:54:00.617] [WARNING] [tid:2248] Metering bus: Metering timeout: type=0 slave=6 start=0xb count=7 pending=
Metering TX: 02 03 00 c0 00 30 45 d1
[2026-09-20 11:54:00.870] [WARNING] [tid:2248] Metering bus: Metering timeout: type=0 slave=2 start=0xc0 count=48 pending=
Metering TX: 02 03 00 30 00 30 45 e2
[2026-09-20 11:54:01.122] [WARNING] [tid:2248] Metering bus: Metering timeout: type=0 slave=2 start=0x30 count=48 pending=
Metering TX: 02 03 00 90 00 30 45 c0
[2026-09-20 11:54:01.373] [WARNING] [tid:2248] Metering bus: Metering timeout: type=0 slave=2 start=0x90 count=48 pending=
Metering TX: 06 03 00 0b 00 07 74 7d
[2026-09-20 11:54:01.627] [WARNING] [tid:2248] Metering bus: Metering timeout: type=0 slave=6 start=0xb count=7 pending=
Metering TX: 02 03 00 c0 00 30 45 d1
[2026-09-20 11:54:01.878] [WARNING] [tid:2248] Metering bus: Metering timeout: type=0 slave=2 start=0xc0 count=48 pending=
Metering TX: 02 03 00 30 00 30 45 e2
[2026-09-20 11:54:02.127] [WARNING] [tid:2248] Metering bus: Metering timeout: type=0 slave=2 start=0x30 count=48 pending=
Metering TX: 04 03 00 11 00 20 14 42
[2026-09-20 11:54:02.378] [WARNING] [tid:2248] Metering bus: Metering timeout: type=0 slave=4 start=0x11 count=32 pending=
Metering TX: dd a5 03 00 ff fd 77
Metering TX: 06 03 00 0b 00 07 74 7d
[2026-09-20 11:54:02.713] [WARNING] [tid:2248] Metering bus: Metering timeout: type=0 slave=6 start=0xb count=7 pending=
Metering TX: 02 03 00 c0 00 30 45 d1
[2026-09-20 11:54:02.968] [WARNING] [tid:2248] Metering bus: Metering timeout: type=0 slave=2 start=0xc0 count=48 pending=
Metering TX: 02 03 00 30 00 30 45 e2
[2026-09-20 11:54:03.215] [WARNING] [tid:2248] Metering bus: Metering timeout: type=0 slave=2 start=0x30 count=48 pending=
Metering TX: 02 03 00 90 00 30 45 c0
[2026-09-20 11:54:03.466] [WARNING] [tid:2248] Metering bus: Metering timeout: type=0 slave=2 start=0x90 count=48 pending=
Metering TX: 05 03 03 00 00 02 c5 cb
[2026-09-20 11:54:03.716] [WARNING] [tid:2248] Metering bus: Metering timeout: type=0 slave=5 start=0x300 count=2 pending=
Metering TX: 06 03 00 0b 00 07 74 7d
[2026-09-20 11:54:03.967] [WARNING] [tid:2248] Metering bus: Metering timeout: type=0 slave=6 start=0xb count=7 pending=
Metering TX: 02 03 00 c0 00 30 45 d1
[2026-09-20 11:54:04.211] [WARNING] [tid:2248] Metering bus: Metering timeout: type=0 slave=2 start=0xc0 count=48 pending=
Metering TX: 02 03 00 30 00 30 45 e2
[2026-09-20 11:54:04.466] [WARNING] [tid:2248] Metering bus: Metering timeout: type=0 slave=2 start=0x30 count=48 pending=
Metering TX: 04 03 00 11 00 20 14 42
[2026-09-20 11:54:04.728] [WARNING] [tid:2248] Metering bus: Metering timeout: type=0 slave=4 start=0x11 count=32 pending=
Metering TX: dd a5 03 00 ff fd 77
Metering TX: 06 03 00 0b 00 07 74 7d
[2026-09-20 11:54:05.074] [WARNING] [tid:2248] Metering bus: Metering timeout: type=0 slave=6 start=0xb count=7 pending=
Metering TX: 02 03 00 c0 00 30 45 d1
[2026-09-20 11:54:05.327] [WARNING] [tid:2248] Metering bus: Metering timeout: type=0 slave=2 start=0xc0 count=48 pending=
Metering TX: 02 03 00 90 00 30 45 c0
[2026-09-20 11:54:05.578] [WARNING] [tid:2248] Metering bus: Metering timeout: type=0 slave=2 start=0x90 count=48 pending=
Metering TX: 06 03 00 0b 00 07 74 7d
[2026-09-20 11:54:05.827] [WARNING] [tid:2248] Metering bus: Metering timeout: type=0 slave=6 start=0xb count=7 pending=
Metering TX: 02 03 00 c0 00 30 45 d1
[2026-09-20 11:54:06.074] [WARNING] [tid:2248] Metering bus: Metering timeout: type=0 slave=2 start=0xc0 count=48 pending=
Metering TX: 02 03 00 30 00 30 45 e2
[2026-09-20 11:54:06.328] [WARNING] [tid:2248] Metering bus: Metering timeout: type=0 slave=2 start=0x30 count=48 pending=
Metering TX: 04 03 00 11 00 20 14 42
[2026-09-20 11:54:06.577] [WARNING] [tid:2248] Metering bus: Metering timeout: type=0 slave=4 start=0x11 count=32 pending=
Metering TX: dd a5 04 00 ff fc 77
Metering TX: dd a5 03 00 ff fd 77
Metering TX: 06 03 00 0b 00 07 74 7d
[2026-09-20 11:54:06.993] [WARNING] [tid:2248] Metering bus: Metering timeout: type=0 slave=6 start=0xb count=7 pending=
Metering TX: 02 03 00 c0 00 30 45 d1
[2026-09-20 11:54:07.260] [WARNING] [tid:2248] Metering bus: Metering timeout: type=0 slave=2 start=0xc0 count=48 pending=
Metering TX: 02 03 00 30 00 30 45 e2
[2026-09-20 11:54:07.512] [WARNING] [tid:2248] Metering bus: Metering timeout: type=0 slave=2 start=0x30 count=48 pending=
Metering TX: 02 03 00 90 00 30 45 c0
[2026-09-20 11:54:07.760] [WARNING] [tid:2248] Metering bus: Metering timeout: type=0 slave=2 start=0x90 count=48 pending=
Metering TX: 06 03 00 0b 00 07 74 7d
[2026-09-20 11:54:08.011] [WARNING] [tid:2248] Metering bus: Metering timeout: type=0 slave=6 start=0xb count=7 pending=
Metering TX: 02 03 00 c0 00 30 45 d1
[2026-09-20 11:54:08.261] [WARNING] [tid:2248] Metering bus: Metering timeout: type=0 slave=2 start=0xc0 count=48 pending=
Metering TX: 04 03 00 11 00 20 14 42
[2026-09-20 11:54:08.510] [WARNING] [tid:2248] Metering bus: Metering timeout: type=0 slave=4 start=0x11 count=32 pending=
Metering TX: 05 03 03 00 00 02 c5 cb
[2026-09-20 11:54:08.761] [WARNING] [tid:2248] Metering bus: Metering timeout: type=0 slave=5 start=0x300 count=2 pending=
Metering TX: dd a5 03 00 ff fd 77
Metering TX: 06 03 00 0b 00 07 74 7d
[2026-09-20 11:54:09.128] [WARNING] [tid:2248] Metering bus: Metering timeout: type=0 slave=6 start=0xb count=7 pending=
Metering TX: 02 03 00 c0 00 30 45 d1
[2026-09-20 11:54:09.379] [WARNING] [tid:2248] Metering bus: Metering timeout: type=0 slave=2 start=0xc0 count=48 pending=
Metering TX: 02 03 00 30 00 30 45 e2
[2026-09-20 11:54:09.630] [WARNING] [tid:2248] Metering bus: Metering timeout: type=0 slave=2 start=0x30 count=48 pending=
Metering TX: 02 03 00 90 00 30 45 c0
[2026-09-20 11:54:09.879] [WARNING] [tid:2248] Metering bus: Metering timeout: type=0 slave=2 start=0x90 count=48 pending=
Metering TX: 06 03 00 0b 00 07 74 7d
[2026-09-20 11:54:10.129] [WARNING] [tid:2248] Metering bus: Metering timeout: type=0 slave=6 start=0xb count=7 pending=
Metering TX: 02 03 00 c0 00 30 45 d1
[2026-09-20 11:54:10.379] [WARNING] [tid:2248] Metering bus: Metering timeout: type=0 slave=2 start=0xc0 count=48 pending=
Metering TX: 04 03 00 11 00 20 14 42
[2026-09-20 11:54:10.619] [WARNING] [tid:2248] Metering bus: Metering timeout: type=0 slave=4 start=0x11 count=32 pending=
Metering TX: dd a5 03 00 ff fd 77
Metering TX: 06 03 00 0b 00 07 74 7d
[2026-09-20 11:54:10.962] [WARNING] [tid:2248] Metering bus: Metering timeout: type=0 slave=6 start=0xb count=7 pending=
Metering TX: 02 03 00 c0 00 30 45 d1
[2026-09-20 11:54:11.214] [WARNING] [tid:2248] Metering bus: Metering timeout: type=0 slave=2 start=0xc0 count=48 pending=
Metering TX: 02 03 00 30 00 30 45 e2
[2026-09-20 11:54:11.462] [WARNING] [tid:2248] Metering bus: Metering timeout: type=0 slave=2 start=0x30 count=48 pending=
Metering TX: 02 03 00 90 00 30 45 c0
[2026-09-20 11:54:11.729] [WARNING] [tid:2248] Metering bus: Metering timeout: type=0 slave=2 start=0x90 count=48 pending=
Metering TX: 06 03 00 0b 00 07 74 7d
[2026-09-20 11:54:11.980] [WARNING] [tid:2248] Metering bus: Metering timeout: type=0 slave=6 start=0xb count=7 pending=
Metering TX: 02 03 00 c0 00 30 45 d1
[2026-09-20 11:54:12.229] [WARNING] [tid:2248] Metering bus: Metering timeout: type=0 slave=2 start=0xc0 count=48 pending=
Metering TX: 04 03 00 11 00 20 14 42
[2026-09-20 11:54:12.497] [WARNING] [tid:2248] Metering bus: Metering timeout: type=0 slave=4 start=0x11 count=32 pending=
Metering TX: dd a5 03 00 ff fd 77
Metering TX: 06 03 00 0b 00 07 74 7d
[2026-09-20 11:54:12.849] [WARNING] [tid:2248] Metering bus: Metering timeout: type=0 slave=6 start=0xb count=7 pending=
Metering TX: 02 03 00 c0 00 30 45 d1
[2026-09-20 11:54:13.098] [WARNING] [tid:2248] Metering bus: Metering timeout: type=0 slave=2 start=0xc0 count=48 pending=
Metering TX: 02 03 00 30 00 30 45 e2
[2026-09-20 11:54:13.349] [WARNING] [tid:2248] Metering bus: Metering timeout: type=0 slave=2 start=0x30 count=48 pending=
Metering TX: 02 03 00 90 00 30 45 c0
[2026-09-20 11:54:13.598] [WARNING] [tid:2248] Metering bus: Metering timeout: type=0 slave=2 start=0x90 count=48 pending=
Metering TX: 04 03 00 11 00 20 14 42
[2026-09-20 11:54:13.850] [WARNING] [tid:2248] Metering bus: Metering timeout: type=0 slave=4 start=0x11 count=32 pending=
Metering TX: 05 03 03 00 00 02 c5 cb
[2026-09-20 11:54:14.115] [WARNING] [tid:2248] Metering bus: Metering timeout: type=0 slave=5 start=0x300 count=2 pending=
Metering TX: 06 03 00 0b 00 07 74 7d
[2026-09-20 11:54:14.383] [WARNING] [tid:2248] Metering bus: Metering timeout: type=0 slave=6 start=0xb count=7 pending=
Metering TX: 02 03 00 c0 00 30 45 d1
[2026-09-20 11:54:14.634] [WARNING] [tid:2248] Metering bus: Metering timeout: type=0 slave=2 start=0xc0 count=48 pending=
Metering TX: 02 03 00 30 00 30 45 e2
[2026-09-20 11:54:14.900] [WARNING] [tid:2248] Metering bus: Metering timeout: type=0 slave=2 start=0x30 count=48 pending=
Metering TX: dd a5 03 00 ff fd 77
Metering TX: 06 03 00 0b 00 07 74 7d
[2026-09-20 11:54:15.267] [WARNING] [tid:2248] Metering bus: Metering timeout: type=0 slave=6 start=0xb count=7 pending=
Metering TX: 02 03 00 90 00 30 45 c0
[2026-09-20 11:54:15.517] [WARNING] [tid:2248] Metering bus: Metering timeout: type=0 slave=2 start=0x90 count=48 pending=
Metering TX: 04 03 00 11 00 20 14 42
[2026-09-20 11:54:15.767] [WARNING] [tid:2248] Metering bus: Metering timeout: type=0 slave=4 start=0x11 count=32 pending=
Metering TX: 06 03 00 0b 00 07 74 7d
[2026-09-20 11:54:16.020] [WARNING] [tid:2248] Metering bus: Metering timeout: type=0 slave=6 start=0xb count=7 pending=
Metering TX: 02 03 00 c0 00 30 45 d1
[2026-09-20 11:54:16.267] [WARNING] [tid:2248] Metering bus: Metering timeout: type=0 slave=2 start=0xc0 count=48 pending=
Metering TX: 02 03 00 30 00 30 45 e2
[2026-09-20 11:54:16.518] [WARNING] [tid:2248] Metering bus: Metering timeout: type=0 slave=2 start=0x30 count=48 pending=
Metering TX: 02 03 00 90 00 30 45 c0
[2026-09-20 11:54:16.767] [WARNING] [tid:2248] Metering bus: Metering timeout: type=0 slave=2 start=0x90 count=48 pending=
Metering TX: dd a5 04 00 ff fc 77
Metering TX: dd a5 03 00 ff fd 77
Metering TX: 06 03 00 0b 00 07 74 7d
[2026-09-20 11:54:17.220] [WARNING] [tid:2248] Metering bus: Metering timeout: type=0 slave=6 start=0xb count=7 pending=
Metering TX: 02 03 00 c0 00 30 45 d1
[2026-09-20 11:54:17.469] [WARNING] [tid:2248] Metering bus: Metering timeout: type=0 slave=2 start=0xc0 count=48 pending=
Metering TX: 02 03 00 30 00 30 45 e2
[2026-09-20 11:54:17.719] [WARNING] [tid:2248] Metering bus: Metering timeout: type=0 slave=2 start=0x30 count=48 pending=
Metering TX: 04 03 00 11 00 20 14 42
[2026-09-20 11:54:17.970] [WARNING] [tid:2248] Metering bus: Metering timeout: type=0 slave=4 start=0x11 count=32 pending=
Metering TX: 05 03 03 00 00 02 c5 cb
[2026-09-20 11:54:18.221] [WARNING] [tid:2248] Metering bus: Metering timeout: type=0 slave=5 start=0x300 count=2 pending=
Metering TX: 06 03 00 0b 00 07 74 7d
[2026-09-20 11:54:18.470] [WARNING] [tid:2248] Metering bus: Metering timeout: type=0 slave=6 start=0xb count=7 pending=
Metering TX: 02 03 00 c0 00 30 45 d1
[2026-09-20 11:54:18.722] [WARNING] [tid:2248] Metering bus: Metering timeout: type=0 slave=2 start=0xc0 count=48 pending=
Metering TX: 02 03 00 90 00 30 45 c0
[2026-09-20 11:54:18.970] [WARNING] [tid:2248] Metering bus: Metering timeout: type=0 slave=2 start=0x90 count=48 pending=
Metering TX: dd a5 03 00 ff fd 77
Metering TX: 06 03 00 0b 00 07 74 7d
[2026-09-20 11:54:19.305] [WARNING] [tid:2248] Metering bus: Metering timeout: type=0 slave=6 start=0xb count=7 pending=
Metering TX: 02 03 00 30 00 30 45 e2
[2026-09-20 11:54:19.569] [WARNING] [tid:2248] Metering bus: Metering timeout: type=0 slave=2 start=0x30 count=48 pending=
Metering TX: 04 03 00 11 00 20 14 42
[2026-09-20 11:54:19.822] [WARNING] [tid:2248] Metering bus: Metering timeout: type=0 slave=4 start=0x11 count=32 pending=
Metering TX: 06 03 00 0b 00 07 74 7d
[2026-09-20 11:54:20.071] [WARNING] [tid:2248] Metering bus: Metering timeout: type=0 slave=6 start=0xb count=7 pending=
Metering TX: 02 03 00 c0 00 30 45 d1
[2026-09-20 11:54:20.320] [WARNING] [tid:2248] Metering bus: Metering timeout: type=0 slave=2 start=0xc0 count=48 pending=
Metering TX: 02 03 00 30 00 30 45 e2
[2026-09-20 11:54:20.572] [WARNING] [tid:2248] Metering bus: Metering timeout: type=0 slave=2 start=0x30 count=48 pending=
Metering TX: 02 03 00 90 00 30 45 c0
[2026-09-20 11:54:20.838] [WARNING] [tid:2248] Metering bus: Metering timeout: type=0 slave=2 start=0x90 count=48 pending=
Metering TX: dd a5 03 00 ff fd 77
Metering TX: 06 03 00 0b 00 07 74 7d
[2026-09-20 11:54:21.224] [WARNING] [tid:2248] Metering bus: Metering timeout: type=0 slave=6 start=0xb count=7 pending=
Metering TX: 02 03 00 c0 00 30 45 d1
[2026-09-20 11:54:21.473] [WARNING] [tid:2248] Metering bus: Metering timeout: type=0 slave=2 start=0xc0 count=48 pending=
Metering TX: 02 03 00 30 00 30 45 e2
[2026-09-20 11:54:21.723] [WARNING] [tid:2248] Metering bus: Metering timeout: type=0 slave=2 start=0x30 count=48 pending=
Metering TX: 04 03 00 11 00 20 14 42
[2026-09-20 11:54:21.974] [WARNING] [tid:2248] Metering bus: Metering timeout: type=0 slave=4 start=0x11 count=32 pending=
Metering TX: 06 03 00 0b 00 07 74 7d
[2026-09-20 11:54:22.241] [WARNING] [tid:2248] Metering bus: Metering timeout: type=0 slave=6 start=0xb count=7 pending=
Metering TX: 02 03 00 c0 00 30 45 d1
[2026-09-20 11:54:22.491] [WARNING] [tid:2248] Metering bus: Metering timeout: type=0 slave=2 start=0xc0 count=48 pending=
Metering TX: 02 03 00 30 00 30 45 e2
[2026-09-20 11:54:22.740] [WARNING] [tid:2248] Metering bus: Metering timeout: type=0 slave=2 start=0x30 count=48 pending=
Metering TX: 02 03 00 90 00 30 45 c0
[2026-09-20 11:54:23.009] [WARNING] [tid:2248] Metering bus: Metering timeout: type=0 slave=2 start=0x90 count=48 pending=
Metering TX: dd a5 03 00 ff fd 77
Metering TX: 05 03 03 00 00 02 c5 cb
[2026-09-20 11:54:23.358] [WARNING] [tid:2248] Metering bus: Metering timeout: type=0 slave=5 start=0x300 count=2 pending=
Metering TX: 06 03 00 0b 00 07 74 7d
[2026-09-20 11:54:23.608] [WARNING] [tid:2248] Metering bus: Metering timeout: type=0 slave=6 start=0xb count=7 pending=
Metering TX: 02 03 00 c0 00 30 45 d1
[2026-09-20 11:54:23.860] [WARNING] [tid:2248] Metering bus: Metering timeout: type=0 slave=2 start=0xc0 count=48 pending=
Metering TX: 02 03 00 30 00 30 45 e2
[2026-09-20 11:54:24.110] [WARNING] [tid:2248] Metering bus: Metering timeout: type=0 slave=2 start=0x30 count=48 pending=
Metering TX: 04 03 00 11 00 20 14 42
[2026-09-20 11:54:24.360] [WARNING] [tid:2248] Metering bus: Metering timeout: type=0 slave=4 start=0x11 count=32 pending=
Metering TX: 06 03 00 0b 00 07 74 7d
[2026-09-20 11:54:24.610] [WARNING] [tid:2248] Metering bus: Metering timeout: type=0 slave=6 start=0xb count=7 pending=
Metering TX: 02 03 00 90 00 30 45 c0
[2026-09-20 11:54:24.861] [WARNING] [tid:2248] Metering bus: Metering timeout: type=0 slave=2 start=0x90 count=48 pending=
Metering TX: dd a5 03 00 ff fd 77
Metering TX: 06 03 00 0b 00 07 74 7d
[2026-09-20 11:54:25.226] [WARNING] [tid:2248] Metering bus: Metering timeout: type=0 slave=6 start=0xb count=7 pending=
Metering TX: 02 03 00 c0 00 30 45 d1
[2026-09-20 11:54:25.478] [WARNING] [tid:2248] Metering bus: Metering timeout: type=0 slave=2 start=0xc0 count=48 pending=
Metering TX: 02 03 00 30 00 30 45 e2
[2026-09-20 11:54:25.727] [WARNING] [tid:2248] Metering bus: Metering timeout: type=0 slave=2 start=0x30 count=48 pending=
Metering TX: 04 03 00 11 00 20 14 42
[2026-09-20 11:54:25.979] [WARNING] [tid:2248] Metering bus: Metering timeout: type=0 slave=4 start=0x11 count=32 pending=
Metering TX: 06 03 00 0b 00 07 74 7d
[2026-09-20 11:54:26.229] [WARNING] [tid:2248] Metering bus: Metering timeout: type=0 slave=6 start=0xb count=7 pending=
Metering TX: 02 03 00 c0 00 30 45 d1
[2026-09-20 11:54:26.496] [WARNING] [tid:2248] Metering bus: Metering timeout: type=0 slave=2 start=0xc0 count=48 pending=
Metering TX: 02 03 00 30 00 30 45 e2
[2026-09-20 11:54:26.745] [WARNING] [tid:2248] Metering bus: Metering timeout: type=0 slave=2 start=0x30 count=48 pending=
Metering TX: 02 03 00 90 00 30 45 c0
[2026-09-20 11:54:26.995] [WARNING] [tid:2248] Metering bus: Metering timeout: type=0 slave=2 start=0x90 count=48 pending=
Metering TX: dd a5 04 00 ff fc 77
Metering TX: dd a5 03 00 ff fd 77
Metering TX: 06 03 00 0b 00 07 74 7d
[2026-09-20 11:54:27.413] [WARNING] [tid:2248] Metering bus: Metering timeout: type=0 slave=6 start=0xb count=7 pending=
Metering TX: 02 03 00 c0 00 30 45 d1
[2026-09-20 11:54:27.664] [WARNING] [tid:2248] Metering bus: Metering timeout: type=0 slave=2 start=0xc0 count=48 pending=
Metering TX: 02 03 00 30 00 30 45 e2
[2026-09-20 11:54:27.913] [WARNING] [tid:2248] Metering bus: Metering timeout: type=0 slave=2 start=0x30 count=48 pending=
Metering TX: 04 03 00 11 00 20 14 42
[2026-09-20 11:54:28.163] [WARNING] [tid:2248] Metering bus: Metering timeout: type=0 slave=4 start=0x11 count=32 pending=
Metering TX: 05 03 03 00 00 02 c5 cb
[2026-09-20 11:54:28.431] [WARNING] [tid:2248] Metering bus: Metering timeout: type=0 slave=5 start=0x300 count=2 pending=
Metering TX: 06 03 00 0b 00 07 74 7d
[2026-09-20 11:54:28.697] [WARNING] [tid:2248] Metering bus: Metering timeout: type=0 slave=6 start=0xb count=7 pending=
Metering TX: 02 03 00 c0 00 30 45 d1
[2026-09-20 11:54:28.963] [WARNING] [tid:2248] Metering bus: Metering timeout: type=0 slave=2 start=0xc0 count=48 pending=
Metering TX: 02 03 00 90 00 30 45 c0
[2026-09-20 11:54:29.215] [WARNING] [tid:2248] Metering bus: Metering timeout: type=0 slave=2 start=0x90 count=48 pending=
Metering TX: dd a5 03 00 ff fd 77
Metering TX: 06 03 00 0b 00 07 74 7d
[2026-09-20 11:54:29.549] [WARNING] [tid:2248] Metering bus: Metering timeout: type=0 slave=6 start=0xb count=7 pending=
Metering TX: 02 03 00 30 00 30 45 e2
[2026-09-20 11:54:29.798] [WARNING] [tid:2248] Metering bus: Metering timeout: type=0 slave=2 start=0x30 count=48 pending=
Metering TX: 04 03 00 11 00 20 14 42
[2026-09-20 11:54:30.050] [WARNING] [tid:2248] Metering bus: Metering timeout: type=0 slave=4 start=0x11 count=32 pending=
Metering TX: 06 03 00 0b 00 07 74 7d
[2026-09-20 11:54:30.298] [WARNING] [tid:2248] Metering bus: Metering timeout: type=0 slave=6 start=0xb count=7 pending=
Metering TX: 02 03 00 c0 00 30 45 d1
[2026-09-20 11:54:30.551] [WARNING] [tid:2248] Metering bus: Metering timeout: type=0 slave=2 start=0xc0 count=48 pending=
Metering TX: 02 03 00 30 00 30 45 e2
[2026-09-20 11:54:30.800] [WARNING] [tid:2248] Metering bus: Metering timeout: type=0 slave=2 start=0x30 count=48 pending=
Metering TX: 02 03 00 90 00 30 45 c0
[2026-09-20 11:54:31.050] [WARNING] [tid:2248] Metering bus: Metering timeout: type=0 slave=2 start=0x90 count=48 pending=
Metering TX: dd a5 03 00 ff fd 77
Metering TX: 06 03 00 0b 00 07 74 7d
[2026-09-20 11:54:31.400] [WARNING] [tid:2248] Metering bus: Metering timeout: type=0 slave=6 start=0xb count=7 pending=
Metering TX: 02 03 00 c0 00 30 45 d1
[2026-09-20 11:54:31.650] [WARNING] [tid:2248] Metering bus: Metering timeout: type=0 slave=2 start=0xc0 count=48 pending=
Metering TX: 02 03 00 30 00 30 45 e2
[2026-09-20 11:54:31.902] [WARNING] [tid:2248] Metering bus: Metering timeout: type=0 slave=2 start=0x30 count=48 pending=
Metering TX: 04 03 00 11 00 20 14 42
[2026-09-20 11:54:32.150] [WARNING] [tid:2248] Metering bus: Metering timeout: type=0 slave=4 start=0x11 count=32 pending=
Metering TX: 06 03 00 0b 00 07 74 7d
[2026-09-20 11:54:32.402] [WARNING] [tid:2248] Metering bus: Metering timeout: type=0 slave=6 start=0xb count=7 pending=
Metering TX: 02 03 00 c0 00 30 45 d1
[2026-09-20 11:54:32.652] [WARNING] [tid:2248] Metering bus: Metering timeout: type=0 slave=2 start=0xc0 count=48 pending=
Metering TX: 02 03 00 30 00 30 45 e2
[2026-09-20 11:54:32.902] [WARNING] [tid:2248] Metering bus: Metering timeout: type=0 slave=2 start=0x30 count=48 pending=
Metering TX: 02 03 00 90 00 30 45 c0
[2026-09-20 11:54:33.152] [WARNING] [tid:2248] Metering bus: Metering timeout: type=0 slave=2 start=0x90 count=48 pending=
Metering TX: 05 03 03 00 00 02 c5 cb
[2026-09-20 11:54:33.403] [WARNING] [tid:2248] Metering bus: Metering timeout: type=0 slave=5 start=0x300 count=2 pending=
Metering TX: dd a5 03 00 ff fd 77
Metering TX: 06 03 00 0b 00 07 74 7d
[2026-09-20 11:54:33.753] [WARNING] [tid:2248] Metering bus: Metering timeout: type=0 slave=6 start=0xb count=7 pending=
Metering TX: 02 03 00 c0 00 30 45 d1
[2026-09-20 11:54:34.004] [WARNING] [tid:2248] Metering bus: Metering timeout: type=0 slave=2 start=0xc0 count=48 pending=
Metering TX: 02 03 00 30 00 30 45 e2
[2026-09-20 11:54:34.253] [WARNING] [tid:2248] Metering bus: Metering timeout: type=0 slave=2 start=0x30 count=48 pending=
Metering TX: 04 03 00 11 00 20 14 42
[2026-09-20 11:54:34.503] [WARNING] [tid:2248] Metering bus: Metering timeout: type=0 slave=4 start=0x11 count=32 pending=
Metering TX: 06 03 00 0b 00 07 74 7d
[2026-09-20 11:54:34.753] [WARNING] [tid:2248] Metering bus: Metering timeout: type=0 slave=6 start=0xb count=7 pending=
Metering TX: 02 03 00 90 00 30 45 c0
[2026-09-20 11:54:35.005] [WARNING] [tid:2248] Metering bus: Metering timeout: type=0 slave=2 start=0x90 count=48 pending=
Metering TX: dd a5 03 00 ff fd 77
Metering TX: 06 03 00 0b 00 07 74 7d
[2026-09-20 11:54:35.354] [WARNING] [tid:2248] Metering bus: Metering timeout: type=0 slave=6 start=0xb count=7 pending=
Metering TX: 02 03 00 c0 00 30 45 d1
[2026-09-20 11:54:35.605] [WARNING] [tid:2248] Metering bus: Metering timeout: type=0 slave=2 start=0xc0 count=48 pending=
Metering TX: 02 03 00 30 00 30 45 e2
[2026-09-20 11:54:35.870] [WARNING] [tid:2248] Metering bus: Metering timeout: type=0 slave=2 start=0x30 count=48 pending=
Metering TX: 04 03 00 11 00 20 14 42
[2026-09-20 11:54:36.122] [WARNING] [tid:2248] Metering bus: Metering timeout: type=0 slave=4 start=0x11 count=32 pending=
Metering TX: 06 03 00 0b 00 07 74 7d
[2026-09-20 11:54:36.373] [WARNING] [tid:2248] Metering bus: Metering timeout: type=0 slave=6 start=0xb count=7 pending=
Metering TX: 02 03 00 c0 00 30 45 d1
[2026-09-20 11:54:36.623] [WARNING] [tid:2248] Metering bus: Metering timeout: type=0 slave=2 start=0xc0 count=48 pending=
Metering TX: 02 03 00 30 00 30 45 e2
[2026-09-20 11:54:36.873] [WARNING] [tid:2248] Metering bus: Metering timeout: type=0 slave=2 start=0x30 count=48 pending=
Metering TX: 02 03 00 90 00 30 45 c0
[2026-09-20 11:54:37.122] [WARNING] [tid:2248] Metering bus: Metering timeout: type=0 slave=2 start=0x90 count=48 pending=
Metering TX: dd a5 04 00 ff fc 77
Metering TX: dd a5 03 00 ff fd 77
Metering TX: 06 03 00 0b 00 07 74 7d
[2026-09-20 11:54:37.541] [WARNING] [tid:2248] Metering bus: Metering timeout: type=0 slave=6 start=0xb count=7 pending=
Metering TX: 02 03 00 c0 00 30 45 d1
[2026-09-20 11:54:37.791] [WARNING] [tid:2248] Metering bus: Metering timeout: type=0 slave=2 start=0xc0 count=48 pending=
Metering TX: 02 03 00 30 00 30 45 e2
[2026-09-20 11:54:38.041] [WARNING] [tid:2248] Metering bus: Metering timeout: type=0 slave=2 start=0x30 count=48 pending=
Metering TX: 04 03 00 11 00 20 14 42
[2026-09-20 11:54:38.290] [WARNING] [tid:2248] Metering bus: Metering timeout: type=0 slave=4 start=0x11 count=32 pending=
Metering TX: 05 03 03 00 00 02 c5 cb
[2026-09-20 11:54:38.541] [WARNING] [tid:2248] Metering bus: Metering timeout: type=0 slave=5 start=0x300 count=2 pending=
Metering TX: 06 03 00 0b 00 07 74 7d
[2026-09-20 11:54:38.791] [WARNING] [tid:2248] Metering bus: Metering timeout: type=0 slave=6 start=0xb count=7 pending=
Metering TX: 02 03 00 c0 00 30 45 d1
[2026-09-20 11:54:39.042] [WARNING] [tid:2248] Metering bus: Metering timeout: type=0 slave=2 start=0xc0 count=48 pending=
Metering TX: 02 03 00 90 00 30 45 c0
[2026-09-20 11:54:39.291] [WARNING] [tid:2248] Metering bus: Metering timeout: type=0 slave=2 start=0x90 count=48 pending=
Metering TX: dd a5 03 00 ff fd 77
Metering TX: 06 03 00 0b 00 07 74 7d
[2026-09-20 11:54:39.641] [WARNING] [tid:2248] Metering bus: Metering timeout: type=0 slave=6 start=0xb count=7 pending=
Metering TX: 02 03 00 30 00 30 45 e2
[2026-09-20 11:54:39.893] [WARNING] [tid:2248] Metering bus: Metering timeout: type=0 slave=2 start=0x30 count=48 pending=
Metering TX: 04 03 00 11 00 20 14 42
[2026-09-20 11:54:40.141] [WARNING] [tid:2248] Metering bus: Metering timeout: type=0 slave=4 start=0x11 count=32 pending=
Metering TX: 06 03 00 0b 00 07 74 7d
[2026-09-20 11:54:40.392] [WARNING] [tid:2248] Metering bus: Metering timeout: type=0 slave=6 start=0xb count=7 pending=
Metering TX: 02 03 00 c0 00 30 45 d1
[2026-09-20 11:54:40.642] [WARNING] [tid:2248] Metering bus: Metering timeout: type=0 slave=2 start=0xc0 count=48 pending=
Metering TX: 02 03 00 30 00 30 45 e2
[2026-09-20 11:54:40.893] [WARNING] [tid:2248] Metering bus: Metering timeout: type=0 slave=2 start=0x30 count=48 pending=
Metering TX: 02 03 00 90 00 30 45 c0
[2026-09-20 11:54:41.143] [WARNING] [tid:2248] Metering bus: Metering timeout: type=0 slave=2 start=0x90 count=48 pending=
Metering TX: dd a5 03 00 ff fd 77
Metering TX: 06 03 00 0b 00 07 74 7d
[2026-09-20 11:54:41.494] [WARNING] [tid:2248] Metering bus: Metering timeout: type=0 slave=6 start=0xb count=7 pending=
Metering TX: 02 03 00 c0 00 30 45 d1
[2026-09-20 11:54:41.744] [WARNING] [tid:2248] Metering bus: Metering timeout: type=0 slave=2 start=0xc0 count=48 pending=
Metering TX: 02 03 00 30 00 30 45 e2
[2026-09-20 11:54:41.995] [WARNING] [tid:2248] Metering bus: Metering timeout: type=0 slave=2 start=0x30 count=48 pending=
Metering TX: 04 03 00 11 00 20 14 42
[2026-09-20 11:54:42.244] [WARNING] [tid:2248] Metering bus: Metering timeout: type=0 slave=4 start=0x11 count=32 pending=
Metering TX: 06 03 00 0b 00 07 74 7d
[2026-09-20 11:54:42.495] [WARNING] [tid:2248] Metering bus: Metering timeout: type=0 slave=6 start=0xb count=7 pending=
Metering TX: 02 03 00 c0 00 30 45 d1
[2026-09-20 11:54:42.745] [WARNING] [tid:2248] Metering bus: Metering timeout: type=0 slave=2 start=0xc0 count=48 pending=
Metering TX: 02 03 00 30 00 30 45 e2
[2026-09-20 11:54:42.995] [WARNING] [tid:2248] Metering bus: Metering timeout: type=0 slave=2 start=0x30 count=48 pending=
Metering TX: 02 03 00 90 00 30 45 c0
[2026-09-20 11:54:43.245] [WARNING] [tid:2248] Metering bus: Metering timeout: type=0 slave=2 start=0x90 count=48 pending=
Metering TX: 05 03 03 00 00 02 c5 cb
[2026-09-20 11:54:43.497] [WARNING] [tid:2248] Metering bus: Metering timeout: type=0 slave=5 start=0x300 count=2 pending=
Metering TX: dd a5 03 00 ff fd 77
Metering TX: 06 03 00 0b 00 07 74 7d
[2026-09-20 11:54:43.830] [WARNING] [tid:2248] Metering bus: Metering timeout: type=0 slave=6 start=0xb count=7 pending=
Metering TX: 02 03 00 c0 00 30 45 d1
[2026-09-20 11:54:44.079] [WARNING] [tid:2248] Metering bus: Metering timeout: type=0 slave=2 start=0xc0 count=48 pending=
Metering TX: 02 03 00 30 00 30 45 e2
[2026-09-20 11:54:44.330] [WARNING] [tid:2248] Metering bus: Metering timeout: type=0 slave=2 start=0x30 count=48 pending=
Metering TX: 04 03 00 11 00 20 14 42
[2026-09-20 11:54:44.580] [WARNING] [tid:2248] Metering bus: Metering timeout: type=0 slave=4 start=0x11 count=32 pending=
Metering TX: 06 03 00 0b 00 07 74 7d
[2026-09-20 11:54:44.831] [WARNING] [tid:2248] Metering bus: Metering timeout: type=0 slave=6 start=0xb count=7 pending=
Metering TX: 02 03 00 c0 00 30 45 d1
[2026-09-20 11:54:45.081] [WARNING] [tid:2248] Metering bus: Metering timeout: type=0 slave=2 start=0xc0 count=48 pending=
Metering TX: 02 03 00 90 00 30 45 c0
[2026-09-20 11:54:45.331] [WARNING] [tid:2248] Metering bus: Metering timeout: type=0 slave=2 start=0x90 count=48 pending=
Metering TX: dd a5 03 00 ff fd 77
Metering TX: 06 03 00 0b 00 07 74 7d
[2026-09-20 11:54:45.682] [WARNING] [tid:2248] Metering bus: Metering timeout: type=0 slave=6 start=0xb count=7 pending=
Metering TX: 02 03 00 c0 00 30 45 d1
[2026-09-20 11:54:45.934] [WARNING] [tid:2248] Metering bus: Metering timeout: type=0 slave=2 start=0xc0 count=48 pending=
Metering TX: 02 03 00 30 00 30 45 e2
[2026-09-20 11:54:46.182] [WARNING] [tid:2248] Metering bus: Metering timeout: type=0 slave=2 start=0x30 count=48 pending=
Metering TX: 04 03 00 11 00 20 14 42
[2026-09-20 11:54:46.432] [WARNING] [tid:2248] Metering bus: Metering timeout: type=0 slave=4 start=0x11 count=32 pending=
Metering TX: dd a5 04 00 ff fc 77
Metering TX: 06 03 00 0b 00 07 74 7d
[2026-09-20 11:54:46.781] [WARNING] [tid:2248] Metering bus: Metering timeout: type=0 slave=6 start=0xb count=7 pending=
Metering TX: 02 03 00 c0 00 30 45 d1
[2026-09-20 11:54:47.033] [WARNING] [tid:2248] Metering bus: Metering timeout: type=0 slave=2 start=0xc0 count=48 pending=
Metering TX: 02 03 00 90 00 30 45 c0
[2026-09-20 11:54:47.283] [WARNING] [tid:2248] Metering bus: Metering timeout: type=0 slave=2 start=0x90 count=48 pending=
Metering TX: dd a5 03 00 ff fd 77
Metering TX: 06 03 00 0b 00 07 74 7d
[2026-09-20 11:54:47.633] [WARNING] [tid:2248] Metering bus: Metering timeout: type=0 slave=6 start=0xb count=7 pending=
Metering TX: 02 03 00 c0 00 30 45 d1
[2026-09-20 11:54:47.901] [WARNING] [tid:2248] Metering bus: Metering timeout: type=0 slave=2 start=0xc0 count=48 pending=
Metering TX: 02 03 00 30 00 30 45 e2
[2026-09-20 11:54:48.150] [WARNING] [tid:2248] Metering bus: Metering timeout: type=0 slave=2 start=0x30 count=48 pending=
Metering TX: 04 03 00 11 00 20 14 42
[2026-09-20 11:54:48.401] [WARNING] [tid:2248] Metering bus: Metering timeout: type=0 slave=4 start=0x11 count=32 pending=
Metering TX: 05 03 03 00 00 02 c5 cb
[2026-09-20 11:54:48.651] [WARNING] [tid:2248] Metering bus: Metering timeout: type=0 slave=5 start=0x300 count=2 pending=
Metering TX: 06 03 00 0b 00 07 74 7d
[2026-09-20 11:54:48.900] [WARNING] [tid:2248] Metering bus: Metering timeout: type=0 slave=6 start=0xb count=7 pending=
Metering TX: 02 03 00 c0 00 30 45 d1
[2026-09-20 11:54:49.151] [WARNING] [tid:2248] Metering bus: Metering timeout: type=0 slave=2 start=0xc0 count=48 pending=
Metering TX: 02 03 00 30 00 30 45 e2
[2026-09-20 11:54:49.402] [WARNING] [tid:2248] Metering bus: Metering timeout: type=0 slave=2 start=0x30 count=48 pending=
Metering TX: 02 03 00 90 00 30 45 c0
[2026-09-20 11:54:49.652] [WARNING] [tid:2248] Metering bus: Metering timeout: type=0 slave=2 start=0x90 count=48 pending=
Metering TX: dd a5 03 00 ff fd 77
Metering TX: 06 03 00 0b 00 07 74 7d
[2026-09-20 11:54:50.020] [WARNING] [tid:2248] Metering bus: Metering timeout: type=0 slave=6 start=0xb count=7 pending=
Metering TX: 02 03 00 c0 00 30 45 d1
[2026-09-20 11:54:50.269] [WARNING] [tid:2248] Metering bus: Metering timeout: type=0 slave=2 start=0xc0 count=48 pending=
Metering TX: 04 03 00 11 00 20 14 42
[2026-09-20 11:54:50.519] [WARNING] [tid:2248] Metering bus: Metering timeout: type=0 slave=4 start=0x11 count=32 pending=
Metering TX: 06 03 00 0b 00 07 74 7d
[2026-09-20 11:54:50.787] [WARNING] [tid:2248] Metering bus: Metering timeout: type=0 slave=6 start=0xb count=7 pending=
Metering TX: 02 03 00 30 00 30 45 e2
[2026-09-20 11:54:51.040] [WARNING] [tid:2248] Metering bus: Metering timeout: type=0 slave=2 start=0x30 count=48 pending=
Metering TX: 02 03 00 90 00 30 45 c0
[2026-09-20 11:54:51.304] [WARNING] [tid:2248] Metering bus: Metering timeout: type=0 slave=2 start=0x90 count=48 pending=
Metering TX: dd a5 03 00 ff fd 77
Metering TX: 06 03 00 0b 00 07 74 7d
[2026-09-20 11:54:51.654] [WARNING] [tid:2248] Metering bus: Metering timeout: type=0 slave=6 start=0xb count=7 pending=
Metering TX: 02 03 00 c0 00 30 45 d1
[2026-09-20 11:54:51.905] [WARNING] [tid:2248] Metering bus: Metering timeout: type=0 slave=2 start=0xc0 count=48 pending=
Metering TX: 02 03 00 30 00 30 45 e2
[2026-09-20 11:54:52.154] [WARNING] [tid:2248] Metering bus: Metering timeout: type=0 slave=2 start=0x30 count=48 pending=
Metering TX: 04 03 00 11 00 20 14 42
[2026-09-20 11:54:52.405] [WARNING] [tid:2248] Metering bus: Metering timeout: type=0 slave=4 start=0x11 count=32 pending=
Metering TX: 06 03 00 0b 00 07 74 7d
[2026-09-20 11:54:52.655] [WARNING] [tid:2248] Metering bus: Metering timeout: type=0 slave=6 start=0xb count=7 pending=
Metering TX: 02 03 00 c0 00 30 45 d1
[2026-09-20 11:54:52.906] [WARNING] [tid:2248] Metering bus: Metering timeout: type=0 slave=2 start=0xc0 count=48 pending=
Metering TX: 02 03 00 30 00 30 45 e2
[2026-09-20 11:54:53.156] [WARNING] [tid:2248] Metering bus: Metering timeout: type=0 slave=2 start=0x30 count=48 pending=
Metering TX: 02 03 00 90 00 30 45 c0
[2026-09-20 11:54:53.406] [WARNING] [tid:2248] Metering bus: Metering timeout: type=0 slave=2 start=0x90 count=48 pending=
Metering TX: 05 03 03 00 00 02 c5 cb
[2026-09-20 11:54:53.656] [WARNING] [tid:2248] Metering bus: Metering timeout: type=0 slave=5 start=0x300 count=2 pending=
Metering TX: dd a5 03 00 ff fd 77
Metering TX: 06 03 00 0b 00 07 74 7d
[2026-09-20 11:54:54.007] [WARNING] [tid:2248] Metering bus: Metering timeout: type=0 slave=6 start=0xb count=7 pending=
Metering TX: 02 03 00 c0 00 30 45 d1
[2026-09-20 11:54:54.274] [WARNING] [tid:2248] Metering bus: Metering timeout: type=0 slave=2 start=0xc0 count=48 pending=
Metering TX: 02 03 00 30 00 30 45 e2
[2026-09-20 11:54:54.540] [WARNING] [tid:2248] Metering bus: Metering timeout: type=0 slave=2 start=0x30 count=48 pending=
Metering TX: 04 03 00 11 00 20 14 42
[2026-09-20 11:54:54.805] [WARNING] [tid:2248] Metering bus: Metering timeout: type=0 slave=4 start=0x11 count=32 pending=
Metering TX: 06 03 00 0b 00 07 74 7d
[2026-09-20 11:54:55.058] [WARNING] [tid:2248] Metering bus: Metering timeout: type=0 slave=6 start=0xb count=7 pending=
Metering TX: 02 03 00 c0 00 30 45 d1
[2026-09-20 11:54:55.307] [WARNING] [tid:2248] Metering bus: Metering timeout: type=0 slave=2 start=0xc0 count=48 pending=
Metering TX: 02 03 00 90 00 30 45 c0
[2026-09-20 11:54:55.558] [WARNING] [tid:2248] Metering bus: Metering timeout: type=0 slave=2 start=0x90 count=48 pending=
Metering TX: dd a5 03 00 ff fd 77
Metering TX: 06 03 00 0b 00 07 74 7d
[2026-09-20 11:54:55.908] [WARNING] [tid:2248] Metering bus: Metering timeout: type=0 slave=6 start=0xb count=7 pending=
Metering TX: 02 03 00 c0 00 30 45 d1
[2026-09-20 11:54:56.158] [WARNING] [tid:2248] Metering bus: Metering timeout: type=0 slave=2 start=0xc0 count=48 pending=
Metering TX: 02 03 00 30 00 30 45 e2
[2026-09-20 11:54:56.408] [WARNING] [tid:2248] Metering bus: Metering timeout: type=0 slave=2 start=0x30 count=48 pending=
Metering TX: 04 03 00 11 00 20 14 42
[2026-09-20 11:54:56.658] [WARNING] [tid:2248] Metering bus: Metering timeout: type=0 slave=4 start=0x11 count=32 pending=
Metering TX: dd a5 04 00 ff fc 77
Metering TX: 06 03 00 0b 00 07 74 7d
[2026-09-20 11:54:56.975] [WARNING] [tid:2248] Metering bus: Metering timeout: type=0 slave=6 start=0xb count=7 pending=
Metering TX: 02 03 00 c0 00 30 45 d1
[2026-09-20 11:54:57.243] [WARNING] [tid:2248] Metering bus: Metering timeout: type=0 slave=2 start=0xc0 count=48 pending=
Metering TX: 02 03 00 90 00 30 45 c0
[2026-09-20 11:54:57.510] [WARNING] [tid:2248] Metering bus: Metering timeout: type=0 slave=2 start=0x90 count=48 pending=
Metering TX: dd a5 03 00 ff fd 77
Metering TX: 06 03 00 0b 00 07 74 7d
[2026-09-20 11:54:57.859] [WARNING] [tid:2248] Metering bus: Metering timeout: type=0 slave=6 start=0xb count=7 pending=
Metering TX: 02 03 00 c0 00 30 45 d1
[2026-09-20 11:54:58.128] [WARNING] [tid:2248] Metering bus: Metering timeout: type=0 slave=2 start=0xc0 count=48 pending=
Metering TX: 02 03 00 30 00 30 45 e2
[2026-09-20 11:54:58.377] [WARNING] [tid:2248] Metering bus: Metering timeout: type=0 slave=2 start=0x30 count=48 pending=
Metering TX: 04 03 00 11 00 20 14 42
[2026-09-20 11:54:58.628] [WARNING] [tid:2248] Metering bus: Metering timeout: type=0 slave=4 start=0x11 count=32 pending=
Metering TX: 05 03 03 00 00 02 c5 cb
[2026-09-20 11:54:58.877] [WARNING] [tid:2248] Metering bus: Metering timeout: type=0 slave=5 start=0x300 count=2 pending=
Metering TX: 06 03 00 0b 00 07 74 7d
[2026-09-20 11:54:59.128] [WARNING] [tid:2248] Metering bus: Metering timeout: type=0 slave=6 start=0xb count=7 pending=
Metering TX: 02 03 00 c0 00 30 45 d1
[2026-09-20 11:54:59.378] [WARNING] [tid:2248] Metering bus: Metering timeout: type=0 slave=2 start=0xc0 count=48 pending=
Metering TX: 02 03 00 30 00 30 45 e2
[2026-09-20 11:54:59.628] [WARNING] [tid:2248] Metering bus: Metering timeout: type=0 slave=2 start=0x30 count=48 pending=
Metering TX: 02 03 00 90 00 30 45 c0
[2026-09-20 11:54:59.877] [WARNING] [tid:2248] Metering bus: Metering timeout: type=0 slave=2 start=0x90 count=48 pending=
Metering TX: dd a5 03 00 ff fd 77
Metering TX: 06 03 00 0b 00 07 74 7d
[2026-09-20 11:55:00.229] [WARNING] [tid:2248] Metering bus: Metering timeout: type=0 slave=6 start=0xb count=7 pending=
Metering TX: 02 03 00 c0 00 30 45 d1
[2026-09-20 11:55:00.480] [WARNING] [tid:2248] Metering bus: Metering timeout: type=0 slave=2 start=0xc0 count=48 pending=
Metering TX: 04 03 00 11 00 20 14 42
[2026-09-20 11:55:00.730] [WARNING] [tid:2248] Metering bus: Metering timeout: type=0 slave=4 start=0x11 count=32 pending=
Metering TX: 06 03 00 0b 00 07 74 7d
[2026-09-20 11:55:00.980] [WARNING] [tid:2248] Metering bus: Metering timeout: type=0 slave=6 start=0xb count=7 pending=
Metering TX: 02 03 00 30 00 30 45 e2
[2026-09-20 11:55:01.229] [WARNING] [tid:2248] Metering bus: Metering timeout: type=0 slave=2 start=0x30 count=48 pending=
Metering TX: 02 03 00 90 00 30 45 c0
[2026-09-20 11:55:01.481] [WARNING] [tid:2248] Metering bus: Metering timeout: type=0 slave=2 start=0x90 count=48 pending=
Metering TX: dd a5 03 00 ff fd 77
Metering TX: 06 03 00 0b 00 07 74 7d
[2026-09-20 11:55:01.832] [WARNING] [tid:2248] Metering bus: Metering timeout: type=0 slave=6 start=0xb count=7 pending=
Metering TX: 02 03 00 c0 00 30 45 d1
[2026-09-20 11:55:02.081] [WARNING] [tid:2248] Metering bus: Metering timeout: type=0 slave=2 start=0xc0 count=48 pending=
Metering TX: 02 03 00 30 00 30 45 e2
[2026-09-20 11:55:02.331] [WARNING] [tid:2248] Metering bus: Metering timeout: type=0 slave=2 start=0x30 count=48 pending=
Metering TX: 04 03 00 11 00 20 14 42
[2026-09-20 11:55:02.582] [WARNING] [tid:2248] Metering bus: Metering timeout: type=0 slave=4 start=0x11 count=32 pending=
Metering TX: 06 03 00 0b 00 07 74 7d
[2026-09-20 11:55:02.832] [WARNING] [tid:2248] Metering bus: Metering timeout: type=0 slave=6 start=0xb count=7 pending=
Metering TX: 02 03 00 c0 00 30 45 d1
[2026-09-20 11:55:03.083] [WARNING] [tid:2248] Metering bus: Metering timeout: type=0 slave=2 start=0xc0 count=48 pending=
Metering TX: 02 03 00 30 00 30 45 e2
[2026-09-20 11:55:03.332] [WARNING] [tid:2248] Metering bus: Metering timeout: type=0 slave=2 start=0x30 count=48 pending=
Metering TX: 02 03 00 90 00 30 45 c0
[2026-09-20 11:55:03.582] [WARNING] [tid:2248] Metering bus: Metering timeout: type=0 slave=2 start=0x90 count=48 pending=
Metering TX: 05 03 03 00 00 02 c5 cb
[2026-09-20 11:55:03.832] [WARNING] [tid:2248] Metering bus: Metering timeout: type=0 slave=5 start=0x300 count=2 pending=
Metering TX: dd a5 03 00 ff fd 77
Metering TX: 06 03 00 0b 00 07 74 7d
[2026-09-20 11:55:04.200] [WARNING] [tid:2248] Metering bus: Metering timeout: type=0 slave=6 start=0xb count=7 pending=
Metering TX: 02 03 00 c0 00 30 45 d1
[2026-09-20 11:55:04.450] [WARNING] [tid:2248] Metering bus: Metering timeout: type=0 slave=2 start=0xc0 count=48 pending=
Metering TX: 02 03 00 30 00 30 45 e2
[2026-09-20 11:55:04.699] [WARNING] [tid:2248] Metering bus: Metering timeout: type=0 slave=2 start=0x30 count=48 pending=
Metering TX: 04 03 00 11 00 20 14 42
[2026-09-20 11:55:04.950] [WARNING] [tid:2248] Metering bus: Metering timeout: type=0 slave=4 start=0x11 count=32 pending=
Metering TX: 06 03 00 0b 00 07 74 7d
[2026-09-20 11:55:05.199] [WARNING] [tid:2248] Metering bus: Metering timeout: type=0 slave=6 start=0xb count=7 pending=
Metering TX: 02 03 00 90 00 30 45 c0
[2026-09-20 11:55:05.451] [WARNING] [tid:2248] Metering bus: Metering timeout: type=0 slave=2 start=0x90 count=48 pending=
Metering TX: dd a5 03 00 ff fd 77
Metering TX: 06 03 00 0b 00 07 74 7d
[2026-09-20 11:55:05.834] [WARNING] [tid:2248] Metering bus: Metering timeout: type=0 slave=6 start=0xb count=7 pending=
Metering TX: 02 03 00 c0 00 30 45 d1
[2026-09-20 11:55:06.086] [WARNING] [tid:2248] Metering bus: Metering timeout: type=0 slave=2 start=0xc0 count=48 pending=
Metering TX: 02 03 00 30 00 30 45 e2
[2026-09-20 11:55:06.352] [WARNING] [tid:2248] Metering bus: Metering timeout: type=0 slave=2 start=0x30 count=48 pending=
Metering TX: 02 03 00 90 00 30 45 c0
[2026-09-20 11:55:06.602] [WARNING] [tid:2248] Metering bus: Metering timeout: type=0 slave=2 start=0x90 count=48 pending=
Metering TX: 04 03 00 11 00 20 14 42
[2026-09-20 11:55:06.852] [WARNING] [tid:2248] Metering bus: Metering timeout: type=0 slave=4 start=0x11 count=32 pending=
Metering TX: dd a5 04 00 ff fc 77
Metering TX: 06 03 00 0b 00 07 74 7d
[2026-09-20 11:55:07.168] [WARNING] [tid:2248] Metering bus: Metering timeout: type=0 slave=6 start=0xb count=7 pending=
Metering TX: 02 03 00 c0 00 30 45 d1
[2026-09-20 11:55:07.419] [WARNING] [tid:2248] Metering bus: Metering timeout: type=0 slave=2 start=0xc0 count=48 pending=
Metering TX: 02 03 00 30 00 30 45 e2
[2026-09-20 11:55:07.669] [WARNING] [tid:2248] Metering bus: Metering timeout: type=0 slave=2 start=0x30 count=48 pending=
Metering TX: dd a5 03 00 ff fd 77
Metering TX: 06 03 00 0b 00 07 74 7d
[2026-09-20 11:55:08.021] [WARNING] [tid:2248] Metering bus: Metering timeout: type=0 slave=6 start=0xb count=7 pending=
Metering TX: 02 03 00 c0 00 30 45 d1
[2026-09-20 11:55:08.271] [WARNING] [tid:2248] Metering bus: Metering timeout: type=0 slave=2 start=0xc0 count=48 pending=
Metering TX: 02 03 00 90 00 30 45 c0
[2026-09-20 11:55:08.521] [WARNING] [tid:2248] Metering bus: Metering timeout: type=0 slave=2 start=0x90 count=48 pending=
Metering TX: 04 03 00 11 00 20 14 42
[2026-09-20 11:55:08.788] [WARNING] [tid:2248] Metering bus: Metering timeout: type=0 slave=4 start=0x11 count=32 pending=
Metering TX: 05 03 03 00 00 02 c5 cb
[2026-09-20 11:55:09.055] [WARNING] [tid:2248] Metering bus: Metering timeout: type=0 slave=5 start=0x300 count=2 pending=
Metering TX: 06 03 00 0b 00 07 74 7d
[2026-09-20 11:55:09.321] [WARNING] [tid:2248] Metering bus: Metering timeout: type=0 slave=6 start=0xb count=7 pending=
Metering TX: 02 03 00 c0 00 30 45 d1
[2026-09-20 11:55:09.572] [WARNING] [tid:2248] Metering bus: Metering timeout: type=0 slave=2 start=0xc0 count=48 pending=
Metering TX: 02 03 00 30 00 30 45 e2
[2026-09-20 11:55:09.822] [WARNING] [tid:2248] Metering bus: Metering timeout: type=0 slave=2 start=0x30 count=48 pending=
Metering TX: dd a5 03 00 ff fd 77
Metering TX: 06 03 00 0b 00 07 74 7d
[2026-09-20 11:55:10.173] [WARNING] [tid:2248] Metering bus: Metering timeout: type=0 slave=6 start=0xb count=7 pending=
Metering TX: 02 03 00 90 00 30 45 c0
[2026-09-20 11:55:10.423] [WARNING] [tid:2248] Metering bus: Metering timeout: type=0 slave=2 start=0x90 count=48 pending=
Metering TX: 04 03 00 11 00 20 14 42
[2026-09-20 11:55:10.674] [WARNING] [tid:2248] Metering bus: Metering timeout: type=0 slave=4 start=0x11 count=32 pending=
Metering TX: 06 03 00 0b 00 07 74 7d
[2026-09-20 11:55:10.921] [WARNING] [tid:2248] Metering bus: Metering timeout: type=0 slave=6 start=0xb count=7 pending=
Metering TX: 02 03 00 c0 00 30 45 d1
[2026-09-20 11:55:11.173] [WARNING] [tid:2248] Metering bus: Metering timeout: type=0 slave=2 start=0xc0 count=48 pending=
Metering TX: 02 03 00 30 00 30 45 e2
[2026-09-20 11:55:11.424] [WARNING] [tid:2248] Metering bus: Metering timeout: type=0 slave=2 start=0x30 count=48 pending=
Metering TX: 02 03 00 90 00 30 45 c0
[2026-09-20 11:55:11.674] [WARNING] [tid:2248] Metering bus: Metering timeout: type=0 slave=2 start=0x90 count=48 pending=
Metering TX: dd a5 03 00 ff fd 77
Metering TX: 06 03 00 0b 00 07 74 7d
[2026-09-20 11:55:12.025] [WARNING] [tid:2248] Metering bus: Metering timeout: type=0 slave=6 start=0xb count=7 pending=
Metering TX: 02 03 00 c0 00 30 45 d1
[2026-09-20 11:55:12.291] [WARNING] [tid:2248] Metering bus: Metering timeout: type=0 slave=2 start=0xc0 count=48 pending=
Metering TX: 02 03 00 30 00 30 45 e2
[2026-09-20 11:55:12.542] [WARNING] [tid:2248] Metering bus: Metering timeout: type=0 slave=2 start=0x30 count=48 pending=
Metering TX: 04 03 00 11 00 20 14 42
[2026-09-20 11:55:12.792] [WARNING] [tid:2248] Metering bus: Metering timeout: type=0 slave=4 start=0x11 count=32 pending=
Metering TX: 06 03 00 0b 00 07 74 7d
[2026-09-20 11:55:13.042] [WARNING] [tid:2248] Metering bus: Metering timeout: type=0 slave=6 start=0xb count=7 pending=
Metering TX: 02 03 00 c0 00 30 45 d1
[2026-09-20 11:55:13.292] [WARNING] [tid:2248] Metering bus: Metering timeout: type=0 slave=2 start=0xc0 count=48 pending=
Metering TX: 02 03 00 30 00 30 45 e2
[2026-09-20 11:55:13.542] [WARNING] [tid:2248] Metering bus: Metering timeout: type=0 slave=2 start=0x30 count=48 pending=
Metering TX: 02 03 00 90 00 30 45 c0
[2026-09-20 11:55:13.793] [WARNING] [tid:2248] Metering bus: Metering timeout: type=0 slave=2 start=0x90 count=48 pending=
Metering TX: 05 03 03 00 00 02 c5 cb
[2026-09-20 11:55:14.044] [WARNING] [tid:2248] Metering bus: Metering timeout: type=0 slave=5 start=0x300 count=2 pending=
Metering TX: dd a5 03 00 ff fd 77
Metering TX: 06 03 00 0b 00 07 74 7d
[2026-09-20 11:55:14.415] [WARNING] [tid:2248] Metering bus: Metering timeout: type=0 slave=6 start=0xb count=7 pending=
Metering TX: 02 03 00 c0 00 30 45 d1
[2026-09-20 11:55:14.676] [WARNING] [tid:2248] Metering bus: Metering timeout: type=0 slave=2 start=0xc0 count=48 pending=
Metering TX: 02 03 00 30 00 30 45 e2
[2026-09-20 11:55:14.928] [WARNING] [tid:2248] Metering bus: Metering timeout: type=0 slave=2 start=0x30 count=48 pending=
Metering TX: 04 03 00 11 00 20 14 42
[2026-09-20 11:55:15.184] [WARNING] [tid:2248] Metering bus: Metering timeout: type=0 slave=4 start=0x11 count=32 pending=
Metering TX: 06 03 00 0b 00 07 74 7d
[2026-09-20 11:55:15.444] [WARNING] [tid:2248] Metering bus: Metering timeout: type=0 slave=6 start=0xb count=7 pending=
Metering TX: 02 03 00 90 00 30 45 c0
[2026-09-20 11:55:15.700] [WARNING] [tid:2248] Metering bus: Metering timeout: type=0 slave=2 start=0x90 count=48 pending=
Metering TX: dd a5 03 00 ff fd 77
Metering TX: 06 03 00 0b 00 07 74 7d
[2026-09-20 11:55:16.029] [WARNING] [tid:2248] Metering bus: Metering timeout: type=0 slave=6 start=0xb count=7 pending=
Metering TX: 02 03 00 c0 00 30 45 d1
[2026-09-20 11:55:16.279] [WARNING] [tid:2248] Metering bus: Metering timeout: type=0 slave=2 start=0xc0 count=48 pending=
Metering TX: 02 03 00 30 00 30 45 e2
[2026-09-20 11:55:16.529] [WARNING] [tid:2248] Metering bus: Metering timeout: type=0 slave=2 start=0x30 count=48 pending=
Metering TX: 04 03 00 11 00 20 14 42
[2026-09-20 11:55:16.776] [WARNING] [tid:2248] Metering bus: Metering timeout: type=0 slave=4 start=0x11 count=32 pending=
Metering TX: dd a5 04 00 ff fc 77
Metering TX: 06 03 00 0b 00 07 74 7d
[2026-09-20 11:55:17.096] [WARNING] [tid:2248] Metering bus: Metering timeout: type=0 slave=6 start=0xb count=7 pending=
Metering TX: 02 03 00 c0 00 30 45 d1
[2026-09-20 11:55:17.358] [WARNING] [tid:2248] Metering bus: Metering timeout: type=0 slave=2 start=0xc0 count=48 pending=
Metering TX: 02 03 00 30 00 30 45 e2
[2026-09-20 11:55:17.608] [WARNING] [tid:2248] Metering bus: Metering timeout: type=0 slave=2 start=0x30 count=48 pending=
Metering TX: 02 03 00 90 00 30 45 c0
[2026-09-20 11:55:17.861] [WARNING] [tid:2248] Metering bus: Metering timeout: type=0 slave=2 start=0x90 count=48 pending=
Metering TX: dd a5 03 00 ff fd 77
Metering TX: 06 03 00 0b 00 07 74 7d
[2026-09-20 11:55:18.212] [WARNING] [tid:2248] Metering bus: Metering timeout: type=0 slave=6 start=0xb count=7 pending=
Metering TX: 02 03 00 c0 00 30 45 d1
[2026-09-20 11:55:18.479] [WARNING] [tid:2248] Metering bus: Metering timeout: type=0 slave=2 start=0xc0 count=48 pending=
Metering TX: 02 03 00 30 00 30 45 e2
[2026-09-20 11:55:18.730] [WARNING] [tid:2248] Metering bus: Metering timeout: type=0 slave=2 start=0x30 count=48 pending=
Metering TX: 04 03 00 11 00 20 14 42
[2026-09-20 11:55:18.981] [WARNING] [tid:2248] Metering bus: Metering timeout: type=0 slave=4 start=0x11 count=32 pending=
Metering TX: 05 03 03 00 00 02 c5 cb
[2026-09-20 11:55:19.230] [WARNING] [tid:2248] Metering bus: Metering timeout: type=0 slave=5 start=0x300 count=2 pending=
Metering TX: 06 03 00 0b 00 07 74 7d
[2026-09-20 11:55:19.480] [WARNING] [tid:2248] Metering bus: Metering timeout: type=0 slave=6 start=0xb count=7 pending=
Metering TX: 02 03 00 c0 00 30 45 d1
[2026-09-20 11:55:19.747] [WARNING] [tid:2248] Metering bus: Metering timeout: type=0 slave=2 start=0xc0 count=48 pending=
Metering TX: 02 03 00 90 00 30 45 c0
[2026-09-20 11:55:20.000] [WARNING] [tid:2248] Metering bus: Metering timeout: type=0 slave=2 start=0x90 count=48 pending=
Metering TX: dd a5 03 00 ff fd 77
Metering TX: 06 03 00 0b 00 07 74 7d
[2026-09-20 11:55:20.352] [WARNING] [tid:2248] Metering bus: Metering timeout: type=0 slave=6 start=0xb count=7 pending=
Metering TX: 02 03 00 30 00 30 45 e2
[2026-09-20 11:55:20.617] [WARNING] [tid:2248] Metering bus: Metering timeout: type=0 slave=2 start=0x30 count=48 pending=
Metering TX: 04 03 00 11 00 20 14 42
[2026-09-20 11:55:20.866] [WARNING] [tid:2248] Metering bus: Metering timeout: type=0 slave=4 start=0x11 count=32 pending=
Metering TX: 06 03 00 0b 00 07 74 7d
[2026-09-20 11:55:21.133] [WARNING] [tid:2248] Metering bus: Metering timeout: type=0 slave=6 start=0xb count=7 pending=
Metering TX: 02 03 00 c0 00 30 45 d1
[2026-09-20 11:55:21.398] [WARNING] [tid:2248] Metering bus: Metering timeout: type=0 slave=2 start=0xc0 count=48 pending=
Metering TX: 02 03 00 30 00 30 45 e2
[2026-09-20 11:55:21.650] [WARNING] [tid:2248] Metering bus: Metering timeout: type=0 slave=2 start=0x30 count=48 pending=
Metering TX: 02 03 00 90 00 30 45 c0
[2026-09-20 11:55:21.916] [WARNING] [tid:2248] Metering bus: Metering timeout: type=0 slave=2 start=0x90 count=48 pending=
Metering TX: dd a5 03 00 ff fd 77
Metering TX: 06 03 00 0b 00 07 74 7d
[2026-09-20 11:55:22.250] [WARNING] [tid:2248] Metering bus: Metering timeout: type=0 slave=6 start=0xb count=7 pending=
Metering TX: 02 03 00 c0 00 30 45 d1
[2026-09-20 11:55:22.502] [WARNING] [tid:2248] Metering bus: Metering timeout: type=0 slave=2 start=0xc0 count=48 pending=
Metering TX: 02 03 00 30 00 30 45 e2
[2026-09-20 11:55:22.751] [WARNING] [tid:2248] Metering bus: Metering timeout: type=0 slave=2 start=0x30 count=48 pending=
Metering TX: 04 03 00 11 00 20 14 42
[2026-09-20 11:55:23.002] [WARNING] [tid:2248] Metering bus: Metering timeout: type=0 slave=4 start=0x11 count=32 pending=
Metering TX: 06 03 00 0b 00 07 74 7d
[2026-09-20 11:55:23.250] [WARNING] [tid:2248] Metering bus: Metering timeout: type=0 slave=6 start=0xb count=7 pending=
Metering TX: 02 03 00 c0 00 30 45 d1
[2026-09-20 11:55:23.501] [WARNING] [tid:2248] Metering bus: Metering timeout: type=0 slave=2 start=0xc0 count=48 pending=
Metering TX: 02 03 00 90 00 30 45 c0
[2026-09-20 11:55:23.752] [WARNING] [tid:2248] Metering bus: Metering timeout: type=0 slave=2 start=0x90 count=48 pending=
Metering TX: 05 03 03 00 00 02 c5 cb
[2026-09-20 11:55:24.002] [WARNING] [tid:2248] Metering bus: Metering timeout: type=0 slave=5 start=0x300 count=2 pending=
Metering TX: dd a5 03 00 ff fd 77
Metering TX: 06 03 00 0b 00 07 74 7d
[2026-09-20 11:55:24.352] [WARNING] [tid:2248] Metering bus: Metering timeout: type=0 slave=6 start=0xb count=7 pending=
Metering TX: 02 03 00 c0 00 30 45 d1
[2026-09-20 11:55:24.602] [WARNING] [tid:2248] Metering bus: Metering timeout: type=0 slave=2 start=0xc0 count=48 pending=
Metering TX: 02 03 00 30 00 30 45 e2
[2026-09-20 11:55:24.869] [WARNING] [tid:2248] Metering bus: Metering timeout: type=0 slave=2 start=0x30 count=48 pending=
Metering TX: 04 03 00 11 00 20 14 42
[2026-09-20 11:55:25.120] [WARNING] [tid:2248] Metering bus: Metering timeout: type=0 slave=4 start=0x11 count=32 pending=
Metering TX: 06 03 00 0b 00 07 74 7d
[2026-09-20 11:55:25.387] [WARNING] [tid:2248] Metering bus: Metering timeout: type=0 slave=6 start=0xb count=7 pending=
Metering TX: 02 03 00 c0 00 30 45 d1
[2026-09-20 11:55:25.638] [WARNING] [tid:2248] Metering bus: Metering timeout: type=0 slave=2 start=0xc0 count=48 pending=
Metering TX: 02 03 00 90 00 30 45 c0
[2026-09-20 11:55:25.888] [WARNING] [tid:2248] Metering bus: Metering timeout: type=0 slave=2 start=0x90 count=48 pending=
Metering TX: dd a5 03 00 ff fd 77
Metering TX: 06 03 00 0b 00 07 74 7d
[2026-09-20 11:55:26.239] [WARNING] [tid:2248] Metering bus: Metering timeout: type=0 slave=6 start=0xb count=7 pending=
Metering TX: 02 03 00 c0 00 30 45 d1
[2026-09-20 11:55:26.480] [WARNING] [tid:2248] Metering bus: Metering timeout: type=0 slave=2 start=0xc0 count=48 pending=
Metering TX: 02 03 00 30 00 30 45 e2
[2026-09-20 11:55:26.737] [WARNING] [tid:2248] Metering bus: Metering timeout: type=0 slave=2 start=0x30 count=48 pending=
Metering TX: 04 03 00 11 00 20 14 42
[2026-09-20 11:55:26.988] [WARNING] [tid:2248] Metering bus: Metering timeout: type=0 slave=4 start=0x11 count=32 pending=
Metering TX: dd a5 04 00 ff fc 77
Metering TX: 06 03 00 0b 00 07 74 7d
[2026-09-20 11:55:27.306] [WARNING] [tid:2248] Metering bus: Metering timeout: type=0 slave=6 start=0xb count=7 pending=
Metering TX: 02 03 00 c0 00 30 45 d1
[2026-09-20 11:55:27.557] [WARNING] [tid:2248] Metering bus: Metering timeout: type=0 slave=2 start=0xc0 count=48 pending=
Metering TX: 02 03 00 30 00 30 45 e2
[2026-09-20 11:55:27.805] [WARNING] [tid:2248] Metering bus: Metering timeout: type=0 slave=2 start=0x30 count=48 pending=
Metering TX: 02 03 00 90 00 30 45 c0
[2026-09-20 11:55:28.057] [WARNING] [tid:2248] Metering bus: Metering timeout: type=0 slave=2 start=0x90 count=48 pending=
Metering TX: dd a5 03 00 ff fd 77
Metering TX: 06 03 00 0b 00 07 74 7d
[2026-09-20 11:55:28.440] [WARNING] [tid:2248] Metering bus: Metering timeout: type=0 slave=6 start=0xb count=7 pending=
Metering TX: 02 03 00 c0 00 30 45 d1
[2026-09-20 11:55:28.692] [WARNING] [tid:2248] Metering bus: Metering timeout: type=0 slave=2 start=0xc0 count=48 pending=
Metering TX: 02 03 00 30 00 30 45 e2
[2026-09-20 11:55:28.941] [WARNING] [tid:2248] Metering bus: Metering timeout: type=0 slave=2 start=0x30 count=48 pending=
Metering TX: 04 03 00 11 00 20 14 42
[2026-09-20 11:55:29.191] [WARNING] [tid:2248] Metering bus: Metering timeout: type=0 slave=4 start=0x11 count=32 pending=
Metering TX: 05 03 03 00 00 02 c5 cb
[2026-09-20 11:55:29.440] [WARNING] [tid:2248] Metering bus: Metering timeout: type=0 slave=5 start=0x300 count=2 pending=
Metering TX: 06 03 00 0b 00 07 74 7d
[2026-09-20 11:55:29.691] [WARNING] [tid:2248] Metering bus: Metering timeout: type=0 slave=6 start=0xb count=7 pending=
Metering TX: 02 03 00 c0 00 30 45 d1
[2026-09-20 11:55:29.941] [WARNING] [tid:2248] Metering bus: Metering timeout: type=0 slave=2 start=0xc0 count=48 pending=
Metering TX: 02 03 00 90 00 30 45 c0
[2026-09-20 11:55:30.192] [WARNING] [tid:2248] Metering bus: Metering timeout: type=0 slave=2 start=0x90 count=48 pending=
Metering TX: dd a5 03 00 ff fd 77
Metering TX: 06 03 00 0b 00 07 74 7d
[2026-09-20 11:55:30.542] [WARNING] [tid:2248] Metering bus: Metering timeout: type=0 slave=6 start=0xb count=7 pending=
Metering TX: 02 03 00 30 00 30 45 e2
[2026-09-20 11:55:30.792] [WARNING] [tid:2248] Metering bus: Metering timeout: type=0 slave=2 start=0x30 count=48 pending=
Metering TX: 04 03 00 11 00 20 14 42
[2026-09-20 11:55:31.043] [WARNING] [tid:2248] Metering bus: Metering timeout: type=0 slave=4 start=0x11 count=32 pending=
Metering TX: 06 03 00 0b 00 07 74 7d
[2026-09-20 11:55:31.292] [WARNING] [tid:2248] Metering bus: Metering timeout: type=0 slave=6 start=0xb count=7 pending=
Metering TX: 02 03 00 c0 00 30 45 d1
[2026-09-20 11:55:31.545] [WARNING] [tid:2248] Metering bus: Metering timeout: type=0 slave=2 start=0xc0 count=48 pending=
Metering TX: 02 03 00 30 00 30 45 e2
[2026-09-20 11:55:31.790] [WARNING] [tid:2248] Metering bus: Metering timeout: type=0 slave=2 start=0x30 count=48 pending=
Metering TX: 02 03 00 90 00 30 45 c0
[2026-09-20 11:55:32.055] [WARNING] [tid:2248] Metering bus: Metering timeout: type=0 slave=2 start=0x90 count=48 pending=
Metering TX: dd a5 03 00 ff fd 77
Metering TX: 06 03 00 0b 00 07 74 7d
[2026-09-20 11:55:32.402] [WARNING] [tid:2248] Metering bus: Metering timeout: type=0 slave=6 start=0xb count=7 pending=
Metering TX: 02 03 00 c0 00 30 45 d1
[2026-09-20 11:55:32.653] [WARNING] [tid:2248] Metering bus: Metering timeout: type=0 slave=2 start=0xc0 count=48 pending=
Metering TX: 02 03 00 30 00 30 45 e2
[2026-09-20 11:55:32.918] [WARNING] [tid:2248] Metering bus: Metering timeout: type=0 slave=2 start=0x30 count=48 pending=
Metering TX: 04 03 00 11 00 20 14 42
[2026-09-20 11:55:33.182] [WARNING] [tid:2248] Metering bus: Metering timeout: type=0 slave=4 start=0x11 count=32 pending=
Metering TX: 05 03 03 00 00 02 c5 cb
[2026-09-20 11:55:33.431] [WARNING] [tid:2248] Metering bus: Metering timeout: type=0 slave=5 start=0x300 count=2 pending=
Metering TX: 06 03 00 0b 00 07 74 7d
[2026-09-20 11:55:33.683] [WARNING] [tid:2248] Metering bus: Metering timeout: type=0 slave=6 start=0xb count=7 pending=
Metering TX: 02 03 00 c0 00 30 45 d1
[2026-09-20 11:55:33.933] [WARNING] [tid:2248] Metering bus: Metering timeout: type=0 slave=2 start=0xc0 count=48 pending=
Metering TX: 02 03 00 90 00 30 45 c0
[2026-09-20 11:55:34.183] [WARNING] [tid:2248] Metering bus: Metering timeout: type=0 slave=2 start=0x90 count=48 pending=
Metering TX: dd a5 03 00 ff fd 77
Metering TX: 06 03 00 0b 00 07 74 7d
[2026-09-20 11:55:34.545] [WARNING] [tid:2248] Metering bus: Metering timeout: type=0 slave=6 start=0xb count=7 pending=
Metering TX: 02 03 00 30 00 30 45 e2
[2026-09-20 11:55:34.810] [WARNING] [tid:2248] Metering bus: Metering timeout: type=0 slave=2 start=0x30 count=48 pending=
Metering TX: 04 03 00 11 00 20 14 42
[2026-09-20 11:55:35.059] [WARNING] [tid:2248] Metering bus: Metering timeout: type=0 slave=4 start=0x11 count=32 pending=
Metering TX: 06 03 00 0b 00 07 74 7d
[2026-09-20 11:55:35.315] [WARNING] [tid:2248] Metering bus: Metering timeout: type=0 slave=6 start=0xb count=7 pending=
Metering TX: 02 03 00 c0 00 30 45 d1
[2026-09-20 11:55:35.564] [WARNING] [tid:2248] Metering bus: Metering timeout: type=0 slave=2 start=0xc0 count=48 pending=
Metering TX: 02 03 00 30 00 30 45 e2
[2026-09-20 11:55:35.815] [WARNING] [tid:2248] Metering bus: Metering timeout: type=0 slave=2 start=0x30 count=48 pending=
Metering TX: 02 03 00 90 00 30 45 c0
[2026-09-20 11:55:36.066] [WARNING] [tid:2248] Metering bus: Metering timeout: type=0 slave=2 start=0x90 count=48 pending=
Metering TX: dd a5 03 00 ff fd 77
Metering TX: 06 03 00 0b 00 07 74 7d
[2026-09-20 11:55:36.399] [WARNING] [tid:2248] Metering bus: Metering timeout: type=0 slave=6 start=0xb count=7 pending=
Metering TX: 02 03 00 c0 00 30 45 d1
[2026-09-20 11:55:36.665] [WARNING] [tid:2248] Metering bus: Metering timeout: type=0 slave=2 start=0xc0 count=48 pending=
Metering TX: 02 03 00 30 00 30 45 e2
[2026-09-20 11:55:36.933] [WARNING] [tid:2248] Metering bus: Metering timeout: type=0 slave=2 start=0x30 count=48 pending=
Metering TX: 04 03 00 11 00 20 14 42
[2026-09-20 11:55:37.181] [WARNING] [tid:2248] Metering bus: Metering timeout: type=0 slave=4 start=0x11 count=32 pending=
Metering TX: dd a5 04 00 ff fc 77
Metering TX: 06 03 00 0b 00 07 74 7d
[2026-09-20 11:55:37.515] [WARNING] [tid:2248] Metering bus: Metering timeout: type=0 slave=6 start=0xb count=7 pending=
Metering TX: 02 03 00 c0 00 30 45 d1
[2026-09-20 11:55:37.766] [WARNING] [tid:2248] Metering bus: Metering timeout: type=0 slave=2 start=0xc0 count=48 pending=
Metering TX: 02 03 00 90 00 30 45 c0
[2026-09-20 11:55:38.017] [WARNING] [tid:2248] Metering bus: Metering timeout: type=0 slave=2 start=0x90 count=48 pending=
Metering TX: dd a5 03 00 ff fd 77
Metering TX: 05 03 03 00 00 02 c5 cb
[2026-09-20 11:55:38.366] [WARNING] [tid:2248] Metering bus: Metering timeout: type=0 slave=5 start=0x300 count=2 pending=
Metering TX: 06 03 00 0b 00 07 74 7d
[2026-09-20 11:55:38.632] [WARNING] [tid:2248] Metering bus: Metering timeout: type=0 slave=6 start=0xb count=7 pending=
Metering TX: 02 03 00 c0 00 30 45 d1
[2026-09-20 11:55:38.884] [WARNING] [tid:2248] Metering bus: Metering timeout: type=0 slave=2 start=0xc0 count=48 pending=
Metering TX: 02 03 00 30 00 30 45 e2
[2026-09-20 11:55:39.133] [WARNING] [tid:2248] Metering bus: Metering timeout: type=0 slave=2 start=0x30 count=48 pending=
Metering TX: 04 03 00 11 00 20 14 42
[2026-09-20 11:55:39.386] [WARNING] [tid:2248] Metering bus: Metering timeout: type=0 slave=4 start=0x11 count=32 pending=
Metering TX: 06 03 00 0b 00 07 74 7d
[2026-09-20 11:55:39.636] [WARNING] [tid:2248] Metering bus: Metering timeout: type=0 slave=6 start=0xb count=7 pending=
Metering TX: 02 03 00 c0 00 30 45 d1
[2026-09-20 11:55:39.885] [WARNING] [tid:2248] Metering bus: Metering timeout: type=0 slave=2 start=0xc0 count=48 pending=
Metering TX: 02 03 00 90 00 30 45 c0
[2026-09-20 11:55:40.136] [WARNING] [tid:2248] Metering bus: Metering timeout: type=0 slave=2 start=0x90 count=48 pending=
Metering TX: dd a5 03 00 ff fd 77
Metering TX: 06 03 00 0b 00 07 74 7d
[2026-09-20 11:55:40.519] [WARNING] [tid:2248] Metering bus: Metering timeout: type=0 slave=6 start=0xb count=7 pending=
Metering TX: 02 03 00 c0 00 30 45 d1
[2026-09-20 11:55:40.770] [WARNING] [tid:2248] Metering bus: Metering timeout: type=0 slave=2 start=0xc0 count=48 pending=
Metering TX: 02 03 00 30 00 30 45 e2
[2026-09-20 11:55:41.020] [WARNING] [tid:2248] Metering bus: Metering timeout: type=0 slave=2 start=0x30 count=48 pending=
Metering TX: 04 03 00 11 00 20 14 42
[2026-09-20 11:55:41.272] [WARNING] [tid:2248] Metering bus: Metering timeout: type=0 slave=4 start=0x11 count=32 pending=
Metering TX: 06 03 00 0b 00 07 74 7d
[2026-09-20 11:55:41.522] [WARNING] [tid:2248] Metering bus: Metering timeout: type=0 slave=6 start=0xb count=7 pending=
Metering TX: 02 03 00 c0 00 30 45 d1
[2026-09-20 11:55:41.771] [WARNING] [tid:2248] Metering bus: Metering timeout: type=0 slave=2 start=0xc0 count=48 pending=
Metering TX: 02 03 00 90 00 30 45 c0
[2026-09-20 11:55:42.038] [WARNING] [tid:2248] Metering bus: Metering timeout: type=0 slave=2 start=0x90 count=48 pending=
Metering TX: dd a5 03 00 ff fd 77
Metering TX: 06 03 00 0b 00 07 74 7d
[2026-09-20 11:55:42.388] [WARNING] [tid:2248] Metering bus: Metering timeout: type=0 slave=6 start=0xb count=7 pending=
Metering TX: 02 03 00 c0 00 30 45 d1
[2026-09-20 11:55:42.637] [WARNING] [tid:2248] Metering bus: Metering timeout: type=0 slave=2 start=0xc0 count=48 pending=
Metering TX: 02 03 00 30 00 30 45 e2
[2026-09-20 11:55:42.888] [WARNING] [tid:2248] Metering bus: Metering timeout: type=0 slave=2 start=0x30 count=48 pending=
Metering TX: 02 03 00 90 00 30 45 c0
[2026-09-20 11:55:43.137] [WARNING] [tid:2248] Metering bus: Metering timeout: type=0 slave=2 start=0x90 count=48 pending=
Metering TX: 04 03 00 11 00 20 14 42
[2026-09-20 11:55:43.389] [WARNING] [tid:2248] Metering bus: Metering timeout: type=0 slave=4 start=0x11 count=32 pending=
Metering TX: 05 03 03 00 00 02 c5 cb
[2026-09-20 11:55:43.640] [WARNING] [tid:2248] Metering bus: Metering timeout: type=0 slave=5 start=0x300 count=2 pending=
Metering TX: 06 03 00 0b 00 07 74 7d
[2026-09-20 11:55:43.888] [WARNING] [tid:2248] Metering bus: Metering timeout: type=0 slave=6 start=0xb count=7 pending=
Metering TX: 02 03 00 c0 00 30 45 d1
[2026-09-20 11:55:44.140] [WARNING] [tid:2248] Metering bus: Metering timeout: type=0 slave=2 start=0xc0 count=48 pending=
Metering TX: 02 03 00 30 00 30 45 e2
[2026-09-20 11:55:44.389] [WARNING] [tid:2248] Metering bus: Metering timeout: type=0 slave=2 start=0x30 count=48 pending=
Metering TX: dd a5 03 00 ff fd 77
Metering TX: 06 03 00 0b 00 07 74 7d
[2026-09-20 11:55:44.741] [WARNING] [tid:2248] Metering bus: Metering timeout: type=0 slave=6 start=0xb count=7 pending=
Metering TX: 02 03 00 90 00 30 45 c0
[2026-09-20 11:55:45.008] [WARNING] [tid:2248] Metering bus: Metering timeout: type=0 slave=2 start=0x90 count=48 pending=
Metering TX: 04 03 00 11 00 20 14 42
[2026-09-20 11:55:45.274] [WARNING] [tid:2248] Metering bus: Metering timeout: type=0 slave=4 start=0x11 count=32 pending=
Metering TX: 06 03 00 0b 00 07 74 7d
[2026-09-20 11:55:45.542] [WARNING] [tid:2248] Metering bus: Metering timeout: type=0 slave=6 start=0xb count=7 pending=
Metering TX: 02 03 00 c0 00 30 45 d1
[2026-09-20 11:55:45.796] [WARNING] [tid:2248] Metering bus: Metering timeout: type=0 slave=2 start=0xc0 count=48 pending=
Metering TX: 02 03 00 30 00 30 45 e2
[2026-09-20 11:55:46.045] [WARNING] [tid:2248] Metering bus: Metering timeout: type=0 slave=2 start=0x30 count=48 pending=
Metering TX: 02 03 00 90 00 30 45 c0
[2026-09-20 11:55:46.291] [WARNING] [tid:2248] Metering bus: Metering timeout: type=0 slave=2 start=0x90 count=48 pending=
Metering TX: dd a5 03 00 ff fd 77
Metering TX: 06 03 00 0b 00 07 74 7d
[2026-09-20 11:55:46.642] [WARNING] [tid:2248] Metering bus: Metering timeout: type=0 slave=6 start=0xb count=7 pending=
Metering TX: 02 03 00 c0 00 30 45 d1
[2026-09-20 11:55:46.890] [WARNING] [tid:2248] Metering bus: Metering timeout: type=0 slave=2 start=0xc0 count=48 pending=
Metering TX: 02 03 00 30 00 30 45 e2
[2026-09-20 11:55:47.142] [WARNING] [tid:2248] Metering bus: Metering timeout: type=0 slave=2 start=0x30 count=48 pending=
Metering TX: 04 03 00 11 00 20 14 42
[2026-09-20 11:55:47.392] [WARNING] [tid:2248] Metering bus: Metering timeout: type=0 slave=4 start=0x11 count=32 pending=
Metering TX: dd a5 04 00 ff fc 77
Metering TX: 06 03 00 0b 00 07 74 7d
[2026-09-20 11:55:47.726] [WARNING] [tid:2248] Metering bus: Metering timeout: type=0 slave=6 start=0xb count=7 pending=
Metering TX: 02 03 00 c0 00 30 45 d1
[2026-09-20 11:55:47.974] [WARNING] [tid:2248] Metering bus: Metering timeout: type=0 slave=2 start=0xc0 count=48 pending=
Metering TX: 02 03 00 30 00 30 45 e2
[2026-09-20 11:55:48.227] [WARNING] [tid:2248] Metering bus: Metering timeout: type=0 slave=2 start=0x30 count=48 pending=
Metering TX: 02 03 00 90 00 30 45 c0
[2026-09-20 11:55:48.494] [WARNING] [tid:2248] Metering bus: Metering timeout: type=0 slave=2 start=0x90 count=48 pending=
Metering TX: dd a5 03 00 ff fd 77
Metering TX: 05 03 03 00 00 02 c5 cb
[2026-09-20 11:55:48.844] [WARNING] [tid:2248] Metering bus: Metering timeout: type=0 slave=5 start=0x300 count=2 pending=
Metering TX: 06 03 00 0b 00 07 74 7d
[2026-09-20 11:55:49.096] [WARNING] [tid:2248] Metering bus: Metering timeout: type=0 slave=6 start=0xb count=7 pending=
Metering TX: 02 03 00 c0 00 30 45 d1
[2026-09-20 11:55:49.347] [WARNING] [tid:2248] Metering bus: Metering timeout: type=0 slave=2 start=0xc0 count=48 pending=
Metering TX: 02 03 00 30 00 30 45 e2
[2026-09-20 11:55:49.596] [WARNING] [tid:2248] Metering bus: Metering timeout: type=0 slave=2 start=0x30 count=48 pending=
Metering TX: 04 03 00 11 00 20 14 42
[2026-09-20 11:55:49.845] [WARNING] [tid:2248] Metering bus: Metering timeout: type=0 slave=4 start=0x11 count=32 pending=
Metering TX: 06 03 00 0b 00 07 74 7d
[2026-09-20 11:55:50.096] [WARNING] [tid:2248] Metering bus: Metering timeout: type=0 slave=6 start=0xb count=7 pending=
Metering TX: 02 03 00 90 00 30 45 c0
[2026-09-20 11:55:50.348] [WARNING] [tid:2248] Metering bus: Metering timeout: type=0 slave=2 start=0x90 count=48 pending=
Metering TX: dd a5 03 00 ff fd 77
Metering TX: 06 03 00 0b 00 07 74 7d
[2026-09-20 11:55:50.698] [WARNING] [tid:2248] Metering bus: Metering timeout: type=0 slave=6 start=0xb count=7 pending=
Metering TX: 02 03 00 c0 00 30 45 d1
[2026-09-20 11:55:50.966] [WARNING] [tid:2248] Metering bus: Metering timeout: type=0 slave=2 start=0xc0 count=48 pending=
Metering TX: 02 03 00 30 00 30 45 e2
[2026-09-20 11:55:51.214] [WARNING] [tid:2248] Metering bus: Metering timeout: type=0 slave=2 start=0x30 count=48 pending=
Metering TX: 04 03 00 11 00 20 14 42
[2026-09-20 11:55:51.464] [WARNING] [tid:2248] Metering bus: Metering timeout: type=0 slave=4 start=0x11 count=32 pending=
Metering TX: 06 03 00 0b 00 07 74 7d
[2026-09-20 11:55:51.714] [WARNING] [tid:2248] Metering bus: Metering timeout: type=0 slave=6 start=0xb count=7 pending=
Metering TX: 02 03 00 c0 00 30 45 d1
[2026-09-20 11:55:51.965] [WARNING] [tid:2248] Metering bus: Metering timeout: type=0 slave=2 start=0xc0 count=48 pending=
Metering TX: 02 03 00 30 00 30 45 e2
[2026-09-20 11:55:52.215] [WARNING] [tid:2248] Metering bus: Metering timeout: type=0 slave=2 start=0x30 count=48 pending=
Metering TX: 02 03 00 90 00 30 45 c0
[2026-09-20 11:55:52.466] [WARNING] [tid:2248] Metering bus: Metering timeout: type=0 slave=2 start=0x90 count=48 pending=
Metering TX: dd a5 03 00 ff fd 77
Metering TX: 06 03 00 0b 00 07 74 7d
[2026-09-20 11:55:52.815] [WARNING] [tid:2248] Metering bus: Metering timeout: type=0 slave=6 start=0xb count=7 pending=
Metering TX: 02 03 00 c0 00 30 45 d1
[2026-09-20 11:55:53.066] [WARNING] [tid:2248] Metering bus: Metering timeout: type=0 slave=2 start=0xc0 count=48 pending=
Metering TX: 02 03 00 30 00 30 45 e2
[2026-09-20 11:55:53.316] [WARNING] [tid:2248] Metering bus: Metering timeout: type=0 slave=2 start=0x30 count=48 pending=
Metering TX: 04 03 00 11 00 20 14 42
[2026-09-20 11:55:53.566] [WARNING] [tid:2248] Metering bus: Metering timeout: type=0 slave=4 start=0x11 count=32 pending=
Metering TX: 05 03 03 00 00 02 c5 cb
[2026-09-20 11:55:53.813] [WARNING] [tid:2248] Metering bus: Metering timeout: type=0 slave=5 start=0x300 count=2 pending=
Metering TX: 06 03 00 0b 00 07 74 7d
[2026-09-20 11:55:54.067] [WARNING] [tid:2248] Metering bus: Metering timeout: type=0 slave=6 start=0xb count=7 pending=
Metering TX: 02 03 00 c0 00 30 45 d1
[2026-09-20 11:55:54.317] [WARNING] [tid:2248] Metering bus: Metering timeout: type=0 slave=2 start=0xc0 count=48 pending=
Metering TX: 02 03 00 30 00 30 45 e2
[2026-09-20 11:55:54.567] [WARNING] [tid:2248] Metering bus: Metering timeout: type=0 slave=2 start=0x30 count=48 pending=
Metering TX: 02 03 00 90 00 30 45 c0
[2026-09-20 11:55:54.817] [WARNING] [tid:2248] Metering bus: Metering timeout: type=0 slave=2 start=0x90 count=48 pending=
Metering TX: dd a5 03 00 ff fd 77
Metering TX: 06 03 00 0b 00 07 74 7d
[2026-09-20 11:55:55.168] [WARNING] [tid:2248] Metering bus: Metering timeout: type=0 slave=6 start=0xb count=7 pending=
Metering TX: 02 03 00 c0 00 30 45 d1
[2026-09-20 11:55:55.420] [WARNING] [tid:2248] Metering bus: Metering timeout: type=0 slave=2 start=0xc0 count=48 pending=
Metering TX: 04 03 00 11 00 20 14 42
[2026-09-20 11:55:55.667] [WARNING] [tid:2248] Metering bus: Metering timeout: type=0 slave=4 start=0x11 count=32 pending=
Metering TX: 06 03 00 0b 00 07 74 7d
[2026-09-20 11:55:55.917] [WARNING] [tid:2248] Metering bus: Metering timeout: type=0 slave=6 start=0xb count=7 pending=
Metering TX: 02 03 00 c0 00 30 45 d1
[2026-09-20 11:55:56.168] [WARNING] [tid:2248] Metering bus: Metering timeout: type=0 slave=2 start=0xc0 count=48 pending=
Metering TX: 02 03 00 30 00 30 45 e2
[2026-09-20 11:55:56.417] [WARNING] [tid:2248] Metering bus: Metering timeout: type=0 slave=2 start=0x30 count=48 pending=
Metering TX: 02 03 00 90 00 30 45 c0
[2026-09-20 11:55:56.667] [WARNING] [tid:2248] Metering bus: Metering timeout: type=0 slave=2 start=0x90 count=48 pending=
Metering TX: dd a5 03 00 ff fd 77
Metering TX: dd a5 04 00 ff fc 77
Metering TX: 06 03 00 0b 00 07 74 7d
[2026-09-20 11:55:57.086] [WARNING] [tid:2248] Metering bus: Metering timeout: type=0 slave=6 start=0xb count=7 pending=
Metering TX: 02 03 00 c0 00 30 45 d1
[2026-09-20 11:55:57.336] [WARNING] [tid:2248] Metering bus: Metering timeout: type=0 slave=2 start=0xc0 count=48 pending=
Metering TX: 02 03 00 30 00 30 45 e2
[2026-09-20 11:55:57.586] [WARNING] [tid:2248] Metering bus: Metering timeout: type=0 slave=2 start=0x30 count=48 pending=
Metering TX: 04 03 00 11 00 20 14 42
[2026-09-20 11:55:57.836] [WARNING] [tid:2248] Metering bus: Metering timeout: type=0 slave=4 start=0x11 count=32 pending=
Metering TX: 06 03 00 0b 00 07 74 7d
[2026-09-20 11:55:58.091] [WARNING] [tid:2248] Metering bus: Metering timeout: type=0 slave=6 start=0xb count=7 pending=
Metering TX: 02 03 00 c0 00 30 45 d1
[2026-09-20 11:55:58.344] [WARNING] [tid:2248] Metering bus: Metering timeout: type=0 slave=2 start=0xc0 count=48 pending=
Metering TX: 02 03 00 90 00 30 45 c0
[2026-09-20 11:55:58.586] [WARNING] [tid:2248] Metering bus: Metering timeout: type=0 slave=2 start=0x90 count=48 pending=
Metering TX: dd a5 03 00 ff fd 77
Metering TX: 05 03 03 00 00 02 c5 cb
[2026-09-20 11:55:58.922] [WARNING] [tid:2248] Metering bus: Metering timeout: type=0 slave=5 start=0x300 count=2 pending=
Metering TX: 06 03 00 0b 00 07 74 7d
[2026-09-20 11:55:59.174] [WARNING] [tid:2248] Metering bus: Metering timeout: type=0 slave=6 start=0xb count=7 pending=
Metering TX: 02 03 00 c0 00 30 45 d1
[2026-09-20 11:55:59.425] [WARNING] [tid:2248] Metering bus: Metering timeout: type=0 slave=2 start=0xc0 count=48 pending=
Metering TX: 02 03 00 30 00 30 45 e2
[2026-09-20 11:55:59.676] [WARNING] [tid:2248] Metering bus: Metering timeout: type=0 slave=2 start=0x30 count=48 pending=
Metering TX: 04 03 00 11 00 20 14 42
[2026-09-20 11:55:59.927] [WARNING] [tid:2248] Metering bus: Metering timeout: type=0 slave=4 start=0x11 count=32 pending=
Metering TX: 06 03 00 0b 00 07 74 7d
[2026-09-20 11:56:00.177] [WARNING] [tid:2248] Metering bus: Metering timeout: type=0 slave=6 start=0xb count=7 pending=
Metering TX: 02 03 00 c0 00 30 45 d1
[2026-09-20 11:56:00.435] [WARNING] [tid:2248] Metering bus: Metering timeout: type=0 slave=2 start=0xc0 count=48 pending=
Metering TX: 02 03 00 90 00 30 45 c0
[2026-09-20 11:56:00.680] [WARNING] [tid:2248] Metering bus: Metering timeout: type=0 slave=2 start=0x90 count=48 pending=
Metering TX: dd a5 03 00 ff fd 77
Metering TX: 06 03 00 0b 00 07 74 7d
[2026-09-20 11:56:01.024] [WARNING] [tid:2248] Metering bus: Metering timeout: type=0 slave=6 start=0xb count=7 pending=
Metering TX: 02 03 00 c0 00 30 45 d1
[2026-09-20 11:56:01.289] [WARNING] [tid:2248] Metering bus: Metering timeout: type=0 slave=2 start=0xc0 count=48 pending=
Metering TX: 02 03 00 30 00 30 45 e2
[2026-09-20 11:56:01.539] [WARNING] [tid:2248] Metering bus: Metering timeout: type=0 slave=2 start=0x30 count=48 pending=
Metering TX: 04 03 00 11 00 20 14 42
[2026-09-20 11:56:01.791] [WARNING] [tid:2248] Metering bus: Metering timeout: type=0 slave=4 start=0x11 count=32 pending=
Metering TX: 06 03 00 0b 00 07 74 7d
[2026-09-20 11:56:02.040] [WARNING] [tid:2248] Metering bus: Metering timeout: type=0 slave=6 start=0xb count=7 pending=
Metering TX: 02 03 00 c0 00 30 45 d1
[2026-09-20 11:56:02.291] [WARNING] [tid:2248] Metering bus: Metering timeout: type=0 slave=2 start=0xc0 count=48 pending=
Metering TX: 02 03 00 30 00 30 45 e2
[2026-09-20 11:56:02.542] [WARNING] [tid:2248] Metering bus: Metering timeout: type=0 slave=2 start=0x30 count=48 pending=
Metering TX: 02 03 00 90 00 30 45 c0
[2026-09-20 11:56:02.792] [WARNING] [tid:2248] Metering bus: Metering timeout: type=0 slave=2 start=0x90 count=48 pending=
Metering TX: dd a5 03 00 ff fd 77
Metering TX: 06 03 00 0b 00 07 74 7d
[2026-09-20 11:56:03.124] [WARNING] [tid:2248] Metering bus: Metering timeout: type=0 slave=6 start=0xb count=7 pending=
Metering TX: 02 03 00 c0 00 30 45 d1
[2026-09-20 11:56:03.375] [WARNING] [tid:2248] Metering bus: Metering timeout: type=0 slave=2 start=0xc0 count=48 pending=
Metering TX: 02 03 00 30 00 30 45 e2
[2026-09-20 11:56:03.625] [WARNING] [tid:2248] Metering bus: Metering timeout: type=0 slave=2 start=0x30 count=48 pending=
Metering TX: 04 03 00 11 00 20 14 42
[2026-09-20 11:56:03.875] [WARNING] [tid:2248] Metering bus: Metering timeout: type=0 slave=4 start=0x11 count=32 pending=
Metering TX: 05 03 03 00 00 02 c5 cb
[2026-09-20 11:56:04.124] [WARNING] [tid:2248] Metering bus: Metering timeout: type=0 slave=5 start=0x300 count=2 pending=
Metering TX: 06 03 00 0b 00 07 74 7d
[2026-09-20 11:56:04.376] [WARNING] [tid:2248] Metering bus: Metering timeout: type=0 slave=6 start=0xb count=7 pending=
Metering TX: 02 03 00 c0 00 30 45 d1
[2026-09-20 11:56:04.626] [WARNING] [tid:2248] Metering bus: Metering timeout: type=0 slave=2 start=0xc0 count=48 pending=
Metering TX: 02 03 00 90 00 30 45 c0
[2026-09-20 11:56:04.876] [WARNING] [tid:2248] Metering bus: Metering timeout: type=0 slave=2 start=0x90 count=48 pending=
Metering TX: dd a5 03 00 ff fd 77
Metering TX: 06 03 00 0b 00 07 74 7d
[2026-09-20 11:56:05.228] [WARNING] [tid:2248] Metering bus: Metering timeout: type=0 slave=6 start=0xb count=7 pending=
Metering TX: 02 03 00 c0 00 30 45 d1
[2026-09-20 11:56:05.491] [WARNING] [tid:2248] Metering bus: Metering timeout: type=0 slave=2 start=0xc0 count=48 pending=
Metering TX: 02 03 00 30 00 30 45 e2
[2026-09-20 11:56:05.744] [WARNING] [tid:2248] Metering bus: Metering timeout: type=0 slave=2 start=0x30 count=48 pending=
Metering TX: 04 03 00 11 00 20 14 42
[2026-09-20 11:56:05.994] [WARNING] [tid:2248] Metering bus: Metering timeout: type=0 slave=4 start=0x11 count=32 pending=
Metering TX: 06 03 00 0b 00 07 74 7d
[2026-09-20 11:56:06.243] [WARNING] [tid:2248] Metering bus: Metering timeout: type=0 slave=6 start=0xb count=7 pending=
Metering TX: 02 03 00 c0 00 30 45 d1
[2026-09-20 11:56:06.493] [WARNING] [tid:2248] Metering bus: Metering timeout: type=0 slave=2 start=0xc0 count=48 pending=
Metering TX: 02 03 00 90 00 30 45 c0
[2026-09-20 11:56:06.744] [WARNING] [tid:2248] Metering bus: Metering timeout: type=0 slave=2 start=0x90 count=48 pending=
Metering TX: dd a5 03 00 ff fd 77
Metering TX: dd a5 04 00 ff fc 77
Metering TX: 06 03 00 0b 00 07 74 7d
[2026-09-20 11:56:07.178] [WARNING] [tid:2248] Metering bus: Metering timeout: type=0 slave=6 start=0xb count=7 pending=
Metering TX: 02 03 00 c0 00 30 45 d1
[2026-09-20 11:56:07.430] [WARNING] [tid:2248] Metering bus: Metering timeout: type=0 slave=2 start=0xc0 count=48 pending=
Metering TX: 02 03 00 30 00 30 45 e2
[2026-09-20 11:56:07.696] [WARNING] [tid:2248] Metering bus: Metering timeout: type=0 slave=2 start=0x30 count=48 pending=
Metering TX: 04 03 00 11 00 20 14 42
[2026-09-20 11:56:07.947] [WARNING] [tid:2248] Metering bus: Metering timeout: type=0 slave=4 start=0x11 count=32 pending=
Metering TX: 06 03 00 0b 00 07 74 7d
[2026-09-20 11:56:08.196] [WARNING] [tid:2248] Metering bus: Metering timeout: type=0 slave=6 start=0xb count=7 pending=
Metering TX: 02 03 00 c0 00 30 45 d1
[2026-09-20 11:56:08.448] [WARNING] [tid:2248] Metering bus: Metering timeout: type=0 slave=2 start=0xc0 count=48 pending=
Metering TX: 02 03 00 30 00 30 45 e2
[2026-09-20 11:56:08.700] [WARNING] [tid:2248] Metering bus: Metering timeout: type=0 slave=2 start=0x30 count=48 pending=
Metering TX: 02 03 00 90 00 30 45 c0
[2026-09-20 11:56:08.948] [WARNING] [tid:2248] Metering bus: Metering timeout: type=0 slave=2 start=0x90 count=48 pending=
Metering TX: dd a5 03 00 ff fd 77
Metering TX: 05 03 03 00 00 02 c5 cb
[2026-09-20 11:56:09.315] [WARNING] [tid:2248] Metering bus: Metering timeout: type=0 slave=5 start=0x300 count=2 pending=
Metering TX: 06 03 00 0b 00 07 74 7d
[2026-09-20 11:56:09.566] [WARNING] [tid:2248] Metering bus: Metering timeout: type=0 slave=6 start=0xb count=7 pending=
Metering TX: 02 03 00 c0 00 30 45 d1
[2026-09-20 11:56:09.829] [WARNING] [tid:2248] Metering bus: Metering timeout: type=0 slave=2 start=0xc0 count=48 pending=
Metering TX: 02 03 00 30 00 30 45 e2
[2026-09-20 11:56:10.081] [WARNING] [tid:2248] Metering bus: Metering timeout: type=0 slave=2 start=0x30 count=48 pending=
Metering TX: 04 03 00 11 00 20 14 42
[2026-09-20 11:56:10.348] [WARNING] [tid:2248] Metering bus: Metering timeout: type=0 slave=4 start=0x11 count=32 pending=
Metering TX: 06 03 00 0b 00 07 74 7d
[2026-09-20 11:56:10.599] [WARNING] [tid:2248] Metering bus: Metering timeout: type=0 slave=6 start=0xb count=7 pending=
Metering TX: 02 03 00 90 00 30 45 c0
[2026-09-20 11:56:10.850] [WARNING] [tid:2248] Metering bus: Metering timeout: type=0 slave=2 start=0x90 count=48 pending=
Metering TX: dd a5 03 00 ff fd 77
Metering TX: 06 03 00 0b 00 07 74 7d
[2026-09-20 11:56:11.198] [WARNING] [tid:2248] Metering bus: Metering timeout: type=0 slave=6 start=0xb count=7 pending=
Metering TX: 02 03 00 c0 00 30 45 d1
[2026-09-20 11:56:11.462] [WARNING] [tid:2248] Metering bus: Metering timeout: type=0 slave=2 start=0xc0 count=48 pending=
Metering TX: 02 03 00 30 00 30 45 e2
[2026-09-20 11:56:11.715] [WARNING] [tid:2248] Metering bus: Metering timeout: type=0 slave=2 start=0x30 count=48 pending=
Metering TX: 04 03 00 11 00 20 14 42
[2026-09-20 11:56:11.968] [WARNING] [tid:2248] Metering bus: Metering timeout: type=0 slave=4 start=0x11 count=32 pending=
Metering TX: 06 03 00 0b 00 07 74 7d
[2026-09-20 11:56:12.217] [WARNING] [tid:2248] Metering bus: Metering timeout: type=0 slave=6 start=0xb count=7 pending=
Metering TX: 02 03 00 c0 00 30 45 d1
[2026-09-20 11:56:12.466] [WARNING] [tid:2248] Metering bus: Metering timeout: type=0 slave=2 start=0xc0 count=48 pending=
Metering TX: 02 03 00 30 00 30 45 e2
[2026-09-20 11:56:12.715] [WARNING] [tid:2248] Metering bus: Metering timeout: type=0 slave=2 start=0x30 count=48 pending=
Metering TX: 02 03 00 90 00 30 45 c0
[2026-09-20 11:56:12.969] [WARNING] [tid:2248] Metering bus: Metering timeout: type=0 slave=2 start=0x90 count=48 pending=
Metering TX: dd a5 03 00 ff fd 77
Metering TX: 06 03 00 0b 00 07 74 7d
[2026-09-20 11:56:13.294] [WARNING] [tid:2248] Metering bus: Metering timeout: type=0 slave=6 start=0xb count=7 pending=
Metering TX: 02 03 00 c0 00 30 45 d1
[2026-09-20 11:56:13.542] [WARNING] [tid:2248] Metering bus: Metering timeout: type=0 slave=2 start=0xc0 count=48 pending=
Metering TX: 02 03 00 30 00 30 45 e2
[2026-09-20 11:56:13.790] [WARNING] [tid:2248] Metering bus: Metering timeout: type=0 slave=2 start=0x30 count=48 pending=
Metering TX: 04 03 00 11 00 20 14 42
[2026-09-20 11:56:14.044] [WARNING] [tid:2248] Metering bus: Metering timeout: type=0 slave=4 start=0x11 count=32 pending=
Metering TX: 05 03 03 00 00 02 c5 cb
[2026-09-20 11:56:14.295] [WARNING] [tid:2248] Metering bus: Metering timeout: type=0 slave=5 start=0x300 count=2 pending=
Metering TX: 06 03 00 0b 00 07 74 7d
[2026-09-20 11:56:14.545] [WARNING] [tid:2248] Metering bus: Metering timeout: type=0 slave=6 start=0xb count=7 pending=
Metering TX: 02 03 00 c0 00 30 45 d1
[2026-09-20 11:56:14.796] [WARNING] [tid:2248] Metering bus: Metering timeout: type=0 slave=2 start=0xc0 count=48 pending=
Metering TX: 02 03 00 30 00 30 45 e2
[2026-09-20 11:56:15.045] [WARNING] [tid:2248] Metering bus: Metering timeout: type=0 slave=2 start=0x30 count=48 pending=
Metering TX: 02 03 00 90 00 30 45 c0
[2026-09-20 11:56:15.293] [WARNING] [tid:2248] Metering bus: Metering timeout: type=0 slave=2 start=0x90 count=48 pending=
Metering TX: dd a5 03 00 ff fd 77
Metering TX: 06 03 00 0b 00 07 74 7d
[2026-09-20 11:56:15.636] [WARNING] [tid:2248] Metering bus: Metering timeout: type=0 slave=6 start=0xb count=7 pending=
Metering TX: 02 03 00 c0 00 30 45 d1
[2026-09-20 11:56:15.885] [WARNING] [tid:2248] Metering bus: Metering timeout: type=0 slave=2 start=0xc0 count=48 pending=
Metering TX: 04 03 00 11 00 20 14 42
[2026-09-20 11:56:16.133] [WARNING] [tid:2248] Metering bus: Metering timeout: type=0 slave=4 start=0x11 count=32 pending=
Metering TX: 06 03 00 0b 00 07 74 7d
[2026-09-20 11:56:16.383] [WARNING] [tid:2248] Metering bus: Metering timeout: type=0 slave=6 start=0xb count=7 pending=
Metering TX: 02 03 00 c0 00 30 45 d1
[2026-09-20 11:56:16.633] [WARNING] [tid:2248] Metering bus: Metering timeout: type=0 slave=2 start=0xc0 count=48 pending=
Metering TX: 02 03 00 30 00 30 45 e2
[2026-09-20 11:56:16.885] [WARNING] [tid:2248] Metering bus: Metering timeout: type=0 slave=2 start=0x30 count=48 pending=
Metering TX: 02 03 00 90 00 30 45 c0
[2026-09-20 11:56:17.137] [WARNING] [tid:2248] Metering bus: Metering timeout: type=0 slave=2 start=0x90 count=48 pending=
Metering TX: dd a5 03 00 ff fd 77
Metering TX: dd a5 04 00 ff fc 77
Metering TX: 06 03 00 0b 00 07 74 7d
[2026-09-20 11:56:17.588] [WARNING] [tid:2248] Metering bus: Metering timeout: type=0 slave=6 start=0xb count=7 pending=
Metering TX: 02 03 00 c0 00 30 45 d1
[2026-09-20 11:56:17.839] [WARNING] [tid:2248] Metering bus: Metering timeout: type=0 slave=2 start=0xc0 count=48 pending=
Metering TX: 02 03 00 30 00 30 45 e2
[2026-09-20 11:56:18.092] [WARNING] [tid:2248] Metering bus: Metering timeout: type=0 slave=2 start=0x30 count=48 pending=
Metering TX: 04 03 00 11 00 20 14 42
[2026-09-20 11:56:18.342] [WARNING] [tid:2248] Metering bus: Metering timeout: type=0 slave=4 start=0x11 count=32 pending=
Metering TX: 06 03 00 0b 00 07 74 7d
[2026-09-20 11:56:18.592] [WARNING] [tid:2248] Metering bus: Metering timeout: type=0 slave=6 start=0xb count=7 pending=
Metering TX: 02 03 00 c0 00 30 45 d1
[2026-09-20 11:56:18.841] [WARNING] [tid:2248] Metering bus: Metering timeout: type=0 slave=2 start=0xc0 count=48 pending=
Metering TX: 02 03 00 90 00 30 45 c0
[2026-09-20 11:56:19.092] [WARNING] [tid:2248] Metering bus: Metering timeout: type=0 slave=2 start=0x90 count=48 pending=
Metering TX: dd a5 03 00 ff fd 77
Metering TX: 05 03 03 00 00 02 c5 cb
[2026-09-20 11:56:19.423] [WARNING] [tid:2248] Metering bus: Metering timeout: type=0 slave=5 start=0x300 count=2 pending=
Metering TX: 06 03 00 0b 00 07 74 7d
[2026-09-20 11:56:19.676] [WARNING] [tid:2248] Metering bus: Metering timeout: type=0 slave=6 start=0xb count=7 pending=
Metering TX: 02 03 00 c0 00 30 45 d1
[2026-09-20 11:56:19.924] [WARNING] [tid:2248] Metering bus: Metering timeout: type=0 slave=2 start=0xc0 count=48 pending=
Metering TX: 02 03 00 30 00 30 45 e2
[2026-09-20 11:56:20.174] [WARNING] [tid:2248] Metering bus: Metering timeout: type=0 slave=2 start=0x30 count=48 pending=
Metering TX: 04 03 00 11 00 20 14 42
[2026-09-20 11:56:20.425] [WARNING] [tid:2248] Metering bus: Metering timeout: type=0 slave=4 start=0x11 count=32 pending=
Metering TX: 06 03 00 0b 00 07 74 7d
[2026-09-20 11:56:20.677] [WARNING] [tid:2248] Metering bus: Metering timeout: type=0 slave=6 start=0xb count=7 pending=
Metering TX: 02 03 00 c0 00 30 45 d1
[2026-09-20 11:56:20.943] [WARNING] [tid:2248] Metering bus: Metering timeout: type=0 slave=2 start=0xc0 count=48 pending=
Metering TX: 02 03 00 90 00 30 45 c0
[2026-09-20 11:56:21.190] [WARNING] [tid:2248] Metering bus: Metering timeout: type=0 slave=2 start=0x90 count=48 pending=
Metering TX: dd a5 03 00 ff fd 77
Metering TX: 06 03 00 0b 00 07 74 7d
[2026-09-20 11:56:21.544] [WARNING] [tid:2248] Metering bus: Metering timeout: type=0 slave=6 start=0xb count=7 pending=
Metering TX: 02 03 00 c0 00 30 45 d1
[2026-09-20 11:56:21.793] [WARNING] [tid:2248] Metering bus: Metering timeout: type=0 slave=2 start=0xc0 count=48 pending=
Metering TX: 02 03 00 30 00 30 45 e2
[2026-09-20 11:56:22.045] [WARNING] [tid:2248] Metering bus: Metering timeout: type=0 slave=2 start=0x30 count=48 pending=
Metering TX: 04 03 00 11 00 20 14 42
[2026-09-20 11:56:22.295] [WARNING] [tid:2248] Metering bus: Metering timeout: type=0 slave=4 start=0x11 count=32 pending=
Metering TX: 06 03 00 0b 00 07 74 7d
[2026-09-20 11:56:22.543] [WARNING] [tid:2248] Metering bus: Metering timeout: type=0 slave=6 start=0xb count=7 pending=
Metering TX: 02 03 00 c0 00 30 45 d1
[2026-09-20 11:56:22.796] [WARNING] [tid:2248] Metering bus: Metering timeout: type=0 slave=2 start=0xc0 count=48 pending=
Metering TX: 02 03 00 30 00 30 45 e2
[2026-09-20 11:56:23.046] [WARNING] [tid:2248] Metering bus: Metering timeout: type=0 slave=2 start=0x30 count=48 pending=
Metering TX: 02 03 00 90 00 30 45 c0
[2026-09-20 11:56:23.296] [WARNING] [tid:2248] Metering bus: Metering timeout: type=0 slave=2 start=0x90 count=48 pending=
Metering TX: dd a5 03 00 ff fd 77
Metering TX: 06 03 00 0b 00 07 74 7d
[2026-09-20 11:56:23.662] [WARNING] [tid:2248] Metering bus: Metering timeout: type=0 slave=6 start=0xb count=7 pending=
Metering TX: 02 03 00 c0 00 30 45 d1
[2026-09-20 11:56:23.912] [WARNING] [tid:2248] Metering bus: Metering timeout: type=0 slave=2 start=0xc0 count=48 pending=
Metering TX: 02 03 00 30 00 30 45 e2
[2026-09-20 11:56:24.168] [WARNING] [tid:2248] Metering bus: Metering timeout: type=0 slave=2 start=0x30 count=48 pending=
Metering TX: 04 03 00 11 00 20 14 42
[2026-09-20 11:56:24.430] [WARNING] [tid:2248] Metering bus: Metering timeout: type=0 slave=4 start=0x11 count=32 pending=
Metering TX: 05 03 03 00 00 02 c5 cb
[2026-09-20 11:56:24.695] [WARNING] [tid:2248] Metering bus: Metering timeout: type=0 slave=5 start=0x300 count=2 pending=
Metering TX: 06 03 00 0b 00 07 74 7d
[2026-09-20 11:56:24.947] [WARNING] [tid:2248] Metering bus: Metering timeout: type=0 slave=6 start=0xb count=7 pending=
Metering TX: 02 03 00 c0 00 30 45 d1
[2026-09-20 11:56:25.195] [WARNING] [tid:2248] Metering bus: Metering timeout: type=0 slave=2 start=0xc0 count=48 pending=
Metering TX: 02 03 00 90 00 30 45 c0
[2026-09-20 11:56:25.465] [WARNING] [tid:2248] Metering bus: Metering timeout: type=0 slave=2 start=0x90 count=48 pending=
Metering TX: dd a5 03 00 ff fd 77
Metering TX: 06 03 00 0b 00 07 74 7d
[2026-09-20 11:56:25.796] [WARNING] [tid:2248] Metering bus: Metering timeout: type=0 slave=6 start=0xb count=7 pending=
Metering TX: 02 03 00 30 00 30 45 e2
[2026-09-20 11:56:26.047] [WARNING] [tid:2248] Metering bus: Metering timeout: type=0 slave=2 start=0x30 count=48 pending=
Metering TX: 04 03 00 11 00 20 14 42
[2026-09-20 11:56:26.299] [WARNING] [tid:2248] Metering bus: Metering timeout: type=0 slave=4 start=0x11 count=32 pending=
Metering TX: 06 03 00 0b 00 07 74 7d
[2026-09-20 11:56:26.549] [WARNING] [tid:2248] Metering bus: Metering timeout: type=0 slave=6 start=0xb count=7 pending=
Metering TX: 02 03 00 c0 00 30 45 d1
[2026-09-20 11:56:26.796] [WARNING] [tid:2248] Metering bus: Metering timeout: type=0 slave=2 start=0xc0 count=48 pending=
Metering TX: 02 03 00 30 00 30 45 e2
[2026-09-20 11:56:27.048] [WARNING] [tid:2248] Metering bus: Metering timeout: type=0 slave=2 start=0x30 count=48 pending=
Metering TX: 02 03 00 90 00 30 45 c0
[2026-09-20 11:56:27.299] [WARNING] [tid:2248] Metering bus: Metering timeout: type=0 slave=2 start=0x90 count=48 pending=
Metering TX: dd a5 03 00 ff fd 77
Metering TX: dd a5 04 00 ff fc 77
Metering TX: 06 03 00 0b 00 07 74 7d
[2026-09-20 11:56:27.715] [WARNING] [tid:2248] Metering bus: Metering timeout: type=0 slave=6 start=0xb count=7 pending=
Metering TX: 02 03 00 c0 00 30 45 d1
[2026-09-20 11:56:27.964] [WARNING] [tid:2248] Metering bus: Metering timeout: type=0 slave=2 start=0xc0 count=48 pending=
Metering TX: 02 03 00 30 00 30 45 e2
[2026-09-20 11:56:28.214] [WARNING] [tid:2248] Metering bus: Metering timeout: type=0 slave=2 start=0x30 count=48 pending=
Metering TX: 04 03 00 11 00 20 14 42
[2026-09-20 11:56:28.466] [WARNING] [tid:2248] Metering bus: Metering timeout: type=0 slave=4 start=0x11 count=32 pending=
Metering TX: 06 03 00 0b 00 07 74 7d
[2026-09-20 11:56:28.716] [WARNING] [tid:2248] Metering bus: Metering timeout: type=0 slave=6 start=0xb count=7 pending=
Metering TX: 02 03 00 c0 00 30 45 d1
[2026-09-20 11:56:28.968] [WARNING] [tid:2248] Metering bus: Metering timeout: type=0 slave=2 start=0xc0 count=48 pending=
Metering TX: 02 03 00 90 00 30 45 c0
[2026-09-20 11:56:29.217] [WARNING] [tid:2248] Metering bus: Metering timeout: type=0 slave=2 start=0x90 count=48 pending=
Metering TX: 05 03 03 00 00 02 c5 cb
[2026-09-20 11:56:29.467] [WARNING] [tid:2248] Metering bus: Metering timeout: type=0 slave=5 start=0x300 count=2 pending=
Metering TX: dd a5 03 00 ff fd 77
Metering TX: 06 03 00 0b 00 07 74 7d
[2026-09-20 11:56:29.819] [WARNING] [tid:2248] Metering bus: Metering timeout: type=0 slave=6 start=0xb count=7 pending=
Metering TX: 02 03 00 c0 00 30 45 d1
[2026-09-20 11:56:30.071] [WARNING] [tid:2248] Metering bus: Metering timeout: type=0 slave=2 start=0xc0 count=48 pending=
Metering TX: 02 03 00 30 00 30 45 e2
[2026-09-20 11:56:30.335] [WARNING] [tid:2248] Metering bus: Metering timeout: type=0 slave=2 start=0x30 count=48 pending=
Metering TX: 02 03 00 90 00 30 45 c0
[2026-09-20 11:56:30.601] [WARNING] [tid:2248] Metering bus: Metering timeout: type=0 slave=2 start=0x90 count=48 pending=
Metering TX: 04 03 00 11 00 20 14 42
[2026-09-20 11:56:30.870] [WARNING] [tid:2248] Metering bus: Metering timeout: type=0 slave=4 start=0x11 count=32 pending=
Metering TX: dd a5 03 00 ff fd 77
Metering TX: 06 03 00 0b 00 07 74 7d
[2026-09-20 11:56:31.204] [WARNING] [tid:2248] Metering bus: Metering timeout: type=0 slave=6 start=0xb count=7 pending=
Metering TX: 02 03 00 c0 00 30 45 d1
[2026-09-20 11:56:31.453] [WARNING] [tid:2248] Metering bus: Metering timeout: type=0 slave=2 start=0xc0 count=48 pending=
Metering TX: 06 03 00 0b 00 07 74 7d
[2026-09-20 11:56:31.704] [WARNING] [tid:2248] Metering bus: Metering timeout: type=0 slave=6 start=0xb count=7 pending=
Metering TX: 02 03 00 30 00 30 45 e2
[2026-09-20 11:56:31.953] [WARNING] [tid:2248] Metering bus: Metering timeout: type=0 slave=2 start=0x30 count=48 pending=
Metering TX: 02 03 00 90 00 30 45 c0
[2026-09-20 11:56:32.204] [WARNING] [tid:2248] Metering bus: Metering timeout: type=0 slave=2 start=0x90 count=48 pending=
Metering TX: 04 03 00 11 00 20 14 42
[2026-09-20 11:56:32.454] [WARNING] [tid:2248] Metering bus: Metering timeout: type=0 slave=4 start=0x11 count=32 pending=
Metering TX: dd a5 03 00 ff fd 77
Metering TX: 06 03 00 0b 00 07 74 7d
[2026-09-20 11:56:32.804] [WARNING] [tid:2248] Metering bus: Metering timeout: type=0 slave=6 start=0xb count=7 pending=
Metering TX: 02 03 00 c0 00 30 45 d1
[2026-09-20 11:56:33.056] [WARNING] [tid:2248] Metering bus: Metering timeout: type=0 slave=2 start=0xc0 count=48 pending=
Metering TX: 02 03 00 30 00 30 45 e2
[2026-09-20 11:56:33.307] [WARNING] [tid:2248] Metering bus: Metering timeout: type=0 slave=2 start=0x30 count=48 pending=
Metering TX: 02 03 00 90 00 30 45 c0
[2026-09-20 11:56:33.556] [WARNING] [tid:2248] Metering bus: Metering timeout: type=0 slave=2 start=0x90 count=48 pending=
Metering TX: 05 03 03 00 00 02 c5 cb
[2026-09-20 11:56:33.806] [WARNING] [tid:2248] Metering bus: Metering timeout: type=0 slave=5 start=0x300 count=2 pending=
Metering TX: 06 03 00 0b 00 07 74 7d
[2026-09-20 11:56:34.057] [WARNING] [tid:2248] Metering bus: Metering timeout: type=0 slave=6 start=0xb count=7 pending=
Metering TX: 02 03 00 c0 00 30 45 d1
[2026-09-20 11:56:34.306] [WARNING] [tid:2248] Metering bus: Metering timeout: type=0 slave=2 start=0xc0 count=48 pending=
Metering TX: 02 03 00 30 00 30 45 e2
[2026-09-20 11:56:34.572] [WARNING] [tid:2248] Metering bus: Metering timeout: type=0 slave=2 start=0x30 count=48 pending=
Metering TX: 04 03 00 11 00 20 14 42
[2026-09-20 11:56:34.823] [WARNING] [tid:2248] Metering bus: Metering timeout: type=0 slave=4 start=0x11 count=32 pending=
Metering TX: dd a5 03 00 ff fd 77
Metering TX: 06 03 00 0b 00 07 74 7d
[2026-09-20 11:56:35.224] [WARNING] [tid:2248] Metering bus: Metering timeout: type=0 slave=6 start=0xb count=7 pending=
Metering TX: 02 03 00 c0 00 30 45 d1
[2026-09-20 11:56:35.473] [WARNING] [tid:2248] Metering bus: Metering timeout: type=0 slave=2 start=0xc0 count=48 pending=
Metering TX: 02 03 00 90 00 30 45 c0
[2026-09-20 11:56:35.724] [WARNING] [tid:2248] Metering bus: Metering timeout: type=0 slave=2 start=0x90 count=48 pending=
Metering TX: 06 03 00 0b 00 07 74 7d
[2026-09-20 11:56:35.992] [WARNING] [tid:2248] Metering bus: Metering timeout: type=0 slave=6 start=0xb count=7 pending=
Metering TX: 02 03 00 30 00 30 45 e2
[2026-09-20 11:56:36.257] [WARNING] [tid:2248] Metering bus: Metering timeout: type=0 slave=2 start=0x30 count=48 pending=
Metering TX: 04 03 00 11 00 20 14 42
[2026-09-20 11:56:36.509] [WARNING] [tid:2248] Metering bus: Metering timeout: type=0 slave=4 start=0x11 count=32 pending=
Metering TX: dd a5 03 00 ff fd 77
Metering TX: 06 03 00 0b 00 07 74 7d
[2026-09-20 11:56:36.840] [WARNING] [tid:2248] Metering bus: Metering timeout: type=0 slave=6 start=0xb count=7 pending=
Metering TX: 02 03 00 c0 00 30 45 d1
[2026-09-20 11:56:37.092] [WARNING] [tid:2248] Metering bus: Metering timeout: type=0 slave=2 start=0xc0 count=48 pending=
Metering TX: 02 03 00 30 00 30 45 e2
[2026-09-20 11:56:37.339] [WARNING] [tid:2248] Metering bus: Metering timeout: type=0 slave=2 start=0x30 count=48 pending=
Metering TX: 02 03 00 90 00 30 45 c0
[2026-09-20 11:56:37.593] [WARNING] [tid:2248] Metering bus: Metering timeout: type=0 slave=2 start=0x90 count=48 pending=
Metering TX: dd a5 04 00 ff fc 77
Metering TX: 06 03 00 0b 00 07 74 7d
[2026-09-20 11:56:37.926] [WARNING] [tid:2248] Metering bus: Metering timeout: type=0 slave=6 start=0xb count=7 pending=
Metering TX: 02 03 00 c0 00 30 45 d1
[2026-09-20 11:56:38.174] [WARNING] [tid:2248] Metering bus: Metering timeout: type=0 slave=2 start=0xc0 count=48 pending=
Metering TX: 02 03 00 30 00 30 45 e2
[2026-09-20 11:56:38.426] [WARNING] [tid:2248] Metering bus: Metering timeout: type=0 slave=2 start=0x30 count=48 pending=
Metering TX: 04 03 00 11 00 20 14 42
[2026-09-20 11:56:38.673] [WARNING] [tid:2248] Metering bus: Metering timeout: type=0 slave=4 start=0x11 count=32 pending=
Metering TX: 05 03 03 00 00 02 c5 cb
[2026-09-20 11:56:38.916] [WARNING] [tid:2248] Metering bus: Metering timeout: type=0 slave=5 start=0x300 count=2 pending=
Metering TX: dd a5 03 00 ff fd 77
Metering TX: 06 03 00 0b 00 07 74 7d
[2026-09-20 11:56:39.261] [WARNING] [tid:2248] Metering bus: Metering timeout: type=0 slave=6 start=0xb count=7 pending=
Metering TX: 02 03 00 c0 00 30 45 d1
[2026-09-20 11:56:39.512] [WARNING] [tid:2248] Metering bus: Metering timeout: type=0 slave=2 start=0xc0 count=48 pending=
Metering TX: 02 03 00 30 00 30 45 e2
[2026-09-20 11:56:39.763] [WARNING] [tid:2248] Metering bus: Metering timeout: type=0 slave=2 start=0x30 count=48 pending=
Metering TX: 02 03 00 90 00 30 45 c0
[2026-09-20 11:56:40.014] [WARNING] [tid:2248] Metering bus: Metering timeout: type=0 slave=2 start=0x90 count=48 pending=
Metering TX: 06 03 00 0b 00 07 74 7d
[2026-09-20 11:56:40.259] [WARNING] [tid:2248] Metering bus: Metering timeout: type=0 slave=6 start=0xb count=7 pending=
Metering TX: 02 03 00 c0 00 30 45 d1
[2026-09-20 11:56:40.512] [WARNING] [tid:2248] Metering bus: Metering timeout: type=0 slave=2 start=0xc0 count=48 pending=
Metering TX: 04 03 00 11 00 20 14 42
[2026-09-20 11:56:40.761] [WARNING] [tid:2248] Metering bus: Metering timeout: type=0 slave=4 start=0x11 count=32 pending=
Metering TX: dd a5 03 00 ff fd 77
Metering TX: 06 03 00 0b 00 07 74 7d
[2026-09-20 11:56:41.097] [WARNING] [tid:2248] Metering bus: Metering timeout: type=0 slave=6 start=0xb count=7 pending=
Metering TX: 02 03 00 c0 00 30 45 d1
[2026-09-20 11:56:41.350] [WARNING] [tid:2248] Metering bus: Metering timeout: type=0 slave=2 start=0xc0 count=48 pending=
Metering TX: 02 03 00 30 00 30 45 e2
[2026-09-20 11:56:41.598] [WARNING] [tid:2248] Metering bus: Metering timeout: type=0 slave=2 start=0x30 count=48 pending=
Metering TX: 02 03 00 90 00 30 45 c0
[2026-09-20 11:56:41.846] [WARNING] [tid:2248] Metering bus: Metering timeout: type=0 slave=2 start=0x90 count=48 pending=
Metering TX: 06 03 00 0b 00 07 74 7d
[2026-09-20 11:56:42.098] [WARNING] [tid:2248] Metering bus: Metering timeout: type=0 slave=6 start=0xb count=7 pending=
Metering TX: 02 03 00 c0 00 30 45 d1
[2026-09-20 11:56:42.349] [WARNING] [tid:2248] Metering bus: Metering timeout: type=0 slave=2 start=0xc0 count=48 pending=
Metering TX: 04 03 00 11 00 20 14 42
[2026-09-20 11:56:42.593] [WARNING] [tid:2248] Metering bus: Metering timeout: type=0 slave=4 start=0x11 count=32 pending=
Metering TX: dd a5 03 00 ff fd 77
Metering TX: 06 03 00 0b 00 07 74 7d
[2026-09-20 11:56:42.945] [WARNING] [tid:2248] Metering bus: Metering timeout: type=0 slave=6 start=0xb count=7 pending=
Metering TX: 02 03 00 c0 00 30 45 d1
[2026-09-20 11:56:43.198] [WARNING] [tid:2248] Metering bus: Metering timeout: type=0 slave=2 start=0xc0 count=48 pending=
Metering TX: 02 03 00 30 00 30 45 e2
[2026-09-20 11:56:43.448] [WARNING] [tid:2248] Metering bus: Metering timeout: type=0 slave=2 start=0x30 count=48 pending=
Metering TX: 02 03 00 90 00 30 45 c0
[2026-09-20 11:56:43.714] [WARNING] [tid:2248] Metering bus: Metering timeout: type=0 slave=2 start=0x90 count=48 pending=
Metering TX: 05 03 03 00 00 02 c5 cb
[2026-09-20 11:56:43.965] [WARNING] [tid:2248] Metering bus: Metering timeout: type=0 slave=5 start=0x300 count=2 pending=
Metering TX: 06 03 00 0b 00 07 74 7d
[2026-09-20 11:56:44.217] [WARNING] [tid:2248] Metering bus: Metering timeout: type=0 slave=6 start=0xb count=7 pending=
Metering TX: 02 03 00 c0 00 30 45 d1
[2026-09-20 11:56:44.465] [WARNING] [tid:2248] Metering bus: Metering timeout: type=0 slave=2 start=0xc0 count=48 pending=
Metering TX: 02 03 00 30 00 30 45 e2
[2026-09-20 11:56:44.715] [WARNING] [tid:2248] Metering bus: Metering timeout: type=0 slave=2 start=0x30 count=48 pending=
Metering TX: 04 03 00 11 00 20 14 42
[2026-09-20 11:56:44.966] [WARNING] [tid:2248] Metering bus: Metering timeout: type=0 slave=4 start=0x11 count=32 pending=
Metering TX: dd a5 03 00 ff fd 77
Metering TX: 06 03 00 0b 00 07 74 7d
[2026-09-20 11:56:45.316] [WARNING] [tid:2248] Metering bus: Metering timeout: type=0 slave=6 start=0xb count=7 pending=
Metering TX: 02 03 00 c0 00 30 45 d1
[2026-09-20 11:56:45.568] [WARNING] [tid:2248] Metering bus: Metering timeout: type=0 slave=2 start=0xc0 count=48 pending=
Metering TX: 02 03 00 90 00 30 45 c0
[2026-09-20 11:56:45.817] [WARNING] [tid:2248] Metering bus: Metering timeout: type=0 slave=2 start=0x90 count=48 pending=
Metering TX: 06 03 00 0b 00 07 74 7d
[2026-09-20 11:56:46.067] [WARNING] [tid:2248] Metering bus: Metering timeout: type=0 slave=6 start=0xb count=7 pending=
Metering TX: 02 03 00 c0 00 30 45 d1
[2026-09-20 11:56:46.318] [WARNING] [tid:2248] Metering bus: Metering timeout: type=0 slave=2 start=0xc0 count=48 pending=
Metering TX: 02 03 00 30 00 30 45 e2
[2026-09-20 11:56:46.568] [WARNING] [tid:2248] Metering bus: Metering timeout: type=0 slave=2 start=0x30 count=48 pending=
Metering TX: 04 03 00 11 00 20 14 42
[2026-09-20 11:56:46.833] [WARNING] [tid:2248] Metering bus: Metering timeout: type=0 slave=4 start=0x11 count=32 pending=
Metering TX: dd a5 03 00 ff fd 77
Metering TX: dd a5 04 00 ff fc 77
Metering TX: 06 03 00 0b 00 07 74 7d
[2026-09-20 11:56:47.286] [WARNING] [tid:2248] Metering bus: Metering timeout: type=0 slave=6 start=0xb count=7 pending=
Metering TX: 02 03 00 c0 00 30 45 d1
[2026-09-20 11:56:47.536] [WARNING] [tid:2248] Metering bus: Metering timeout: type=0 slave=2 start=0xc0 count=48 pending=
Metering TX: 02 03 00 30 00 30 45 e2
[2026-09-20 11:56:47.785] [WARNING] [tid:2248] Metering bus: Metering timeout: type=0 slave=2 start=0x30 count=48 pending=
Metering TX: 02 03 00 90 00 30 45 c0
[2026-09-20 11:56:48.036] [WARNING] [tid:2248] Metering bus: Metering timeout: type=0 slave=2 start=0x90 count=48 pending=
Metering TX: 06 03 00 0b 00 07 74 7d
[2026-09-20 11:56:48.287] [WARNING] [tid:2248] Metering bus: Metering timeout: type=0 slave=6 start=0xb count=7 pending=
Metering TX: 02 03 00 c0 00 30 45 d1
[2026-09-20 11:56:48.553] [WARNING] [tid:2248] Metering bus: Metering timeout: type=0 slave=2 start=0xc0 count=48 pending=
Metering TX: 04 03 00 11 00 20 14 42
[2026-09-20 11:56:48.804] [WARNING] [tid:2248] Metering bus: Metering timeout: type=0 slave=4 start=0x11 count=32 pending=
Metering TX: 05 03 03 00 00 02 c5 cb
[2026-09-20 11:56:49.071] [WARNING] [tid:2248] Metering bus: Metering timeout: type=0 slave=5 start=0x300 count=2 pending=
Metering TX: dd a5 03 00 ff fd 77
Metering TX: 06 03 00 0b 00 07 74 7d
[2026-09-20 11:56:49.404] [WARNING] [tid:2248] Metering bus: Metering timeout: type=0 slave=6 start=0xb count=7 pending=
Metering TX: 02 03 00 c0 00 30 45 d1
[2026-09-20 11:56:49.652] [WARNING] [tid:2248] Metering bus: Metering timeout: type=0 slave=2 start=0xc0 count=48 pending=
Metering TX: 02 03 00 30 00 30 45 e2
[2026-09-20 11:56:49.906] [WARNING] [tid:2248] Metering bus: Metering timeout: type=0 slave=2 start=0x30 count=48 pending=
Metering TX: 02 03 00 90 00 30 45 c0
[2026-09-20 11:56:50.155] [WARNING] [tid:2248] Metering bus: Metering timeout: type=0 slave=2 start=0x90 count=48 pending=
Metering TX: 06 03 00 0b 00 07 74 7d
[2026-09-20 11:56:50.406] [WARNING] [tid:2248] Metering bus: Metering timeout: type=0 slave=6 start=0xb count=7 pending=
Metering TX: 02 03 00 c0 00 30 45 d1
[2026-09-20 11:56:50.655] [WARNING] [tid:2248] Metering bus: Metering timeout: type=0 slave=2 start=0xc0 count=48 pending=
Metering TX: 04 03 00 11 00 20 14 42
[2026-09-20 11:56:50.906] [WARNING] [tid:2248] Metering bus: Metering timeout: type=0 slave=4 start=0x11 count=32 pending=
Metering TX: dd a5 03 00 ff fd 77
Metering TX: 06 03 00 0b 00 07 74 7d
[2026-09-20 11:56:51.256] [WARNING] [tid:2248] Metering bus: Metering timeout: type=0 slave=6 start=0xb count=7 pending=
Metering TX: 02 03 00 c0 00 30 45 d1
[2026-09-20 11:56:51.523] [WARNING] [tid:2248] Metering bus: Metering timeout: type=0 slave=2 start=0xc0 count=48 pending=
Metering TX: 02 03 00 30 00 30 45 e2
[2026-09-20 11:56:51.790] [WARNING] [tid:2248] Metering bus: Metering timeout: type=0 slave=2 start=0x30 count=48 pending=
Metering TX: 02 03 00 90 00 30 45 c0
[2026-09-20 11:56:52.041] [WARNING] [tid:2248] Metering bus: Metering timeout: type=0 slave=2 start=0x90 count=48 pending=
Metering TX: 06 03 00 0b 00 07 74 7d
[2026-09-20 11:56:52.292] [WARNING] [tid:2248] Metering bus: Metering timeout: type=0 slave=6 start=0xb count=7 pending=
Metering TX: 02 03 00 c0 00 30 45 d1
[2026-09-20 11:56:52.542] [WARNING] [tid:2248] Metering bus: Metering timeout: type=0 slave=2 start=0xc0 count=48 pending=
Metering TX: 02 03 00 30 00 30 45 e2
[2026-09-20 11:56:52.793] [WARNING] [tid:2248] Metering bus: Metering timeout: type=0 slave=2 start=0x30 count=48 pending=
Metering TX: 04 03 00 11 00 20 14 42
[2026-09-20 11:56:53.043] [WARNING] [tid:2248] Metering bus: Metering timeout: type=0 slave=4 start=0x11 count=32 pending=
Metering TX: dd a5 03 00 ff fd 77
Metering TX: 06 03 00 0b 00 07 74 7d
[2026-09-20 11:56:53.392] [WARNING] [tid:2248] Metering bus: Metering timeout: type=0 slave=6 start=0xb count=7 pending=
Metering TX: 02 03 00 c0 00 30 45 d1
[2026-09-20 11:56:53.647] [WARNING] [tid:2248] Metering bus: Metering timeout: type=0 slave=2 start=0xc0 count=48 pending=
Metering TX: 02 03 00 30 00 30 45 e2
[2026-09-20 11:56:53.910] [WARNING] [tid:2248] Metering bus: Metering timeout: type=0 slave=2 start=0x30 count=48 pending=
Metering TX: 02 03 00 90 00 30 45 c0
[2026-09-20 11:56:54.158] [WARNING] [tid:2248] Metering bus: Metering timeout: type=0 slave=2 start=0x90 count=48 pending=
Metering TX: 05 03 03 00 00 02 c5 cb
[2026-09-20 11:56:54.407] [WARNING] [tid:2248] Metering bus: Metering timeout: type=0 slave=5 start=0x300 count=2 pending=
Metering TX: 06 03 00 0b 00 07 74 7d
[2026-09-20 11:56:54.660] [WARNING] [tid:2248] Metering bus: Metering timeout: type=0 slave=6 start=0xb count=7 pending=
Metering TX: 02 03 00 c0 00 30 45 d1
[2026-09-20 11:56:54.909] [WARNING] [tid:2248] Metering bus: Metering timeout: type=0 slave=2 start=0xc0 count=48 pending=
Metering TX: 04 03 00 11 00 20 14 42
[2026-09-20 11:56:55.160] [WARNING] [tid:2248] Metering bus: Metering timeout: type=0 slave=4 start=0x11 count=32 pending=
Metering TX: dd a5 03 00 ff fd 77
Metering TX: 06 03 00 0b 00 07 74 7d
[2026-09-20 11:56:55.510] [WARNING] [tid:2248] Metering bus: Metering timeout: type=0 slave=6 start=0xb count=7 pending=
Metering TX: 02 03 00 30 00 30 45 e2
[2026-09-20 11:56:55.760] [WARNING] [tid:2248] Metering bus: Metering timeout: type=0 slave=2 start=0x30 count=48 pending=
Metering TX: 02 03 00 90 00 30 45 c0
[2026-09-20 11:56:56.010] [WARNING] [tid:2248] Metering bus: Metering timeout: type=0 slave=2 start=0x90 count=48 pending=
Metering TX: 06 03 00 0b 00 07 74 7d
[2026-09-20 11:56:56.261] [WARNING] [tid:2248] Metering bus: Metering timeout: type=0 slave=6 start=0xb count=7 pending=
Metering TX: 02 03 00 c0 00 30 45 d1
[2026-09-20 11:56:56.513] [WARNING] [tid:2248] Metering bus: Metering timeout: type=0 slave=2 start=0xc0 count=48 pending=
Metering TX: 02 03 00 30 00 30 45 e2
[2026-09-20 11:56:56.764] [WARNING] [tid:2248] Metering bus: Metering timeout: type=0 slave=2 start=0x30 count=48 pending=
Metering TX: 04 03 00 11 00 20 14 42
[2026-09-20 11:56:57.015] [WARNING] [tid:2248] Metering bus: Metering timeout: type=0 slave=4 start=0x11 count=32 pending=
Metering TX: dd a5 04 00 ff fc 77
Metering TX: dd a5 03 00 ff fd 77
Metering TX: 06 03 00 0b 00 07 74 7d
[2026-09-20 11:56:57.445] [WARNING] [tid:2248] Metering bus: Metering timeout: type=0 slave=6 start=0xb count=7 pending=
Metering TX: 02 03 00 c0 00 30 45 d1
[2026-09-20 11:56:57.710] [WARNING] [tid:2248] Metering bus: Metering timeout: type=0 slave=2 start=0xc0 count=48 pending=
Metering TX: 02 03 00 30 00 30 45 e2
[2026-09-20 11:56:57.962] [WARNING] [tid:2248] Metering bus: Metering timeout: type=0 slave=2 start=0x30 count=48 pending=
Metering TX: 02 03 00 90 00 30 45 c0
[2026-09-20 11:56:58.214] [WARNING] [tid:2248] Metering bus: Metering timeout: type=0 slave=2 start=0x90 count=48 pending=
Metering TX: 06 03 00 0b 00 07 74 7d
[2026-09-20 11:56:58.463] [WARNING] [tid:2248] Metering bus: Metering timeout: type=0 slave=6 start=0xb count=7 pending=
Metering TX: 02 03 00 c0 00 30 45 d1
[2026-09-20 11:56:58.715] [WARNING] [tid:2248] Metering bus: Metering timeout: type=0 slave=2 start=0xc0 count=48 pending=
Metering TX: 04 03 00 11 00 20 14 42
[2026-09-20 11:56:58.964] [WARNING] [tid:2248] Metering bus: Metering timeout: type=0 slave=4 start=0x11 count=32 pending=
Metering TX: 05 03 03 00 00 02 c5 cb
[2026-09-20 11:56:59.214] [WARNING] [tid:2248] Metering bus: Metering timeout: type=0 slave=5 start=0x300 count=2 pending=
Metering TX: dd a5 03 00 ff fd 77
Metering TX: 06 03 00 0b 00 07 74 7d
[2026-09-20 11:56:59.565] [WARNING] [tid:2248] Metering bus: Metering timeout: type=0 slave=6 start=0xb count=7 pending=
Metering TX: 02 03 00 c0 00 30 45 d1
[2026-09-20 11:56:59.815] [WARNING] [tid:2248] Metering bus: Metering timeout: type=0 slave=2 start=0xc0 count=48 pending=
Metering TX: 02 03 00 30 00 30 45 e2
[2026-09-20 11:57:00.066] [WARNING] [tid:2248] Metering bus: Metering timeout: type=0 slave=2 start=0x30 count=48 pending=
Metering TX: 02 03 00 90 00 30 45 c0
[2026-09-20 11:57:00.315] [WARNING] [tid:2248] Metering bus: Metering timeout: type=0 slave=2 start=0x90 count=48 pending=
Metering TX: 06 03 00 0b 00 07 74 7d
[2026-09-20 11:57:00.563] [WARNING] [tid:2248] Metering bus: Metering timeout: type=0 slave=6 start=0xb count=7 pending=
Metering TX: 02 03 00 c0 00 30 45 d1
[2026-09-20 11:57:00.812] [WARNING] [tid:2248] Metering bus: Metering timeout: type=0 slave=2 start=0xc0 count=48 pending=
Metering TX: 04 03 00 11 00 20 14 42
[2026-09-20 11:57:01.059] [WARNING] [tid:2248] Metering bus: Metering timeout: type=0 slave=4 start=0x11 count=32 pending=
Metering TX: dd a5 03 00 ff fd 77
Metering TX: 06 03 00 0b 00 07 74 7d
[2026-09-20 11:57:01.415] [WARNING] [tid:2248] Metering bus: Metering timeout: type=0 slave=6 start=0xb count=7 pending=
Metering TX: 02 03 00 c0 00 30 45 d1
[2026-09-20 11:57:01.682] [WARNING] [tid:2248] Metering bus: Metering timeout: type=0 slave=2 start=0xc0 count=48 pending=
Metering TX: 02 03 00 30 00 30 45 e2
[2026-09-20 11:57:01.932] [WARNING] [tid:2248] Metering bus: Metering timeout: type=0 slave=2 start=0x30 count=48 pending=
Metering TX: 02 03 00 90 00 30 45 c0
[2026-09-20 11:57:02.183] [WARNING] [tid:2248] Metering bus: Metering timeout: type=0 slave=2 start=0x90 count=48 pending=
Metering TX: 06 03 00 0b 00 07 74 7d
[2026-09-20 11:57:02.433] [WARNING] [tid:2248] Metering bus: Metering timeout: type=0 slave=6 start=0xb count=7 pending=
Metering TX: 02 03 00 c0 00 30 45 d1
[2026-09-20 11:57:02.682] [WARNING] [tid:2248] Metering bus: Metering timeout: type=0 slave=2 start=0xc0 count=48 pending=
Metering TX: 02 03 00 30 00 30 45 e2
[2026-09-20 11:57:02.934] [WARNING] [tid:2248] Metering bus: Metering timeout: type=0 slave=2 start=0x30 count=48 pending=
Metering TX: 04 03 00 11 00 20 14 42
[2026-09-20 11:57:03.184] [WARNING] [tid:2248] Metering bus: Metering timeout: type=0 slave=4 start=0x11 count=32 pending=
Metering TX: dd a5 03 00 ff fd 77
Metering TX: 06 03 00 0b 00 07 74 7d
[2026-09-20 11:57:03.534] [WARNING] [tid:2248] Metering bus: Metering timeout: type=0 slave=6 start=0xb count=7 pending=
Metering TX: 02 03 00 c0 00 30 45 d1
[2026-09-20 11:57:03.775] [WARNING] [tid:2248] Metering bus: Metering timeout: type=0 slave=2 start=0xc0 count=48 pending=
Metering TX: 02 03 00 30 00 30 45 e2
[2026-09-20 11:57:04.030] [WARNING] [tid:2248] Metering bus: Metering timeout: type=0 slave=2 start=0x30 count=48 pending=
Metering TX: 02 03 00 90 00 30 45 c0
[2026-09-20 11:57:04.274] [WARNING] [tid:2248] Metering bus: Metering timeout: type=0 slave=2 start=0x90 count=48 pending=
Metering TX: 05 03 03 00 00 02 c5 cb
[2026-09-20 11:57:04.524] [WARNING] [tid:2248] Metering bus: Metering timeout: type=0 slave=5 start=0x300 count=2 pending=
Metering TX: 06 03 00 0b 00 07 74 7d
[2026-09-20 11:57:04.775] [WARNING] [tid:2248] Metering bus: Metering timeout: type=0 slave=6 start=0xb count=7 pending=
Metering TX: 02 03 00 c0 00 30 45 d1
[2026-09-20 11:57:05.026] [WARNING] [tid:2248] Metering bus: Metering timeout: type=0 slave=2 start=0xc0 count=48 pending=
Metering TX: 02 03 00 30 00 30 45 e2
[2026-09-20 11:57:05.277] [WARNING] [tid:2248] Metering bus: Metering timeout: type=0 slave=2 start=0x30 count=48 pending=
Metering TX: 04 03 00 11 00 20 14 42
[2026-09-20 11:57:05.527] [WARNING] [tid:2248] Metering bus: Metering timeout: type=0 slave=4 start=0x11 count=32 pending=
Metering TX: dd a5 03 00 ff fd 77
Metering TX: 06 03 00 0b 00 07 74 7d
[2026-09-20 11:57:05.898] [WARNING] [tid:2248] Metering bus: Metering timeout: type=0 slave=6 start=0xb count=7 pending=
Metering TX: 02 03 00 c0 00 30 45 d1
[2026-09-20 11:57:06.149] [WARNING] [tid:2248] Metering bus: Metering timeout: type=0 slave=2 start=0xc0 count=48 pending=
Metering TX: 02 03 00 90 00 30 45 c0
[2026-09-20 11:57:06.400] [WARNING] [tid:2248] Metering bus: Metering timeout: type=0 slave=2 start=0x90 count=48 pending=
Metering TX: 06 03 00 0b 00 07 74 7d
[2026-09-20 11:57:06.650] [WARNING] [tid:2248] Metering bus: Metering timeout: type=0 slave=6 start=0xb count=7 pending=
Metering TX: 02 03 00 30 00 30 45 e2
[2026-09-20 11:57:06.911] [WARNING] [tid:2248] Metering bus: Metering timeout: type=0 slave=2 start=0x30 count=48 pending=
Metering TX: 04 03 00 11 00 20 14 42
[2026-09-20 11:57:07.161] [WARNING] [tid:2248] Metering bus: Metering timeout: type=0 slave=4 start=0x11 count=32 pending=
Metering TX: dd a5 04 00 ff fc 77
Metering TX: dd a5 03 00 ff fd 77
Metering TX: 06 03 00 0b 00 07 74 7d
[2026-09-20 11:57:07.617] [WARNING] [tid:2248] Metering bus: Metering timeout: type=0 slave=6 start=0xb count=7 pending=
Metering TX: 02 03 00 c0 00 30 45 d1
[2026-09-20 11:57:07.867] [WARNING] [tid:2248] Metering bus: Metering timeout: type=0 slave=2 start=0xc0 count=48 pending=
Metering TX: 02 03 00 30 00 30 45 e2
[2026-09-20 11:57:08.123] [WARNING] [tid:2248] Metering bus: Metering timeout: type=0 slave=2 start=0x30 count=48 pending=
Metering TX: 02 03 00 90 00 30 45 c0
[2026-09-20 11:57:08.375] [WARNING] [tid:2248] Metering bus: Metering timeout: type=0 slave=2 start=0x90 count=48 pending=
Metering TX: 06 03 00 0b 00 07 74 7d
[2026-09-20 11:57:08.625] [WARNING] [tid:2248] Metering bus: Metering timeout: type=0 slave=6 start=0xb count=7 pending=
Metering TX: 02 03 00 c0 00 30 45 d1
[2026-09-20 11:57:08.875] [WARNING] [tid:2248] Metering bus: Metering timeout: type=0 slave=2 start=0xc0 count=48 pending=
Metering TX: 02 03 00 30 00 30 45 e2
[2026-09-20 11:57:09.126] [WARNING] [tid:2248] Metering bus: Metering timeout: type=0 slave=2 start=0x30 count=48 pending=
Metering TX: 04 03 00 11 00 20 14 42
[2026-09-20 11:57:09.375] [WARNING] [tid:2248] Metering bus: Metering timeout: type=0 slave=4 start=0x11 count=32 pending=
Metering TX: 05 03 03 00 00 02 c5 cb
[2026-09-20 11:57:09.625] [WARNING] [tid:2248] Metering bus: Metering timeout: type=0 slave=5 start=0x300 count=2 pending=
Metering TX: dd a5 03 00 ff fd 77
Metering TX: 06 03 00 0b 00 07 74 7d
[2026-09-20 11:57:09.992] [WARNING] [tid:2248] Metering bus: Metering timeout: type=0 slave=6 start=0xb count=7 pending=
Metering TX: 02 03 00 c0 00 30 45 d1
[2026-09-20 11:57:10.258] [WARNING] [tid:2248] Metering bus: Metering timeout: type=0 slave=2 start=0xc0 count=48 pending=
Metering TX: 02 03 00 30 00 30 45 e2
[2026-09-20 11:57:10.524] [WARNING] [tid:2248] Metering bus: Metering timeout: type=0 slave=2 start=0x30 count=48 pending=
Metering TX: 02 03 00 90 00 30 45 c0
[2026-09-20 11:57:10.790] [WARNING] [tid:2248] Metering bus: Metering timeout: type=0 slave=2 start=0x90 count=48 pending=
Metering TX: 06 03 00 0b 00 07 74 7d
[2026-09-20 11:57:11.058] [WARNING] [tid:2248] Metering bus: Metering timeout: type=0 slave=6 start=0xb count=7 pending=
Metering TX: 04 03 00 11 00 20 14 42
[2026-09-20 11:57:11.305] [WARNING] [tid:2248] Metering bus: Metering timeout: type=0 slave=4 start=0x11 count=32 pending=
Metering TX: dd a5 03 00 ff fd 77
Metering TX: 06 03 00 0b 00 07 74 7d
[2026-09-20 11:57:11.674] [WARNING] [tid:2248] Metering bus: Metering timeout: type=0 slave=6 start=0xb count=7 pending=
Metering TX: 02 03 00 c0 00 30 45 d1
[2026-09-20 11:57:11.927] [WARNING] [tid:2248] Metering bus: Metering timeout: type=0 slave=2 start=0xc0 count=48 pending=
Metering TX: 02 03 00 30 00 30 45 e2
[2026-09-20 11:57:12.177] [WARNING] [tid:2248] Metering bus: Metering timeout: type=0 slave=2 start=0x30 count=48 pending=
Metering TX: 02 03 00 90 00 30 45 c0
[2026-09-20 11:57:12.427] [WARNING] [tid:2248] Metering bus: Metering timeout: type=0 slave=2 start=0x90 count=48 pending=
Metering TX: 06 03 00 0b 00 07 74 7d
[2026-09-20 11:57:12.695] [WARNING] [tid:2248] Metering bus: Metering timeout: type=0 slave=6 start=0xb count=7 pending=
Metering TX: 02 03 00 c0 00 30 45 d1
[2026-09-20 11:57:12.961] [WARNING] [tid:2248] Metering bus: Metering timeout: type=0 slave=2 start=0xc0 count=48 pending=
Metering TX: 02 03 00 30 00 30 45 e2
[2026-09-20 11:57:13.227] [WARNING] [tid:2248] Metering bus: Metering timeout: type=0 slave=2 start=0x30 count=48 pending=
Metering TX: 04 03 00 11 00 20 14 42
[2026-09-20 11:57:13.478] [WARNING] [tid:2248] Metering bus: Metering timeout: type=0 slave=4 start=0x11 count=32 pending=
Metering TX: dd a5 03 00 ff fd 77
Metering TX: 06 03 00 0b 00 07 74 7d
[2026-09-20 11:57:13.829] [WARNING] [tid:2248] Metering bus: Metering timeout: type=0 slave=6 start=0xb count=7 pending=
Metering TX: 02 03 00 c0 00 30 45 d1
[2026-09-20 11:57:14.081] [WARNING] [tid:2248] Metering bus: Metering timeout: type=0 slave=2 start=0xc0 count=48 pending=
Metering TX: 02 03 00 30 00 30 45 e2
[2026-09-20 11:57:14.329] [WARNING] [tid:2248] Metering bus: Metering timeout: type=0 slave=2 start=0x30 count=48 pending=
Metering TX: 02 03 00 90 00 30 45 c0
[2026-09-20 11:57:14.574] [WARNING] [tid:2248] Metering bus: Metering timeout: type=0 slave=2 start=0x90 count=48 pending=
Metering TX: 05 03 03 00 00 02 c5 cb
[2026-09-20 11:57:14.831] [WARNING] [tid:2248] Metering bus: Metering timeout: type=0 slave=5 start=0x300 count=2 pending=
Metering TX: 06 03 00 0b 00 07 74 7d
[2026-09-20 11:57:15.079] [WARNING] [tid:2248] Metering bus: Metering timeout: type=0 slave=6 start=0xb count=7 pending=
Metering TX: 02 03 00 c0 00 30 45 d1
[2026-09-20 11:57:15.330] [WARNING] [tid:2248] Metering bus: Metering timeout: type=0 slave=2 start=0xc0 count=48 pending=
Metering TX: 04 03 00 11 00 20 14 42
[2026-09-20 11:57:15.594] [WARNING] [tid:2248] Metering bus: Metering timeout: type=0 slave=4 start=0x11 count=32 pending=
Metering TX: dd a5 03 00 ff fd 77
Metering TX: 06 03 00 0b 00 07 74 7d
[2026-09-20 11:57:15.947] [WARNING] [tid:2248] Metering bus: Metering timeout: type=0 slave=6 start=0xb count=7 pending=
Metering TX: 02 03 00 c0 00 30 45 d1
[2026-09-20 11:57:16.214] [WARNING] [tid:2248] Metering bus: Metering timeout: type=0 slave=2 start=0xc0 count=48 pending=
Metering TX: 02 03 00 30 00 30 45 e2
[2026-09-20 11:57:16.464] [WARNING] [tid:2248] Metering bus: Metering timeout: type=0 slave=2 start=0x30 count=48 pending=
Metering TX: 02 03 00 90 00 30 45 c0
[2026-09-20 11:57:16.714] [WARNING] [tid:2248] Metering bus: Metering timeout: type=0 slave=2 start=0x90 count=48 pending=
Metering TX: 06 03 00 0b 00 07 74 7d
[2026-09-20 11:57:16.964] [WARNING] [tid:2248] Metering bus: Metering timeout: type=0 slave=6 start=0xb count=7 pending=
Metering TX: 02 03 00 c0 00 30 45 d1
[2026-09-20 11:57:17.215] [WARNING] [tid:2248] Metering bus: Metering timeout: type=0 slave=2 start=0xc0 count=48 pending=
Metering TX: 04 03 00 11 00 20 14 42
[2026-09-20 11:57:17.465] [WARNING] [tid:2248] Metering bus: Metering timeout: type=0 slave=4 start=0x11 count=32 pending=
Metering TX: dd a5 04 00 ff fc 77
Metering TX: dd a5 03 00 ff fd 77
Metering TX: 06 03 00 0b 00 07 74 7d
[2026-09-20 11:57:17.912] [WARNING] [tid:2248] Metering bus: Metering timeout: type=0 slave=6 start=0xb count=7 pending=
Metering TX: 02 03 00 c0 00 30 45 d1
[2026-09-20 11:57:18.150] [WARNING] [tid:2248] Metering bus: Metering timeout: type=0 slave=2 start=0xc0 count=48 pending=
Metering TX: 02 03 00 30 00 30 45 e2
[2026-09-20 11:57:18.398] [WARNING] [tid:2248] Metering bus: Metering timeout: type=0 slave=2 start=0x30 count=48 pending=
Metering TX: 02 03 00 90 00 30 45 c0
[2026-09-20 11:57:18.650] [WARNING] [tid:2248] Metering bus: Metering timeout: type=0 slave=2 start=0x90 count=48 pending=
Metering TX: 06 03 00 0b 00 07 74 7d
[2026-09-20 11:57:18.900] [WARNING] [tid:2248] Metering bus: Metering timeout: type=0 slave=6 start=0xb count=7 pending=
Metering TX: 02 03 00 c0 00 30 45 d1
[2026-09-20 11:57:19.166] [WARNING] [tid:2248] Metering bus: Metering timeout: type=0 slave=2 start=0xc0 count=48 pending=
Metering TX: 04 03 00 11 00 20 14 42
[2026-09-20 11:57:19.418] [WARNING] [tid:2248] Metering bus: Metering timeout: type=0 slave=4 start=0x11 count=32 pending=
Metering TX: 05 03 03 00 00 02 c5 cb
[2026-09-20 11:57:19.667] [WARNING] [tid:2248] Metering bus: Metering timeout: type=0 slave=5 start=0x300 count=2 pending=
Metering TX: dd a5 03 00 ff fd 77
Metering TX: 06 03 00 0b 00 07 74 7d
[2026-09-20 11:57:20.049] [WARNING] [tid:2248] Metering bus: Metering timeout: type=0 slave=6 start=0xb count=7 pending=
Metering TX: 02 03 00 c0 00 30 45 d1
[2026-09-20 11:57:20.302] [WARNING] [tid:2248] Metering bus: Metering timeout: type=0 slave=2 start=0xc0 count=48 pending=
Metering TX: 02 03 00 30 00 30 45 e2
[2026-09-20 11:57:20.551] [WARNING] [tid:2248] Metering bus: Metering timeout: type=0 slave=2 start=0x30 count=48 pending=
Metering TX: 02 03 00 90 00 30 45 c0
[2026-09-20 11:57:20.802] [WARNING] [tid:2248] Metering bus: Metering timeout: type=0 slave=2 start=0x90 count=48 pending=
Metering TX: 04 03 00 11 00 20 14 42
[2026-09-20 11:57:21.071] [WARNING] [tid:2248] Metering bus: Metering timeout: type=0 slave=4 start=0x11 count=32 pending=
Metering TX: 06 03 00 0b 00 07 74 7d
[2026-09-20 11:57:21.338] [WARNING] [tid:2248] Metering bus: Metering timeout: type=0 slave=6 start=0xb count=7 pending=
Metering TX: 02 03 00 c0 00 30 45 d1
[2026-09-20 11:57:21.588] [WARNING] [tid:2248] Metering bus: Metering timeout: type=0 slave=2 start=0xc0 count=48 pending=
Metering TX: dd a5 03 00 ff fd 77
Metering TX: 06 03 00 0b 00 07 74 7d
[2026-09-20 11:57:21.920] [WARNING] [tid:2248] Metering bus: Metering timeout: type=0 slave=6 start=0xb count=7 pending=
Metering TX: 02 03 00 30 00 30 45 e2
[2026-09-20 11:57:22.172] [WARNING] [tid:2248] Metering bus: Metering timeout: type=0 slave=2 start=0x30 count=48 pending=
Metering TX: 02 03 00 90 00 30 45 c0
[2026-09-20 11:57:22.419] [WARNING] [tid:2248] Metering bus: Metering timeout: type=0 slave=2 start=0x90 count=48 pending=
Metering TX: 04 03 00 11 00 20 14 42
[2026-09-20 11:57:22.671] [WARNING] [tid:2248] Metering bus: Metering timeout: type=0 slave=4 start=0x11 count=32 pending=
Metering TX: 06 03 00 0b 00 07 74 7d
[2026-09-20 11:57:22.921] [WARNING] [tid:2248] Metering bus: Metering timeout: type=0 slave=6 start=0xb count=7 pending=
Metering TX: 02 03 00 c0 00 30 45 d1
