[2026-09-20 11:44:03.535] [INFO] [tid:2248] dialog-g2-engine started
[2026-09-20 11:44:03.537] [DEBUG] [tid:2248] Debug log enabled
[2026-09-20 11:44:03.538] [INFO] [tid:2248] Relay RTU port: COM8, baud=9600
[2026-09-20 11:44:03.538] [INFO] [tid:2248] Metering RTU port: COM6, baud=9600
[2026-09-20 11:44:03.545] [INFO] [tid:2248] Previous runtime timing: startedAt=2026-09-20T08:43:08Z, lastHeartbeat=2026-09-20T08:43:08Z
[2026-09-20 11:44:03.546] [INFO] [tid:2248] Runtime timing: startedAt=2026-09-20T08:44:03Z, lastHeartbeat=2026-09-20T08:44:03Z
[2026-09-20 11:44:03.599] [INFO] [tid:2248] Modbus TCP state: Connecting
[2026-09-20 11:44:03.606] [INFO] [tid:2248] Modbus TCP state: Connected
[2026-09-20 11:44:03.607] [INFO] [tid:2248] Modbus TCP сервер запущен: 0.0.0.0:502, slave id=1
[2026-09-20 11:44:03.608] [INFO] [tid:2248] Web server started: http://0.0.0.0:8080, root=C:/Qt_work/DialogG2/build/Desktop_Qt_6_10_3_MSVC2022_64bit-Debug/web
[2026-09-20 11:44:03.608] [INFO] [tid:2248] IPC server started: emergency_panel_backend
[2026-09-20 11:44:03.609] [INFO] [tid:2248] Maintenance check: Тест длительности еще не проводился; Просрочены проверки линий: Гараж, Линия 2, Линия 3, Линия 8, Линия 9, Линия 10, Линия 11, Линия 12
[2026-09-20 11:44:03.625] [INFO] [tid:2248] Авария / Неисправность - Есть неисправность: реле, АКБ: нет данных BMS
[2026-09-20 11:44:03.661] [DEBUG] [tid:2248] Metering TX: 06 03 00 0b 00 07 74 7d (C:\Qt_work\DialogG2\src\engine\MeteringBusController.cpp:283)
[2026-09-20 11:44:03.703] [DEBUG] [tid:2248] Metering TX: 02 03 00 c0 00 30 45 d1 (C:\Qt_work\DialogG2\src\engine\MeteringBusController.cpp:283)
[2026-09-20 11:44:03.847] [DEBUG] [tid:2248] Metering TX: 02 03 00 30 00 30 45 e2 (C:\Qt_work\DialogG2\src\engine\MeteringBusController.cpp:283)
[2026-09-20 11:44:03.975] [DEBUG] [tid:2248] Metering TX: 02 03 00 90 00 30 45 c0 (C:\Qt_work\DialogG2\src\engine\MeteringBusController.cpp:283)
[2026-09-20 11:44:04.103] [DEBUG] [tid:2248] Metering TX: 04 03 00 11 00 20 14 42 (C:\Qt_work\DialogG2\src\engine\MeteringBusController.cpp:283)
[2026-09-20 11:44:04.230] [DEBUG] [tid:2248] Metering TX: 05 03 03 00 00 02 c5 cb (C:\Qt_work\DialogG2\src\engine\MeteringBusController.cpp:283)
[2026-09-20 11:44:04.503] [DEBUG] [tid:2248] Metering TX: dd a5 03 00 ff fd 77 (C:\Qt_work\DialogG2\src\engine\MeteringBusController.cpp:283)
[2026-09-20 11:44:04.610] [DEBUG] [tid:2248] Metering TX: dd a5 04 00 ff fc 77 (C:\Qt_work\DialogG2\src\engine\MeteringBusController.cpp:283)
[2026-09-20 11:44:04.719] [DEBUG] [tid:2248] Metering TX: 06 03 00 0b 00 07 74 7d (C:\Qt_work\DialogG2\src\engine\MeteringBusController.cpp:283)
[2026-09-20 11:44:04.758] [DEBUG] [tid:2248] Metering TX: 02 03 00 c0 00 30 45 d1 (C:\Qt_work\DialogG2\src\engine\MeteringBusController.cpp:283)
[2026-09-20 11:44:04.886] [DEBUG] [tid:2248] Metering TX: 02 03 00 30 00 30 45 e2 (C:\Qt_work\DialogG2\src\engine\MeteringBusController.cpp:283)
[2026-09-20 11:44:05.014] [DEBUG] [tid:2248] Metering TX: 02 03 00 90 00 30 45 c0 (C:\Qt_work\DialogG2\src\engine\MeteringBusController.cpp:283)
[2026-09-20 11:44:05.142] [DEBUG] [tid:2248] Metering TX: 04 03 00 11 00 20 14 42 (C:\Qt_work\DialogG2\src\engine\MeteringBusController.cpp:283)
[2026-09-20 11:44:05.663] [DEBUG] [tid:2248] Metering TX: dd a5 03 00 ff fd 77 (C:\Qt_work\DialogG2\src\engine\MeteringBusController.cpp:283)
[2026-09-20 11:44:05.788] [DEBUG] [tid:2248] Metering TX: 06 03 00 0b 00 07 74 7d (C:\Qt_work\DialogG2\src\engine\MeteringBusController.cpp:283)
[2026-09-20 11:44:05.829] [DEBUG] [tid:2248] Metering TX: 02 03 00 c0 00 30 45 d1 (C:\Qt_work\DialogG2\src\engine\MeteringBusController.cpp:283)
[2026-09-20 11:44:05.956] [DEBUG] [tid:2248] Metering TX: 02 03 00 30 00 30 45 e2 (C:\Qt_work\DialogG2\src\engine\MeteringBusController.cpp:283)
[2026-09-20 11:44:06.084] [DEBUG] [tid:2248] Metering TX: 02 03 00 90 00 30 45 c0 (C:\Qt_work\DialogG2\src\engine\MeteringBusController.cpp:283)
[2026-09-20 11:44:06.212] [DEBUG] [tid:2248] Metering TX: 04 03 00 11 00 20 14 42 (C:\Qt_work\DialogG2\src\engine\MeteringBusController.cpp:283)
[2026-09-20 11:44:06.844] [DEBUG] [tid:2248] Metering TX: 06 03 00 0b 00 07 74 7d (C:\Qt_work\DialogG2\src\engine\MeteringBusController.cpp:283)
[2026-09-20 11:44:06.883] [DEBUG] [tid:2248] Metering TX: 02 03 00 c0 00 30 45 d1 (C:\Qt_work\DialogG2\src\engine\MeteringBusController.cpp:283)
[2026-09-20 11:44:07.012] [DEBUG] [tid:2248] Metering TX: 02 03 00 30 00 30 45 e2 (C:\Qt_work\DialogG2\src\engine\MeteringBusController.cpp:283)
[2026-09-20 11:44:07.139] [DEBUG] [tid:2248] Metering TX: 02 03 00 90 00 30 45 c0 (C:\Qt_work\DialogG2\src\engine\MeteringBusController.cpp:283)
[2026-09-20 11:44:07.267] [DEBUG] [tid:2248] Metering TX: 04 03 00 11 00 20 14 42 (C:\Qt_work\DialogG2\src\engine\MeteringBusController.cpp:283)
[2026-09-20 11:44:07.712] [DEBUG] [tid:2248] Metering TX: dd a5 03 00 ff fd 77 (C:\Qt_work\DialogG2\src\engine\MeteringBusController.cpp:283)
[2026-09-20 11:44:07.913] [DEBUG] [tid:2248] Metering TX: 06 03 00 0b 00 07 74 7d (C:\Qt_work\DialogG2\src\engine\MeteringBusController.cpp:283)
[2026-09-20 11:44:07.955] [DEBUG] [tid:2248] Metering TX: 02 03 00 c0 00 30 45 d1 (C:\Qt_work\DialogG2\src\engine\MeteringBusController.cpp:283)
[2026-09-20 11:44:08.082] [DEBUG] [tid:2248] Metering TX: 02 03 00 30 00 30 45 e2 (C:\Qt_work\DialogG2\src\engine\MeteringBusController.cpp:283)
[2026-09-20 11:44:08.210] [DEBUG] [tid:2248] Metering TX: 02 03 00 90 00 30 45 c0 (C:\Qt_work\DialogG2\src\engine\MeteringBusController.cpp:283)
[2026-09-20 11:44:08.339] [DEBUG] [tid:2248] Metering TX: 04 03 00 11 00 20 14 42 (C:\Qt_work\DialogG2\src\engine\MeteringBusController.cpp:283)
[2026-09-20 11:44:08.678] [DEBUG] [tid:2248] Metering TX: 05 03 03 00 00 02 c5 cb (C:\Qt_work\DialogG2\src\engine\MeteringBusController.cpp:283)
[2026-09-20 11:44:08.928] [DEBUG] [tid:2248] Metering TX: 06 03 00 0b 00 07 74 7d (C:\Qt_work\DialogG2\src\engine\MeteringBusController.cpp:283)
[2026-09-20 11:44:08.977] [DEBUG] [tid:2248] Metering TX: 02 03 00 c0 00 30 45 d1 (C:\Qt_work\DialogG2\src\engine\MeteringBusController.cpp:283)
[2026-09-20 11:44:09.105] [DEBUG] [tid:2248] Metering TX: 02 03 00 30 00 30 45 e2 (C:\Qt_work\DialogG2\src\engine\MeteringBusController.cpp:283)
[2026-09-20 11:44:09.233] [DEBUG] [tid:2248] Metering TX: 02 03 00 90 00 30 45 c0 (C:\Qt_work\DialogG2\src\engine\MeteringBusController.cpp:283)
[2026-09-20 11:44:09.491] [DEBUG] [tid:2248] Metering TX: 04 03 00 11 00 20 14 42 (C:\Qt_work\DialogG2\src\engine\MeteringBusController.cpp:283)
[2026-09-20 11:44:09.740] [DEBUG] [tid:2248] Metering TX: dd a5 03 00 ff fd 77 (C:\Qt_work\DialogG2\src\engine\MeteringBusController.cpp:283)
[2026-09-20 11:44:09.989] [DEBUG] [tid:2248] Metering TX: 06 03 00 0b 00 07 74 7d (C:\Qt_work\DialogG2\src\engine\MeteringBusController.cpp:283)
[2026-09-20 11:44:10.031] [DEBUG] [tid:2248] Metering TX: 02 03 00 c0 00 30 45 d1 (C:\Qt_work\DialogG2\src\engine\MeteringBusController.cpp:283)
[2026-09-20 11:44:10.160] [DEBUG] [tid:2248] Metering TX: 02 03 00 30 00 30 45 e2 (C:\Qt_work\DialogG2\src\engine\MeteringBusController.cpp:283)
[2026-09-20 11:44:10.287] [DEBUG] [tid:2248] Metering TX: 02 03 00 90 00 30 45 c0 (C:\Qt_work\DialogG2\src\engine\MeteringBusController.cpp:283)
[2026-09-20 11:44:10.416] [DEBUG] [tid:2248] Metering TX: 04 03 00 11 00 20 14 42 (C:\Qt_work\DialogG2\src\engine\MeteringBusController.cpp:283)
[2026-09-20 11:44:11.048] [DEBUG] [tid:2248] Metering TX: 06 03 00 0b 00 07 74 7d (C:\Qt_work\DialogG2\src\engine\MeteringBusController.cpp:283)
[2026-09-20 11:44:11.086] [DEBUG] [tid:2248] Metering TX: 02 03 00 c0 00 30 45 d1 (C:\Qt_work\DialogG2\src\engine\MeteringBusController.cpp:283)
[2026-09-20 11:44:11.214] [DEBUG] [tid:2248] Metering TX: 02 03 00 30 00 30 45 e2 (C:\Qt_work\DialogG2\src\engine\MeteringBusController.cpp:283)
[2026-09-20 11:44:11.342] [DEBUG] [tid:2248] Metering TX: 02 03 00 90 00 30 45 c0 (C:\Qt_work\DialogG2\src\engine\MeteringBusController.cpp:283)
[2026-09-20 11:44:11.469] [DEBUG] [tid:2248] Metering TX: 04 03 00 11 00 20 14 42 (C:\Qt_work\DialogG2\src\engine\MeteringBusController.cpp:283)
[2026-09-20 11:44:11.794] [DEBUG] [tid:2248] Metering TX: dd a5 03 00 ff fd 77 (C:\Qt_work\DialogG2\src\engine\MeteringBusController.cpp:283)
[2026-09-20 11:44:12.121] [DEBUG] [tid:2248] Metering TX: 06 03 00 0b 00 07 74 7d (C:\Qt_work\DialogG2\src\engine\MeteringBusController.cpp:283)
[2026-09-20 11:44:12.156] [DEBUG] [tid:2248] Metering TX: 02 03 00 c0 00 30 45 d1 (C:\Qt_work\DialogG2\src\engine\MeteringBusController.cpp:283)
[2026-09-20 11:44:12.402] [DEBUG] [tid:2248] Metering TX: 02 03 00 30 00 30 45 e2 (C:\Qt_work\DialogG2\src\engine\MeteringBusController.cpp:283)
[2026-09-20 11:44:12.525] [DEBUG] [tid:2248] Metering TX: 02 03 00 90 00 30 45 c0 (C:\Qt_work\DialogG2\src\engine\MeteringBusController.cpp:283)
[2026-09-20 11:44:12.778] [DEBUG] [tid:2248] Metering TX: 04 03 00 11 00 20 14 42 (C:\Qt_work\DialogG2\src\engine\MeteringBusController.cpp:283)
[2026-09-20 11:44:13.121] [DEBUG] [tid:2248] Metering TX: 06 03 00 0b 00 07 74 7d (C:\Qt_work\DialogG2\src\engine\MeteringBusController.cpp:283)
[2026-09-20 11:44:13.164] [DEBUG] [tid:2248] Metering TX: 02 03 00 c0 00 30 45 d1 (C:\Qt_work\DialogG2\src\engine\MeteringBusController.cpp:283)
[2026-09-20 11:44:13.291] [DEBUG] [tid:2248] Metering TX: 02 03 00 30 00 30 45 e2 (C:\Qt_work\DialogG2\src\engine\MeteringBusController.cpp:283)
[2026-09-20 11:44:13.419] [DEBUG] [tid:2248] Metering TX: 02 03 00 90 00 30 45 c0 (C:\Qt_work\DialogG2\src\engine\MeteringBusController.cpp:283)
[2026-09-20 11:44:13.548] [DEBUG] [tid:2248] Metering TX: 04 03 00 11 00 20 14 42 (C:\Qt_work\DialogG2\src\engine\MeteringBusController.cpp:283)
[2026-09-20 11:44:13.675] [DEBUG] [tid:2248] Metering TX: dd a5 04 00 ff fc 77 (C:\Qt_work\DialogG2\src\engine\MeteringBusController.cpp:283)
[2026-09-20 11:44:13.739] [DEBUG] [tid:2248] Metering TX: 05 03 03 00 00 02 c5 cb (C:\Qt_work\DialogG2\src\engine\MeteringBusController.cpp:283)
[2026-09-20 11:44:13.981] [DEBUG] [tid:2248] Metering TX: dd a5 03 00 ff fd 77 (C:\Qt_work\DialogG2\src\engine\MeteringBusController.cpp:283)
[2026-09-20 11:44:14.167] [DEBUG] [tid:2248] Metering TX: 06 03 00 0b 00 07 74 7d (C:\Qt_work\DialogG2\src\engine\MeteringBusController.cpp:283)
[2026-09-20 11:44:14.202] [DEBUG] [tid:2248] Metering TX: 02 03 00 c0 00 30 45 d1 (C:\Qt_work\DialogG2\src\engine\MeteringBusController.cpp:283)
[2026-09-20 11:44:14.463] [DEBUG] [tid:2248] Metering TX: 02 03 00 30 00 30 45 e2 (C:\Qt_work\DialogG2\src\engine\MeteringBusController.cpp:283)
[2026-09-20 11:44:14.586] [DEBUG] [tid:2248] Metering TX: 02 03 00 90 00 30 45 c0 (C:\Qt_work\DialogG2\src\engine\MeteringBusController.cpp:283)
[2026-09-20 11:44:14.864] [DEBUG] [tid:2248] Metering TX: 04 03 00 11 00 20 14 42 (C:\Qt_work\DialogG2\src\engine\MeteringBusController.cpp:283)
[2026-09-20 11:44:15.171] [DEBUG] [tid:2248] Metering TX: 06 03 00 0b 00 07 74 7d (C:\Qt_work\DialogG2\src\engine\MeteringBusController.cpp:283)
[2026-09-20 11:44:15.209] [DEBUG] [tid:2248] Metering TX: 02 03 00 c0 00 30 45 d1 (C:\Qt_work\DialogG2\src\engine\MeteringBusController.cpp:283)
[2026-09-20 11:44:15.337] [DEBUG] [tid:2248] Metering TX: 02 03 00 30 00 30 45 e2 (C:\Qt_work\DialogG2\src\engine\MeteringBusController.cpp:283)
[2026-09-20 11:44:15.465] [DEBUG] [tid:2248] Metering TX: 02 03 00 90 00 30 45 c0 (C:\Qt_work\DialogG2\src\engine\MeteringBusController.cpp:283)
[2026-09-20 11:44:15.593] [DEBUG] [tid:2248] Metering TX: 04 03 00 11 00 20 14 42 (C:\Qt_work\DialogG2\src\engine\MeteringBusController.cpp:283)
[2026-09-20 11:44:15.862] [DEBUG] [tid:2248] Metering TX: dd a5 03 00 ff fd 77 (C:\Qt_work\DialogG2\src\engine\MeteringBusController.cpp:283)
[2026-09-20 11:44:16.232] [DEBUG] [tid:2248] Metering TX: 06 03 00 0b 00 07 74 7d (C:\Qt_work\DialogG2\src\engine\MeteringBusController.cpp:283)
[2026-09-20 11:44:16.279] [DEBUG] [tid:2248] Metering TX: 02 03 00 c0 00 30 45 d1 (C:\Qt_work\DialogG2\src\engine\MeteringBusController.cpp:283)
[2026-09-20 11:44:16.407] [DEBUG] [tid:2248] Metering TX: 02 03 00 30 00 30 45 e2 (C:\Qt_work\DialogG2\src\engine\MeteringBusController.cpp:283)
[2026-09-20 11:44:16.536] [DEBUG] [tid:2248] Metering TX: 02 03 00 90 00 30 45 c0 (C:\Qt_work\DialogG2\src\engine\MeteringBusController.cpp:283)
[2026-09-20 11:44:16.664] [DEBUG] [tid:2248] Metering TX: 04 03 00 11 00 20 14 42 (C:\Qt_work\DialogG2\src\engine\MeteringBusController.cpp:283)
[2026-09-20 11:44:17.233] [DEBUG] [tid:2248] Metering TX: 06 03 00 0b 00 07 74 7d (C:\Qt_work\DialogG2\src\engine\MeteringBusController.cpp:283)
[2026-09-20 11:44:17.271] [DEBUG] [tid:2248] Metering TX: 02 03 00 c0 00 30 45 d1 (C:\Qt_work\DialogG2\src\engine\MeteringBusController.cpp:283)
[2026-09-20 11:44:17.398] [DEBUG] [tid:2248] Metering TX: 02 03 00 30 00 30 45 e2 (C:\Qt_work\DialogG2\src\engine\MeteringBusController.cpp:283)
[2026-09-20 11:44:17.526] [DEBUG] [tid:2248] Metering TX: 02 03 00 90 00 30 45 c0 (C:\Qt_work\DialogG2\src\engine\MeteringBusController.cpp:283)
[2026-09-20 11:44:17.653] [DEBUG] [tid:2248] Metering TX: 04 03 00 11 00 20 14 42 (C:\Qt_work\DialogG2\src\engine\MeteringBusController.cpp:283)
[2026-09-20 11:44:17.928] [DEBUG] [tid:2248] Metering TX: dd a5 03 00 ff fd 77 (C:\Qt_work\DialogG2\src\engine\MeteringBusController.cpp:283)
[2026-09-20 11:44:18.238] [DEBUG] [tid:2248] Metering TX: 06 03 00 0b 00 07 74 7d (C:\Qt_work\DialogG2\src\engine\MeteringBusController.cpp:283)
[2026-09-20 11:44:18.278] [DEBUG] [tid:2248] Metering TX: 02 03 00 c0 00 30 45 d1 (C:\Qt_work\DialogG2\src\engine\MeteringBusController.cpp:283)
[2026-09-20 11:44:18.405] [DEBUG] [tid:2248] Metering TX: 02 03 00 30 00 30 45 e2 (C:\Qt_work\DialogG2\src\engine\MeteringBusController.cpp:283)
[2026-09-20 11:44:18.534] [DEBUG] [tid:2248] Metering TX: 02 03 00 90 00 30 45 c0 (C:\Qt_work\DialogG2\src\engine\MeteringBusController.cpp:283)
[2026-09-20 11:44:18.661] [DEBUG] [tid:2248] Metering TX: 04 03 00 11 00 20 14 42 (C:\Qt_work\DialogG2\src\engine\MeteringBusController.cpp:283)
[2026-09-20 11:44:18.820] [DEBUG] [tid:2248] Metering TX: 05 03 03 00 00 02 c5 cb (C:\Qt_work\DialogG2\src\engine\MeteringBusController.cpp:283)
[2026-09-20 11:44:19.292] [DEBUG] [tid:2248] Metering TX: 06 03 00 0b 00 07 74 7d (C:\Qt_work\DialogG2\src\engine\MeteringBusController.cpp:283)
[2026-09-20 11:44:19.332] [DEBUG] [tid:2248] Metering TX: 02 03 00 c0 00 30 45 d1 (C:\Qt_work\DialogG2\src\engine\MeteringBusController.cpp:283)
[2026-09-20 11:44:19.460] [DEBUG] [tid:2248] Metering TX: 02 03 00 30 00 30 45 e2 (C:\Qt_work\DialogG2\src\engine\MeteringBusController.cpp:283)
[2026-09-20 11:44:19.587] [DEBUG] [tid:2248] Metering TX: 02 03 00 90 00 30 45 c0 (C:\Qt_work\DialogG2\src\engine\MeteringBusController.cpp:283)
[2026-09-20 11:44:19.716] [DEBUG] [tid:2248] Metering TX: 04 03 00 11 00 20 14 42 (C:\Qt_work\DialogG2\src\engine\MeteringBusController.cpp:283)
[2026-09-20 11:44:19.987] [DEBUG] [tid:2248] Metering TX: dd a5 03 00 ff fd 77 (C:\Qt_work\DialogG2\src\engine\MeteringBusController.cpp:283)
[2026-09-20 11:44:20.295] [DEBUG] [tid:2248] Metering TX: 06 03 00 0b 00 07 74 7d (C:\Qt_work\DialogG2\src\engine\MeteringBusController.cpp:283)
[2026-09-20 11:44:20.339] [DEBUG] [tid:2248] Metering TX: 02 03 00 c0 00 30 45 d1 (C:\Qt_work\DialogG2\src\engine\MeteringBusController.cpp:283)
[2026-09-20 11:44:20.466] [DEBUG] [tid:2248] Metering TX: 02 03 00 30 00 30 45 e2 (C:\Qt_work\DialogG2\src\engine\MeteringBusController.cpp:283)
[2026-09-20 11:44:20.594] [DEBUG] [tid:2248] Metering TX: 02 03 00 90 00 30 45 c0 (C:\Qt_work\DialogG2\src\engine\MeteringBusController.cpp:283)
[2026-09-20 11:44:20.722] [DEBUG] [tid:2248] Metering TX: 04 03 00 11 00 20 14 42 (C:\Qt_work\DialogG2\src\engine\MeteringBusController.cpp:283)
[2026-09-20 11:44:21.357] [DEBUG] [tid:2248] Metering TX: 06 03 00 0b 00 07 74 7d (C:\Qt_work\DialogG2\src\engine\MeteringBusController.cpp:283)
[2026-09-20 11:44:21.394] [DEBUG] [tid:2248] Metering TX: 02 03 00 c0 00 30 45 d1 (C:\Qt_work\DialogG2\src\engine\MeteringBusController.cpp:283)
[2026-09-20 11:44:21.657] [DEBUG] [tid:2248] Metering TX: 02 03 00 30 00 30 45 e2 (C:\Qt_work\DialogG2\src\engine\MeteringBusController.cpp:283)
[2026-09-20 11:44:21.793] [DEBUG] [tid:2248] Metering TX: 02 03 00 90 00 30 45 c0 (C:\Qt_work\DialogG2\src\engine\MeteringBusController.cpp:283)
[2026-09-20 11:44:21.921] [DEBUG] [tid:2248] Metering TX: 04 03 00 11 00 20 14 42 (C:\Qt_work\DialogG2\src\engine\MeteringBusController.cpp:283)
[2026-09-20 11:44:22.048] [DEBUG] [tid:2248] Metering TX: dd a5 03 00 ff fd 77 (C:\Qt_work\DialogG2\src\engine\MeteringBusController.cpp:283)
[2026-09-20 11:44:22.419] [DEBUG] [tid:2248] Metering TX: 06 03 00 0b 00 07 74 7d (C:\Qt_work\DialogG2\src\engine\MeteringBusController.cpp:283)
[2026-09-20 11:44:22.464] [DEBUG] [tid:2248] Metering TX: 02 03 00 c0 00 30 45 d1 (C:\Qt_work\DialogG2\src\engine\MeteringBusController.cpp:283)
[2026-09-20 11:44:22.592] [DEBUG] [tid:2248] Metering TX: 02 03 00 30 00 30 45 e2 (C:\Qt_work\DialogG2\src\engine\MeteringBusController.cpp:283)
[2026-09-20 11:44:22.721] [DEBUG] [tid:2248] Metering TX: 02 03 00 90 00 30 45 c0 (C:\Qt_work\DialogG2\src\engine\MeteringBusController.cpp:283)
[2026-09-20 11:44:22.847] [DEBUG] [tid:2248] Metering TX: 04 03 00 11 00 20 14 42 (C:\Qt_work\DialogG2\src\engine\MeteringBusController.cpp:283)
[2026-09-20 11:44:23.478] [DEBUG] [tid:2248] Metering TX: 06 03 00 0b 00 07 74 7d (C:\Qt_work\DialogG2\src\engine\MeteringBusController.cpp:283)
[2026-09-20 11:44:23.519] [DEBUG] [tid:2248] Metering TX: 02 03 00 c0 00 30 45 d1 (C:\Qt_work\DialogG2\src\engine\MeteringBusController.cpp:283)
[2026-09-20 11:44:23.647] [DEBUG] [tid:2248] Metering TX: 02 03 00 30 00 30 45 e2 (C:\Qt_work\DialogG2\src\engine\MeteringBusController.cpp:283)
[2026-09-20 11:44:23.775] [DEBUG] [tid:2248] Metering TX: 02 03 00 90 00 30 45 c0 (C:\Qt_work\DialogG2\src\engine\MeteringBusController.cpp:283)
[2026-09-20 11:44:23.903] [DEBUG] [tid:2248] Metering TX: 04 03 00 11 00 20 14 42 (C:\Qt_work\DialogG2\src\engine\MeteringBusController.cpp:283)
[2026-09-20 11:44:24.030] [DEBUG] [tid:2248] Metering TX: dd a5 04 00 ff fc 77 (C:\Qt_work\DialogG2\src\engine\MeteringBusController.cpp:283)
[2026-09-20 11:44:24.142] [DEBUG] [tid:2248] Metering TX: 05 03 03 00 00 02 c5 cb (C:\Qt_work\DialogG2\src\engine\MeteringBusController.cpp:283)
[2026-09-20 11:44:24.403] [DEBUG] [tid:2248] Metering TX: dd a5 03 00 ff fd 77 (C:\Qt_work\DialogG2\src\engine\MeteringBusController.cpp:283)
[2026-09-20 11:44:24.548] [DEBUG] [tid:2248] Metering TX: 06 03 00 0b 00 07 74 7d (C:\Qt_work\DialogG2\src\engine\MeteringBusController.cpp:283)
[2026-09-20 11:44:24.589] [DEBUG] [tid:2248] Metering TX: 02 03 00 c0 00 30 45 d1 (C:\Qt_work\DialogG2\src\engine\MeteringBusController.cpp:283)
[2026-09-20 11:44:24.717] [DEBUG] [tid:2248] Metering TX: 02 03 00 30 00 30 45 e2 (C:\Qt_work\DialogG2\src\engine\MeteringBusController.cpp:283)
[2026-09-20 11:44:24.846] [DEBUG] [tid:2248] Metering TX: 02 03 00 90 00 30 45 c0 (C:\Qt_work\DialogG2\src\engine\MeteringBusController.cpp:283)
[2026-09-20 11:44:24.973] [DEBUG] [tid:2248] Metering TX: 04 03 00 11 00 20 14 42 (C:\Qt_work\DialogG2\src\engine\MeteringBusController.cpp:283)
[2026-09-20 11:44:25.621] [DEBUG] [tid:2248] Metering TX: 06 03 00 0b 00 07 74 7d (C:\Qt_work\DialogG2\src\engine\MeteringBusController.cpp:283)
[2026-09-20 11:44:25.661] [DEBUG] [tid:2248] Metering TX: 02 03 00 c0 00 30 45 d1 (C:\Qt_work\DialogG2\src\engine\MeteringBusController.cpp:283)
[2026-09-20 11:44:25.788] [DEBUG] [tid:2248] Metering TX: 02 03 00 30 00 30 45 e2 (C:\Qt_work\DialogG2\src\engine\MeteringBusController.cpp:283)
[2026-09-20 11:44:25.915] [DEBUG] [tid:2248] Metering TX: 02 03 00 90 00 30 45 c0 (C:\Qt_work\DialogG2\src\engine\MeteringBusController.cpp:283)
[2026-09-20 11:44:26.044] [DEBUG] [tid:2248] Metering TX: 04 03 00 11 00 20 14 42 (C:\Qt_work\DialogG2\src\engine\MeteringBusController.cpp:283)
[2026-09-20 11:44:26.170] [DEBUG] [tid:2248] Metering TX: dd a5 03 00 ff fd 77 (C:\Qt_work\DialogG2\src\engine\MeteringBusController.cpp:283)
[2026-09-20 11:44:26.621] [DEBUG] [tid:2248] Metering TX: 06 03 00 0b 00 07 74 7d (C:\Qt_work\DialogG2\src\engine\MeteringBusController.cpp:283)
[2026-09-20 11:44:26.667] [DEBUG] [tid:2248] Metering TX: 02 03 00 c0 00 30 45 d1 (C:\Qt_work\DialogG2\src\engine\MeteringBusController.cpp:283)
[2026-09-20 11:44:26.795] [DEBUG] [tid:2248] Metering TX: 02 03 00 30 00 30 45 e2 (C:\Qt_work\DialogG2\src\engine\MeteringBusController.cpp:283)
[2026-09-20 11:44:26.923] [DEBUG] [tid:2248] Metering TX: 02 03 00 90 00 30 45 c0 (C:\Qt_work\DialogG2\src\engine\MeteringBusController.cpp:283)
[2026-09-20 11:44:27.051] [DEBUG] [tid:2248] Metering TX: 04 03 00 11 00 20 14 42 (C:\Qt_work\DialogG2\src\engine\MeteringBusController.cpp:283)
[2026-09-20 11:44:27.632] [DEBUG] [tid:2248] Metering TX: 06 03 00 0b 00 07 74 7d (C:\Qt_work\DialogG2\src\engine\MeteringBusController.cpp:283)
[2026-09-20 11:44:27.675] [DEBUG] [tid:2248] Metering TX: 02 03 00 c0 00 30 45 d1 (C:\Qt_work\DialogG2\src\engine\MeteringBusController.cpp:283)
[2026-09-20 11:44:27.802] [DEBUG] [tid:2248] Metering TX: 02 03 00 30 00 30 45 e2 (C:\Qt_work\DialogG2\src\engine\MeteringBusController.cpp:283)
[2026-09-20 11:44:27.930] [DEBUG] [tid:2248] Metering TX: 02 03 00 90 00 30 45 c0 (C:\Qt_work\DialogG2\src\engine\MeteringBusController.cpp:283)
[2026-09-20 11:44:28.057] [DEBUG] [tid:2248] Metering TX: 04 03 00 11 00 20 14 42 (C:\Qt_work\DialogG2\src\engine\MeteringBusController.cpp:283)
[2026-09-20 11:44:28.185] [DEBUG] [tid:2248] Metering TX: dd a5 03 00 ff fd 77 (C:\Qt_work\DialogG2\src\engine\MeteringBusController.cpp:283)
[2026-09-20 11:44:28.675] [DEBUG] [tid:2248] Metering TX: 06 03 00 0b 00 07 74 7d (C:\Qt_work\DialogG2\src\engine\MeteringBusController.cpp:283)
[2026-09-20 11:44:28.712] [DEBUG] [tid:2248] Metering TX: 02 03 00 c0 00 30 45 d1 (C:\Qt_work\DialogG2\src\engine\MeteringBusController.cpp:283)
[2026-09-20 11:44:28.840] [DEBUG] [tid:2248] Metering TX: 02 03 00 30 00 30 45 e2 (C:\Qt_work\DialogG2\src\engine\MeteringBusController.cpp:283)
[2026-09-20 11:44:28.968] [DEBUG] [tid:2248] Metering TX: 02 03 00 90 00 30 45 c0 (C:\Qt_work\DialogG2\src\engine\MeteringBusController.cpp:283)
[2026-09-20 11:44:29.096] [DEBUG] [tid:2248] Metering TX: 04 03 00 11 00 20 14 42 (C:\Qt_work\DialogG2\src\engine\MeteringBusController.cpp:283)
[2026-09-20 11:44:29.240] [DEBUG] [tid:2248] Metering TX: 05 03 03 00 00 02 c5 cb (C:\Qt_work\DialogG2\src\engine\MeteringBusController.cpp:283)
[2026-09-20 11:44:29.731] [DEBUG] [tid:2248] Metering TX: 06 03 00 0b 00 07 74 7d (C:\Qt_work\DialogG2\src\engine\MeteringBusController.cpp:283)
[2026-09-20 11:44:29.767] [DEBUG] [tid:2248] Metering TX: 02 03 00 c0 00 30 45 d1 (C:\Qt_work\DialogG2\src\engine\MeteringBusController.cpp:283)
[2026-09-20 11:44:30.013] [DEBUG] [tid:2248] Metering TX: 02 03 00 30 00 30 45 e2 (C:\Qt_work\DialogG2\src\engine\MeteringBusController.cpp:283)
[2026-09-20 11:44:30.151] [DEBUG] [tid:2248] Metering TX: 02 03 00 90 00 30 45 c0 (C:\Qt_work\DialogG2\src\engine\MeteringBusController.cpp:283)
[2026-09-20 11:44:30.279] [DEBUG] [tid:2248] Metering TX: 04 03 00 11 00 20 14 42 (C:\Qt_work\DialogG2\src\engine\MeteringBusController.cpp:283)
[2026-09-20 11:44:30.407] [DEBUG] [tid:2248] Metering TX: dd a5 03 00 ff fd 77 (C:\Qt_work\DialogG2\src\engine\MeteringBusController.cpp:283)
[2026-09-20 11:44:30.740] [DEBUG] [tid:2248] Metering TX: 06 03 00 0b 00 07 74 7d (C:\Qt_work\DialogG2\src\engine\MeteringBusController.cpp:283)
[2026-09-20 11:44:30.790] [DEBUG] [tid:2248] Metering TX: 02 03 00 c0 00 30 45 d1 (C:\Qt_work\DialogG2\src\engine\MeteringBusController.cpp:283)
[2026-09-20 11:44:30.918] [DEBUG] [tid:2248] Metering TX: 02 03 00 30 00 30 45 e2 (C:\Qt_work\DialogG2\src\engine\MeteringBusController.cpp:283)
[2026-09-20 11:44:31.046] [DEBUG] [tid:2248] Metering TX: 02 03 00 90 00 30 45 c0 (C:\Qt_work\DialogG2\src\engine\MeteringBusController.cpp:283)
[2026-09-20 11:44:31.173] [DEBUG] [tid:2248] Metering TX: 04 03 00 11 00 20 14 42 (C:\Qt_work\DialogG2\src\engine\MeteringBusController.cpp:283)
[2026-09-20 11:44:31.801] [DEBUG] [tid:2248] Metering TX: 06 03 00 0b 00 07 74 7d (C:\Qt_work\DialogG2\src\engine\MeteringBusController.cpp:283)
[2026-09-20 11:44:31.845] [DEBUG] [tid:2248] Metering TX: 02 03 00 c0 00 30 45 d1 (C:\Qt_work\DialogG2\src\engine\MeteringBusController.cpp:283)
[2026-09-20 11:44:31.972] [DEBUG] [tid:2248] Metering TX: 02 03 00 30 00 30 45 e2 (C:\Qt_work\DialogG2\src\engine\MeteringBusController.cpp:283)
[2026-09-20 11:44:32.101] [DEBUG] [tid:2248] Metering TX: 02 03 00 90 00 30 45 c0 (C:\Qt_work\DialogG2\src\engine\MeteringBusController.cpp:283)
[2026-09-20 11:44:32.228] [DEBUG] [tid:2248] Metering TX: 04 03 00 11 00 20 14 42 (C:\Qt_work\DialogG2\src\engine\MeteringBusController.cpp:283)
[2026-09-20 11:44:32.340] [DEBUG] [tid:2248] Metering TX: dd a5 03 00 ff fd 77 (C:\Qt_work\DialogG2\src\engine\MeteringBusController.cpp:283)
[2026-09-20 11:44:32.859] [DEBUG] [tid:2248] Metering TX: 06 03 00 0b 00 07 74 7d (C:\Qt_work\DialogG2\src\engine\MeteringBusController.cpp:283)
[2026-09-20 11:44:32.899] [DEBUG] [tid:2248] Metering TX: 02 03 00 c0 00 30 45 d1 (C:\Qt_work\DialogG2\src\engine\MeteringBusController.cpp:283)
[2026-09-20 11:44:33.027] [DEBUG] [tid:2248] Metering TX: 02 03 00 30 00 30 45 e2 (C:\Qt_work\DialogG2\src\engine\MeteringBusController.cpp:283)
[2026-09-20 11:44:33.155] [DEBUG] [tid:2248] Metering TX: 02 03 00 90 00 30 45 c0 (C:\Qt_work\DialogG2\src\engine\MeteringBusController.cpp:283)
[2026-09-20 11:44:33.282] [DEBUG] [tid:2248] Metering TX: 04 03 00 11 00 20 14 42 (C:\Qt_work\DialogG2\src\engine\MeteringBusController.cpp:283)
[2026-09-20 11:44:33.728] [DEBUG] [tid:2248] Metering TX: dd a5 04 00 ff fc 77 (C:\Qt_work\DialogG2\src\engine\MeteringBusController.cpp:283)
[2026-09-20 11:44:33.852] [DEBUG] [tid:2248] Metering TX: 05 03 03 00 00 02 c5 cb (C:\Qt_work\DialogG2\src\engine\MeteringBusController.cpp:283)
[2026-09-20 11:44:34.119] [DEBUG] [tid:2248] Metering TX: 06 03 00 0b 00 07 74 7d (C:\Qt_work\DialogG2\src\engine\MeteringBusController.cpp:283)
[2026-09-20 11:44:34.162] [DEBUG] [tid:2248] Metering TX: 02 03 00 c0 00 30 45 d1 (C:\Qt_work\DialogG2\src\engine\MeteringBusController.cpp:283)
[2026-09-20 11:44:34.289] [DEBUG] [tid:2248] Metering TX: 02 03 00 30 00 30 45 e2 (C:\Qt_work\DialogG2\src\engine\MeteringBusController.cpp:283)
[2026-09-20 11:44:34.417] [DEBUG] [tid:2248] Metering TX: 02 03 00 90 00 30 45 c0 (C:\Qt_work\DialogG2\src\engine\MeteringBusController.cpp:283)
[2026-09-20 11:44:34.545] [DEBUG] [tid:2248] Metering TX: 04 03 00 11 00 20 14 42 (C:\Qt_work\DialogG2\src\engine\MeteringBusController.cpp:283)
[2026-09-20 11:44:34.673] [DEBUG] [tid:2248] Metering TX: dd a5 03 00 ff fd 77 (C:\Qt_work\DialogG2\src\engine\MeteringBusController.cpp:283)
[2026-09-20 11:44:34.947] [DEBUG] [tid:2248] Metering TX: 06 03 00 0b 00 07 74 7d (C:\Qt_work\DialogG2\src\engine\MeteringBusController.cpp:283)
[2026-09-20 11:44:34.993] [DEBUG] [tid:2248] Metering TX: 02 03 00 c0 00 30 45 d1 (C:\Qt_work\DialogG2\src\engine\MeteringBusController.cpp:283)
[2026-09-20 11:44:35.122] [DEBUG] [tid:2248] Metering TX: 02 03 00 30 00 30 45 e2 (C:\Qt_work\DialogG2\src\engine\MeteringBusController.cpp:283)
[2026-09-20 11:44:35.248] [DEBUG] [tid:2248] Metering TX: 02 03 00 90 00 30 45 c0 (C:\Qt_work\DialogG2\src\engine\MeteringBusController.cpp:283)
[2026-09-20 11:44:35.377] [DEBUG] [tid:2248] Metering TX: 04 03 00 11 00 20 14 42 (C:\Qt_work\DialogG2\src\engine\MeteringBusController.cpp:283)
[2026-09-20 11:44:35.957] [DEBUG] [tid:2248] Metering TX: 06 03 00 0b 00 07 74 7d (C:\Qt_work\DialogG2\src\engine\MeteringBusController.cpp:283)
[2026-09-20 11:44:35.999] [DEBUG] [tid:2248] Metering TX: 02 03 00 c0 00 30 45 d1 (C:\Qt_work\DialogG2\src\engine\MeteringBusController.cpp:283)
[2026-09-20 11:44:36.129] [DEBUG] [tid:2248] Metering TX: 02 03 00 30 00 30 45 e2 (C:\Qt_work\DialogG2\src\engine\MeteringBusController.cpp:283)
[2026-09-20 11:44:36.256] [DEBUG] [tid:2248] Metering TX: 02 03 00 90 00 30 45 c0 (C:\Qt_work\DialogG2\src\engine\MeteringBusController.cpp:283)
[2026-09-20 11:44:36.382] [DEBUG] [tid:2248] Metering TX: 04 03 00 11 00 20 14 42 (C:\Qt_work\DialogG2\src\engine\MeteringBusController.cpp:283)
[2026-09-20 11:44:36.511] [DEBUG] [tid:2248] Metering TX: dd a5 03 00 ff fd 77 (C:\Qt_work\DialogG2\src\engine\MeteringBusController.cpp:283)
[2026-09-20 11:44:37.016] [DEBUG] [tid:2248] Metering TX: 06 03 00 0b 00 07 74 7d (C:\Qt_work\DialogG2\src\engine\MeteringBusController.cpp:283)
[2026-09-20 11:44:37.054] [DEBUG] [tid:2248] Metering TX: 02 03 00 c0 00 30 45 d1 (C:\Qt_work\DialogG2\src\engine\MeteringBusController.cpp:283)
[2026-09-20 11:44:37.330] [DEBUG] [tid:2248] Metering TX: 02 03 00 30 00 30 45 e2 (C:\Qt_work\DialogG2\src\engine\MeteringBusController.cpp:283)
[2026-09-20 11:44:37.453] [DEBUG] [tid:2248] Metering TX: 02 03 00 90 00 30 45 c0 (C:\Qt_work\DialogG2\src\engine\MeteringBusController.cpp:283)
[2026-09-20 11:44:37.580] [DEBUG] [tid:2248] Metering TX: 04 03 00 11 00 20 14 42 (C:\Qt_work\DialogG2\src\engine\MeteringBusController.cpp:283)
[2026-09-20 11:44:38.085] [DEBUG] [tid:2248] Metering TX: 06 03 00 0b 00 07 74 7d (C:\Qt_work\DialogG2\src\engine\MeteringBusController.cpp:283)
[2026-09-20 11:44:38.141] [DEBUG] [tid:2248] Metering TX: 02 03 00 c0 00 30 45 d1 (C:\Qt_work\DialogG2\src\engine\MeteringBusController.cpp:283)
[2026-09-20 11:44:38.269] [DEBUG] [tid:2248] Metering TX: 02 03 00 30 00 30 45 e2 (C:\Qt_work\DialogG2\src\engine\MeteringBusController.cpp:283)
[2026-09-20 11:44:38.397] [DEBUG] [tid:2248] Metering TX: 02 03 00 90 00 30 45 c0 (C:\Qt_work\DialogG2\src\engine\MeteringBusController.cpp:283)
[2026-09-20 11:44:38.524] [DEBUG] [tid:2248] Metering TX: 04 03 00 11 00 20 14 42 (C:\Qt_work\DialogG2\src\engine\MeteringBusController.cpp:283)
[2026-09-20 11:44:38.652] [DEBUG] [tid:2248] Metering TX: dd a5 03 00 ff fd 77 (C:\Qt_work\DialogG2\src\engine\MeteringBusController.cpp:283)
[2026-09-20 11:44:38.891] [DEBUG] [tid:2248] Metering TX: 05 03 03 00 00 02 c5 cb (C:\Qt_work\DialogG2\src\engine\MeteringBusController.cpp:283)
[2026-09-20 11:44:39.156] [DEBUG] [tid:2248] Metering TX: 06 03 00 0b 00 07 74 7d (C:\Qt_work\DialogG2\src\engine\MeteringBusController.cpp:283)
[2026-09-20 11:44:39.195] [DEBUG] [tid:2248] Metering TX: 02 03 00 c0 00 30 45 d1 (C:\Qt_work\DialogG2\src\engine\MeteringBusController.cpp:283)
[2026-09-20 11:44:39.323] [DEBUG] [tid:2248] Metering TX: 02 03 00 30 00 30 45 e2 (C:\Qt_work\DialogG2\src\engine\MeteringBusController.cpp:283)
[2026-09-20 11:44:39.451] [DEBUG] [tid:2248] Metering TX: 02 03 00 90 00 30 45 c0 (C:\Qt_work\DialogG2\src\engine\MeteringBusController.cpp:283)
[2026-09-20 11:44:39.579] [DEBUG] [tid:2248] Metering TX: 04 03 00 11 00 20 14 42 (C:\Qt_work\DialogG2\src\engine\MeteringBusController.cpp:283)
[2026-09-20 11:44:40.199] [DEBUG] [tid:2248] Metering TX: 06 03 00 0b 00 07 74 7d (C:\Qt_work\DialogG2\src\engine\MeteringBusController.cpp:283)
[2026-09-20 11:44:40.233] [DEBUG] [tid:2248] Metering TX: 02 03 00 c0 00 30 45 d1 (C:\Qt_work\DialogG2\src\engine\MeteringBusController.cpp:283)
[2026-09-20 11:44:40.508] [DEBUG] [tid:2248] Metering TX: 02 03 00 30 00 30 45 e2 (C:\Qt_work\DialogG2\src\engine\MeteringBusController.cpp:283)
[2026-09-20 11:44:40.651] [DEBUG] [tid:2248] Metering TX: 02 03 00 90 00 30 45 c0 (C:\Qt_work\DialogG2\src\engine\MeteringBusController.cpp:283)
[2026-09-20 11:44:40.778] [DEBUG] [tid:2248] Metering TX: 04 03 00 11 00 20 14 42 (C:\Qt_work\DialogG2\src\engine\MeteringBusController.cpp:283)
[2026-09-20 11:44:40.905] [DEBUG] [tid:2248] Metering TX: dd a5 03 00 ff fd 77 (C:\Qt_work\DialogG2\src\engine\MeteringBusController.cpp:283)
[2026-09-20 11:44:41.200] [DEBUG] [tid:2248] Metering TX: 06 03 00 0b 00 07 74 7d (C:\Qt_work\DialogG2\src\engine\MeteringBusController.cpp:283)
[2026-09-20 11:44:41.241] [DEBUG] [tid:2248] Metering TX: 02 03 00 c0 00 30 45 d1 (C:\Qt_work\DialogG2\src\engine\MeteringBusController.cpp:283)
[2026-09-20 11:44:41.368] [DEBUG] [tid:2248] Metering TX: 02 03 00 30 00 30 45 e2 (C:\Qt_work\DialogG2\src\engine\MeteringBusController.cpp:283)
[2026-09-20 11:44:41.497] [DEBUG] [tid:2248] Metering TX: 02 03 00 90 00 30 45 c0 (C:\Qt_work\DialogG2\src\engine\MeteringBusController.cpp:283)
[2026-09-20 11:44:41.624] [DEBUG] [tid:2248] Metering TX: 04 03 00 11 00 20 14 42 (C:\Qt_work\DialogG2\src\engine\MeteringBusController.cpp:283)
[2026-09-20 11:44:42.271] [DEBUG] [tid:2248] Metering TX: 06 03 00 0b 00 07 74 7d (C:\Qt_work\DialogG2\src\engine\MeteringBusController.cpp:283)
[2026-09-20 11:44:42.312] [DEBUG] [tid:2248] Metering TX: 02 03 00 c0 00 30 45 d1 (C:\Qt_work\DialogG2\src\engine\MeteringBusController.cpp:283)
[2026-09-20 11:44:42.440] [DEBUG] [tid:2248] Metering TX: 02 03 00 30 00 30 45 e2 (C:\Qt_work\DialogG2\src\engine\MeteringBusController.cpp:283)
[2026-09-20 11:44:42.567] [DEBUG] [tid:2248] Metering TX: 02 03 00 90 00 30 45 c0 (C:\Qt_work\DialogG2\src\engine\MeteringBusController.cpp:283)
[2026-09-20 11:44:42.695] [DEBUG] [tid:2248] Metering TX: 04 03 00 11 00 20 14 42 (C:\Qt_work\DialogG2\src\engine\MeteringBusController.cpp:283)
[2026-09-20 11:44:42.808] [DEBUG] [tid:2248] Metering TX: dd a5 03 00 ff fd 77 (C:\Qt_work\DialogG2\src\engine\MeteringBusController.cpp:283)
[2026-09-20 11:44:43.333] [DEBUG] [tid:2248] Metering TX: 06 03 00 0b 00 07 74 7d (C:\Qt_work\DialogG2\src\engine\MeteringBusController.cpp:283)
[2026-09-20 11:44:43.382] [DEBUG] [tid:2248] Metering TX: 02 03 00 c0 00 30 45 d1 (C:\Qt_work\DialogG2\src\engine\MeteringBusController.cpp:283)
[2026-09-20 11:44:43.511] [DEBUG] [tid:2248] Metering TX: 02 03 00 30 00 30 45 e2 (C:\Qt_work\DialogG2\src\engine\MeteringBusController.cpp:283)
[2026-09-20 11:44:43.656] [DEBUG] [tid:2248] Metering TX: 02 03 00 90 00 30 45 c0 (C:\Qt_work\DialogG2\src\engine\MeteringBusController.cpp:283)
[2026-09-20 11:44:43.797] [DEBUG] [tid:2248] Metering TX: 04 03 00 11 00 20 14 42 (C:\Qt_work\DialogG2\src\engine\MeteringBusController.cpp:283)
[2026-09-20 11:44:43.942] [DEBUG] [tid:2248] Metering TX: dd a5 04 00 ff fc 77 (C:\Qt_work\DialogG2\src\engine\MeteringBusController.cpp:283)
[2026-09-20 11:44:44.022] [DEBUG] [tid:2248] Metering TX: 05 03 03 00 00 02 c5 cb (C:\Qt_work\DialogG2\src\engine\MeteringBusController.cpp:283)
[2026-09-20 11:44:44.386] [DEBUG] [tid:2248] Metering TX: 06 03 00 0b 00 07 74 7d (C:\Qt_work\DialogG2\src\engine\MeteringBusController.cpp:283)
[2026-09-20 11:44:44.438] [DEBUG] [tid:2248] Metering TX: 02 03 00 c0 00 30 45 d1 (C:\Qt_work\DialogG2\src\engine\MeteringBusController.cpp:283)
[2026-09-20 11:44:44.564] [DEBUG] [tid:2248] Metering TX: 02 03 00 30 00 30 45 e2 (C:\Qt_work\DialogG2\src\engine\MeteringBusController.cpp:283)
[2026-09-20 11:44:44.693] [DEBUG] [tid:2248] Metering TX: 02 03 00 90 00 30 45 c0 (C:\Qt_work\DialogG2\src\engine\MeteringBusController.cpp:283)
[2026-09-20 11:44:44.821] [DEBUG] [tid:2248] Metering TX: 04 03 00 11 00 20 14 42 (C:\Qt_work\DialogG2\src\engine\MeteringBusController.cpp:283)
[2026-09-20 11:44:45.086] [DEBUG] [tid:2248] Metering TX: dd a5 03 00 ff fd 77 (C:\Qt_work\DialogG2\src\engine\MeteringBusController.cpp:283)
[2026-09-20 11:44:45.396] [DEBUG] [tid:2248] Metering TX: 06 03 00 0b 00 07 74 7d (C:\Qt_work\DialogG2\src\engine\MeteringBusController.cpp:283)
[2026-09-20 11:44:45.443] [DEBUG] [tid:2248] Metering TX: 02 03 00 c0 00 30 45 d1 (C:\Qt_work\DialogG2\src\engine\MeteringBusController.cpp:283)
[2026-09-20 11:44:45.571] [DEBUG] [tid:2248] Metering TX: 02 03 00 30 00 30 45 e2 (C:\Qt_work\DialogG2\src\engine\MeteringBusController.cpp:283)
[2026-09-20 11:44:45.700] [DEBUG] [tid:2248] Metering TX: 02 03 00 90 00 30 45 c0 (C:\Qt_work\DialogG2\src\engine\MeteringBusController.cpp:283)
[2026-09-20 11:44:45.827] [DEBUG] [tid:2248] Metering TX: 04 03 00 11 00 20 14 42 (C:\Qt_work\DialogG2\src\engine\MeteringBusController.cpp:283)
[2026-09-20 11:44:46.401] [DEBUG] [tid:2248] Metering TX: 06 03 00 0b 00 07 74 7d (C:\Qt_work\DialogG2\src\engine\MeteringBusController.cpp:283)
[2026-09-20 11:44:46.450] [DEBUG] [tid:2248] Metering TX: 02 03 00 c0 00 30 45 d1 (C:\Qt_work\DialogG2\src\engine\MeteringBusController.cpp:283)
[2026-09-20 11:44:46.579] [DEBUG] [tid:2248] Metering TX: 02 03 00 30 00 30 45 e2 (C:\Qt_work\DialogG2\src\engine\MeteringBusController.cpp:283)
[2026-09-20 11:44:46.708] [DEBUG] [tid:2248] Metering TX: 02 03 00 90 00 30 45 c0 (C:\Qt_work\DialogG2\src\engine\MeteringBusController.cpp:283)
[2026-09-20 11:44:46.834] [DEBUG] [tid:2248] Metering TX: 04 03 00 11 00 20 14 42 (C:\Qt_work\DialogG2\src\engine\MeteringBusController.cpp:283)
[2026-09-20 11:44:46.977] [DEBUG] [tid:2248] Metering TX: dd a5 03 00 ff fd 77 (C:\Qt_work\DialogG2\src\engine\MeteringBusController.cpp:283)
[2026-09-20 11:44:47.401] [DEBUG] [tid:2248] Metering TX: 06 03 00 0b 00 07 74 7d (C:\Qt_work\DialogG2\src\engine\MeteringBusController.cpp:283)
[2026-09-20 11:44:47.441] [DEBUG] [tid:2248] Metering TX: 02 03 00 c0 00 30 45 d1 (C:\Qt_work\DialogG2\src\engine\MeteringBusController.cpp:283)
[2026-09-20 11:44:47.569] [DEBUG] [tid:2248] Metering TX: 02 03 00 30 00 30 45 e2 (C:\Qt_work\DialogG2\src\engine\MeteringBusController.cpp:283)
[2026-09-20 11:44:47.698] [DEBUG] [tid:2248] Metering TX: 02 03 00 90 00 30 45 c0 (C:\Qt_work\DialogG2\src\engine\MeteringBusController.cpp:283)
[2026-09-20 11:44:47.824] [DEBUG] [tid:2248] Metering TX: 04 03 00 11 00 20 14 42 (C:\Qt_work\DialogG2\src\engine\MeteringBusController.cpp:283)
[2026-09-20 11:44:48.401] [DEBUG] [tid:2248] Metering TX: 06 03 00 0b 00 07 74 7d (C:\Qt_work\DialogG2\src\engine\MeteringBusController.cpp:283)
[2026-09-20 11:44:48.449] [DEBUG] [tid:2248] Metering TX: 02 03 00 c0 00 30 45 d1 (C:\Qt_work\DialogG2\src\engine\MeteringBusController.cpp:283)
[2026-09-20 11:44:48.577] [DEBUG] [tid:2248] Metering TX: 02 03 00 30 00 30 45 e2 (C:\Qt_work\DialogG2\src\engine\MeteringBusController.cpp:283)
[2026-09-20 11:44:48.705] [DEBUG] [tid:2248] Metering TX: 02 03 00 90 00 30 45 c0 (C:\Qt_work\DialogG2\src\engine\MeteringBusController.cpp:283)
[2026-09-20 11:44:48.832] [DEBUG] [tid:2248] Metering TX: 04 03 00 11 00 20 14 42 (C:\Qt_work\DialogG2\src\engine\MeteringBusController.cpp:283)
[2026-09-20 11:44:48.960] [DEBUG] [tid:2248] Metering TX: dd a5 03 00 ff fd 77 (C:\Qt_work\DialogG2\src\engine\MeteringBusController.cpp:283)
[2026-09-20 11:44:49.056] [DEBUG] [tid:2248] Metering TX: 05 03 03 00 00 02 c5 cb (C:\Qt_work\DialogG2\src\engine\MeteringBusController.cpp:283)
[2026-09-20 11:44:49.407] [DEBUG] [tid:2248] Metering TX: 06 03 00 0b 00 07 74 7d (C:\Qt_work\DialogG2\src\engine\MeteringBusController.cpp:283)
[2026-09-20 11:44:49.455] [DEBUG] [tid:2248] Metering TX: 02 03 00 c0 00 30 45 d1 (C:\Qt_work\DialogG2\src\engine\MeteringBusController.cpp:283)
[2026-09-20 11:44:49.583] [DEBUG] [tid:2248] Metering TX: 02 03 00 30 00 30 45 e2 (C:\Qt_work\DialogG2\src\engine\MeteringBusController.cpp:283)
[2026-09-20 11:44:49.711] [DEBUG] [tid:2248] Metering TX: 02 03 00 90 00 30 45 c0 (C:\Qt_work\DialogG2\src\engine\MeteringBusController.cpp:283)
[2026-09-20 11:44:49.839] [DEBUG] [tid:2248] Metering TX: 04 03 00 11 00 20 14 42 (C:\Qt_work\DialogG2\src\engine\MeteringBusController.cpp:283)
[2026-09-20 11:44:50.470] [DEBUG] [tid:2248] Metering TX: 06 03 00 0b 00 07 74 7d (C:\Qt_work\DialogG2\src\engine\MeteringBusController.cpp:283)
[2026-09-20 11:44:50.509] [DEBUG] [tid:2248] Metering TX: 02 03 00 c0 00 30 45 d1 (C:\Qt_work\DialogG2\src\engine\MeteringBusController.cpp:283)
[2026-09-20 11:44:50.638] [DEBUG] [tid:2248] Metering TX: 02 03 00 30 00 30 45 e2 (C:\Qt_work\DialogG2\src\engine\MeteringBusController.cpp:283)
[2026-09-20 11:44:50.766] [DEBUG] [tid:2248] Metering TX: 02 03 00 90 00 30 45 c0 (C:\Qt_work\DialogG2\src\engine\MeteringBusController.cpp:283)
[2026-09-20 11:44:50.893] [DEBUG] [tid:2248] Metering TX: 04 03 00 11 00 20 14 42 (C:\Qt_work\DialogG2\src\engine\MeteringBusController.cpp:283)
[2026-09-20 11:44:51.021] [DEBUG] [tid:2248] Metering TX: dd a5 03 00 ff fd 77 (C:\Qt_work\DialogG2\src\engine\MeteringBusController.cpp:283)
[2026-09-20 11:44:51.474] [DEBUG] [tid:2248] Metering TX: 06 03 00 0b 00 07 74 7d (C:\Qt_work\DialogG2\src\engine\MeteringBusController.cpp:283)
[2026-09-20 11:44:51.515] [DEBUG] [tid:2248] Metering TX: 02 03 00 c0 00 30 45 d1 (C:\Qt_work\DialogG2\src\engine\MeteringBusController.cpp:283)
[2026-09-20 11:44:51.643] [DEBUG] [tid:2248] Metering TX: 02 03 00 30 00 30 45 e2 (C:\Qt_work\DialogG2\src\engine\MeteringBusController.cpp:283)
[2026-09-20 11:44:51.772] [DEBUG] [tid:2248] Metering TX: 02 03 00 90 00 30 45 c0 (C:\Qt_work\DialogG2\src\engine\MeteringBusController.cpp:283)
[2026-09-20 11:44:51.900] [DEBUG] [tid:2248] Metering TX: 04 03 00 11 00 20 14 42 (C:\Qt_work\DialogG2\src\engine\MeteringBusController.cpp:283)
[2026-09-20 11:44:52.528] [DEBUG] [tid:2248] Metering TX: 06 03 00 0b 00 07 74 7d (C:\Qt_work\DialogG2\src\engine\MeteringBusController.cpp:283)
[2026-09-20 11:44:52.571] [DEBUG] [tid:2248] Metering TX: 02 03 00 c0 00 30 45 d1 (C:\Qt_work\DialogG2\src\engine\MeteringBusController.cpp:283)
[2026-09-20 11:44:52.700] [DEBUG] [tid:2248] Metering TX: 02 03 00 30 00 30 45 e2 (C:\Qt_work\DialogG2\src\engine\MeteringBusController.cpp:283)
[2026-09-20 11:44:52.827] [DEBUG] [tid:2248] Metering TX: 02 03 00 90 00 30 45 c0 (C:\Qt_work\DialogG2\src\engine\MeteringBusController.cpp:283)
[2026-09-20 11:44:52.954] [DEBUG] [tid:2248] Metering TX: 04 03 00 11 00 20 14 42 (C:\Qt_work\DialogG2\src\engine\MeteringBusController.cpp:283)
[2026-09-20 11:44:53.098] [DEBUG] [tid:2248] Metering TX: dd a5 03 00 ff fd 77 (C:\Qt_work\DialogG2\src\engine\MeteringBusController.cpp:283)
[2026-09-20 11:44:53.535] [DEBUG] [tid:2248] Metering TX: 06 03 00 0b 00 07 74 7d (C:\Qt_work\DialogG2\src\engine\MeteringBusController.cpp:283)
[2026-09-20 11:44:53.578] [DEBUG] [tid:2248] Metering TX: 02 03 00 c0 00 30 45 d1 (C:\Qt_work\DialogG2\src\engine\MeteringBusController.cpp:283)
[2026-09-20 11:44:53.705] [DEBUG] [tid:2248] Metering TX: 02 03 00 30 00 30 45 e2 (C:\Qt_work\DialogG2\src\engine\MeteringBusController.cpp:283)
[2026-09-20 11:44:53.833] [DEBUG] [tid:2248] Metering TX: 02 03 00 90 00 30 45 c0 (C:\Qt_work\DialogG2\src\engine\MeteringBusController.cpp:283)
[2026-09-20 11:44:53.961] [DEBUG] [tid:2248] Metering TX: 04 03 00 11 00 20 14 42 (C:\Qt_work\DialogG2\src\engine\MeteringBusController.cpp:283)
[2026-09-20 11:44:54.090] [DEBUG] [tid:2248] Metering TX: dd a5 04 00 ff fc 77 (C:\Qt_work\DialogG2\src\engine\MeteringBusController.cpp:283)
[2026-09-20 11:44:54.168] [DEBUG] [tid:2248] Metering TX: 05 03 03 00 00 02 c5 cb (C:\Qt_work\DialogG2\src\engine\MeteringBusController.cpp:283)
[2026-09-20 11:44:54.593] [DEBUG] [tid:2248] Metering TX: 06 03 00 0b 00 07 74 7d (C:\Qt_work\DialogG2\src\engine\MeteringBusController.cpp:283)
[2026-09-20 11:44:54.632] [DEBUG] [tid:2248] Metering TX: 02 03 00 c0 00 30 45 d1 (C:\Qt_work\DialogG2\src\engine\MeteringBusController.cpp:283)
[2026-09-20 11:44:54.760] [DEBUG] [tid:2248] Metering TX: 02 03 00 30 00 30 45 e2 (C:\Qt_work\DialogG2\src\engine\MeteringBusController.cpp:283)
[2026-09-20 11:44:54.889] [DEBUG] [tid:2248] Metering TX: 02 03 00 90 00 30 45 c0 (C:\Qt_work\DialogG2\src\engine\MeteringBusController.cpp:283)
[2026-09-20 11:44:55.015] [DEBUG] [tid:2248] Metering TX: 04 03 00 11 00 20 14 42 (C:\Qt_work\DialogG2\src\engine\MeteringBusController.cpp:283)
[2026-09-20 11:44:55.144] [DEBUG] [tid:2248] Metering TX: dd a5 03 00 ff fd 77 (C:\Qt_work\DialogG2\src\engine\MeteringBusController.cpp:283)
[2026-09-20 11:44:55.598] [DEBUG] [tid:2248] Metering TX: 06 03 00 0b 00 07 74 7d (C:\Qt_work\DialogG2\src\engine\MeteringBusController.cpp:283)
[2026-09-20 11:44:55.640] [DEBUG] [tid:2248] Metering TX: 02 03 00 c0 00 30 45 d1 (C:\Qt_work\DialogG2\src\engine\MeteringBusController.cpp:283)
[2026-09-20 11:44:55.766] [DEBUG] [tid:2248] Metering TX: 02 03 00 30 00 30 45 e2 (C:\Qt_work\DialogG2\src\engine\MeteringBusController.cpp:283)
[2026-09-20 11:44:55.895] [DEBUG] [tid:2248] Metering TX: 02 03 00 90 00 30 45 c0 (C:\Qt_work\DialogG2\src\engine\MeteringBusController.cpp:283)
[2026-09-20 11:44:56.022] [DEBUG] [tid:2248] Metering TX: 04 03 00 11 00 20 14 42 (C:\Qt_work\DialogG2\src\engine\MeteringBusController.cpp:283)
[2026-09-20 11:44:56.600] [DEBUG] [tid:2248] Metering TX: 06 03 00 0b 00 07 74 7d (C:\Qt_work\DialogG2\src\engine\MeteringBusController.cpp:283)
[2026-09-20 11:44:56.646] [DEBUG] [tid:2248] Metering TX: 02 03 00 c0 00 30 45 d1 (C:\Qt_work\DialogG2\src\engine\MeteringBusController.cpp:283)
[2026-09-20 11:44:56.774] [DEBUG] [tid:2248] Metering TX: 02 03 00 30 00 30 45 e2 (C:\Qt_work\DialogG2\src\engine\MeteringBusController.cpp:283)
[2026-09-20 11:44:56.902] [DEBUG] [tid:2248] Metering TX: 02 03 00 90 00 30 45 c0 (C:\Qt_work\DialogG2\src\engine\MeteringBusController.cpp:283)
[2026-09-20 11:44:57.029] [DEBUG] [tid:2248] Metering TX: 04 03 00 11 00 20 14 42 (C:\Qt_work\DialogG2\src\engine\MeteringBusController.cpp:283)
[2026-09-20 11:44:57.174] [DEBUG] [tid:2248] Metering TX: dd a5 03 00 ff fd 77 (C:\Qt_work\DialogG2\src\engine\MeteringBusController.cpp:283)
[2026-09-20 11:44:57.680] [DEBUG] [tid:2248] Metering TX: 06 03 00 0b 00 07 74 7d (C:\Qt_work\DialogG2\src\engine\MeteringBusController.cpp:283)
[2026-09-20 11:44:57.716] [DEBUG] [tid:2248] Metering TX: 02 03 00 c0 00 30 45 d1 (C:\Qt_work\DialogG2\src\engine\MeteringBusController.cpp:283)
[2026-09-20 11:44:57.966] [DEBUG] [tid:2248] Metering TX: 02 03 00 30 00 30 45 e2 (C:\Qt_work\DialogG2\src\engine\MeteringBusController.cpp:283)
[2026-09-20 11:44:58.100] [DEBUG] [tid:2248] Metering TX: 02 03 00 90 00 30 45 c0 (C:\Qt_work\DialogG2\src\engine\MeteringBusController.cpp:283)
[2026-09-20 11:44:58.227] [DEBUG] [tid:2248] Metering TX: 04 03 00 11 00 20 14 42 (C:\Qt_work\DialogG2\src\engine\MeteringBusController.cpp:283)
[2026-09-20 11:44:58.672] [DEBUG] [tid:2248] Metering TX: dd a5 03 00 ff fd 77 (C:\Qt_work\DialogG2\src\engine\MeteringBusController.cpp:283)
[2026-09-20 11:44:58.771] [DEBUG] [tid:2248] Metering TX: 06 03 00 0b 00 07 74 7d (C:\Qt_work\DialogG2\src\engine\MeteringBusController.cpp:283)
[2026-09-20 11:44:58.819] [DEBUG] [tid:2248] Metering TX: 02 03 00 c0 00 30 45 d1 (C:\Qt_work\DialogG2\src\engine\MeteringBusController.cpp:283)
[2026-09-20 11:44:58.947] [DEBUG] [tid:2248] Metering TX: 02 03 00 30 00 30 45 e2 (C:\Qt_work\DialogG2\src\engine\MeteringBusController.cpp:283)
[2026-09-20 11:44:59.075] [DEBUG] [tid:2248] Metering TX: 02 03 00 90 00 30 45 c0 (C:\Qt_work\DialogG2\src\engine\MeteringBusController.cpp:283)
[2026-09-20 11:44:59.204] [DEBUG] [tid:2248] Metering TX: 04 03 00 11 00 20 14 42 (C:\Qt_work\DialogG2\src\engine\MeteringBusController.cpp:283)
[2026-09-20 11:44:59.331] [DEBUG] [tid:2248] Metering TX: 05 03 03 00 00 02 c5 cb (C:\Qt_work\DialogG2\src\engine\MeteringBusController.cpp:283)
[2026-09-20 11:44:59.727] [DEBUG] [tid:2248] Metering TX: 06 03 00 0b 00 07 74 7d (C:\Qt_work\DialogG2\src\engine\MeteringBusController.cpp:283)
[2026-09-20 11:44:59.778] [DEBUG] [tid:2248] Metering TX: 02 03 00 c0 00 30 45 d1 (C:\Qt_work\DialogG2\src\engine\MeteringBusController.cpp:283)
[2026-09-20 11:44:59.907] [DEBUG] [tid:2248] Metering TX: 02 03 00 30 00 30 45 e2 (C:\Qt_work\DialogG2\src\engine\MeteringBusController.cpp:283)
[2026-09-20 11:45:00.033] [DEBUG] [tid:2248] Metering TX: 02 03 00 90 00 30 45 c0 (C:\Qt_work\DialogG2\src\engine\MeteringBusController.cpp:283)
[2026-09-20 11:45:00.162] [DEBUG] [tid:2248] Metering TX: 04 03 00 11 00 20 14 42 (C:\Qt_work\DialogG2\src\engine\MeteringBusController.cpp:283)
[2026-09-20 11:45:00.692] [DEBUG] [tid:2248] Metering TX: dd a5 03 00 ff fd 77 (C:\Qt_work\DialogG2\src\engine\MeteringBusController.cpp:283)
[2026-09-20 11:45:00.784] [DEBUG] [tid:2248] Metering TX: 06 03 00 0b 00 07 74 7d (C:\Qt_work\DialogG2\src\engine\MeteringBusController.cpp:283)
[2026-09-20 11:45:00.833] [DEBUG] [tid:2248] Metering TX: 02 03 00 c0 00 30 45 d1 (C:\Qt_work\DialogG2\src\engine\MeteringBusController.cpp:283)
[2026-09-20 11:45:00.960] [DEBUG] [tid:2248] Metering TX: 02 03 00 30 00 30 45 e2 (C:\Qt_work\DialogG2\src\engine\MeteringBusController.cpp:283)
[2026-09-20 11:45:01.089] [DEBUG] [tid:2248] Metering TX: 02 03 00 90 00 30 45 c0 (C:\Qt_work\DialogG2\src\engine\MeteringBusController.cpp:283)
[2026-09-20 11:45:01.216] [DEBUG] [tid:2248] Metering TX: 04 03 00 11 00 20 14 42 (C:\Qt_work\DialogG2\src\engine\MeteringBusController.cpp:283)
[2026-09-20 11:45:01.793] [DEBUG] [tid:2248] Metering TX: 06 03 00 0b 00 07 74 7d (C:\Qt_work\DialogG2\src\engine\MeteringBusController.cpp:283)
[2026-09-20 11:45:01.840] [DEBUG] [tid:2248] Metering TX: 02 03 00 c0 00 30 45 d1 (C:\Qt_work\DialogG2\src\engine\MeteringBusController.cpp:283)
[2026-09-20 11:45:01.967] [DEBUG] [tid:2248] Metering TX: 02 03 00 30 00 30 45 e2 (C:\Qt_work\DialogG2\src\engine\MeteringBusController.cpp:283)
[2026-09-20 11:45:02.095] [DEBUG] [tid:2248] Metering TX: 02 03 00 90 00 30 45 c0 (C:\Qt_work\DialogG2\src\engine\MeteringBusController.cpp:283)
[2026-09-20 11:45:02.222] [DEBUG] [tid:2248] Metering TX: 04 03 00 11 00 20 14 42 (C:\Qt_work\DialogG2\src\engine\MeteringBusController.cpp:283)
[2026-09-20 11:45:02.695] [DEBUG] [tid:2248] Metering TX: dd a5 03 00 ff fd 77 (C:\Qt_work\DialogG2\src\engine\MeteringBusController.cpp:283)
[2026-09-20 11:45:02.867] [DEBUG] [tid:2248] Metering TX: 06 03 00 0b 00 07 74 7d (C:\Qt_work\DialogG2\src\engine\MeteringBusController.cpp:283)
[2026-09-20 11:45:02.910] [DEBUG] [tid:2248] Metering TX: 02 03 00 c0 00 30 45 d1 (C:\Qt_work\DialogG2\src\engine\MeteringBusController.cpp:283)
[2026-09-20 11:45:03.038] [DEBUG] [tid:2248] Metering TX: 02 03 00 30 00 30 45 e2 (C:\Qt_work\DialogG2\src\engine\MeteringBusController.cpp:283)
[2026-09-20 11:45:03.183] [DEBUG] [tid:2248] Metering TX: 02 03 00 90 00 30 45 c0 (C:\Qt_work\DialogG2\src\engine\MeteringBusController.cpp:283)
[2026-09-20 11:45:03.310] [DEBUG] [tid:2248] Metering TX: 04 03 00 11 00 20 14 42 (C:\Qt_work\DialogG2\src\engine\MeteringBusController.cpp:283)
[2026-09-20 11:45:03.813] [DEBUG] [tid:2248] Metering TX: dd a5 04 00 ff fc 77 (C:\Qt_work\DialogG2\src\engine\MeteringBusController.cpp:283)
[2026-09-20 11:45:03.885] [DEBUG] [tid:2248] Metering TX: 06 03 00 0b 00 07 74 7d (C:\Qt_work\DialogG2\src\engine\MeteringBusController.cpp:283)
[2026-09-20 11:45:03.934] [DEBUG] [tid:2248] Metering TX: 02 03 00 c0 00 30 45 d1 (C:\Qt_work\DialogG2\src\engine\MeteringBusController.cpp:283)
[2026-09-20 11:45:04.060] [DEBUG] [tid:2248] Metering TX: 02 03 00 30 00 30 45 e2 (C:\Qt_work\DialogG2\src\engine\MeteringBusController.cpp:283)
[2026-09-20 11:45:04.196] [DEBUG] [tid:2248] Metering TX: 02 03 00 90 00 30 45 c0 (C:\Qt_work\DialogG2\src\engine\MeteringBusController.cpp:283)
[2026-09-20 11:45:04.332] [DEBUG] [tid:2248] Metering TX: 04 03 00 11 00 20 14 42 (C:\Qt_work\DialogG2\src\engine\MeteringBusController.cpp:283)
[2026-09-20 11:45:04.590] [DEBUG] [tid:2248] Metering TX: 05 03 03 00 00 02 c5 cb (C:\Qt_work\DialogG2\src\engine\MeteringBusController.cpp:283)
[2026-09-20 11:45:04.845] [DEBUG] [tid:2248] Metering TX: dd a5 03 00 ff fd 77 (C:\Qt_work\DialogG2\src\engine\MeteringBusController.cpp:283)
[2026-09-20 11:45:04.939] [DEBUG] [tid:2248] Metering TX: 06 03 00 0b 00 07 74 7d (C:\Qt_work\DialogG2\src\engine\MeteringBusController.cpp:283)
[2026-09-20 11:45:04.988] [DEBUG] [tid:2248] Metering TX: 02 03 00 c0 00 30 45 d1 (C:\Qt_work\DialogG2\src\engine\MeteringBusController.cpp:283)
[2026-09-20 11:45:05.115] [DEBUG] [tid:2248] Metering TX: 02 03 00 30 00 30 45 e2 (C:\Qt_work\DialogG2\src\engine\MeteringBusController.cpp:283)
[2026-09-20 11:45:05.243] [DEBUG] [tid:2248] Metering TX: 02 03 00 90 00 30 45 c0 (C:\Qt_work\DialogG2\src\engine\MeteringBusController.cpp:283)
[2026-09-20 11:45:05.371] [DEBUG] [tid:2248] Metering TX: 04 03 00 11 00 20 14 42 (C:\Qt_work\DialogG2\src\engine\MeteringBusController.cpp:283)
[2026-09-20 11:45:05.881] [DEBUG] [tid:2248] Metering TX: 06 03 00 0b 00 07 74 7d (C:\Qt_work\DialogG2\src\engine\MeteringBusController.cpp:283)
[2026-09-20 11:45:05.930] [DEBUG] [tid:2248] Metering TX: 02 03 00 c0 00 30 45 d1 (C:\Qt_work\DialogG2\src\engine\MeteringBusController.cpp:283)
[2026-09-20 11:45:06.058] [DEBUG] [tid:2248] Metering TX: 02 03 00 30 00 30 45 e2 (C:\Qt_work\DialogG2\src\engine\MeteringBusController.cpp:283)
[2026-09-20 11:45:06.199] [DEBUG] [tid:2248] Metering TX: 02 03 00 90 00 30 45 c0 (C:\Qt_work\DialogG2\src\engine\MeteringBusController.cpp:283)
[2026-09-20 11:45:06.330] [DEBUG] [tid:2248] Metering TX: 04 03 00 11 00 20 14 42 (C:\Qt_work\DialogG2\src\engine\MeteringBusController.cpp:283)
[2026-09-20 11:45:06.744] [DEBUG] [tid:2248] Metering TX: dd a5 03 00 ff fd 77 (C:\Qt_work\DialogG2\src\engine\MeteringBusController.cpp:283)
[2026-09-20 11:45:06.935] [DEBUG] [tid:2248] Metering TX: 06 03 00 0b 00 07 74 7d (C:\Qt_work\DialogG2\src\engine\MeteringBusController.cpp:283)
[2026-09-20 11:45:06.984] [DEBUG] [tid:2248] Metering TX: 02 03 00 c0 00 30 45 d1 (C:\Qt_work\DialogG2\src\engine\MeteringBusController.cpp:283)
[2026-09-20 11:45:07.112] [DEBUG] [tid:2248] Metering TX: 02 03 00 30 00 30 45 e2 (C:\Qt_work\DialogG2\src\engine\MeteringBusController.cpp:283)
[2026-09-20 11:45:07.241] [DEBUG] [tid:2248] Metering TX: 02 03 00 90 00 30 45 c0 (C:\Qt_work\DialogG2\src\engine\MeteringBusController.cpp:283)
[2026-09-20 11:45:07.369] [DEBUG] [tid:2248] Metering TX: 04 03 00 11 00 20 14 42 (C:\Qt_work\DialogG2\src\engine\MeteringBusController.cpp:283)
[2026-09-20 11:45:07.942] [DEBUG] [tid:2248] Metering TX: 06 03 00 0b 00 07 74 7d (C:\Qt_work\DialogG2\src\engine\MeteringBusController.cpp:283)
[2026-09-20 11:45:07.991] [DEBUG] [tid:2248] Metering TX: 02 03 00 c0 00 30 45 d1 (C:\Qt_work\DialogG2\src\engine\MeteringBusController.cpp:283)
[2026-09-20 11:45:08.120] [DEBUG] [tid:2248] Metering TX: 02 03 00 30 00 30 45 e2 (C:\Qt_work\DialogG2\src\engine\MeteringBusController.cpp:283)
[2026-09-20 11:45:08.247] [DEBUG] [tid:2248] Metering TX: 02 03 00 90 00 30 45 c0 (C:\Qt_work\DialogG2\src\engine\MeteringBusController.cpp:283)
[2026-09-20 11:45:08.375] [DEBUG] [tid:2248] Metering TX: 04 03 00 11 00 20 14 42 (C:\Qt_work\DialogG2\src\engine\MeteringBusController.cpp:283)
[2026-09-20 11:45:08.745] [DEBUG] [tid:2248] Metering TX: dd a5 03 00 ff fd 77 (C:\Qt_work\DialogG2\src\engine\MeteringBusController.cpp:283)
[2026-09-20 11:45:08.997] [DEBUG] [tid:2248] Metering TX: 06 03 00 0b 00 07 74 7d (C:\Qt_work\DialogG2\src\engine\MeteringBusController.cpp:283)
[2026-09-20 11:45:09.046] [DEBUG] [tid:2248] Metering TX: 02 03 00 c0 00 30 45 d1 (C:\Qt_work\DialogG2\src\engine\MeteringBusController.cpp:283)
[2026-09-20 11:45:09.174] [DEBUG] [tid:2248] Metering TX: 02 03 00 30 00 30 45 e2 (C:\Qt_work\DialogG2\src\engine\MeteringBusController.cpp:283)
[2026-09-20 11:45:09.302] [DEBUG] [tid:2248] Metering TX: 02 03 00 90 00 30 45 c0 (C:\Qt_work\DialogG2\src\engine\MeteringBusController.cpp:283)
[2026-09-20 11:45:09.430] [DEBUG] [tid:2248] Metering TX: 04 03 00 11 00 20 14 42 (C:\Qt_work\DialogG2\src\engine\MeteringBusController.cpp:283)
[2026-09-20 11:45:09.542] [DEBUG] [tid:2248] Metering TX: 05 03 03 00 00 02 c5 cb (C:\Qt_work\DialogG2\src\engine\MeteringBusController.cpp:283)
[2026-09-20 11:45:10.005] [DEBUG] [tid:2248] Metering TX: 06 03 00 0b 00 07 74 7d (C:\Qt_work\DialogG2\src\engine\MeteringBusController.cpp:283)
[2026-09-20 11:45:10.054] [DEBUG] [tid:2248] Metering TX: 02 03 00 c0 00 30 45 d1 (C:\Qt_work\DialogG2\src\engine\MeteringBusController.cpp:283)
[2026-09-20 11:45:10.196] [DEBUG] [tid:2248] Metering TX: 02 03 00 30 00 30 45 e2 (C:\Qt_work\DialogG2\src\engine\MeteringBusController.cpp:283)
[2026-09-20 11:45:10.324] [DEBUG] [tid:2248] Metering TX: 02 03 00 90 00 30 45 c0 (C:\Qt_work\DialogG2\src\engine\MeteringBusController.cpp:283)
[2026-09-20 11:45:10.453] [DEBUG] [tid:2248] Metering TX: 04 03 00 11 00 20 14 42 (C:\Qt_work\DialogG2\src\engine\MeteringBusController.cpp:283)
[2026-09-20 11:45:10.746] [DEBUG] [tid:2248] Metering TX: dd a5 03 00 ff fd 77 (C:\Qt_work\DialogG2\src\engine\MeteringBusController.cpp:283)
[2026-09-20 11:45:11.061] [DEBUG] [tid:2248] Metering TX: 06 03 00 0b 00 07 74 7d (C:\Qt_work\DialogG2\src\engine\MeteringBusController.cpp:283)
[2026-09-20 11:45:11.108] [DEBUG] [tid:2248] Metering TX: 02 03 00 c0 00 30 45 d1 (C:\Qt_work\DialogG2\src\engine\MeteringBusController.cpp:283)
[2026-09-20 11:45:11.235] [DEBUG] [tid:2248] Metering TX: 02 03 00 30 00 30 45 e2 (C:\Qt_work\DialogG2\src\engine\MeteringBusController.cpp:283)
[2026-09-20 11:45:11.364] [DEBUG] [tid:2248] Metering TX: 02 03 00 90 00 30 45 c0 (C:\Qt_work\DialogG2\src\engine\MeteringBusController.cpp:283)
[2026-09-20 11:45:11.491] [DEBUG] [tid:2248] Metering TX: 04 03 00 11 00 20 14 42 (C:\Qt_work\DialogG2\src\engine\MeteringBusController.cpp:283)
[2026-09-20 11:45:12.123] [DEBUG] [tid:2248] Metering TX: 06 03 00 0b 00 07 74 7d (C:\Qt_work\DialogG2\src\engine\MeteringBusController.cpp:283)
[2026-09-20 11:45:12.162] [DEBUG] [tid:2248] Metering TX: 02 03 00 c0 00 30 45 d1 (C:\Qt_work\DialogG2\src\engine\MeteringBusController.cpp:283)
[2026-09-20 11:45:12.290] [DEBUG] [tid:2248] Metering TX: 02 03 00 30 00 30 45 e2 (C:\Qt_work\DialogG2\src\engine\MeteringBusController.cpp:283)
[2026-09-20 11:45:12.418] [DEBUG] [tid:2248] Metering TX: 02 03 00 90 00 30 45 c0 (C:\Qt_work\DialogG2\src\engine\MeteringBusController.cpp:283)
[2026-09-20 11:45:12.545] [DEBUG] [tid:2248] Metering TX: 04 03 00 11 00 20 14 42 (C:\Qt_work\DialogG2\src\engine\MeteringBusController.cpp:283)
[2026-09-20 11:45:12.749] [DEBUG] [tid:2248] Metering TX: dd a5 03 00 ff fd 77 (C:\Qt_work\DialogG2\src\engine\MeteringBusController.cpp:283)
[2026-09-20 11:45:13.198] [DEBUG] [tid:2248] Metering TX: 06 03 00 0b 00 07 74 7d (C:\Qt_work\DialogG2\src\engine\MeteringBusController.cpp:283)
[2026-09-20 11:45:13.248] [DEBUG] [tid:2248] Metering TX: 02 03 00 c0 00 30 45 d1 (C:\Qt_work\DialogG2\src\engine\MeteringBusController.cpp:283)
[2026-09-20 11:45:13.377] [DEBUG] [tid:2248] Metering TX: 02 03 00 30 00 30 45 e2 (C:\Qt_work\DialogG2\src\engine\MeteringBusController.cpp:283)
[2026-09-20 11:45:13.504] [DEBUG] [tid:2248] Metering TX: 02 03 00 90 00 30 45 c0 (C:\Qt_work\DialogG2\src\engine\MeteringBusController.cpp:283)
[2026-09-20 11:45:13.632] [DEBUG] [tid:2248] Metering TX: 04 03 00 11 00 20 14 42 (C:\Qt_work\DialogG2\src\engine\MeteringBusController.cpp:283)
[2026-09-20 11:45:13.871] [DEBUG] [tid:2248] Metering TX: dd a5 04 00 ff fc 77 (C:\Qt_work\DialogG2\src\engine\MeteringBusController.cpp:283)
[2026-09-20 11:45:14.058] [DEBUG] [tid:2248] Metering TX: 05 03 03 00 00 02 c5 cb (C:\Qt_work\DialogG2\src\engine\MeteringBusController.cpp:283)
[2026-09-20 11:45:14.310] [DEBUG] [tid:2248] Metering TX: 06 03 00 0b 00 07 74 7d (C:\Qt_work\DialogG2\src\engine\MeteringBusController.cpp:283)
[2026-09-20 11:45:14.352] [DEBUG] [tid:2248] Metering TX: 02 03 00 c0 00 30 45 d1 (C:\Qt_work\DialogG2\src\engine\MeteringBusController.cpp:283)
[2026-09-20 11:45:14.480] [DEBUG] [tid:2248] Metering TX: 02 03 00 30 00 30 45 e2 (C:\Qt_work\DialogG2\src\engine\MeteringBusController.cpp:283)
[2026-09-20 11:45:14.607] [DEBUG] [tid:2248] Metering TX: 02 03 00 90 00 30 45 c0 (C:\Qt_work\DialogG2\src\engine\MeteringBusController.cpp:283)
[2026-09-20 11:45:14.736] [DEBUG] [tid:2248] Metering TX: 04 03 00 11 00 20 14 42 (C:\Qt_work\DialogG2\src\engine\MeteringBusController.cpp:283)
[2026-09-20 11:45:14.863] [DEBUG] [tid:2248] Metering TX: dd a5 03 00 ff fd 77 (C:\Qt_work\DialogG2\src\engine\MeteringBusController.cpp:283)
[2026-09-20 11:45:15.204] [DEBUG] [tid:2248] Metering TX: 06 03 00 0b 00 07 74 7d (C:\Qt_work\DialogG2\src\engine\MeteringBusController.cpp:283)
[2026-09-20 11:45:15.247] [DEBUG] [tid:2248] Metering TX: 02 03 00 c0 00 30 45 d1 (C:\Qt_work\DialogG2\src\engine\MeteringBusController.cpp:283)
[2026-09-20 11:45:15.375] [DEBUG] [tid:2248] Metering TX: 02 03 00 30 00 30 45 e2 (C:\Qt_work\DialogG2\src\engine\MeteringBusController.cpp:283)
[2026-09-20 11:45:15.501] [DEBUG] [tid:2248] Metering TX: 02 03 00 90 00 30 45 c0 (C:\Qt_work\DialogG2\src\engine\MeteringBusController.cpp:283)
[2026-09-20 11:45:15.630] [DEBUG] [tid:2248] Metering TX: 04 03 00 11 00 20 14 42 (C:\Qt_work\DialogG2\src\engine\MeteringBusController.cpp:283)
[2026-09-20 11:45:16.247] [DEBUG] [tid:2248] Metering TX: 06 03 00 0b 00 07 74 7d (C:\Qt_work\DialogG2\src\engine\MeteringBusController.cpp:283)
[2026-09-20 11:45:16.285] [DEBUG] [tid:2248] Metering TX: 02 03 00 c0 00 30 45 d1 (C:\Qt_work\DialogG2\src\engine\MeteringBusController.cpp:283)
[2026-09-20 11:45:16.412] [DEBUG] [tid:2248] Metering TX: 02 03 00 30 00 30 45 e2 (C:\Qt_work\DialogG2\src\engine\MeteringBusController.cpp:283)
[2026-09-20 11:45:16.542] [DEBUG] [tid:2248] Metering TX: 02 03 00 90 00 30 45 c0 (C:\Qt_work\DialogG2\src\engine\MeteringBusController.cpp:283)
[2026-09-20 11:45:16.669] [DEBUG] [tid:2248] Metering TX: 04 03 00 11 00 20 14 42 (C:\Qt_work\DialogG2\src\engine\MeteringBusController.cpp:283)
[2026-09-20 11:45:16.813] [DEBUG] [tid:2248] Metering TX: dd a5 03 00 ff fd 77 (C:\Qt_work\DialogG2\src\engine\MeteringBusController.cpp:283)
[2026-09-20 11:45:17.250] [DEBUG] [tid:2248] Metering TX: 06 03 00 0b 00 07 74 7d (C:\Qt_work\DialogG2\src\engine\MeteringBusController.cpp:283)
[2026-09-20 11:45:17.291] [DEBUG] [tid:2248] Metering TX: 02 03 00 c0 00 30 45 d1 (C:\Qt_work\DialogG2\src\engine\MeteringBusController.cpp:283)
[2026-09-20 11:45:17.420] [DEBUG] [tid:2248] Metering TX: 02 03 00 30 00 30 45 e2 (C:\Qt_work\DialogG2\src\engine\MeteringBusController.cpp:283)
[2026-09-20 11:45:17.547] [DEBUG] [tid:2248] Metering TX: 02 03 00 90 00 30 45 c0 (C:\Qt_work\DialogG2\src\engine\MeteringBusController.cpp:283)
[2026-09-20 11:45:17.676] [DEBUG] [tid:2248] Metering TX: 04 03 00 11 00 20 14 42 (C:\Qt_work\DialogG2\src\engine\MeteringBusController.cpp:283)
[2026-09-20 11:45:18.251] [DEBUG] [tid:2248] Metering TX: 06 03 00 0b 00 07 74 7d (C:\Qt_work\DialogG2\src\engine\MeteringBusController.cpp:283)
[2026-09-20 11:45:18.298] [DEBUG] [tid:2248] Metering TX: 02 03 00 c0 00 30 45 d1 (C:\Qt_work\DialogG2\src\engine\MeteringBusController.cpp:283)
[2026-09-20 11:45:18.426] [DEBUG] [tid:2248] Metering TX: 02 03 00 30 00 30 45 e2 (C:\Qt_work\DialogG2\src\engine\MeteringBusController.cpp:283)
[2026-09-20 11:45:18.554] [DEBUG] [tid:2248] Metering TX: 02 03 00 90 00 30 45 c0 (C:\Qt_work\DialogG2\src\engine\MeteringBusController.cpp:283)
[2026-09-20 11:45:18.699] [DEBUG] [tid:2248] Metering TX: 04 03 00 11 00 20 14 42 (C:\Qt_work\DialogG2\src\engine\MeteringBusController.cpp:283)
[2026-09-20 11:45:18.877] [DEBUG] [tid:2248] Metering TX: dd a5 03 00 ff fd 77 (C:\Qt_work\DialogG2\src\engine\MeteringBusController.cpp:283)
[2026-09-20 11:45:19.126] [DEBUG] [tid:2248] Metering TX: 05 03 03 00 00 02 c5 cb (C:\Qt_work\DialogG2\src\engine\MeteringBusController.cpp:283)
[2026-09-20 11:45:19.369] [DEBUG] [tid:2248] Metering TX: 06 03 00 0b 00 07 74 7d (C:\Qt_work\DialogG2\src\engine\MeteringBusController.cpp:283)
[2026-09-20 11:45:19.415] [DEBUG] [tid:2248] Metering TX: 02 03 00 c0 00 30 45 d1 (C:\Qt_work\DialogG2\src\engine\MeteringBusController.cpp:283)
[2026-09-20 11:45:19.538] [DEBUG] [tid:2248] Metering TX: 02 03 00 30 00 30 45 e2 (C:\Qt_work\DialogG2\src\engine\MeteringBusController.cpp:283)
[2026-09-20 11:45:19.673] [DEBUG] [tid:2248] Metering TX: 02 03 00 90 00 30 45 c0 (C:\Qt_work\DialogG2\src\engine\MeteringBusController.cpp:283)
[2026-09-20 11:45:19.801] [DEBUG] [tid:2248] Metering TX: 04 03 00 11 00 20 14 42 (C:\Qt_work\DialogG2\src\engine\MeteringBusController.cpp:283)
[2026-09-20 11:45:20.368] [DEBUG] [tid:2248] Metering TX: 06 03 00 0b 00 07 74 7d (C:\Qt_work\DialogG2\src\engine\MeteringBusController.cpp:283)
[2026-09-20 11:45:20.407] [DEBUG] [tid:2248] Metering TX: 02 03 00 c0 00 30 45 d1 (C:\Qt_work\DialogG2\src\engine\MeteringBusController.cpp:283)
[2026-09-20 11:45:20.536] [DEBUG] [tid:2248] Metering TX: 02 03 00 30 00 30 45 e2 (C:\Qt_work\DialogG2\src\engine\MeteringBusController.cpp:283)
[2026-09-20 11:45:20.663] [DEBUG] [tid:2248] Metering TX: 02 03 00 90 00 30 45 c0 (C:\Qt_work\DialogG2\src\engine\MeteringBusController.cpp:283)
[2026-09-20 11:45:20.791] [DEBUG] [tid:2248] Metering TX: 04 03 00 11 00 20 14 42 (C:\Qt_work\DialogG2\src\engine\MeteringBusController.cpp:283)
[2026-09-20 11:45:20.940] [DEBUG] [tid:2248] Metering TX: dd a5 03 00 ff fd 77 (C:\Qt_work\DialogG2\src\engine\MeteringBusController.cpp:283)
[2026-09-20 11:45:21.368] [DEBUG] [tid:2248] Metering TX: 06 03 00 0b 00 07 74 7d (C:\Qt_work\DialogG2\src\engine\MeteringBusController.cpp:283)
[2026-09-20 11:45:21.414] [DEBUG] [tid:2248] Metering TX: 02 03 00 c0 00 30 45 d1 (C:\Qt_work\DialogG2\src\engine\MeteringBusController.cpp:283)
[2026-09-20 11:45:21.542] [DEBUG] [tid:2248] Metering TX: 02 03 00 30 00 30 45 e2 (C:\Qt_work\DialogG2\src\engine\MeteringBusController.cpp:283)
[2026-09-20 11:45:21.670] [DEBUG] [tid:2248] Metering TX: 02 03 00 90 00 30 45 c0 (C:\Qt_work\DialogG2\src\engine\MeteringBusController.cpp:283)
[2026-09-20 11:45:21.798] [DEBUG] [tid:2248] Metering TX: 04 03 00 11 00 20 14 42 (C:\Qt_work\DialogG2\src\engine\MeteringBusController.cpp:283)
[2026-09-20 11:45:22.372] [DEBUG] [tid:2248] Metering TX: 06 03 00 0b 00 07 74 7d (C:\Qt_work\DialogG2\src\engine\MeteringBusController.cpp:283)
[2026-09-20 11:45:22.422] [DEBUG] [tid:2248] Metering TX: 02 03 00 c0 00 30 45 d1 (C:\Qt_work\DialogG2\src\engine\MeteringBusController.cpp:283)
[2026-09-20 11:45:22.549] [DEBUG] [tid:2248] Metering TX: 02 03 00 30 00 30 45 e2 (C:\Qt_work\DialogG2\src\engine\MeteringBusController.cpp:283)
[2026-09-20 11:45:22.676] [DEBUG] [tid:2248] Metering TX: 02 03 00 90 00 30 45 c0 (C:\Qt_work\DialogG2\src\engine\MeteringBusController.cpp:283)
[2026-09-20 11:45:22.804] [DEBUG] [tid:2248] Metering TX: 04 03 00 11 00 20 14 42 (C:\Qt_work\DialogG2\src\engine\MeteringBusController.cpp:283)
[2026-09-20 11:45:22.994] [DEBUG] [tid:2248] Metering TX: dd a5 03 00 ff fd 77 (C:\Qt_work\DialogG2\src\engine\MeteringBusController.cpp:283)
[2026-09-20 11:45:23.432] [DEBUG] [tid:2248] Metering TX: 06 03 00 0b 00 07 74 7d (C:\Qt_work\DialogG2\src\engine\MeteringBusController.cpp:283)
[2026-09-20 11:45:23.476] [DEBUG] [tid:2248] Metering TX: 02 03 00 c0 00 30 45 d1 (C:\Qt_work\DialogG2\src\engine\MeteringBusController.cpp:283)
[2026-09-20 11:45:23.603] [DEBUG] [tid:2248] Metering TX: 02 03 00 30 00 30 45 e2 (C:\Qt_work\DialogG2\src\engine\MeteringBusController.cpp:283)
[2026-09-20 11:45:23.748] [DEBUG] [tid:2248] Metering TX: 02 03 00 90 00 30 45 c0 (C:\Qt_work\DialogG2\src\engine\MeteringBusController.cpp:283)
[2026-09-20 11:45:23.875] [DEBUG] [tid:2248] Metering TX: 04 03 00 11 00 20 14 42 (C:\Qt_work\DialogG2\src\engine\MeteringBusController.cpp:283)
[2026-09-20 11:45:24.003] [DEBUG] [tid:2248] Metering TX: dd a5 04 00 ff fc 77 (C:\Qt_work\DialogG2\src\engine\MeteringBusController.cpp:283)
[2026-09-20 11:45:24.196] [DEBUG] [tid:2248] Metering TX: 05 03 03 00 00 02 c5 cb (C:\Qt_work\DialogG2\src\engine\MeteringBusController.cpp:283)
[2026-09-20 11:45:24.447] [DEBUG] [tid:2248] Metering TX: 06 03 00 0b 00 07 74 7d (C:\Qt_work\DialogG2\src\engine\MeteringBusController.cpp:283)
[2026-09-20 11:45:24.483] [DEBUG] [tid:2248] Metering TX: 02 03 00 c0 00 30 45 d1 (C:\Qt_work\DialogG2\src\engine\MeteringBusController.cpp:283)
[2026-09-20 11:45:24.734] [DEBUG] [tid:2248] Metering TX: 02 03 00 30 00 30 45 e2 (C:\Qt_work\DialogG2\src\engine\MeteringBusController.cpp:283)
[2026-09-20 11:45:24.866] [DEBUG] [tid:2248] Metering TX: 02 03 00 90 00 30 45 c0 (C:\Qt_work\DialogG2\src\engine\MeteringBusController.cpp:283)
[2026-09-20 11:45:24.994] [DEBUG] [tid:2248] Metering TX: 04 03 00 11 00 20 14 42 (C:\Qt_work\DialogG2\src\engine\MeteringBusController.cpp:283)
[2026-09-20 11:45:25.106] [DEBUG] [tid:2248] Metering TX: dd a5 03 00 ff fd 77 (C:\Qt_work\DialogG2\src\engine\MeteringBusController.cpp:283)
[2026-09-20 11:45:25.496] [DEBUG] [tid:2248] Metering TX: 06 03 00 0b 00 07 74 7d (C:\Qt_work\DialogG2\src\engine\MeteringBusController.cpp:283)
[2026-09-20 11:45:25.539] [DEBUG] [tid:2248] Metering TX: 02 03 00 c0 00 30 45 d1 (C:\Qt_work\DialogG2\src\engine\MeteringBusController.cpp:283)
[2026-09-20 11:45:25.666] [DEBUG] [tid:2248] Metering TX: 02 03 00 30 00 30 45 e2 (C:\Qt_work\DialogG2\src\engine\MeteringBusController.cpp:283)
[2026-09-20 11:45:25.793] [DEBUG] [tid:2248] Metering TX: 02 03 00 90 00 30 45 c0 (C:\Qt_work\DialogG2\src\engine\MeteringBusController.cpp:283)
[2026-09-20 11:45:25.921] [DEBUG] [tid:2248] Metering TX: 04 03 00 11 00 20 14 42 (C:\Qt_work\DialogG2\src\engine\MeteringBusController.cpp:283)
[2026-09-20 11:45:26.560] [DEBUG] [tid:2248] Metering TX: 06 03 00 0b 00 07 74 7d (C:\Qt_work\DialogG2\src\engine\MeteringBusController.cpp:283)
[2026-09-20 11:45:26.608] [DEBUG] [tid:2248] Metering TX: 02 03 00 c0 00 30 45 d1 (C:\Qt_work\DialogG2\src\engine\MeteringBusController.cpp:283)
[2026-09-20 11:45:26.736] [DEBUG] [tid:2248] Metering TX: 02 03 00 30 00 30 45 e2 (C:\Qt_work\DialogG2\src\engine\MeteringBusController.cpp:283)
[2026-09-20 11:45:26.864] [DEBUG] [tid:2248] Metering TX: 02 03 00 90 00 30 45 c0 (C:\Qt_work\DialogG2\src\engine\MeteringBusController.cpp:283)
[2026-09-20 11:45:26.991] [DEBUG] [tid:2248] Metering TX: 04 03 00 11 00 20 14 42 (C:\Qt_work\DialogG2\src\engine\MeteringBusController.cpp:283)
[2026-09-20 11:45:27.121] [DEBUG] [tid:2248] Metering TX: dd a5 03 00 ff fd 77 (C:\Qt_work\DialogG2\src\engine\MeteringBusController.cpp:283)
[2026-09-20 11:45:27.619] [DEBUG] [tid:2248] Metering TX: 06 03 00 0b 00 07 74 7d (C:\Qt_work\DialogG2\src\engine\MeteringBusController.cpp:283)
[2026-09-20 11:45:27.663] [DEBUG] [tid:2248] Metering TX: 02 03 00 c0 00 30 45 d1 (C:\Qt_work\DialogG2\src\engine\MeteringBusController.cpp:283)
[2026-09-20 11:45:27.790] [DEBUG] [tid:2248] Metering TX: 02 03 00 30 00 30 45 e2 (C:\Qt_work\DialogG2\src\engine\MeteringBusController.cpp:283)
[2026-09-20 11:45:27.919] [DEBUG] [tid:2248] Metering TX: 02 03 00 90 00 30 45 c0 (C:\Qt_work\DialogG2\src\engine\MeteringBusController.cpp:283)
[2026-09-20 11:45:28.047] [DEBUG] [tid:2248] Metering TX: 04 03 00 11 00 20 14 42 (C:\Qt_work\DialogG2\src\engine\MeteringBusController.cpp:283)
[2026-09-20 11:45:28.622] [DEBUG] [tid:2248] Metering TX: 06 03 00 0b 00 07 74 7d (C:\Qt_work\DialogG2\src\engine\MeteringBusController.cpp:283)
[2026-09-20 11:45:28.670] [DEBUG] [tid:2248] Metering TX: 02 03 00 c0 00 30 45 d1 (C:\Qt_work\DialogG2\src\engine\MeteringBusController.cpp:283)
[2026-09-20 11:45:28.798] [DEBUG] [tid:2248] Metering TX: 02 03 00 30 00 30 45 e2 (C:\Qt_work\DialogG2\src\engine\MeteringBusController.cpp:283)
[2026-09-20 11:45:28.926] [DEBUG] [tid:2248] Metering TX: 02 03 00 90 00 30 45 c0 (C:\Qt_work\DialogG2\src\engine\MeteringBusController.cpp:283)
[2026-09-20 11:45:29.053] [DEBUG] [tid:2248] Metering TX: 04 03 00 11 00 20 14 42 (C:\Qt_work\DialogG2\src\engine\MeteringBusController.cpp:283)
[2026-09-20 11:45:29.196] [DEBUG] [tid:2248] Metering TX: dd a5 03 00 ff fd 77 (C:\Qt_work\DialogG2\src\engine\MeteringBusController.cpp:283)
[2026-09-20 11:45:29.293] [DEBUG] [tid:2248] Metering TX: 05 03 03 00 00 02 c5 cb (C:\Qt_work\DialogG2\src\engine\MeteringBusController.cpp:283)
[2026-09-20 11:45:29.697] [DEBUG] [tid:2248] Metering TX: 06 03 00 0b 00 07 74 7d (C:\Qt_work\DialogG2\src\engine\MeteringBusController.cpp:283)
[2026-09-20 11:45:29.740] [DEBUG] [tid:2248] Metering TX: 02 03 00 c0 00 30 45 d1 (C:\Qt_work\DialogG2\src\engine\MeteringBusController.cpp:283)
[2026-09-20 11:45:29.868] [DEBUG] [tid:2248] Metering TX: 02 03 00 30 00 30 45 e2 (C:\Qt_work\DialogG2\src\engine\MeteringBusController.cpp:283)
[2026-09-20 11:45:29.996] [DEBUG] [tid:2248] Metering TX: 02 03 00 90 00 30 45 c0 (C:\Qt_work\DialogG2\src\engine\MeteringBusController.cpp:283)
[2026-09-20 11:45:30.124] [DEBUG] [tid:2248] Metering TX: 04 03 00 11 00 20 14 42 (C:\Qt_work\DialogG2\src\engine\MeteringBusController.cpp:283)
[2026-09-20 11:45:30.703] [DEBUG] [tid:2248] Metering TX: 06 03 00 0b 00 07 74 7d (C:\Qt_work\DialogG2\src\engine\MeteringBusController.cpp:283)
[2026-09-20 11:45:30.747] [DEBUG] [tid:2248] Metering TX: 02 03 00 c0 00 30 45 d1 (C:\Qt_work\DialogG2\src\engine\MeteringBusController.cpp:283)
[2026-09-20 11:45:30.875] [DEBUG] [tid:2248] Metering TX: 02 03 00 30 00 30 45 e2 (C:\Qt_work\DialogG2\src\engine\MeteringBusController.cpp:283)
[2026-09-20 11:45:31.002] [DEBUG] [tid:2248] Metering TX: 02 03 00 90 00 30 45 c0 (C:\Qt_work\DialogG2\src\engine\MeteringBusController.cpp:283)
[2026-09-20 11:45:31.130] [DEBUG] [tid:2248] Metering TX: 04 03 00 11 00 20 14 42 (C:\Qt_work\DialogG2\src\engine\MeteringBusController.cpp:283)
[2026-09-20 11:45:31.243] [DEBUG] [tid:2248] Metering TX: dd a5 03 00 ff fd 77 (C:\Qt_work\DialogG2\src\engine\MeteringBusController.cpp:283)
[2026-09-20 11:45:31.745] [DEBUG] [tid:2248] Metering TX: 06 03 00 0b 00 07 74 7d (C:\Qt_work\DialogG2\src\engine\MeteringBusController.cpp:283)
[2026-09-20 11:45:31.786] [DEBUG] [tid:2248] Metering TX: 02 03 00 c0 00 30 45 d1 (C:\Qt_work\DialogG2\src\engine\MeteringBusController.cpp:283)
[2026-09-20 11:45:31.915] [DEBUG] [tid:2248] Metering TX: 02 03 00 30 00 30 45 e2 (C:\Qt_work\DialogG2\src\engine\MeteringBusController.cpp:283)
[2026-09-20 11:45:32.041] [DEBUG] [tid:2248] Metering TX: 02 03 00 90 00 30 45 c0 (C:\Qt_work\DialogG2\src\engine\MeteringBusController.cpp:283)
[2026-09-20 11:45:32.171] [DEBUG] [tid:2248] Metering TX: 04 03 00 11 00 20 14 42 (C:\Qt_work\DialogG2\src\engine\MeteringBusController.cpp:283)
[2026-09-20 11:45:32.807] [DEBUG] [tid:2248] Metering TX: 06 03 00 0b 00 07 74 7d (C:\Qt_work\DialogG2\src\engine\MeteringBusController.cpp:283)
[2026-09-20 11:45:32.857] [DEBUG] [tid:2248] Metering TX: 02 03 00 c0 00 30 45 d1 (C:\Qt_work\DialogG2\src\engine\MeteringBusController.cpp:283)
[2026-09-20 11:45:32.985] [DEBUG] [tid:2248] Metering TX: 02 03 00 30 00 30 45 e2 (C:\Qt_work\DialogG2\src\engine\MeteringBusController.cpp:283)
[2026-09-20 11:45:33.112] [DEBUG] [tid:2248] Metering TX: 02 03 00 90 00 30 45 c0 (C:\Qt_work\DialogG2\src\engine\MeteringBusController.cpp:283)
[2026-09-20 11:45:33.240] [DEBUG] [tid:2248] Metering TX: 04 03 00 11 00 20 14 42 (C:\Qt_work\DialogG2\src\engine\MeteringBusController.cpp:283)
[2026-09-20 11:45:33.368] [DEBUG] [tid:2248] Metering TX: dd a5 03 00 ff fd 77 (C:\Qt_work\DialogG2\src\engine\MeteringBusController.cpp:283)
[2026-09-20 11:45:33.836] [DEBUG] [tid:2248] Metering TX: 06 03 00 0b 00 07 74 7d (C:\Qt_work\DialogG2\src\engine\MeteringBusController.cpp:283)
[2026-09-20 11:45:33.879] [DEBUG] [tid:2248] Metering TX: 02 03 00 c0 00 30 45 d1 (C:\Qt_work\DialogG2\src\engine\MeteringBusController.cpp:283)
[2026-09-20 11:45:34.008] [DEBUG] [tid:2248] Metering TX: 02 03 00 30 00 30 45 e2 (C:\Qt_work\DialogG2\src\engine\MeteringBusController.cpp:283)
[2026-09-20 11:45:34.134] [DEBUG] [tid:2248] Metering TX: 02 03 00 90 00 30 45 c0 (C:\Qt_work\DialogG2\src\engine\MeteringBusController.cpp:283)
[2026-09-20 11:45:34.263] [DEBUG] [tid:2248] Metering TX: 04 03 00 11 00 20 14 42 (C:\Qt_work\DialogG2\src\engine\MeteringBusController.cpp:283)
[2026-09-20 11:45:34.513] [DEBUG] [tid:2248] Metering TX: dd a5 04 00 ff fc 77 (C:\Qt_work\DialogG2\src\engine\MeteringBusController.cpp:283)
[2026-09-20 11:45:34.583] [DEBUG] [tid:2248] Metering TX: 05 03 03 00 00 02 c5 cb (C:\Qt_work\DialogG2\src\engine\MeteringBusController.cpp:283)
[2026-09-20 11:45:34.844] [DEBUG] [tid:2248] Metering TX: 06 03 00 0b 00 07 74 7d (C:\Qt_work\DialogG2\src\engine\MeteringBusController.cpp:283)
[2026-09-20 11:45:34.886] [DEBUG] [tid:2248] Metering TX: 02 03 00 c0 00 30 45 d1 (C:\Qt_work\DialogG2\src\engine\MeteringBusController.cpp:283)
[2026-09-20 11:45:35.014] [DEBUG] [tid:2248] Metering TX: 02 03 00 30 00 30 45 e2 (C:\Qt_work\DialogG2\src\engine\MeteringBusController.cpp:283)
[2026-09-20 11:45:35.141] [DEBUG] [tid:2248] Metering TX: 02 03 00 90 00 30 45 c0 (C:\Qt_work\DialogG2\src\engine\MeteringBusController.cpp:283)
[2026-09-20 11:45:35.270] [DEBUG] [tid:2248] Metering TX: 04 03 00 11 00 20 14 42 (C:\Qt_work\DialogG2\src\engine\MeteringBusController.cpp:283)
[2026-09-20 11:45:35.398] [DEBUG] [tid:2248] Metering TX: dd a5 03 00 ff fd 77 (C:\Qt_work\DialogG2\src\engine\MeteringBusController.cpp:283)
[2026-09-20 11:45:35.903] [DEBUG] [tid:2248] Metering TX: 06 03 00 0b 00 07 74 7d (C:\Qt_work\DialogG2\src\engine\MeteringBusController.cpp:283)
[2026-09-20 11:45:35.940] [DEBUG] [tid:2248] Metering TX: 02 03 00 c0 00 30 45 d1 (C:\Qt_work\DialogG2\src\engine\MeteringBusController.cpp:283)
[2026-09-20 11:45:36.204] [DEBUG] [tid:2248] Metering TX: 02 03 00 30 00 30 45 e2 (C:\Qt_work\DialogG2\src\engine\MeteringBusController.cpp:283)
[2026-09-20 11:45:36.341] [DEBUG] [tid:2248] Metering TX: 02 03 00 90 00 30 45 c0 (C:\Qt_work\DialogG2\src\engine\MeteringBusController.cpp:283)
[2026-09-20 11:45:36.469] [DEBUG] [tid:2248] Metering TX: 04 03 00 11 00 20 14 42 (C:\Qt_work\DialogG2\src\engine\MeteringBusController.cpp:283)
[2026-09-20 11:45:36.910] [DEBUG] [tid:2248] Metering TX: 06 03 00 0b 00 07 74 7d (C:\Qt_work\DialogG2\src\engine\MeteringBusController.cpp:283)
[2026-09-20 11:45:36.947] [DEBUG] [tid:2248] Metering TX: 02 03 00 c0 00 30 45 d1 (C:\Qt_work\DialogG2\src\engine\MeteringBusController.cpp:283)
[2026-09-20 11:45:37.211] [DEBUG] [tid:2248] Metering TX: 02 03 00 30 00 30 45 e2 (C:\Qt_work\DialogG2\src\engine\MeteringBusController.cpp:283)
[2026-09-20 11:45:37.347] [DEBUG] [tid:2248] Metering TX: 02 03 00 90 00 30 45 c0 (C:\Qt_work\DialogG2\src\engine\MeteringBusController.cpp:283)
[2026-09-20 11:45:37.475] [DEBUG] [tid:2248] Metering TX: 04 03 00 11 00 20 14 42 (C:\Qt_work\DialogG2\src\engine\MeteringBusController.cpp:283)
[2026-09-20 11:45:37.729] [DEBUG] [tid:2248] Metering TX: dd a5 03 00 ff fd 77 (C:\Qt_work\DialogG2\src\engine\MeteringBusController.cpp:283)
[2026-09-20 11:45:37.966] [DEBUG] [tid:2248] Metering TX: 06 03 00 0b 00 07 74 7d (C:\Qt_work\DialogG2\src\engine\MeteringBusController.cpp:283)
[2026-09-20 11:45:38.018] [DEBUG] [tid:2248] Metering TX: 02 03 00 c0 00 30 45 d1 (C:\Qt_work\DialogG2\src\engine\MeteringBusController.cpp:283)
[2026-09-20 11:45:38.147] [DEBUG] [tid:2248] Metering TX: 02 03 00 30 00 30 45 e2 (C:\Qt_work\DialogG2\src\engine\MeteringBusController.cpp:283)
[2026-09-20 11:45:38.274] [DEBUG] [tid:2248] Metering TX: 02 03 00 90 00 30 45 c0 (C:\Qt_work\DialogG2\src\engine\MeteringBusController.cpp:283)
[2026-09-20 11:45:38.402] [DEBUG] [tid:2248] Metering TX: 04 03 00 11 00 20 14 42 (C:\Qt_work\DialogG2\src\engine\MeteringBusController.cpp:283)
[2026-09-20 11:45:38.974] [DEBUG] [tid:2248] Metering TX: 06 03 00 0b 00 07 74 7d (C:\Qt_work\DialogG2\src\engine\MeteringBusController.cpp:283)
[2026-09-20 11:45:39.024] [DEBUG] [tid:2248] Metering TX: 02 03 00 c0 00 30 45 d1 (C:\Qt_work\DialogG2\src\engine\MeteringBusController.cpp:283)
[2026-09-20 11:45:39.152] [DEBUG] [tid:2248] Metering TX: 02 03 00 30 00 30 45 e2 (C:\Qt_work\DialogG2\src\engine\MeteringBusController.cpp:283)
[2026-09-20 11:45:39.281] [DEBUG] [tid:2248] Metering TX: 02 03 00 90 00 30 45 c0 (C:\Qt_work\DialogG2\src\engine\MeteringBusController.cpp:283)
[2026-09-20 11:45:39.409] [DEBUG] [tid:2248] Metering TX: 04 03 00 11 00 20 14 42 (C:\Qt_work\DialogG2\src\engine\MeteringBusController.cpp:283)
[2026-09-20 11:45:39.553] [DEBUG] [tid:2248] Metering TX: 05 03 03 00 00 02 c5 cb (C:\Qt_work\DialogG2\src\engine\MeteringBusController.cpp:283)
[2026-09-20 11:45:39.832] [DEBUG] [tid:2248] Metering TX: dd a5 03 00 ff fd 77 (C:\Qt_work\DialogG2\src\engine\MeteringBusController.cpp:283)
[2026-09-20 11:45:40.035] [DEBUG] [tid:2248] Metering TX: 06 03 00 0b 00 07 74 7d (C:\Qt_work\DialogG2\src\engine\MeteringBusController.cpp:283)
[2026-09-20 11:45:40.080] [DEBUG] [tid:2248] Metering TX: 02 03 00 c0 00 30 45 d1 (C:\Qt_work\DialogG2\src\engine\MeteringBusController.cpp:283)
[2026-09-20 11:45:40.207] [DEBUG] [tid:2248] Metering TX: 02 03 00 30 00 30 45 e2 (C:\Qt_work\DialogG2\src\engine\MeteringBusController.cpp:283)
[2026-09-20 11:45:40.335] [DEBUG] [tid:2248] Metering TX: 02 03 00 90 00 30 45 c0 (C:\Qt_work\DialogG2\src\engine\MeteringBusController.cpp:283)
[2026-09-20 11:45:40.463] [DEBUG] [tid:2248] Metering TX: 04 03 00 11 00 20 14 42 (C:\Qt_work\DialogG2\src\engine\MeteringBusController.cpp:283)
[2026-09-20 11:45:41.091] [DEBUG] [tid:2248] Metering TX: 06 03 00 0b 00 07 74 7d (C:\Qt_work\DialogG2\src\engine\MeteringBusController.cpp:283)
[2026-09-20 11:45:41.134] [DEBUG] [tid:2248] Metering TX: 02 03 00 c0 00 30 45 d1 (C:\Qt_work\DialogG2\src\engine\MeteringBusController.cpp:283)
[2026-09-20 11:45:41.263] [DEBUG] [tid:2248] Metering TX: 02 03 00 30 00 30 45 e2 (C:\Qt_work\DialogG2\src\engine\MeteringBusController.cpp:283)
[2026-09-20 11:45:41.391] [DEBUG] [tid:2248] Metering TX: 02 03 00 90 00 30 45 c0 (C:\Qt_work\DialogG2\src\engine\MeteringBusController.cpp:283)
[2026-09-20 11:45:41.517] [DEBUG] [tid:2248] Metering TX: 04 03 00 11 00 20 14 42 (C:\Qt_work\DialogG2\src\engine\MeteringBusController.cpp:283)
[2026-09-20 11:45:41.645] [DEBUG] [tid:2248] Metering TX: dd a5 03 00 ff fd 77 (C:\Qt_work\DialogG2\src\engine\MeteringBusController.cpp:283)
[2026-09-20 11:45:42.100] [DEBUG] [tid:2248] Metering TX: 06 03 00 0b 00 07 74 7d (C:\Qt_work\DialogG2\src\engine\MeteringBusController.cpp:283)
[2026-09-20 11:45:42.141] [DEBUG] [tid:2248] Metering TX: 02 03 00 c0 00 30 45 d1 (C:\Qt_work\DialogG2\src\engine\MeteringBusController.cpp:283)
[2026-09-20 11:45:42.268] [DEBUG] [tid:2248] Metering TX: 02 03 00 30 00 30 45 e2 (C:\Qt_work\DialogG2\src\engine\MeteringBusController.cpp:283)
[2026-09-20 11:45:42.397] [DEBUG] [tid:2248] Metering TX: 02 03 00 90 00 30 45 c0 (C:\Qt_work\DialogG2\src\engine\MeteringBusController.cpp:283)
[2026-09-20 11:45:42.525] [DEBUG] [tid:2248] Metering TX: 04 03 00 11 00 20 14 42 (C:\Qt_work\DialogG2\src\engine\MeteringBusController.cpp:283)
[2026-09-20 11:45:43.155] [DEBUG] [tid:2248] Metering TX: 06 03 00 0b 00 07 74 7d (C:\Qt_work\DialogG2\src\engine\MeteringBusController.cpp:283)
[2026-09-20 11:45:43.196] [DEBUG] [tid:2248] Metering TX: 02 03 00 c0 00 30 45 d1 (C:\Qt_work\DialogG2\src\engine\MeteringBusController.cpp:283)
[2026-09-20 11:45:43.324] [DEBUG] [tid:2248] Metering TX: 02 03 00 30 00 30 45 e2 (C:\Qt_work\DialogG2\src\engine\MeteringBusController.cpp:283)
[2026-09-20 11:45:43.451] [DEBUG] [tid:2248] Metering TX: 02 03 00 90 00 30 45 c0 (C:\Qt_work\DialogG2\src\engine\MeteringBusController.cpp:283)
[2026-09-20 11:45:43.579] [DEBUG] [tid:2248] Metering TX: 04 03 00 11 00 20 14 42 (C:\Qt_work\DialogG2\src\engine\MeteringBusController.cpp:283)
[2026-09-20 11:45:43.707] [DEBUG] [tid:2248] Metering TX: dd a5 03 00 ff fd 77 (C:\Qt_work\DialogG2\src\engine\MeteringBusController.cpp:283)
[2026-09-20 11:45:43.977] [DEBUG] [tid:2248] Metering TX: dd a5 04 00 ff fc 77 (C:\Qt_work\DialogG2\src\engine\MeteringBusController.cpp:283)
[2026-09-20 11:45:44.166] [DEBUG] [tid:2248] Metering TX: 06 03 00 0b 00 07 74 7d (C:\Qt_work\DialogG2\src\engine\MeteringBusController.cpp:283)
[2026-09-20 11:45:44.202] [DEBUG] [tid:2248] Metering TX: 02 03 00 c0 00 30 45 d1 (C:\Qt_work\DialogG2\src\engine\MeteringBusController.cpp:283)
[2026-09-20 11:45:44.346] [DEBUG] [tid:2248] Metering TX: 02 03 00 30 00 30 45 e2 (C:\Qt_work\DialogG2\src\engine\MeteringBusController.cpp:283)
[2026-09-20 11:45:44.475] [DEBUG] [tid:2248] Metering TX: 02 03 00 90 00 30 45 c0 (C:\Qt_work\DialogG2\src\engine\MeteringBusController.cpp:283)
[2026-09-20 11:45:44.602] [DEBUG] [tid:2248] Metering TX: 04 03 00 11 00 20 14 42 (C:\Qt_work\DialogG2\src\engine\MeteringBusController.cpp:283)
[2026-09-20 11:45:44.731] [DEBUG] [tid:2248] Metering TX: 05 03 03 00 00 02 c5 cb (C:\Qt_work\DialogG2\src\engine\MeteringBusController.cpp:283)
[2026-09-20 11:45:45.175] [DEBUG] [tid:2248] Metering TX: 06 03 00 0b 00 07 74 7d (C:\Qt_work\DialogG2\src\engine\MeteringBusController.cpp:283)
[2026-09-20 11:45:45.237] [DEBUG] [tid:2248] Metering TX: 02 03 00 c0 00 30 45 d1 (C:\Qt_work\DialogG2\src\engine\MeteringBusController.cpp:283)
[2026-09-20 11:45:45.369] [DEBUG] [tid:2248] Metering TX: 02 03 00 30 00 30 45 e2 (C:\Qt_work\DialogG2\src\engine\MeteringBusController.cpp:283)
[2026-09-20 11:45:45.498] [DEBUG] [tid:2248] Metering TX: 02 03 00 90 00 30 45 c0 (C:\Qt_work\DialogG2\src\engine\MeteringBusController.cpp:283)
[2026-09-20 11:45:45.625] [DEBUG] [tid:2248] Metering TX: 04 03 00 11 00 20 14 42 (C:\Qt_work\DialogG2\src\engine\MeteringBusController.cpp:283)
[2026-09-20 11:45:45.753] [DEBUG] [tid:2248] Metering TX: dd a5 03 00 ff fd 77 (C:\Qt_work\DialogG2\src\engine\MeteringBusController.cpp:283)
[2026-09-20 11:45:46.229] [DEBUG] [tid:2248] Metering TX: 06 03 00 0b 00 07 74 7d (C:\Qt_work\DialogG2\src\engine\MeteringBusController.cpp:283)
[2026-09-20 11:45:46.264] [DEBUG] [tid:2248] Metering TX: 02 03 00 c0 00 30 45 d1 (C:\Qt_work\DialogG2\src\engine\MeteringBusController.cpp:283)
[2026-09-20 11:45:46.392] [DEBUG] [tid:2248] Metering TX: 02 03 00 30 00 30 45 e2 (C:\Qt_work\DialogG2\src\engine\MeteringBusController.cpp:283)
[2026-09-20 11:45:46.520] [DEBUG] [tid:2248] Metering TX: 02 03 00 90 00 30 45 c0 (C:\Qt_work\DialogG2\src\engine\MeteringBusController.cpp:283)
[2026-09-20 11:45:46.647] [DEBUG] [tid:2248] Metering TX: 04 03 00 11 00 20 14 42 (C:\Qt_work\DialogG2\src\engine\MeteringBusController.cpp:283)
[2026-09-20 11:45:47.247] [DEBUG] [tid:2248] Metering TX: 06 03 00 0b 00 07 74 7d (C:\Qt_work\DialogG2\src\engine\MeteringBusController.cpp:283)
[2026-09-20 11:45:47.288] [DEBUG] [tid:2248] Metering TX: 02 03 00 c0 00 30 45 d1 (C:\Qt_work\DialogG2\src\engine\MeteringBusController.cpp:283)
[2026-09-20 11:45:47.415] [DEBUG] [tid:2248] Metering TX: 02 03 00 30 00 30 45 e2 (C:\Qt_work\DialogG2\src\engine\MeteringBusController.cpp:283)
[2026-09-20 11:45:47.542] [DEBUG] [tid:2248] Metering TX: 02 03 00 90 00 30 45 c0 (C:\Qt_work\DialogG2\src\engine\MeteringBusController.cpp:283)
[2026-09-20 11:45:47.670] [DEBUG] [tid:2248] Metering TX: 04 03 00 11 00 20 14 42 (C:\Qt_work\DialogG2\src\engine\MeteringBusController.cpp:283)
[2026-09-20 11:45:47.798] [DEBUG] [tid:2248] Metering TX: dd a5 03 00 ff fd 77 (C:\Qt_work\DialogG2\src\engine\MeteringBusController.cpp:283)
[2026-09-20 11:45:48.260] [DEBUG] [tid:2248] Metering TX: 06 03 00 0b 00 07 74 7d (C:\Qt_work\DialogG2\src\engine\MeteringBusController.cpp:283)
[2026-09-20 11:45:48.309] [DEBUG] [tid:2248] Metering TX: 02 03 00 c0 00 30 45 d1 (C:\Qt_work\DialogG2\src\engine\MeteringBusController.cpp:283)
[2026-09-20 11:45:48.437] [DEBUG] [tid:2248] Metering TX: 02 03 00 30 00 30 45 e2 (C:\Qt_work\DialogG2\src\engine\MeteringBusController.cpp:283)
[2026-09-20 11:45:48.565] [DEBUG] [tid:2248] Metering TX: 02 03 00 90 00 30 45 c0 (C:\Qt_work\DialogG2\src\engine\MeteringBusController.cpp:283)
[2026-09-20 11:45:48.693] [DEBUG] [tid:2248] Metering TX: 04 03 00 11 00 20 14 42 (C:\Qt_work\DialogG2\src\engine\MeteringBusController.cpp:283)
[2026-09-20 11:45:49.287] [DEBUG] [tid:2248] Metering TX: 06 03 00 0b 00 07 74 7d (C:\Qt_work\DialogG2\src\engine\MeteringBusController.cpp:283)
[2026-09-20 11:45:49.332] [DEBUG] [tid:2248] Metering TX: 02 03 00 c0 00 30 45 d1 (C:\Qt_work\DialogG2\src\engine\MeteringBusController.cpp:283)
[2026-09-20 11:45:49.460] [DEBUG] [tid:2248] Metering TX: 02 03 00 30 00 30 45 e2 (C:\Qt_work\DialogG2\src\engine\MeteringBusController.cpp:283)
[2026-09-20 11:45:49.587] [DEBUG] [tid:2248] Metering TX: 02 03 00 90 00 30 45 c0 (C:\Qt_work\DialogG2\src\engine\MeteringBusController.cpp:283)
[2026-09-20 11:45:49.715] [DEBUG] [tid:2248] Metering TX: 04 03 00 11 00 20 14 42 (C:\Qt_work\DialogG2\src\engine\MeteringBusController.cpp:283)
[2026-09-20 11:45:49.843] [DEBUG] [tid:2248] Metering TX: 05 03 03 00 00 02 c5 cb (C:\Qt_work\DialogG2\src\engine\MeteringBusController.cpp:283)
[2026-09-20 11:45:50.097] [DEBUG] [tid:2248] Metering TX: dd a5 03 00 ff fd 77 (C:\Qt_work\DialogG2\src\engine\MeteringBusController.cpp:283)
[2026-09-20 11:45:50.333] [DEBUG] [tid:2248] Metering TX: 06 03 00 0b 00 07 74 7d (C:\Qt_work\DialogG2\src\engine\MeteringBusController.cpp:283)
[2026-09-20 11:45:50.372] [DEBUG] [tid:2248] Metering TX: 02 03 00 c0 00 30 45 d1 (C:\Qt_work\DialogG2\src\engine\MeteringBusController.cpp:283)
[2026-09-20 11:45:50.498] [DEBUG] [tid:2248] Metering TX: 02 03 00 30 00 30 45 e2 (C:\Qt_work\DialogG2\src\engine\MeteringBusController.cpp:283)
[2026-09-20 11:45:50.626] [DEBUG] [tid:2248] Metering TX: 02 03 00 90 00 30 45 c0 (C:\Qt_work\DialogG2\src\engine\MeteringBusController.cpp:283)
[2026-09-20 11:45:50.755] [DEBUG] [tid:2248] Metering TX: 04 03 00 11 00 20 14 42 (C:\Qt_work\DialogG2\src\engine\MeteringBusController.cpp:283)
[2026-09-20 11:45:51.291] [DEBUG] [tid:2248] Metering TX: dd a5 03 00 ff fd 77 (C:\Qt_work\DialogG2\src\engine\MeteringBusController.cpp:283)
[2026-09-20 11:45:51.378] [DEBUG] [tid:2248] Metering TX: 06 03 00 0b 00 07 74 7d (C:\Qt_work\DialogG2\src\engine\MeteringBusController.cpp:283)
[2026-09-20 11:45:51.426] [DEBUG] [tid:2248] Metering TX: 02 03 00 c0 00 30 45 d1 (C:\Qt_work\DialogG2\src\engine\MeteringBusController.cpp:283)
[2026-09-20 11:45:51.553] [DEBUG] [tid:2248] Metering TX: 02 03 00 30 00 30 45 e2 (C:\Qt_work\DialogG2\src\engine\MeteringBusController.cpp:283)
[2026-09-20 11:45:51.698] [DEBUG] [tid:2248] Metering TX: 02 03 00 90 00 30 45 c0 (C:\Qt_work\DialogG2\src\engine\MeteringBusController.cpp:283)
[2026-09-20 11:45:51.825] [DEBUG] [tid:2248] Metering TX: 04 03 00 11 00 20 14 42 (C:\Qt_work\DialogG2\src\engine\MeteringBusController.cpp:283)
[2026-09-20 11:45:52.402] [DEBUG] [tid:2248] Metering TX: 06 03 00 0b 00 07 74 7d (C:\Qt_work\DialogG2\src\engine\MeteringBusController.cpp:283)
[2026-09-20 11:45:52.449] [DEBUG] [tid:2248] Metering TX: 02 03 00 c0 00 30 45 d1 (C:\Qt_work\DialogG2\src\engine\MeteringBusController.cpp:283)
[2026-09-20 11:45:52.575] [DEBUG] [tid:2248] Metering TX: 02 03 00 30 00 30 45 e2 (C:\Qt_work\DialogG2\src\engine\MeteringBusController.cpp:283)
[2026-09-20 11:45:52.703] [DEBUG] [tid:2248] Metering TX: 02 03 00 90 00 30 45 c0 (C:\Qt_work\DialogG2\src\engine\MeteringBusController.cpp:283)
[2026-09-20 11:45:52.833] [DEBUG] [tid:2248] Metering TX: 04 03 00 11 00 20 14 42 (C:\Qt_work\DialogG2\src\engine\MeteringBusController.cpp:283)
[2026-09-20 11:45:53.304] [DEBUG] [tid:2248] Metering TX: dd a5 03 00 ff fd 77 (C:\Qt_work\DialogG2\src\engine\MeteringBusController.cpp:283)
[2026-09-20 11:45:53.411] [DEBUG] [tid:2248] Metering TX: 06 03 00 0b 00 07 74 7d (C:\Qt_work\DialogG2\src\engine\MeteringBusController.cpp:283)
[2026-09-20 11:45:53.454] [DEBUG] [tid:2248] Metering TX: 02 03 00 c0 00 30 45 d1 (C:\Qt_work\DialogG2\src\engine\MeteringBusController.cpp:283)
[2026-09-20 11:45:53.583] [DEBUG] [tid:2248] Metering TX: 02 03 00 30 00 30 45 e2 (C:\Qt_work\DialogG2\src\engine\MeteringBusController.cpp:283)
[2026-09-20 11:45:53.710] [DEBUG] [tid:2248] Metering TX: 02 03 00 90 00 30 45 c0 (C:\Qt_work\DialogG2\src\engine\MeteringBusController.cpp:283)
[2026-09-20 11:45:53.839] [DEBUG] [tid:2248] Metering TX: 04 03 00 11 00 20 14 42 (C:\Qt_work\DialogG2\src\engine\MeteringBusController.cpp:283)
[2026-09-20 11:45:54.037] [DEBUG] [tid:2248] Metering TX: dd a5 04 00 ff fc 77 (C:\Qt_work\DialogG2\src\engine\MeteringBusController.cpp:283)
[2026-09-20 11:45:54.304] [DEBUG] [tid:2248] Metering TX: 05 03 03 00 00 02 c5 cb (C:\Qt_work\DialogG2\src\engine\MeteringBusController.cpp:283)
[2026-09-20 11:45:54.554] [DEBUG] [tid:2248] Metering TX: 06 03 00 0b 00 07 74 7d (C:\Qt_work\DialogG2\src\engine\MeteringBusController.cpp:283)
[2026-09-20 11:45:54.589] [DEBUG] [tid:2248] Metering TX: 02 03 00 c0 00 30 45 d1 (C:\Qt_work\DialogG2\src\engine\MeteringBusController.cpp:283)
[2026-09-20 11:45:54.850] [DEBUG] [tid:2248] Metering TX: 02 03 00 30 00 30 45 e2 (C:\Qt_work\DialogG2\src\engine\MeteringBusController.cpp:283)
[2026-09-20 11:45:54.988] [DEBUG] [tid:2248] Metering TX: 02 03 00 90 00 30 45 c0 (C:\Qt_work\DialogG2\src\engine\MeteringBusController.cpp:283)
[2026-09-20 11:45:55.116] [DEBUG] [tid:2248] Metering TX: 04 03 00 11 00 20 14 42 (C:\Qt_work\DialogG2\src\engine\MeteringBusController.cpp:283)
[2026-09-20 11:45:55.304] [DEBUG] [tid:2248] Metering TX: dd a5 03 00 ff fd 77 (C:\Qt_work\DialogG2\src\engine\MeteringBusController.cpp:283)
[2026-09-20 11:45:55.413] [DEBUG] [tid:2248] Metering TX: 06 03 00 0b 00 07 74 7d (C:\Qt_work\DialogG2\src\engine\MeteringBusController.cpp:283)
[2026-09-20 11:45:55.452] [DEBUG] [tid:2248] Metering TX: 02 03 00 c0 00 30 45 d1 (C:\Qt_work\DialogG2\src\engine\MeteringBusController.cpp:283)
[2026-09-20 11:45:55.579] [DEBUG] [tid:2248] Metering TX: 02 03 00 30 00 30 45 e2 (C:\Qt_work\DialogG2\src\engine\MeteringBusController.cpp:283)
[2026-09-20 11:45:55.710] [DEBUG] [tid:2248] Metering TX: 02 03 00 90 00 30 45 c0 (C:\Qt_work\DialogG2\src\engine\MeteringBusController.cpp:283)
[2026-09-20 11:45:55.835] [DEBUG] [tid:2248] Metering TX: 04 03 00 11 00 20 14 42 (C:\Qt_work\DialogG2\src\engine\MeteringBusController.cpp:283)
[2026-09-20 11:45:56.471] [DEBUG] [tid:2248] Metering TX: 06 03 00 0b 00 07 74 7d (C:\Qt_work\DialogG2\src\engine\MeteringBusController.cpp:283)
[2026-09-20 11:45:56.507] [DEBUG] [tid:2248] Metering TX: 02 03 00 c0 00 30 45 d1 (C:\Qt_work\DialogG2\src\engine\MeteringBusController.cpp:283)
[2026-09-20 11:45:56.787] [DEBUG] [tid:2248] Metering TX: 02 03 00 30 00 30 45 e2 (C:\Qt_work\DialogG2\src\engine\MeteringBusController.cpp:283)
[2026-09-20 11:45:56.923] [DEBUG] [tid:2248] Metering TX: 02 03 00 90 00 30 45 c0 (C:\Qt_work\DialogG2\src\engine\MeteringBusController.cpp:283)
[2026-09-20 11:45:57.051] [DEBUG] [tid:2248] Metering TX: 04 03 00 11 00 20 14 42 (C:\Qt_work\DialogG2\src\engine\MeteringBusController.cpp:283)
[2026-09-20 11:45:57.306] [DEBUG] [tid:2248] Metering TX: dd a5 03 00 ff fd 77 (C:\Qt_work\DialogG2\src\engine\MeteringBusController.cpp:283)
[2026-09-20 11:45:57.480] [DEBUG] [tid:2248] Metering TX: 06 03 00 0b 00 07 74 7d (C:\Qt_work\DialogG2\src\engine\MeteringBusController.cpp:283)
[2026-09-20 11:45:57.529] [DEBUG] [tid:2248] Metering TX: 02 03 00 c0 00 30 45 d1 (C:\Qt_work\DialogG2\src\engine\MeteringBusController.cpp:283)
[2026-09-20 11:45:57.658] [DEBUG] [tid:2248] Metering TX: 02 03 00 30 00 30 45 e2 (C:\Qt_work\DialogG2\src\engine\MeteringBusController.cpp:283)
[2026-09-20 11:45:57.785] [DEBUG] [tid:2248] Metering TX: 02 03 00 90 00 30 45 c0 (C:\Qt_work\DialogG2\src\engine\MeteringBusController.cpp:283)
[2026-09-20 11:45:57.913] [DEBUG] [tid:2248] Metering TX: 04 03 00 11 00 20 14 42 (C:\Qt_work\DialogG2\src\engine\MeteringBusController.cpp:283)
[2026-09-20 11:45:58.484] [DEBUG] [tid:2248] Metering TX: 06 03 00 0b 00 07 74 7d (C:\Qt_work\DialogG2\src\engine\MeteringBusController.cpp:283)
[2026-09-20 11:45:58.521] [DEBUG] [tid:2248] Metering TX: 02 03 00 c0 00 30 45 d1 (C:\Qt_work\DialogG2\src\engine\MeteringBusController.cpp:283)
[2026-09-20 11:45:58.648] [DEBUG] [tid:2248] Metering TX: 02 03 00 30 00 30 45 e2 (C:\Qt_work\DialogG2\src\engine\MeteringBusController.cpp:283)
[2026-09-20 11:45:58.776] [DEBUG] [tid:2248] Metering TX: 02 03 00 90 00 30 45 c0 (C:\Qt_work\DialogG2\src\engine\MeteringBusController.cpp:283)
[2026-09-20 11:45:58.904] [DEBUG] [tid:2248] Metering TX: 04 03 00 11 00 20 14 42 (C:\Qt_work\DialogG2\src\engine\MeteringBusController.cpp:283)
[2026-09-20 11:45:59.306] [DEBUG] [tid:2248] Metering TX: 05 03 03 00 00 02 c5 cb (C:\Qt_work\DialogG2\src\engine\MeteringBusController.cpp:283)
[2026-09-20 11:45:59.561] [DEBUG] [tid:2248] Metering TX: dd a5 03 00 ff fd 77 (C:\Qt_work\DialogG2\src\engine\MeteringBusController.cpp:283)
[2026-09-20 11:45:59.655] [DEBUG] [tid:2248] Metering TX: 06 03 00 0b 00 07 74 7d (C:\Qt_work\DialogG2\src\engine\MeteringBusController.cpp:283)
[2026-09-20 11:45:59.703] [DEBUG] [tid:2248] Metering TX: 02 03 00 c0 00 30 45 d1 (C:\Qt_work\DialogG2\src\engine\MeteringBusController.cpp:283)
[2026-09-20 11:45:59.848] [DEBUG] [tid:2248] Metering TX: 02 03 00 30 00 30 45 e2 (C:\Qt_work\DialogG2\src\engine\MeteringBusController.cpp:283)
[2026-09-20 11:45:59.974] [DEBUG] [tid:2248] Metering TX: 02 03 00 90 00 30 45 c0 (C:\Qt_work\DialogG2\src\engine\MeteringBusController.cpp:283)
[2026-09-20 11:46:00.104] [DEBUG] [tid:2248] Metering TX: 04 03 00 11 00 20 14 42 (C:\Qt_work\DialogG2\src\engine\MeteringBusController.cpp:283)
[2026-09-20 11:46:00.499] [DEBUG] [tid:2248] Metering TX: 06 03 00 0b 00 07 74 7d (C:\Qt_work\DialogG2\src\engine\MeteringBusController.cpp:283)
[2026-09-20 11:46:00.549] [DEBUG] [tid:2248] Metering TX: 02 03 00 c0 00 30 45 d1 (C:\Qt_work\DialogG2\src\engine\MeteringBusController.cpp:283)
[2026-09-20 11:46:00.678] [DEBUG] [tid:2248] Metering TX: 02 03 00 30 00 30 45 e2 (C:\Qt_work\DialogG2\src\engine\MeteringBusController.cpp:283)
[2026-09-20 11:46:00.808] [DEBUG] [tid:2248] Metering TX: 02 03 00 90 00 30 45 c0 (C:\Qt_work\DialogG2\src\engine\MeteringBusController.cpp:283)
[2026-09-20 11:46:00.934] [DEBUG] [tid:2248] Metering TX: 04 03 00 11 00 20 14 42 (C:\Qt_work\DialogG2\src\engine\MeteringBusController.cpp:283)
[2026-09-20 11:46:01.315] [DEBUG] [tid:2248] Metering TX: dd a5 03 00 ff fd 77 (C:\Qt_work\DialogG2\src\engine\MeteringBusController.cpp:283)
[2026-09-20 11:46:01.503] [DEBUG] [tid:2248] Metering TX: 06 03 00 0b 00 07 74 7d (C:\Qt_work\DialogG2\src\engine\MeteringBusController.cpp:283)
[2026-09-20 11:46:01.541] [DEBUG] [tid:2248] Metering TX: 02 03 00 c0 00 30 45 d1 (C:\Qt_work\DialogG2\src\engine\MeteringBusController.cpp:283)
[2026-09-20 11:46:01.805] [DEBUG] [tid:2248] Metering TX: 02 03 00 30 00 30 45 e2 (C:\Qt_work\DialogG2\src\engine\MeteringBusController.cpp:283)
[2026-09-20 11:46:01.940] [DEBUG] [tid:2248] Metering TX: 02 03 00 90 00 30 45 c0 (C:\Qt_work\DialogG2\src\engine\MeteringBusController.cpp:283)
[2026-09-20 11:46:02.068] [DEBUG] [tid:2248] Metering TX: 04 03 00 11 00 20 14 42 (C:\Qt_work\DialogG2\src\engine\MeteringBusController.cpp:283)
[2026-09-20 11:46:02.507] [DEBUG] [tid:2248] Metering TX: 06 03 00 0b 00 07 74 7d (C:\Qt_work\DialogG2\src\engine\MeteringBusController.cpp:283)
[2026-09-20 11:46:02.547] [DEBUG] [tid:2248] Metering TX: 02 03 00 c0 00 30 45 d1 (C:\Qt_work\DialogG2\src\engine\MeteringBusController.cpp:283)
[2026-09-20 11:46:02.676] [DEBUG] [tid:2248] Metering TX: 02 03 00 30 00 30 45 e2 (C:\Qt_work\DialogG2\src\engine\MeteringBusController.cpp:283)
[2026-09-20 11:46:02.818] [DEBUG] [tid:2248] Metering TX: 02 03 00 90 00 30 45 c0 (C:\Qt_work\DialogG2\src\engine\MeteringBusController.cpp:283)
[2026-09-20 11:46:02.948] [DEBUG] [tid:2248] Metering TX: 04 03 00 11 00 20 14 42 (C:\Qt_work\DialogG2\src\engine\MeteringBusController.cpp:283)
[2026-09-20 11:46:03.323] [DEBUG] [tid:2248] Metering TX: dd a5 03 00 ff fd 77 (C:\Qt_work\DialogG2\src\engine\MeteringBusController.cpp:283)
[2026-09-20 11:46:03.511] [DEBUG] [tid:2248] Metering TX: 06 03 00 0b 00 07 74 7d (C:\Qt_work\DialogG2\src\engine\MeteringBusController.cpp:283)
[2026-09-20 11:46:03.555] [DEBUG] [tid:2248] Metering TX: 02 03 00 c0 00 30 45 d1 (C:\Qt_work\DialogG2\src\engine\MeteringBusController.cpp:283)
[2026-09-20 11:46:03.699] [DEBUG] [tid:2248] Metering TX: 02 03 00 30 00 30 45 e2 (C:\Qt_work\DialogG2\src\engine\MeteringBusController.cpp:283)
[2026-09-20 11:46:03.825] [DEBUG] [tid:2248] Metering TX: 02 03 00 90 00 30 45 c0 (C:\Qt_work\DialogG2\src\engine\MeteringBusController.cpp:283)
[2026-09-20 11:46:03.954] [DEBUG] [tid:2248] Metering TX: 04 03 00 11 00 20 14 42 (C:\Qt_work\DialogG2\src\engine\MeteringBusController.cpp:283)
[2026-09-20 11:46:04.081] [DEBUG] [tid:2248] Metering TX: dd a5 04 00 ff fc 77 (C:\Qt_work\DialogG2\src\engine\MeteringBusController.cpp:283)
[2026-09-20 11:46:04.333] [DEBUG] [tid:2248] Metering TX: 05 03 03 00 00 02 c5 cb (C:\Qt_work\DialogG2\src\engine\MeteringBusController.cpp:283)
[2026-09-20 11:46:04.573] [DEBUG] [tid:2248] Metering TX: 06 03 00 0b 00 07 74 7d (C:\Qt_work\DialogG2\src\engine\MeteringBusController.cpp:283)
[2026-09-20 11:46:04.609] [DEBUG] [tid:2248] Metering TX: 02 03 00 c0 00 30 45 d1 (C:\Qt_work\DialogG2\src\engine\MeteringBusController.cpp:283)
[2026-09-20 11:46:04.860] [DEBUG] [tid:2248] Metering TX: 02 03 00 30 00 30 45 e2 (C:\Qt_work\DialogG2\src\engine\MeteringBusController.cpp:283)
[2026-09-20 11:46:04.993] [DEBUG] [tid:2248] Metering TX: 02 03 00 90 00 30 45 c0 (C:\Qt_work\DialogG2\src\engine\MeteringBusController.cpp:283)
[2026-09-20 11:46:05.122] [DEBUG] [tid:2248] Metering TX: 04 03 00 11 00 20 14 42 (C:\Qt_work\DialogG2\src\engine\MeteringBusController.cpp:283)
[2026-09-20 11:46:05.378] [DEBUG] [tid:2248] Metering TX: dd a5 03 00 ff fd 77 (C:\Qt_work\DialogG2\src\engine\MeteringBusController.cpp:283)
[2026-09-20 11:46:05.578] [DEBUG] [tid:2248] Metering TX: 06 03 00 0b 00 07 74 7d (C:\Qt_work\DialogG2\src\engine\MeteringBusController.cpp:283)
[2026-09-20 11:46:05.615] [DEBUG] [tid:2248] Metering TX: 02 03 00 c0 00 30 45 d1 (C:\Qt_work\DialogG2\src\engine\MeteringBusController.cpp:283)
[2026-09-20 11:46:05.865] [DEBUG] [tid:2248] Metering TX: 02 03 00 30 00 30 45 e2 (C:\Qt_work\DialogG2\src\engine\MeteringBusController.cpp:283)
[2026-09-20 11:46:05.999] [DEBUG] [tid:2248] Metering TX: 02 03 00 90 00 30 45 c0 (C:\Qt_work\DialogG2\src\engine\MeteringBusController.cpp:283)
[2026-09-20 11:46:06.127] [DEBUG] [tid:2248] Metering TX: 04 03 00 11 00 20 14 42 (C:\Qt_work\DialogG2\src\engine\MeteringBusController.cpp:283)
[2026-09-20 11:46:06.583] [DEBUG] [tid:2248] Metering TX: 06 03 00 0b 00 07 74 7d (C:\Qt_work\DialogG2\src\engine\MeteringBusController.cpp:283)
[2026-09-20 11:46:06.622] [DEBUG] [tid:2248] Metering TX: 02 03 00 c0 00 30 45 d1 (C:\Qt_work\DialogG2\src\engine\MeteringBusController.cpp:283)
[2026-09-20 11:46:06.750] [DEBUG] [tid:2248] Metering TX: 02 03 00 30 00 30 45 e2 (C:\Qt_work\DialogG2\src\engine\MeteringBusController.cpp:283)
[2026-09-20 11:46:06.878] [DEBUG] [tid:2248] Metering TX: 02 03 00 90 00 30 45 c0 (C:\Qt_work\DialogG2\src\engine\MeteringBusController.cpp:283)
[2026-09-20 11:46:07.005] [DEBUG] [tid:2248] Metering TX: 04 03 00 11 00 20 14 42 (C:\Qt_work\DialogG2\src\engine\MeteringBusController.cpp:283)
[2026-09-20 11:46:07.388] [DEBUG] [tid:2248] Metering TX: dd a5 03 00 ff fd 77 (C:\Qt_work\DialogG2\src\engine\MeteringBusController.cpp:283)
[2026-09-20 11:46:07.641] [DEBUG] [tid:2248] Metering TX: 06 03 00 0b 00 07 74 7d (C:\Qt_work\DialogG2\src\engine\MeteringBusController.cpp:283)
[2026-09-20 11:46:07.693] [DEBUG] [tid:2248] Metering TX: 02 03 00 c0 00 30 45 d1 (C:\Qt_work\DialogG2\src\engine\MeteringBusController.cpp:283)
[2026-09-20 11:46:07.820] [DEBUG] [tid:2248] Metering TX: 02 03 00 30 00 30 45 e2 (C:\Qt_work\DialogG2\src\engine\MeteringBusController.cpp:283)
[2026-09-20 11:46:07.949] [DEBUG] [tid:2248] Metering TX: 02 03 00 90 00 30 45 c0 (C:\Qt_work\DialogG2\src\engine\MeteringBusController.cpp:283)
[2026-09-20 11:46:08.076] [DEBUG] [tid:2248] Metering TX: 04 03 00 11 00 20 14 42 (C:\Qt_work\DialogG2\src\engine\MeteringBusController.cpp:283)
[2026-09-20 11:46:08.649] [DEBUG] [tid:2248] Metering TX: 06 03 00 0b 00 07 74 7d (C:\Qt_work\DialogG2\src\engine\MeteringBusController.cpp:283)
[2026-09-20 11:46:08.699] [DEBUG] [tid:2248] Metering TX: 02 03 00 c0 00 30 45 d1 (C:\Qt_work\DialogG2\src\engine\MeteringBusController.cpp:283)
[2026-09-20 11:46:08.827] [DEBUG] [tid:2248] Metering TX: 02 03 00 30 00 30 45 e2 (C:\Qt_work\DialogG2\src\engine\MeteringBusController.cpp:283)
[2026-09-20 11:46:08.955] [DEBUG] [tid:2248] Metering TX: 02 03 00 90 00 30 45 c0 (C:\Qt_work\DialogG2\src\engine\MeteringBusController.cpp:283)
[2026-09-20 11:46:09.083] [DEBUG] [tid:2248] Metering TX: 04 03 00 11 00 20 14 42 (C:\Qt_work\DialogG2\src\engine\MeteringBusController.cpp:283)
[2026-09-20 11:46:09.341] [DEBUG] [tid:2248] Metering TX: 05 03 03 00 00 02 c5 cb (C:\Qt_work\DialogG2\src\engine\MeteringBusController.cpp:283)
[2026-09-20 11:46:09.600] [DEBUG] [tid:2248] Metering TX: dd a5 03 00 ff fd 77 (C:\Qt_work\DialogG2\src\engine\MeteringBusController.cpp:283)
[2026-09-20 11:46:09.690] [DEBUG] [tid:2248] Metering TX: 06 03 00 0b 00 07 74 7d (C:\Qt_work\DialogG2\src\engine\MeteringBusController.cpp:283)
[2026-09-20 11:46:09.738] [DEBUG] [tid:2248] Metering TX: 02 03 00 c0 00 30 45 d1 (C:\Qt_work\DialogG2\src\engine\MeteringBusController.cpp:283)
[2026-09-20 11:46:09.866] [DEBUG] [tid:2248] Metering TX: 02 03 00 30 00 30 45 e2 (C:\Qt_work\DialogG2\src\engine\MeteringBusController.cpp:283)
[2026-09-20 11:46:09.993] [DEBUG] [tid:2248] Metering TX: 02 03 00 90 00 30 45 c0 (C:\Qt_work\DialogG2\src\engine\MeteringBusController.cpp:283)
[2026-09-20 11:46:10.123] [DEBUG] [tid:2248] Metering TX: 04 03 00 11 00 20 14 42 (C:\Qt_work\DialogG2\src\engine\MeteringBusController.cpp:283)
[2026-09-20 11:46:10.674] [DEBUG] [tid:2248] Metering TX: 06 03 00 0b 00 07 74 7d (C:\Qt_work\DialogG2\src\engine\MeteringBusController.cpp:283)
[2026-09-20 11:46:10.712] [DEBUG] [tid:2248] Metering TX: 02 03 00 c0 00 30 45 d1 (C:\Qt_work\DialogG2\src\engine\MeteringBusController.cpp:283)
[2026-09-20 11:46:10.841] [DEBUG] [tid:2248] Metering TX: 02 03 00 30 00 30 45 e2 (C:\Qt_work\DialogG2\src\engine\MeteringBusController.cpp:283)
[2026-09-20 11:46:10.969] [DEBUG] [tid:2248] Metering TX: 02 03 00 90 00 30 45 c0 (C:\Qt_work\DialogG2\src\engine\MeteringBusController.cpp:283)
[2026-09-20 11:46:11.097] [DEBUG] [tid:2248] Metering TX: 04 03 00 11 00 20 14 42 (C:\Qt_work\DialogG2\src\engine\MeteringBusController.cpp:283)
[2026-09-20 11:46:11.414] [DEBUG] [tid:2248] Metering TX: dd a5 03 00 ff fd 77 (C:\Qt_work\DialogG2\src\engine\MeteringBusController.cpp:283)
[2026-09-20 11:46:11.731] [DEBUG] [tid:2248] Metering TX: 06 03 00 0b 00 07 74 7d (C:\Qt_work\DialogG2\src\engine\MeteringBusController.cpp:283)
[2026-09-20 11:46:11.768] [DEBUG] [tid:2248] Metering TX: 02 03 00 c0 00 30 45 d1 (C:\Qt_work\DialogG2\src\engine\MeteringBusController.cpp:283)
[2026-09-20 11:46:12.014] [DEBUG] [tid:2248] Metering TX: 02 03 00 30 00 30 45 e2 (C:\Qt_work\DialogG2\src\engine\MeteringBusController.cpp:283)
[2026-09-20 11:46:12.151] [DEBUG] [tid:2248] Metering TX: 02 03 00 90 00 30 45 c0 (C:\Qt_work\DialogG2\src\engine\MeteringBusController.cpp:283)
[2026-09-20 11:46:12.279] [DEBUG] [tid:2248] Metering TX: 04 03 00 11 00 20 14 42 (C:\Qt_work\DialogG2\src\engine\MeteringBusController.cpp:283)
[2026-09-20 11:46:12.735] [DEBUG] [tid:2248] Metering TX: 06 03 00 0b 00 07 74 7d (C:\Qt_work\DialogG2\src\engine\MeteringBusController.cpp:283)
[2026-09-20 11:46:12.774] [DEBUG] [tid:2248] Metering TX: 02 03 00 c0 00 30 45 d1 (C:\Qt_work\DialogG2\src\engine\MeteringBusController.cpp:283)
[2026-09-20 11:46:12.902] [DEBUG] [tid:2248] Metering TX: 02 03 00 30 00 30 45 e2 (C:\Qt_work\DialogG2\src\engine\MeteringBusController.cpp:283)
[2026-09-20 11:46:13.030] [DEBUG] [tid:2248] Metering TX: 02 03 00 90 00 30 45 c0 (C:\Qt_work\DialogG2\src\engine\MeteringBusController.cpp:283)
[2026-09-20 11:46:13.157] [DEBUG] [tid:2248] Metering TX: 04 03 00 11 00 20 14 42 (C:\Qt_work\DialogG2\src\engine\MeteringBusController.cpp:283)
[2026-09-20 11:46:13.422] [DEBUG] [tid:2248] Metering TX: dd a5 03 00 ff fd 77 (C:\Qt_work\DialogG2\src\engine\MeteringBusController.cpp:283)
[2026-09-20 11:46:13.737] [DEBUG] [tid:2248] Metering TX: 06 03 00 0b 00 07 74 7d (C:\Qt_work\DialogG2\src\engine\MeteringBusController.cpp:283)
[2026-09-20 11:46:13.781] [DEBUG] [tid:2248] Metering TX: 02 03 00 c0 00 30 45 d1 (C:\Qt_work\DialogG2\src\engine\MeteringBusController.cpp:283)
[2026-09-20 11:46:13.908] [DEBUG] [tid:2248] Metering TX: 02 03 00 30 00 30 45 e2 (C:\Qt_work\DialogG2\src\engine\MeteringBusController.cpp:283)
[2026-09-20 11:46:14.037] [DEBUG] [tid:2248] Metering TX: 02 03 00 90 00 30 45 c0 (C:\Qt_work\DialogG2\src\engine\MeteringBusController.cpp:283)
[2026-09-20 11:46:14.164] [DEBUG] [tid:2248] Metering TX: 04 03 00 11 00 20 14 42 (C:\Qt_work\DialogG2\src\engine\MeteringBusController.cpp:283)
[2026-09-20 11:46:14.308] [DEBUG] [tid:2248] Metering TX: dd a5 04 00 ff fc 77 (C:\Qt_work\DialogG2\src\engine\MeteringBusController.cpp:283)
[2026-09-20 11:46:14.373] [DEBUG] [tid:2248] Metering TX: 05 03 03 00 00 02 c5 cb (C:\Qt_work\DialogG2\src\engine\MeteringBusController.cpp:283)
[2026-09-20 11:46:14.737] [DEBUG] [tid:2248] Metering TX: 06 03 00 0b 00 07 74 7d (C:\Qt_work\DialogG2\src\engine\MeteringBusController.cpp:283)
[2026-09-20 11:46:14.788] [DEBUG] [tid:2248] Metering TX: 02 03 00 c0 00 30 45 d1 (C:\Qt_work\DialogG2\src\engine\MeteringBusController.cpp:283)
[2026-09-20 11:46:14.916] [DEBUG] [tid:2248] Metering TX: 02 03 00 30 00 30 45 e2 (C:\Qt_work\DialogG2\src\engine\MeteringBusController.cpp:283)
[2026-09-20 11:46:15.044] [DEBUG] [tid:2248] Metering TX: 02 03 00 90 00 30 45 c0 (C:\Qt_work\DialogG2\src\engine\MeteringBusController.cpp:283)
[2026-09-20 11:46:15.171] [DEBUG] [tid:2248] Metering TX: 04 03 00 11 00 20 14 42 (C:\Qt_work\DialogG2\src\engine\MeteringBusController.cpp:283)
[2026-09-20 11:46:15.424] [DEBUG] [tid:2248] Metering TX: dd a5 03 00 ff fd 77 (C:\Qt_work\DialogG2\src\engine\MeteringBusController.cpp:283)
[2026-09-20 11:46:15.743] [DEBUG] [tid:2248] Metering TX: 06 03 00 0b 00 07 74 7d (C:\Qt_work\DialogG2\src\engine\MeteringBusController.cpp:283)
[2026-09-20 11:46:15.807] [DEBUG] [tid:2248] Metering TX: 02 03 00 c0 00 30 45 d1 (C:\Qt_work\DialogG2\src\engine\MeteringBusController.cpp:283)
[2026-09-20 11:46:15.938] [DEBUG] [tid:2248] Metering TX: 02 03 00 30 00 30 45 e2 (C:\Qt_work\DialogG2\src\engine\MeteringBusController.cpp:283)
[2026-09-20 11:46:16.066] [DEBUG] [tid:2248] Metering TX: 02 03 00 90 00 30 45 c0 (C:\Qt_work\DialogG2\src\engine\MeteringBusController.cpp:283)
[2026-09-20 11:46:16.194] [DEBUG] [tid:2248] Metering TX: 04 03 00 11 00 20 14 42 (C:\Qt_work\DialogG2\src\engine\MeteringBusController.cpp:283)
[2026-09-20 11:46:16.752] [DEBUG] [tid:2248] Metering TX: 06 03 00 0b 00 07 74 7d (C:\Qt_work\DialogG2\src\engine\MeteringBusController.cpp:283)
[2026-09-20 11:46:16.815] [DEBUG] [tid:2248] Metering TX: 02 03 00 c0 00 30 45 d1 (C:\Qt_work\DialogG2\src\engine\MeteringBusController.cpp:283)
[2026-09-20 11:46:16.946] [DEBUG] [tid:2248] Metering TX: 02 03 00 30 00 30 45 e2 (C:\Qt_work\DialogG2\src\engine\MeteringBusController.cpp:283)
[2026-09-20 11:46:17.074] [DEBUG] [tid:2248] Metering TX: 02 03 00 90 00 30 45 c0 (C:\Qt_work\DialogG2\src\engine\MeteringBusController.cpp:283)
[2026-09-20 11:46:17.201] [DEBUG] [tid:2248] Metering TX: 04 03 00 11 00 20 14 42 (C:\Qt_work\DialogG2\src\engine\MeteringBusController.cpp:283)
[2026-09-20 11:46:17.433] [DEBUG] [tid:2248] Metering TX: dd a5 03 00 ff fd 77 (C:\Qt_work\DialogG2\src\engine\MeteringBusController.cpp:283)
[2026-09-20 11:46:17.811] [DEBUG] [tid:2248] Metering TX: 06 03 00 0b 00 07 74 7d (C:\Qt_work\DialogG2\src\engine\MeteringBusController.cpp:283)
[2026-09-20 11:46:17.857] [DEBUG] [tid:2248] Metering TX: 02 03 00 c0 00 30 45 d1 (C:\Qt_work\DialogG2\src\engine\MeteringBusController.cpp:283)
[2026-09-20 11:46:17.984] [DEBUG] [tid:2248] Metering TX: 02 03 00 30 00 30 45 e2 (C:\Qt_work\DialogG2\src\engine\MeteringBusController.cpp:283)
[2026-09-20 11:46:18.239] [DEBUG] [tid:2248] Metering TX: 02 03 00 90 00 30 45 c0 (C:\Qt_work\DialogG2\src\engine\MeteringBusController.cpp:283)
[2026-09-20 11:46:18.367] [DEBUG] [tid:2248] Metering TX: 04 03 00 11 00 20 14 42 (C:\Qt_work\DialogG2\src\engine\MeteringBusController.cpp:283)
[2026-09-20 11:46:18.823] [DEBUG] [tid:2248] Metering TX: 06 03 00 0b 00 07 74 7d (C:\Qt_work\DialogG2\src\engine\MeteringBusController.cpp:283)
[2026-09-20 11:46:18.862] [DEBUG] [tid:2248] Metering TX: 02 03 00 c0 00 30 45 d1 (C:\Qt_work\DialogG2\src\engine\MeteringBusController.cpp:283)
[2026-09-20 11:46:18.991] [DEBUG] [tid:2248] Metering TX: 02 03 00 30 00 30 45 e2 (C:\Qt_work\DialogG2\src\engine\MeteringBusController.cpp:283)
[2026-09-20 11:46:19.120] [DEBUG] [tid:2248] Metering TX: 02 03 00 90 00 30 45 c0 (C:\Qt_work\DialogG2\src\engine\MeteringBusController.cpp:283)
[2026-09-20 11:46:19.246] [DEBUG] [tid:2248] Metering TX: 04 03 00 11 00 20 14 42 (C:\Qt_work\DialogG2\src\engine\MeteringBusController.cpp:283)
[2026-09-20 11:46:19.388] [DEBUG] [tid:2248] Metering TX: 05 03 03 00 00 02 c5 cb (C:\Qt_work\DialogG2\src\engine\MeteringBusController.cpp:283)
[2026-09-20 11:46:19.642] [DEBUG] [tid:2248] Metering TX: dd a5 03 00 ff fd 77 (C:\Qt_work\DialogG2\src\engine\MeteringBusController.cpp:283)
[2026-09-20 11:46:19.846] [DEBUG] [tid:2248] Metering TX: 06 03 00 0b 00 07 74 7d (C:\Qt_work\DialogG2\src\engine\MeteringBusController.cpp:283)
[2026-09-20 11:46:19.884] [DEBUG] [tid:2248] Metering TX: 02 03 00 c0 00 30 45 d1 (C:\Qt_work\DialogG2\src\engine\MeteringBusController.cpp:283)
[2026-09-20 11:46:20.013] [DEBUG] [tid:2248] Metering TX: 02 03 00 30 00 30 45 e2 (C:\Qt_work\DialogG2\src\engine\MeteringBusController.cpp:283)
[2026-09-20 11:46:20.142] [DEBUG] [tid:2248] Metering TX: 02 03 00 90 00 30 45 c0 (C:\Qt_work\DialogG2\src\engine\MeteringBusController.cpp:283)
[2026-09-20 11:46:20.269] [DEBUG] [tid:2248] Metering TX: 04 03 00 11 00 20 14 42 (C:\Qt_work\DialogG2\src\engine\MeteringBusController.cpp:283)
[2026-09-20 11:46:20.884] [DEBUG] [tid:2248] Metering TX: 06 03 00 0b 00 07 74 7d (C:\Qt_work\DialogG2\src\engine\MeteringBusController.cpp:283)
[2026-09-20 11:46:20.925] [DEBUG] [tid:2248] Metering TX: 02 03 00 c0 00 30 45 d1 (C:\Qt_work\DialogG2\src\engine\MeteringBusController.cpp:283)
[2026-09-20 11:46:21.053] [DEBUG] [tid:2248] Metering TX: 02 03 00 30 00 30 45 e2 (C:\Qt_work\DialogG2\src\engine\MeteringBusController.cpp:283)
[2026-09-20 11:46:21.196] [DEBUG] [tid:2248] Metering TX: 02 03 00 90 00 30 45 c0 (C:\Qt_work\DialogG2\src\engine\MeteringBusController.cpp:283)
[2026-09-20 11:46:21.342] [DEBUG] [tid:2248] Metering TX: 04 03 00 11 00 20 14 42 (C:\Qt_work\DialogG2\src\engine\MeteringBusController.cpp:283)
[2026-09-20 11:46:21.483] [DEBUG] [tid:2248] Metering TX: dd a5 03 00 ff fd 77 (C:\Qt_work\DialogG2\src\engine\MeteringBusController.cpp:283)
[2026-09-20 11:46:21.898] [DEBUG] [tid:2248] Metering TX: 06 03 00 0b 00 07 74 7d (C:\Qt_work\DialogG2\src\engine\MeteringBusController.cpp:283)
[2026-09-20 11:46:21.947] [DEBUG] [tid:2248] Metering TX: 02 03 00 c0 00 30 45 d1 (C:\Qt_work\DialogG2\src\engine\MeteringBusController.cpp:283)
[2026-09-20 11:46:22.075] [DEBUG] [tid:2248] Metering TX: 02 03 00 30 00 30 45 e2 (C:\Qt_work\DialogG2\src\engine\MeteringBusController.cpp:283)
[2026-09-20 11:46:22.202] [DEBUG] [tid:2248] Metering TX: 02 03 00 90 00 30 45 c0 (C:\Qt_work\DialogG2\src\engine\MeteringBusController.cpp:283)
[2026-09-20 11:46:22.330] [DEBUG] [tid:2248] Metering TX: 04 03 00 11 00 20 14 42 (C:\Qt_work\DialogG2\src\engine\MeteringBusController.cpp:283)
[2026-09-20 11:46:22.930] [DEBUG] [tid:2248] Metering TX: 06 03 00 0b 00 07 74 7d (C:\Qt_work\DialogG2\src\engine\MeteringBusController.cpp:283)
[2026-09-20 11:46:22.971] [DEBUG] [tid:2248] Metering TX: 02 03 00 c0 00 30 45 d1 (C:\Qt_work\DialogG2\src\engine\MeteringBusController.cpp:283)
[2026-09-20 11:46:23.097] [DEBUG] [tid:2248] Metering TX: 02 03 00 30 00 30 45 e2 (C:\Qt_work\DialogG2\src\engine\MeteringBusController.cpp:283)
[2026-09-20 11:46:23.225] [DEBUG] [tid:2248] Metering TX: 02 03 00 90 00 30 45 c0 (C:\Qt_work\DialogG2\src\engine\MeteringBusController.cpp:283)
[2026-09-20 11:46:23.352] [DEBUG] [tid:2248] Metering TX: 04 03 00 11 00 20 14 42 (C:\Qt_work\DialogG2\src\engine\MeteringBusController.cpp:283)
[2026-09-20 11:46:23.480] [DEBUG] [tid:2248] Metering TX: dd a5 03 00 ff fd 77 (C:\Qt_work\DialogG2\src\engine\MeteringBusController.cpp:283)
[2026-09-20 11:46:23.984] [DEBUG] [tid:2248] Metering TX: 06 03 00 0b 00 07 74 7d (C:\Qt_work\DialogG2\src\engine\MeteringBusController.cpp:283)
[2026-09-20 11:46:24.025] [DEBUG] [tid:2248] Metering TX: 02 03 00 c0 00 30 45 d1 (C:\Qt_work\DialogG2\src\engine\MeteringBusController.cpp:283)
[2026-09-20 11:46:24.152] [DEBUG] [tid:2248] Metering TX: 02 03 00 30 00 30 45 e2 (C:\Qt_work\DialogG2\src\engine\MeteringBusController.cpp:283)
[2026-09-20 11:46:24.281] [DEBUG] [tid:2248] Metering TX: 02 03 00 90 00 30 45 c0 (C:\Qt_work\DialogG2\src\engine\MeteringBusController.cpp:283)
[2026-09-20 11:46:24.409] [DEBUG] [tid:2248] Metering TX: 04 03 00 11 00 20 14 42 (C:\Qt_work\DialogG2\src\engine\MeteringBusController.cpp:283)
[2026-09-20 11:46:24.551] [DEBUG] [tid:2248] Metering TX: dd a5 04 00 ff fc 77 (C:\Qt_work\DialogG2\src\engine\MeteringBusController.cpp:283)
[2026-09-20 11:46:24.633] [DEBUG] [tid:2248] Metering TX: 05 03 03 00 00 02 c5 cb (C:\Qt_work\DialogG2\src\engine\MeteringBusController.cpp:283)
[2026-09-20 11:46:24.996] [DEBUG] [tid:2248] Metering TX: 06 03 00 0b 00 07 74 7d (C:\Qt_work\DialogG2\src\engine\MeteringBusController.cpp:283)
[2026-09-20 11:46:25.046] [DEBUG] [tid:2248] Metering TX: 02 03 00 c0 00 30 45 d1 (C:\Qt_work\DialogG2\src\engine\MeteringBusController.cpp:283)
[2026-09-20 11:46:25.174] [DEBUG] [tid:2248] Metering TX: 02 03 00 30 00 30 45 e2 (C:\Qt_work\DialogG2\src\engine\MeteringBusController.cpp:283)
[2026-09-20 11:46:25.304] [DEBUG] [tid:2248] Metering TX: 02 03 00 90 00 30 45 c0 (C:\Qt_work\DialogG2\src\engine\MeteringBusController.cpp:283)
[2026-09-20 11:46:25.447] [DEBUG] [tid:2248] Metering TX: 04 03 00 11 00 20 14 42 (C:\Qt_work\DialogG2\src\engine\MeteringBusController.cpp:283)
[2026-09-20 11:46:25.575] [DEBUG] [tid:2248] Metering TX: dd a5 03 00 ff fd 77 (C:\Qt_work\DialogG2\src\engine\MeteringBusController.cpp:283)
[2026-09-20 11:46:26.004] [DEBUG] [tid:2248] Metering TX: 06 03 00 0b 00 07 74 7d (C:\Qt_work\DialogG2\src\engine\MeteringBusController.cpp:283)
[2026-09-20 11:46:26.053] [DEBUG] [tid:2248] Metering TX: 02 03 00 c0 00 30 45 d1 (C:\Qt_work\DialogG2\src\engine\MeteringBusController.cpp:283)
[2026-09-20 11:46:26.197] [DEBUG] [tid:2248] Metering TX: 02 03 00 30 00 30 45 e2 (C:\Qt_work\DialogG2\src\engine\MeteringBusController.cpp:283)
[2026-09-20 11:46:26.327] [DEBUG] [tid:2248] Metering TX: 02 03 00 90 00 30 45 c0 (C:\Qt_work\DialogG2\src\engine\MeteringBusController.cpp:283)
[2026-09-20 11:46:26.453] [DEBUG] [tid:2248] Metering TX: 04 03 00 11 00 20 14 42 (C:\Qt_work\DialogG2\src\engine\MeteringBusController.cpp:283)
[2026-09-20 11:46:27.059] [DEBUG] [tid:2248] Metering TX: 06 03 00 0b 00 07 74 7d (C:\Qt_work\DialogG2\src\engine\MeteringBusController.cpp:283)
[2026-09-20 11:46:27.108] [DEBUG] [tid:2248] Metering TX: 02 03 00 c0 00 30 45 d1 (C:\Qt_work\DialogG2\src\engine\MeteringBusController.cpp:283)
[2026-09-20 11:46:27.236] [DEBUG] [tid:2248] Metering TX: 02 03 00 30 00 30 45 e2 (C:\Qt_work\DialogG2\src\engine\MeteringBusController.cpp:283)
[2026-09-20 11:46:27.364] [DEBUG] [tid:2248] Metering TX: 02 03 00 90 00 30 45 c0 (C:\Qt_work\DialogG2\src\engine\MeteringBusController.cpp:283)
[2026-09-20 11:46:27.493] [DEBUG] [tid:2248] Metering TX: 04 03 00 11 00 20 14 42 (C:\Qt_work\DialogG2\src\engine\MeteringBusController.cpp:283)
[2026-09-20 11:46:27.620] [DEBUG] [tid:2248] Metering TX: dd a5 03 00 ff fd 77 (C:\Qt_work\DialogG2\src\engine\MeteringBusController.cpp:283)
[2026-09-20 11:46:28.064] [DEBUG] [tid:2248] Metering TX: 06 03 00 0b 00 07 74 7d (C:\Qt_work\DialogG2\src\engine\MeteringBusController.cpp:283)
[2026-09-20 11:46:28.115] [DEBUG] [tid:2248] Metering TX: 02 03 00 c0 00 30 45 d1 (C:\Qt_work\DialogG2\src\engine\MeteringBusController.cpp:283)
[2026-09-20 11:46:28.243] [DEBUG] [tid:2248] Metering TX: 02 03 00 30 00 30 45 e2 (C:\Qt_work\DialogG2\src\engine\MeteringBusController.cpp:283)
[2026-09-20 11:46:28.371] [DEBUG] [tid:2248] Metering TX: 02 03 00 90 00 30 45 c0 (C:\Qt_work\DialogG2\src\engine\MeteringBusController.cpp:283)
[2026-09-20 11:46:28.500] [DEBUG] [tid:2248] Metering TX: 04 03 00 11 00 20 14 42 (C:\Qt_work\DialogG2\src\engine\MeteringBusController.cpp:283)
[2026-09-20 11:46:29.119] [DEBUG] [tid:2248] Metering TX: 06 03 00 0b 00 07 74 7d (C:\Qt_work\DialogG2\src\engine\MeteringBusController.cpp:283)
[2026-09-20 11:46:29.169] [DEBUG] [tid:2248] Metering TX: 02 03 00 c0 00 30 45 d1 (C:\Qt_work\DialogG2\src\engine\MeteringBusController.cpp:283)
[2026-09-20 11:46:29.298] [DEBUG] [tid:2248] Metering TX: 02 03 00 30 00 30 45 e2 (C:\Qt_work\DialogG2\src\engine\MeteringBusController.cpp:283)
[2026-09-20 11:46:29.426] [DEBUG] [tid:2248] Metering TX: 02 03 00 90 00 30 45 c0 (C:\Qt_work\DialogG2\src\engine\MeteringBusController.cpp:283)
[2026-09-20 11:46:29.554] [DEBUG] [tid:2248] Metering TX: 04 03 00 11 00 20 14 42 (C:\Qt_work\DialogG2\src\engine\MeteringBusController.cpp:283)
[2026-09-20 11:46:29.682] [DEBUG] [tid:2248] Metering TX: 05 03 03 00 00 02 c5 cb (C:\Qt_work\DialogG2\src\engine\MeteringBusController.cpp:283)
[2026-09-20 11:46:29.937] [DEBUG] [tid:2248] Metering TX: dd a5 03 00 ff fd 77 (C:\Qt_work\DialogG2\src\engine\MeteringBusController.cpp:283)
[2026-09-20 11:46:30.125] [DEBUG] [tid:2248] Metering TX: 06 03 00 0b 00 07 74 7d (C:\Qt_work\DialogG2\src\engine\MeteringBusController.cpp:283)
[2026-09-20 11:46:30.160] [DEBUG] [tid:2248] Metering TX: 02 03 00 c0 00 30 45 d1 (C:\Qt_work\DialogG2\src\engine\MeteringBusController.cpp:283)
[2026-09-20 11:46:30.412] [DEBUG] [tid:2248] Metering TX: 02 03 00 30 00 30 45 e2 (C:\Qt_work\DialogG2\src\engine\MeteringBusController.cpp:283)
[2026-09-20 11:46:30.543] [DEBUG] [tid:2248] Metering TX: 02 03 00 90 00 30 45 c0 (C:\Qt_work\DialogG2\src\engine\MeteringBusController.cpp:283)
[2026-09-20 11:46:30.671] [DEBUG] [tid:2248] Metering TX: 04 03 00 11 00 20 14 42 (C:\Qt_work\DialogG2\src\engine\MeteringBusController.cpp:283)
[2026-09-20 11:46:31.130] [DEBUG] [tid:2248] Metering TX: 06 03 00 0b 00 07 74 7d (C:\Qt_work\DialogG2\src\engine\MeteringBusController.cpp:283)
[2026-09-20 11:46:31.166] [DEBUG] [tid:2248] Metering TX: 02 03 00 c0 00 30 45 d1 (C:\Qt_work\DialogG2\src\engine\MeteringBusController.cpp:283)
[2026-09-20 11:46:31.432] [DEBUG] [tid:2248] Metering TX: 02 03 00 30 00 30 45 e2 (C:\Qt_work\DialogG2\src\engine\MeteringBusController.cpp:283)
[2026-09-20 11:46:31.567] [DEBUG] [tid:2248] Metering TX: 02 03 00 90 00 30 45 c0 (C:\Qt_work\DialogG2\src\engine\MeteringBusController.cpp:283)
[2026-09-20 11:46:31.695] [DEBUG] [tid:2248] Metering TX: 04 03 00 11 00 20 14 42 (C:\Qt_work\DialogG2\src\engine\MeteringBusController.cpp:283)
[2026-09-20 11:46:31.821] [DEBUG] [tid:2248] Metering TX: dd a5 03 00 ff fd 77 (C:\Qt_work\DialogG2\src\engine\MeteringBusController.cpp:283)
[2026-09-20 11:46:32.188] [DEBUG] [tid:2248] Metering TX: 06 03 00 0b 00 07 74 7d (C:\Qt_work\DialogG2\src\engine\MeteringBusController.cpp:283)
[2026-09-20 11:46:32.237] [DEBUG] [tid:2248] Metering TX: 02 03 00 c0 00 30 45 d1 (C:\Qt_work\DialogG2\src\engine\MeteringBusController.cpp:283)
[2026-09-20 11:46:32.365] [DEBUG] [tid:2248] Metering TX: 02 03 00 30 00 30 45 e2 (C:\Qt_work\DialogG2\src\engine\MeteringBusController.cpp:283)
[2026-09-20 11:46:32.493] [DEBUG] [tid:2248] Metering TX: 02 03 00 90 00 30 45 c0 (C:\Qt_work\DialogG2\src\engine\MeteringBusController.cpp:283)
[2026-09-20 11:46:32.622] [DEBUG] [tid:2248] Metering TX: 04 03 00 11 00 20 14 42 (C:\Qt_work\DialogG2\src\engine\MeteringBusController.cpp:283)
[2026-09-20 11:46:33.195] [DEBUG] [tid:2248] Metering TX: 06 03 00 0b 00 07 74 7d (C:\Qt_work\DialogG2\src\engine\MeteringBusController.cpp:283)
[2026-09-20 11:46:33.245] [DEBUG] [tid:2248] Metering TX: 02 03 00 c0 00 30 45 d1 (C:\Qt_work\DialogG2\src\engine\MeteringBusController.cpp:283)
[2026-09-20 11:46:33.372] [DEBUG] [tid:2248] Metering TX: 02 03 00 30 00 30 45 e2 (C:\Qt_work\DialogG2\src\engine\MeteringBusController.cpp:283)
[2026-09-20 11:46:33.500] [DEBUG] [tid:2248] Metering TX: 02 03 00 90 00 30 45 c0 (C:\Qt_work\DialogG2\src\engine\MeteringBusController.cpp:283)
[2026-09-20 11:46:33.628] [DEBUG] [tid:2248] Metering TX: 04 03 00 11 00 20 14 42 (C:\Qt_work\DialogG2\src\engine\MeteringBusController.cpp:283)
[2026-09-20 11:46:33.772] [DEBUG] [tid:2248] Metering TX: dd a5 03 00 ff fd 77 (C:\Qt_work\DialogG2\src\engine\MeteringBusController.cpp:283)
[2026-09-20 11:46:34.210] [DEBUG] [tid:2248] Metering TX: 06 03 00 0b 00 07 74 7d (C:\Qt_work\DialogG2\src\engine\MeteringBusController.cpp:283)
[2026-09-20 11:46:34.252] [DEBUG] [tid:2248] Metering TX: 02 03 00 c0 00 30 45 d1 (C:\Qt_work\DialogG2\src\engine\MeteringBusController.cpp:283)
[2026-09-20 11:46:34.380] [DEBUG] [tid:2248] Metering TX: 02 03 00 30 00 30 45 e2 (C:\Qt_work\DialogG2\src\engine\MeteringBusController.cpp:283)
[2026-09-20 11:46:34.508] [DEBUG] [tid:2248] Metering TX: 02 03 00 90 00 30 45 c0 (C:\Qt_work\DialogG2\src\engine\MeteringBusController.cpp:283)
[2026-09-20 11:46:34.634] [DEBUG] [tid:2248] Metering TX: 04 03 00 11 00 20 14 42 (C:\Qt_work\DialogG2\src\engine\MeteringBusController.cpp:283)
[2026-09-20 11:46:34.778] [DEBUG] [tid:2248] Metering TX: dd a5 04 00 ff fc 77 (C:\Qt_work\DialogG2\src\engine\MeteringBusController.cpp:283)
[2026-09-20 11:46:34.860] [DEBUG] [tid:2248] Metering TX: 05 03 03 00 00 02 c5 cb (C:\Qt_work\DialogG2\src\engine\MeteringBusController.cpp:283)
[2026-09-20 11:46:35.267] [DEBUG] [tid:2248] Metering TX: 06 03 00 0b 00 07 74 7d (C:\Qt_work\DialogG2\src\engine\MeteringBusController.cpp:283)
[2026-09-20 11:46:35.305] [DEBUG] [tid:2248] Metering TX: 02 03 00 c0 00 30 45 d1 (C:\Qt_work\DialogG2\src\engine\MeteringBusController.cpp:283)
[2026-09-20 11:46:35.434] [DEBUG] [tid:2248] Metering TX: 02 03 00 30 00 30 45 e2 (C:\Qt_work\DialogG2\src\engine\MeteringBusController.cpp:283)
[2026-09-20 11:46:35.561] [DEBUG] [tid:2248] Metering TX: 02 03 00 90 00 30 45 c0 (C:\Qt_work\DialogG2\src\engine\MeteringBusController.cpp:283)
[2026-09-20 11:46:35.690] [DEBUG] [tid:2248] Metering TX: 04 03 00 11 00 20 14 42 (C:\Qt_work\DialogG2\src\engine\MeteringBusController.cpp:283)
[2026-09-20 11:46:35.833] [DEBUG] [tid:2248] Metering TX: dd a5 03 00 ff fd 77 (C:\Qt_work\DialogG2\src\engine\MeteringBusController.cpp:283)
[2026-09-20 11:46:36.325] [DEBUG] [tid:2248] Metering TX: 06 03 00 0b 00 07 74 7d (C:\Qt_work\DialogG2\src\engine\MeteringBusController.cpp:283)
[2026-09-20 11:46:36.360] [DEBUG] [tid:2248] Metering TX: 02 03 00 c0 00 30 45 d1 (C:\Qt_work\DialogG2\src\engine\MeteringBusController.cpp:283)
[2026-09-20 11:46:36.607] [DEBUG] [tid:2248] Metering TX: 02 03 00 30 00 30 45 e2 (C:\Qt_work\DialogG2\src\engine\MeteringBusController.cpp:283)
[2026-09-20 11:46:36.744] [DEBUG] [tid:2248] Metering TX: 02 03 00 90 00 30 45 c0 (C:\Qt_work\DialogG2\src\engine\MeteringBusController.cpp:283)
[2026-09-20 11:46:36.872] [DEBUG] [tid:2248] Metering TX: 04 03 00 11 00 20 14 42 (C:\Qt_work\DialogG2\src\engine\MeteringBusController.cpp:283)
[2026-09-20 11:46:37.354] [DEBUG] [tid:2248] Metering TX: 06 03 00 0b 00 07 74 7d (C:\Qt_work\DialogG2\src\engine\MeteringBusController.cpp:283)
[2026-09-20 11:46:37.399] [DEBUG] [tid:2248] Metering TX: 02 03 00 c0 00 30 45 d1 (C:\Qt_work\DialogG2\src\engine\MeteringBusController.cpp:283)
[2026-09-20 11:46:37.527] [DEBUG] [tid:2248] Metering TX: 02 03 00 30 00 30 45 e2 (C:\Qt_work\DialogG2\src\engine\MeteringBusController.cpp:283)
[2026-09-20 11:46:37.654] [DEBUG] [tid:2248] Metering TX: 02 03 00 90 00 30 45 c0 (C:\Qt_work\DialogG2\src\engine\MeteringBusController.cpp:283)
[2026-09-20 11:46:37.782] [DEBUG] [tid:2248] Metering TX: 04 03 00 11 00 20 14 42 (C:\Qt_work\DialogG2\src\engine\MeteringBusController.cpp:283)
[2026-09-20 11:46:37.894] [DEBUG] [tid:2248] Metering TX: dd a5 03 00 ff fd 77 (C:\Qt_work\DialogG2\src\engine\MeteringBusController.cpp:283)
[2026-09-20 11:46:38.361] [DEBUG] [tid:2248] Metering TX: 06 03 00 0b 00 07 74 7d (C:\Qt_work\DialogG2\src\engine\MeteringBusController.cpp:283)
[2026-09-20 11:46:38.405] [DEBUG] [tid:2248] Metering TX: 02 03 00 c0 00 30 45 d1 (C:\Qt_work\DialogG2\src\engine\MeteringBusController.cpp:283)
[2026-09-20 11:46:38.533] [DEBUG] [tid:2248] Metering TX: 02 03 00 30 00 30 45 e2 (C:\Qt_work\DialogG2\src\engine\MeteringBusController.cpp:283)
[2026-09-20 11:46:38.661] [DEBUG] [tid:2248] Metering TX: 02 03 00 90 00 30 45 c0 (C:\Qt_work\DialogG2\src\engine\MeteringBusController.cpp:283)
[2026-09-20 11:46:38.789] [DEBUG] [tid:2248] Metering TX: 04 03 00 11 00 20 14 42 (C:\Qt_work\DialogG2\src\engine\MeteringBusController.cpp:283)
[2026-09-20 11:46:39.402] [DEBUG] [tid:2248] Metering TX: 06 03 00 0b 00 07 74 7d (C:\Qt_work\DialogG2\src\engine\MeteringBusController.cpp:283)
[2026-09-20 11:46:39.444] [DEBUG] [tid:2248] Metering TX: 02 03 00 c0 00 30 45 d1 (C:\Qt_work\DialogG2\src\engine\MeteringBusController.cpp:283)
[2026-09-20 11:46:39.572] [DEBUG] [tid:2248] Metering TX: 02 03 00 30 00 30 45 e2 (C:\Qt_work\DialogG2\src\engine\MeteringBusController.cpp:283)
[2026-09-20 11:46:39.700] [DEBUG] [tid:2248] Metering TX: 02 03 00 90 00 30 45 c0 (C:\Qt_work\DialogG2\src\engine\MeteringBusController.cpp:283)
[2026-09-20 11:46:39.828] [DEBUG] [tid:2248] Metering TX: 04 03 00 11 00 20 14 42 (C:\Qt_work\DialogG2\src\engine\MeteringBusController.cpp:283)
[2026-09-20 11:46:39.956] [DEBUG] [tid:2248] Metering TX: 05 03 03 00 00 02 c5 cb (C:\Qt_work\DialogG2\src\engine\MeteringBusController.cpp:283)
[2026-09-20 11:46:40.217] [DEBUG] [tid:2248] Metering TX: dd a5 03 00 ff fd 77 (C:\Qt_work\DialogG2\src\engine\MeteringBusController.cpp:283)
[2026-09-20 11:46:40.402] [DEBUG] [tid:2248] Metering TX: 06 03 00 0b 00 07 74 7d (C:\Qt_work\DialogG2\src\engine\MeteringBusController.cpp:283)
[2026-09-20 11:46:40.451] [DEBUG] [tid:2248] Metering TX: 02 03 00 c0 00 30 45 d1 (C:\Qt_work\DialogG2\src\engine\MeteringBusController.cpp:283)
[2026-09-20 11:46:40.579] [DEBUG] [tid:2248] Metering TX: 02 03 00 30 00 30 45 e2 (C:\Qt_work\DialogG2\src\engine\MeteringBusController.cpp:283)
[2026-09-20 11:46:40.707] [DEBUG] [tid:2248] Metering TX: 02 03 00 90 00 30 45 c0 (C:\Qt_work\DialogG2\src\engine\MeteringBusController.cpp:283)
[2026-09-20 11:46:40.835] [DEBUG] [tid:2248] Metering TX: 04 03 00 11 00 20 14 42 (C:\Qt_work\DialogG2\src\engine\MeteringBusController.cpp:283)
[2026-09-20 11:46:41.406] [DEBUG] [tid:2248] Metering TX: 06 03 00 0b 00 07 74 7d (C:\Qt_work\DialogG2\src\engine\MeteringBusController.cpp:283)
[2026-09-20 11:46:41.442] [DEBUG] [tid:2248] Metering TX: 02 03 00 c0 00 30 45 d1 (C:\Qt_work\DialogG2\src\engine\MeteringBusController.cpp:283)
[2026-09-20 11:46:41.696] [DEBUG] [tid:2248] Metering TX: 02 03 00 30 00 30 45 e2 (C:\Qt_work\DialogG2\src\engine\MeteringBusController.cpp:283)
[2026-09-20 11:46:41.825] [DEBUG] [tid:2248] Metering TX: 02 03 00 90 00 30 45 c0 (C:\Qt_work\DialogG2\src\engine\MeteringBusController.cpp:283)
[2026-09-20 11:46:41.953] [DEBUG] [tid:2248] Metering TX: 04 03 00 11 00 20 14 42 (C:\Qt_work\DialogG2\src\engine\MeteringBusController.cpp:283)
[2026-09-20 11:46:42.081] [DEBUG] [tid:2248] Metering TX: dd a5 03 00 ff fd 77 (C:\Qt_work\DialogG2\src\engine\MeteringBusController.cpp:283)
[2026-09-20 11:46:42.406] [DEBUG] [tid:2248] Metering TX: 06 03 00 0b 00 07 74 7d (C:\Qt_work\DialogG2\src\engine\MeteringBusController.cpp:283)
[2026-09-20 11:46:42.450] [DEBUG] [tid:2248] Metering TX: 02 03 00 c0 00 30 45 d1 (C:\Qt_work\DialogG2\src\engine\MeteringBusController.cpp:283)
[2026-09-20 11:46:42.576] [DEBUG] [tid:2248] Metering TX: 02 03 00 30 00 30 45 e2 (C:\Qt_work\DialogG2\src\engine\MeteringBusController.cpp:283)
[2026-09-20 11:46:42.704] [DEBUG] [tid:2248] Metering TX: 02 03 00 90 00 30 45 c0 (C:\Qt_work\DialogG2\src\engine\MeteringBusController.cpp:283)
[2026-09-20 11:46:42.832] [DEBUG] [tid:2248] Metering TX: 04 03 00 11 00 20 14 42 (C:\Qt_work\DialogG2\src\engine\MeteringBusController.cpp:283)
[2026-09-20 11:46:43.467] [DEBUG] [tid:2248] Metering TX: 06 03 00 0b 00 07 74 7d (C:\Qt_work\DialogG2\src\engine\MeteringBusController.cpp:283)
[2026-09-20 11:46:43.503] [DEBUG] [tid:2248] Metering TX: 02 03 00 c0 00 30 45 d1 (C:\Qt_work\DialogG2\src\engine\MeteringBusController.cpp:283)
[2026-09-20 11:46:43.762] [DEBUG] [tid:2248] Metering TX: 02 03 00 30 00 30 45 e2 (C:\Qt_work\DialogG2\src\engine\MeteringBusController.cpp:283)
[2026-09-20 11:46:43.887] [DEBUG] [tid:2248] Metering TX: 02 03 00 90 00 30 45 c0 (C:\Qt_work\DialogG2\src\engine\MeteringBusController.cpp:283)
[2026-09-20 11:46:44.015] [DEBUG] [tid:2248] Metering TX: 04 03 00 11 00 20 14 42 (C:\Qt_work\DialogG2\src\engine\MeteringBusController.cpp:283)
[2026-09-20 11:46:44.143] [DEBUG] [tid:2248] Metering TX: dd a5 03 00 ff fd 77 (C:\Qt_work\DialogG2\src\engine\MeteringBusController.cpp:283)
[2026-09-20 11:46:44.238] [DEBUG] [tid:2248] Metering TX: dd a5 04 00 ff fc 77 (C:\Qt_work\DialogG2\src\engine\MeteringBusController.cpp:283)
[2026-09-20 11:46:44.476] [DEBUG] [tid:2248] Metering TX: 06 03 00 0b 00 07 74 7d (C:\Qt_work\DialogG2\src\engine\MeteringBusController.cpp:283)
[2026-09-20 11:46:44.510] [DEBUG] [tid:2248] Metering TX: 02 03 00 c0 00 30 45 d1 (C:\Qt_work\DialogG2\src\engine\MeteringBusController.cpp:283)
[2026-09-20 11:46:44.782] [DEBUG] [tid:2248] Metering TX: 02 03 00 30 00 30 45 e2 (C:\Qt_work\DialogG2\src\engine\MeteringBusController.cpp:283)
[2026-09-20 11:46:44.909] [DEBUG] [tid:2248] Metering TX: 02 03 00 90 00 30 45 c0 (C:\Qt_work\DialogG2\src\engine\MeteringBusController.cpp:283)
[2026-09-20 11:46:45.038] [DEBUG] [tid:2248] Metering TX: 04 03 00 11 00 20 14 42 (C:\Qt_work\DialogG2\src\engine\MeteringBusController.cpp:283)
[2026-09-20 11:46:45.165] [DEBUG] [tid:2248] Metering TX: 05 03 03 00 00 02 c5 cb (C:\Qt_work\DialogG2\src\engine\MeteringBusController.cpp:283)
[2026-09-20 11:46:45.492] [DEBUG] [tid:2248] Metering TX: 06 03 00 0b 00 07 74 7d (C:\Qt_work\DialogG2\src\engine\MeteringBusController.cpp:283)
[2026-09-20 11:46:45.533] [DEBUG] [tid:2248] Metering TX: 02 03 00 c0 00 30 45 d1 (C:\Qt_work\DialogG2\src\engine\MeteringBusController.cpp:283)
[2026-09-20 11:46:45.661] [DEBUG] [tid:2248] Metering TX: 02 03 00 30 00 30 45 e2 (C:\Qt_work\DialogG2\src\engine\MeteringBusController.cpp:283)
[2026-09-20 11:46:45.788] [DEBUG] [tid:2248] Metering TX: 02 03 00 90 00 30 45 c0 (C:\Qt_work\DialogG2\src\engine\MeteringBusController.cpp:283)
[2026-09-20 11:46:45.916] [DEBUG] [tid:2248] Metering TX: 04 03 00 11 00 20 14 42 (C:\Qt_work\DialogG2\src\engine\MeteringBusController.cpp:283)
[2026-09-20 11:46:46.180] [DEBUG] [tid:2248] Metering TX: dd a5 03 00 ff fd 77 (C:\Qt_work\DialogG2\src\engine\MeteringBusController.cpp:283)
[2026-09-20 11:46:46.506] [DEBUG] [tid:2248] Metering TX: 06 03 00 0b 00 07 74 7d (C:\Qt_work\DialogG2\src\engine\MeteringBusController.cpp:283)
[2026-09-20 11:46:46.555] [DEBUG] [tid:2248] Metering TX: 02 03 00 c0 00 30 45 d1 (C:\Qt_work\DialogG2\src\engine\MeteringBusController.cpp:283)
[2026-09-20 11:46:46.683] [DEBUG] [tid:2248] Metering TX: 02 03 00 30 00 30 45 e2 (C:\Qt_work\DialogG2\src\engine\MeteringBusController.cpp:283)
[2026-09-20 11:46:46.811] [DEBUG] [tid:2248] Metering TX: 02 03 00 90 00 30 45 c0 (C:\Qt_work\DialogG2\src\engine\MeteringBusController.cpp:283)
[2026-09-20 11:46:46.939] [DEBUG] [tid:2248] Metering TX: 04 03 00 11 00 20 14 42 (C:\Qt_work\DialogG2\src\engine\MeteringBusController.cpp:283)
[2026-09-20 11:46:47.563] [DEBUG] [tid:2248] Metering TX: 06 03 00 0b 00 07 74 7d (C:\Qt_work\DialogG2\src\engine\MeteringBusController.cpp:283)
[2026-09-20 11:46:47.610] [DEBUG] [tid:2248] Metering TX: 02 03 00 c0 00 30 45 d1 (C:\Qt_work\DialogG2\src\engine\MeteringBusController.cpp:283)
[2026-09-20 11:46:47.738] [DEBUG] [tid:2248] Metering TX: 02 03 00 30 00 30 45 e2 (C:\Qt_work\DialogG2\src\engine\MeteringBusController.cpp:283)
[2026-09-20 11:46:47.866] [DEBUG] [tid:2248] Metering TX: 02 03 00 90 00 30 45 c0 (C:\Qt_work\DialogG2\src\engine\MeteringBusController.cpp:283)
[2026-09-20 11:46:47.993] [DEBUG] [tid:2248] Metering TX: 04 03 00 11 00 20 14 42 (C:\Qt_work\DialogG2\src\engine\MeteringBusController.cpp:283)
[2026-09-20 11:46:48.122] [DEBUG] [tid:2248] Metering TX: dd a5 03 00 ff fd 77 (C:\Qt_work\DialogG2\src\engine\MeteringBusController.cpp:283)
[2026-09-20 11:46:48.622] [DEBUG] [tid:2248] Metering TX: 06 03 00 0b 00 07 74 7d (C:\Qt_work\DialogG2\src\engine\MeteringBusController.cpp:283)
[2026-09-20 11:46:48.665] [DEBUG] [tid:2248] Metering TX: 02 03 00 c0 00 30 45 d1 (C:\Qt_work\DialogG2\src\engine\MeteringBusController.cpp:283)
[2026-09-20 11:46:48.793] [DEBUG] [tid:2248] Metering TX: 02 03 00 30 00 30 45 e2 (C:\Qt_work\DialogG2\src\engine\MeteringBusController.cpp:283)
[2026-09-20 11:46:48.921] [DEBUG] [tid:2248] Metering TX: 02 03 00 90 00 30 45 c0 (C:\Qt_work\DialogG2\src\engine\MeteringBusController.cpp:283)
[2026-09-20 11:46:49.049] [DEBUG] [tid:2248] Metering TX: 04 03 00 11 00 20 14 42 (C:\Qt_work\DialogG2\src\engine\MeteringBusController.cpp:283)
[2026-09-20 11:46:49.501] [DEBUG] [tid:2248] Metering TX: 05 03 03 00 00 02 c5 cb (C:\Qt_work\DialogG2\src\engine\MeteringBusController.cpp:283)
[2026-09-20 11:46:49.751] [DEBUG] [tid:2248] Metering TX: 06 03 00 0b 00 07 74 7d (C:\Qt_work\DialogG2\src\engine\MeteringBusController.cpp:283)
[2026-09-20 11:46:49.799] [DEBUG] [tid:2248] Metering TX: 02 03 00 c0 00 30 45 d1 (C:\Qt_work\DialogG2\src\engine\MeteringBusController.cpp:283)
[2026-09-20 11:46:49.927] [DEBUG] [tid:2248] Metering TX: 02 03 00 30 00 30 45 e2 (C:\Qt_work\DialogG2\src\engine\MeteringBusController.cpp:283)
[2026-09-20 11:46:50.055] [DEBUG] [tid:2248] Metering TX: 02 03 00 90 00 30 45 c0 (C:\Qt_work\DialogG2\src\engine\MeteringBusController.cpp:283)
[2026-09-20 11:46:50.183] [DEBUG] [tid:2248] Metering TX: 04 03 00 11 00 20 14 42 (C:\Qt_work\DialogG2\src\engine\MeteringBusController.cpp:283)
[2026-09-20 11:46:50.327] [DEBUG] [tid:2248] Metering TX: dd a5 03 00 ff fd 77 (C:\Qt_work\DialogG2\src\engine\MeteringBusController.cpp:283)
[2026-09-20 11:46:50.695] [DEBUG] [tid:2248] Metering TX: 06 03 00 0b 00 07 74 7d (C:\Qt_work\DialogG2\src\engine\MeteringBusController.cpp:283)
[2026-09-20 11:46:50.742] [DEBUG] [tid:2248] Metering TX: 02 03 00 c0 00 30 45 d1 (C:\Qt_work\DialogG2\src\engine\MeteringBusController.cpp:283)
[2026-09-20 11:46:50.885] [DEBUG] [tid:2248] Metering TX: 02 03 00 30 00 30 45 e2 (C:\Qt_work\DialogG2\src\engine\MeteringBusController.cpp:283)
[2026-09-20 11:46:51.014] [DEBUG] [tid:2248] Metering TX: 02 03 00 90 00 30 45 c0 (C:\Qt_work\DialogG2\src\engine\MeteringBusController.cpp:283)
[2026-09-20 11:46:51.142] [DEBUG] [tid:2248] Metering TX: 04 03 00 11 00 20 14 42 (C:\Qt_work\DialogG2\src\engine\MeteringBusController.cpp:283)
[2026-09-20 11:46:51.706] [DEBUG] [tid:2248] Metering TX: 06 03 00 0b 00 07 74 7d (C:\Qt_work\DialogG2\src\engine\MeteringBusController.cpp:283)
[2026-09-20 11:46:51.749] [DEBUG] [tid:2248] Metering TX: 02 03 00 c0 00 30 45 d1 (C:\Qt_work\DialogG2\src\engine\MeteringBusController.cpp:283)
[2026-09-20 11:46:51.896] [DEBUG] [tid:2248] Metering TX: 02 03 00 30 00 30 45 e2 (C:\Qt_work\DialogG2\src\engine\MeteringBusController.cpp:283)
[2026-09-20 11:46:52.020] [DEBUG] [tid:2248] Metering TX: 02 03 00 90 00 30 45 c0 (C:\Qt_work\DialogG2\src\engine\MeteringBusController.cpp:283)
[2026-09-20 11:46:52.148] [DEBUG] [tid:2248] Metering TX: 04 03 00 11 00 20 14 42 (C:\Qt_work\DialogG2\src\engine\MeteringBusController.cpp:283)
[2026-09-20 11:46:52.421] [DEBUG] [tid:2248] Metering TX: dd a5 03 00 ff fd 77 (C:\Qt_work\DialogG2\src\engine\MeteringBusController.cpp:283)
[2026-09-20 11:46:52.762] [DEBUG] [tid:2248] Metering TX: 06 03 00 0b 00 07 74 7d (C:\Qt_work\DialogG2\src\engine\MeteringBusController.cpp:283)
[2026-09-20 11:46:52.804] [DEBUG] [tid:2248] Metering TX: 02 03 00 c0 00 30 45 d1 (C:\Qt_work\DialogG2\src\engine\MeteringBusController.cpp:283)
[2026-09-20 11:46:52.931] [DEBUG] [tid:2248] Metering TX: 02 03 00 30 00 30 45 e2 (C:\Qt_work\DialogG2\src\engine\MeteringBusController.cpp:283)
[2026-09-20 11:46:53.060] [DEBUG] [tid:2248] Metering TX: 02 03 00 90 00 30 45 c0 (C:\Qt_work\DialogG2\src\engine\MeteringBusController.cpp:283)
[2026-09-20 11:46:53.188] [DEBUG] [tid:2248] Metering TX: 04 03 00 11 00 20 14 42 (C:\Qt_work\DialogG2\src\engine\MeteringBusController.cpp:283)
[2026-09-20 11:46:53.788] [DEBUG] [tid:2248] Metering TX: 06 03 00 0b 00 07 74 7d (C:\Qt_work\DialogG2\src\engine\MeteringBusController.cpp:283)
[2026-09-20 11:46:53.826] [DEBUG] [tid:2248] Metering TX: 02 03 00 c0 00 30 45 d1 (C:\Qt_work\DialogG2\src\engine\MeteringBusController.cpp:283)
[2026-09-20 11:46:54.100] [DEBUG] [tid:2248] Metering TX: 02 03 00 30 00 30 45 e2 (C:\Qt_work\DialogG2\src\engine\MeteringBusController.cpp:283)
[2026-09-20 11:46:54.226] [DEBUG] [tid:2248] Metering TX: 02 03 00 90 00 30 45 c0 (C:\Qt_work\DialogG2\src\engine\MeteringBusController.cpp:283)
[2026-09-20 11:46:54.354] [DEBUG] [tid:2248] Metering TX: 04 03 00 11 00 20 14 42 (C:\Qt_work\DialogG2\src\engine\MeteringBusController.cpp:283)
[2026-09-20 11:46:54.481] [DEBUG] [tid:2248] Metering TX: dd a5 03 00 ff fd 77 (C:\Qt_work\DialogG2\src\engine\MeteringBusController.cpp:283)
[2026-09-20 11:46:54.577] [DEBUG] [tid:2248] Metering TX: dd a5 04 00 ff fc 77 (C:\Qt_work\DialogG2\src\engine\MeteringBusController.cpp:283)
[2026-09-20 11:46:54.642] [DEBUG] [tid:2248] Metering TX: 05 03 03 00 00 02 c5 cb (C:\Qt_work\DialogG2\src\engine\MeteringBusController.cpp:283)
[2026-09-20 11:46:54.893] [DEBUG] [tid:2248] Metering TX: 06 03 00 0b 00 07 74 7d (C:\Qt_work\DialogG2\src\engine\MeteringBusController.cpp:283)
[2026-09-20 11:46:54.929] [DEBUG] [tid:2248] Metering TX: 02 03 00 c0 00 30 45 d1 (C:\Qt_work\DialogG2\src\engine\MeteringBusController.cpp:283)
[2026-09-20 11:46:55.200] [DEBUG] [tid:2248] Metering TX: 02 03 00 30 00 30 45 e2 (C:\Qt_work\DialogG2\src\engine\MeteringBusController.cpp:283)
[2026-09-20 11:46:55.328] [DEBUG] [tid:2248] Metering TX: 02 03 00 90 00 30 45 c0 (C:\Qt_work\DialogG2\src\engine\MeteringBusController.cpp:283)
[2026-09-20 11:46:55.457] [DEBUG] [tid:2248] Metering TX: 04 03 00 11 00 20 14 42 (C:\Qt_work\DialogG2\src\engine\MeteringBusController.cpp:283)
[2026-09-20 11:46:55.846] [DEBUG] [tid:2248] Metering TX: 06 03 00 0b 00 07 74 7d (C:\Qt_work\DialogG2\src\engine\MeteringBusController.cpp:283)
[2026-09-20 11:46:55.888] [DEBUG] [tid:2248] Metering TX: 02 03 00 c0 00 30 45 d1 (C:\Qt_work\DialogG2\src\engine\MeteringBusController.cpp:283)
[2026-09-20 11:46:56.015] [DEBUG] [tid:2248] Metering TX: 02 03 00 30 00 30 45 e2 (C:\Qt_work\DialogG2\src\engine\MeteringBusController.cpp:283)
[2026-09-20 11:46:56.143] [DEBUG] [tid:2248] Metering TX: 02 03 00 90 00 30 45 c0 (C:\Qt_work\DialogG2\src\engine\MeteringBusController.cpp:283)
[2026-09-20 11:46:56.271] [DEBUG] [tid:2248] Metering TX: 04 03 00 11 00 20 14 42 (C:\Qt_work\DialogG2\src\engine\MeteringBusController.cpp:283)
[2026-09-20 11:46:56.416] [DEBUG] [tid:2248] Metering TX: dd a5 03 00 ff fd 77 (C:\Qt_work\DialogG2\src\engine\MeteringBusController.cpp:283)
[2026-09-20 11:46:56.849] [DEBUG] [tid:2248] Metering TX: 06 03 00 0b 00 07 74 7d (C:\Qt_work\DialogG2\src\engine\MeteringBusController.cpp:283)
[2026-09-20 11:46:56.895] [DEBUG] [tid:2248] Metering TX: 02 03 00 c0 00 30 45 d1 (C:\Qt_work\DialogG2\src\engine\MeteringBusController.cpp:283)
[2026-09-20 11:46:57.022] [DEBUG] [tid:2248] Metering TX: 02 03 00 30 00 30 45 e2 (C:\Qt_work\DialogG2\src\engine\MeteringBusController.cpp:283)
[2026-09-20 11:46:57.150] [DEBUG] [tid:2248] Metering TX: 02 03 00 90 00 30 45 c0 (C:\Qt_work\DialogG2\src\engine\MeteringBusController.cpp:283)
[2026-09-20 11:46:57.278] [DEBUG] [tid:2248] Metering TX: 04 03 00 11 00 20 14 42 (C:\Qt_work\DialogG2\src\engine\MeteringBusController.cpp:283)
[2026-09-20 11:46:57.925] [DEBUG] [tid:2248] Metering TX: 06 03 00 0b 00 07 74 7d (C:\Qt_work\DialogG2\src\engine\MeteringBusController.cpp:283)
[2026-09-20 11:46:57.966] [DEBUG] [tid:2248] Metering TX: 02 03 00 c0 00 30 45 d1 (C:\Qt_work\DialogG2\src\engine\MeteringBusController.cpp:283)
[2026-09-20 11:46:58.093] [DEBUG] [tid:2248] Metering TX: 02 03 00 30 00 30 45 e2 (C:\Qt_work\DialogG2\src\engine\MeteringBusController.cpp:283)
[2026-09-20 11:46:58.221] [DEBUG] [tid:2248] Metering TX: 02 03 00 90 00 30 45 c0 (C:\Qt_work\DialogG2\src\engine\MeteringBusController.cpp:283)
[2026-09-20 11:46:58.348] [DEBUG] [tid:2248] Metering TX: 04 03 00 11 00 20 14 42 (C:\Qt_work\DialogG2\src\engine\MeteringBusController.cpp:283)
[2026-09-20 11:46:58.478] [DEBUG] [tid:2248] Metering TX: dd a5 03 00 ff fd 77 (C:\Qt_work\DialogG2\src\engine\MeteringBusController.cpp:283)
[2026-09-20 11:46:58.963] [DEBUG] [tid:2248] Metering TX: 06 03 00 0b 00 07 74 7d (C:\Qt_work\DialogG2\src\engine\MeteringBusController.cpp:283)
[2026-09-20 11:46:59.004] [DEBUG] [tid:2248] Metering TX: 02 03 00 c0 00 30 45 d1 (C:\Qt_work\DialogG2\src\engine\MeteringBusController.cpp:283)
[2026-09-20 11:46:59.132] [DEBUG] [tid:2248] Metering TX: 02 03 00 30 00 30 45 e2 (C:\Qt_work\DialogG2\src\engine\MeteringBusController.cpp:283)
[2026-09-20 11:46:59.259] [DEBUG] [tid:2248] Metering TX: 02 03 00 90 00 30 45 c0 (C:\Qt_work\DialogG2\src\engine\MeteringBusController.cpp:283)
[2026-09-20 11:46:59.387] [DEBUG] [tid:2248] Metering TX: 04 03 00 11 00 20 14 42 (C:\Qt_work\DialogG2\src\engine\MeteringBusController.cpp:283)
[2026-09-20 11:46:59.534] [DEBUG] [tid:2248] Metering TX: 05 03 03 00 00 02 c5 cb (C:\Qt_work\DialogG2\src\engine\MeteringBusController.cpp:283)
[2026-09-20 11:46:59.969] [DEBUG] [tid:2248] Metering TX: 06 03 00 0b 00 07 74 7d (C:\Qt_work\DialogG2\src\engine\MeteringBusController.cpp:283)
[2026-09-20 11:47:00.011] [DEBUG] [tid:2248] Metering TX: 02 03 00 c0 00 30 45 d1 (C:\Qt_work\DialogG2\src\engine\MeteringBusController.cpp:283)
[2026-09-20 11:47:00.138] [DEBUG] [tid:2248] Metering TX: 02 03 00 30 00 30 45 e2 (C:\Qt_work\DialogG2\src\engine\MeteringBusController.cpp:283)
[2026-09-20 11:47:00.267] [DEBUG] [tid:2248] Metering TX: 02 03 00 90 00 30 45 c0 (C:\Qt_work\DialogG2\src\engine\MeteringBusController.cpp:283)
[2026-09-20 11:47:00.517] [DEBUG] [tid:2248] Metering TX: 04 03 00 11 00 20 14 42 (C:\Qt_work\DialogG2\src\engine\MeteringBusController.cpp:283)
[2026-09-20 11:47:00.667] [DEBUG] [tid:2248] Metering TX: dd a5 03 00 ff fd 77 (C:\Qt_work\DialogG2\src\engine\MeteringBusController.cpp:283)
[2026-09-20 11:47:01.028] [DEBUG] [tid:2248] Metering TX: 06 03 00 0b 00 07 74 7d (C:\Qt_work\DialogG2\src\engine\MeteringBusController.cpp:283)
[2026-09-20 11:47:01.065] [DEBUG] [tid:2248] Metering TX: 02 03 00 c0 00 30 45 d1 (C:\Qt_work\DialogG2\src\engine\MeteringBusController.cpp:283)
[2026-09-20 11:47:01.193] [DEBUG] [tid:2248] Metering TX: 02 03 00 30 00 30 45 e2 (C:\Qt_work\DialogG2\src\engine\MeteringBusController.cpp:283)
[2026-09-20 11:47:01.321] [DEBUG] [tid:2248] Metering TX: 02 03 00 90 00 30 45 c0 (C:\Qt_work\DialogG2\src\engine\MeteringBusController.cpp:283)
[2026-09-20 11:47:01.449] [DEBUG] [tid:2248] Metering TX: 04 03 00 11 00 20 14 42 (C:\Qt_work\DialogG2\src\engine\MeteringBusController.cpp:283)
[2026-09-20 11:47:02.029] [DEBUG] [tid:2248] Metering TX: 06 03 00 0b 00 07 74 7d (C:\Qt_work\DialogG2\src\engine\MeteringBusController.cpp:283)
[2026-09-20 11:47:02.072] [DEBUG] [tid:2248] Metering TX: 02 03 00 c0 00 30 45 d1 (C:\Qt_work\DialogG2\src\engine\MeteringBusController.cpp:283)
[2026-09-20 11:47:02.200] [DEBUG] [tid:2248] Metering TX: 02 03 00 30 00 30 45 e2 (C:\Qt_work\DialogG2\src\engine\MeteringBusController.cpp:283)
[2026-09-20 11:47:02.328] [DEBUG] [tid:2248] Metering TX: 02 03 00 90 00 30 45 c0 (C:\Qt_work\DialogG2\src\engine\MeteringBusController.cpp:283)
[2026-09-20 11:47:02.455] [DEBUG] [tid:2248] Metering TX: 04 03 00 11 00 20 14 42 (C:\Qt_work\DialogG2\src\engine\MeteringBusController.cpp:283)
[2026-09-20 11:47:02.584] [DEBUG] [tid:2248] Metering TX: dd a5 03 00 ff fd 77 (C:\Qt_work\DialogG2\src\engine\MeteringBusController.cpp:283)
[2026-09-20 11:47:03.086] [DEBUG] [tid:2248] Metering TX: 06 03 00 0b 00 07 74 7d (C:\Qt_work\DialogG2\src\engine\MeteringBusController.cpp:283)
[2026-09-20 11:47:03.127] [DEBUG] [tid:2248] Metering TX: 02 03 00 c0 00 30 45 d1 (C:\Qt_work\DialogG2\src\engine\MeteringBusController.cpp:283)
[2026-09-20 11:47:03.256] [DEBUG] [tid:2248] Metering TX: 02 03 00 30 00 30 45 e2 (C:\Qt_work\DialogG2\src\engine\MeteringBusController.cpp:283)
[2026-09-20 11:47:03.382] [DEBUG] [tid:2248] Metering TX: 02 03 00 90 00 30 45 c0 (C:\Qt_work\DialogG2\src\engine\MeteringBusController.cpp:283)
[2026-09-20 11:47:03.510] [DEBUG] [tid:2248] Metering TX: 04 03 00 11 00 20 14 42 (C:\Qt_work\DialogG2\src\engine\MeteringBusController.cpp:283)
[2026-09-20 11:47:04.068] [DEBUG] [tid:2248] Metering TX: dd a5 03 00 ff fd 77 (C:\Qt_work\DialogG2\src\engine\MeteringBusController.cpp:283)
[2026-09-20 11:47:04.165] [DEBUG] [tid:2248] Metering TX: 06 03 00 0b 00 07 74 7d (C:\Qt_work\DialogG2\src\engine\MeteringBusController.cpp:283)
[2026-09-20 11:47:04.213] [DEBUG] [tid:2248] Metering TX: 02 03 00 c0 00 30 45 d1 (C:\Qt_work\DialogG2\src\engine\MeteringBusController.cpp:283)
[2026-09-20 11:47:04.341] [DEBUG] [tid:2248] Metering TX: 02 03 00 30 00 30 45 e2 (C:\Qt_work\DialogG2\src\engine\MeteringBusController.cpp:283)
[2026-09-20 11:47:04.468] [DEBUG] [tid:2248] Metering TX: 02 03 00 90 00 30 45 c0 (C:\Qt_work\DialogG2\src\engine\MeteringBusController.cpp:283)
[2026-09-20 11:47:04.597] [DEBUG] [tid:2248] Metering TX: 04 03 00 11 00 20 14 42 (C:\Qt_work\DialogG2\src\engine\MeteringBusController.cpp:283)
[2026-09-20 11:47:04.725] [DEBUG] [tid:2248] Metering TX: dd a5 04 00 ff fc 77 (C:\Qt_work\DialogG2\src\engine\MeteringBusController.cpp:283)
[2026-09-20 11:47:04.789] [DEBUG] [tid:2248] Metering TX: 05 03 03 00 00 02 c5 cb (C:\Qt_work\DialogG2\src\engine\MeteringBusController.cpp:283)
[2026-09-20 11:47:05.129] [DEBUG] [tid:2248] Metering TX: 06 03 00 0b 00 07 74 7d (C:\Qt_work\DialogG2\src\engine\MeteringBusController.cpp:283)
[2026-09-20 11:47:05.172] [DEBUG] [tid:2248] Metering TX: 02 03 00 c0 00 30 45 d1 (C:\Qt_work\DialogG2\src\engine\MeteringBusController.cpp:283)
[2026-09-20 11:47:05.300] [DEBUG] [tid:2248] Metering TX: 02 03 00 30 00 30 45 e2 (C:\Qt_work\DialogG2\src\engine\MeteringBusController.cpp:283)
[2026-09-20 11:47:05.444] [DEBUG] [tid:2248] Metering TX: 02 03 00 90 00 30 45 c0 (C:\Qt_work\DialogG2\src\engine\MeteringBusController.cpp:283)
[2026-09-20 11:47:05.571] [DEBUG] [tid:2248] Metering TX: 04 03 00 11 00 20 14 42 (C:\Qt_work\DialogG2\src\engine\MeteringBusController.cpp:283)
[2026-09-20 11:47:06.119] [DEBUG] [tid:2248] Metering TX: dd a5 03 00 ff fd 77 (C:\Qt_work\DialogG2\src\engine\MeteringBusController.cpp:283)
[2026-09-20 11:47:06.243] [DEBUG] [tid:2248] Metering TX: 06 03 00 0b 00 07 74 7d (C:\Qt_work\DialogG2\src\engine\MeteringBusController.cpp:283)
[2026-09-20 11:47:06.291] [DEBUG] [tid:2248] Metering TX: 02 03 00 c0 00 30 45 d1 (C:\Qt_work\DialogG2\src\engine\MeteringBusController.cpp:283)
[2026-09-20 11:47:06.419] [DEBUG] [tid:2248] Metering TX: 02 03 00 30 00 30 45 e2 (C:\Qt_work\DialogG2\src\engine\MeteringBusController.cpp:283)
[2026-09-20 11:47:06.546] [DEBUG] [tid:2248] Metering TX: 02 03 00 90 00 30 45 c0 (C:\Qt_work\DialogG2\src\engine\MeteringBusController.cpp:283)
[2026-09-20 11:47:06.675] [DEBUG] [tid:2248] Metering TX: 04 03 00 11 00 20 14 42 (C:\Qt_work\DialogG2\src\engine\MeteringBusController.cpp:283)
[2026-09-20 11:47:07.187] [DEBUG] [tid:2248] Metering TX: 06 03 00 0b 00 07 74 7d (C:\Qt_work\DialogG2\src\engine\MeteringBusController.cpp:283)
[2026-09-20 11:47:07.233] [DEBUG] [tid:2248] Metering TX: 02 03 00 c0 00 30 45 d1 (C:\Qt_work\DialogG2\src\engine\MeteringBusController.cpp:283)
[2026-09-20 11:47:07.362] [DEBUG] [tid:2248] Metering TX: 02 03 00 30 00 30 45 e2 (C:\Qt_work\DialogG2\src\engine\MeteringBusController.cpp:283)
[2026-09-20 11:47:07.490] [DEBUG] [tid:2248] Metering TX: 02 03 00 90 00 30 45 c0 (C:\Qt_work\DialogG2\src\engine\MeteringBusController.cpp:283)
[2026-09-20 11:47:07.617] [DEBUG] [tid:2248] Metering TX: 04 03 00 11 00 20 14 42 (C:\Qt_work\DialogG2\src\engine\MeteringBusController.cpp:283)
[2026-09-20 11:47:08.133] [DEBUG] [tid:2248] Metering TX: dd a5 03 00 ff fd 77 (C:\Qt_work\DialogG2\src\engine\MeteringBusController.cpp:283)
[2026-09-20 11:47:08.225] [DEBUG] [tid:2248] Metering TX: 06 03 00 0b 00 07 74 7d (C:\Qt_work\DialogG2\src\engine\MeteringBusController.cpp:283)
[2026-09-20 11:47:08.272] [DEBUG] [tid:2248] Metering TX: 02 03 00 c0 00 30 45 d1 (C:\Qt_work\DialogG2\src\engine\MeteringBusController.cpp:283)
[2026-09-20 11:47:08.400] [DEBUG] [tid:2248] Metering TX: 02 03 00 30 00 30 45 e2 (C:\Qt_work\DialogG2\src\engine\MeteringBusController.cpp:283)
[2026-09-20 11:47:08.528] [DEBUG] [tid:2248] Metering TX: 02 03 00 90 00 30 45 c0 (C:\Qt_work\DialogG2\src\engine\MeteringBusController.cpp:283)
[2026-09-20 11:47:08.656] [DEBUG] [tid:2248] Metering TX: 04 03 00 11 00 20 14 42 (C:\Qt_work\DialogG2\src\engine\MeteringBusController.cpp:283)
[2026-09-20 11:47:09.260] [DEBUG] [tid:2248] Metering TX: 06 03 00 0b 00 07 74 7d (C:\Qt_work\DialogG2\src\engine\MeteringBusController.cpp:283)
[2026-09-20 11:47:09.310] [DEBUG] [tid:2248] Metering TX: 02 03 00 c0 00 30 45 d1 (C:\Qt_work\DialogG2\src\engine\MeteringBusController.cpp:283)
[2026-09-20 11:47:09.439] [DEBUG] [tid:2248] Metering TX: 02 03 00 30 00 30 45 e2 (C:\Qt_work\DialogG2\src\engine\MeteringBusController.cpp:283)
[2026-09-20 11:47:09.567] [DEBUG] [tid:2248] Metering TX: 02 03 00 90 00 30 45 c0 (C:\Qt_work\DialogG2\src\engine\MeteringBusController.cpp:283)
[2026-09-20 11:47:09.694] [DEBUG] [tid:2248] Metering TX: 04 03 00 11 00 20 14 42 (C:\Qt_work\DialogG2\src\engine\MeteringBusController.cpp:283)
[2026-09-20 11:47:09.823] [DEBUG] [tid:2248] Metering TX: 05 03 03 00 00 02 c5 cb (C:\Qt_work\DialogG2\src\engine\MeteringBusController.cpp:283)
[2026-09-20 11:47:10.147] [DEBUG] [tid:2248] Metering TX: dd a5 03 00 ff fd 77 (C:\Qt_work\DialogG2\src\engine\MeteringBusController.cpp:283)
[2026-09-20 11:47:10.270] [DEBUG] [tid:2248] Metering TX: 06 03 00 0b 00 07 74 7d (C:\Qt_work\DialogG2\src\engine\MeteringBusController.cpp:283)
[2026-09-20 11:47:10.318] [DEBUG] [tid:2248] Metering TX: 02 03 00 c0 00 30 45 d1 (C:\Qt_work\DialogG2\src\engine\MeteringBusController.cpp:283)
[2026-09-20 11:47:10.469] [DEBUG] [tid:2248] Metering TX: 02 03 00 30 00 30 45 e2 (C:\Qt_work\DialogG2\src\engine\MeteringBusController.cpp:283)
[2026-09-20 11:47:10.606] [DEBUG] [tid:2248] Metering TX: 02 03 00 90 00 30 45 c0 (C:\Qt_work\DialogG2\src\engine\MeteringBusController.cpp:283)
[2026-09-20 11:47:10.733] [DEBUG] [tid:2248] Metering TX: 04 03 00 11 00 20 14 42 (C:\Qt_work\DialogG2\src\engine\MeteringBusController.cpp:283)
[2026-09-20 11:47:11.330] [DEBUG] [tid:2248] Metering TX: 06 03 00 0b 00 07 74 7d (C:\Qt_work\DialogG2\src\engine\MeteringBusController.cpp:283)
[2026-09-20 11:47:11.372] [DEBUG] [tid:2248] Metering TX: 02 03 00 c0 00 30 45 d1 (C:\Qt_work\DialogG2\src\engine\MeteringBusController.cpp:283)
[2026-09-20 11:47:11.500] [DEBUG] [tid:2248] Metering TX: 02 03 00 30 00 30 45 e2 (C:\Qt_work\DialogG2\src\engine\MeteringBusController.cpp:283)
[2026-09-20 11:47:11.628] [DEBUG] [tid:2248] Metering TX: 02 03 00 90 00 30 45 c0 (C:\Qt_work\DialogG2\src\engine\MeteringBusController.cpp:283)
[2026-09-20 11:47:11.756] [DEBUG] [tid:2248] Metering TX: 04 03 00 11 00 20 14 42 (C:\Qt_work\DialogG2\src\engine\MeteringBusController.cpp:283)
[2026-09-20 11:47:12.149] [DEBUG] [tid:2248] Metering TX: dd a5 03 00 ff fd 77 (C:\Qt_work\DialogG2\src\engine\MeteringBusController.cpp:283)
[2026-09-20 11:47:12.353] [DEBUG] [tid:2248] Metering TX: 06 03 00 0b 00 07 74 7d (C:\Qt_work\DialogG2\src\engine\MeteringBusController.cpp:283)
[2026-09-20 11:47:12.395] [DEBUG] [tid:2248] Metering TX: 02 03 00 c0 00 30 45 d1 (C:\Qt_work\DialogG2\src\engine\MeteringBusController.cpp:283)
[2026-09-20 11:47:12.524] [DEBUG] [tid:2248] Metering TX: 02 03 00 30 00 30 45 e2 (C:\Qt_work\DialogG2\src\engine\MeteringBusController.cpp:283)
[2026-09-20 11:47:12.650] [DEBUG] [tid:2248] Metering TX: 02 03 00 90 00 30 45 c0 (C:\Qt_work\DialogG2\src\engine\MeteringBusController.cpp:283)
[2026-09-20 11:47:12.779] [DEBUG] [tid:2248] Metering TX: 04 03 00 11 00 20 14 42 (C:\Qt_work\DialogG2\src\engine\MeteringBusController.cpp:283)
[2026-09-20 11:47:13.362] [DEBUG] [tid:2248] Metering TX: 06 03 00 0b 00 07 74 7d (C:\Qt_work\DialogG2\src\engine\MeteringBusController.cpp:283)
[2026-09-20 11:47:13.402] [DEBUG] [tid:2248] Metering TX: 02 03 00 c0 00 30 45 d1 (C:\Qt_work\DialogG2\src\engine\MeteringBusController.cpp:283)
[2026-09-20 11:47:13.529] [DEBUG] [tid:2248] Metering TX: 02 03 00 30 00 30 45 e2 (C:\Qt_work\DialogG2\src\engine\MeteringBusController.cpp:283)
[2026-09-20 11:47:13.657] [DEBUG] [tid:2248] Metering TX: 02 03 00 90 00 30 45 c0 (C:\Qt_work\DialogG2\src\engine\MeteringBusController.cpp:283)
[2026-09-20 11:47:13.785] [DEBUG] [tid:2248] Metering TX: 04 03 00 11 00 20 14 42 (C:\Qt_work\DialogG2\src\engine\MeteringBusController.cpp:283)
[2026-09-20 11:47:14.172] [DEBUG] [tid:2248] Metering TX: dd a5 03 00 ff fd 77 (C:\Qt_work\DialogG2\src\engine\MeteringBusController.cpp:283)
[2026-09-20 11:47:14.293] [DEBUG] [tid:2248] Metering TX: dd a5 04 00 ff fc 77 (C:\Qt_work\DialogG2\src\engine\MeteringBusController.cpp:283)
[2026-09-20 11:47:14.421] [DEBUG] [tid:2248] Metering TX: 06 03 00 0b 00 07 74 7d (C:\Qt_work\DialogG2\src\engine\MeteringBusController.cpp:283)
[2026-09-20 11:47:14.472] [DEBUG] [tid:2248] Metering TX: 02 03 00 c0 00 30 45 d1 (C:\Qt_work\DialogG2\src\engine\MeteringBusController.cpp:283)
[2026-09-20 11:47:14.601] [DEBUG] [tid:2248] Metering TX: 02 03 00 30 00 30 45 e2 (C:\Qt_work\DialogG2\src\engine\MeteringBusController.cpp:283)
[2026-09-20 11:47:14.728] [DEBUG] [tid:2248] Metering TX: 02 03 00 90 00 30 45 c0 (C:\Qt_work\DialogG2\src\engine\MeteringBusController.cpp:283)
[2026-09-20 11:47:14.856] [DEBUG] [tid:2248] Metering TX: 04 03 00 11 00 20 14 42 (C:\Qt_work\DialogG2\src\engine\MeteringBusController.cpp:283)
[2026-09-20 11:47:15.109] [DEBUG] [tid:2248] Metering TX: 05 03 03 00 00 02 c5 cb (C:\Qt_work\DialogG2\src\engine\MeteringBusController.cpp:283)
[2026-09-20 11:47:15.496] [DEBUG] [tid:2248] Metering TX: 06 03 00 0b 00 07 74 7d (C:\Qt_work\DialogG2\src\engine\MeteringBusController.cpp:283)
[2026-09-20 11:47:15.543] [DEBUG] [tid:2248] Metering TX: 02 03 00 c0 00 30 45 d1 (C:\Qt_work\DialogG2\src\engine\MeteringBusController.cpp:283)
[2026-09-20 11:47:15.671] [DEBUG] [tid:2248] Metering TX: 02 03 00 30 00 30 45 e2 (C:\Qt_work\DialogG2\src\engine\MeteringBusController.cpp:283)
[2026-09-20 11:47:15.799] [DEBUG] [tid:2248] Metering TX: 02 03 00 90 00 30 45 c0 (C:\Qt_work\DialogG2\src\engine\MeteringBusController.cpp:283)
[2026-09-20 11:47:15.928] [DEBUG] [tid:2248] Metering TX: 04 03 00 11 00 20 14 42 (C:\Qt_work\DialogG2\src\engine\MeteringBusController.cpp:283)
[2026-09-20 11:47:16.231] [DEBUG] [tid:2248] Metering TX: dd a5 03 00 ff fd 77 (C:\Qt_work\DialogG2\src\engine\MeteringBusController.cpp:283)
[2026-09-20 11:47:16.499] [DEBUG] [tid:2248] Metering TX: 06 03 00 0b 00 07 74 7d (C:\Qt_work\DialogG2\src\engine\MeteringBusController.cpp:283)
[2026-09-20 11:47:16.534] [DEBUG] [tid:2248] Metering TX: 02 03 00 c0 00 30 45 d1 (C:\Qt_work\DialogG2\src\engine\MeteringBusController.cpp:283)
[2026-09-20 11:47:16.787] [DEBUG] [tid:2248] Metering TX: 02 03 00 30 00 30 45 e2 (C:\Qt_work\DialogG2\src\engine\MeteringBusController.cpp:283)
[2026-09-20 11:47:16.918] [DEBUG] [tid:2248] Metering TX: 02 03 00 90 00 30 45 c0 (C:\Qt_work\DialogG2\src\engine\MeteringBusController.cpp:283)
[2026-09-20 11:47:17.046] [DEBUG] [tid:2248] Metering TX: 04 03 00 11 00 20 14 42 (C:\Qt_work\DialogG2\src\engine\MeteringBusController.cpp:283)
[2026-09-20 11:47:17.541] [DEBUG] [tid:2248] Metering TX: 06 03 00 0b 00 07 74 7d (C:\Qt_work\DialogG2\src\engine\MeteringBusController.cpp:283)
[2026-09-20 11:47:17.590] [DEBUG] [tid:2248] Metering TX: 02 03 00 c0 00 30 45 d1 (C:\Qt_work\DialogG2\src\engine\MeteringBusController.cpp:283)
[2026-09-20 11:47:17.717] [DEBUG] [tid:2248] Metering TX: 02 03 00 30 00 30 45 e2 (C:\Qt_work\DialogG2\src\engine\MeteringBusController.cpp:283)
[2026-09-20 11:47:17.845] [DEBUG] [tid:2248] Metering TX: 02 03 00 90 00 30 45 c0 (C:\Qt_work\DialogG2\src\engine\MeteringBusController.cpp:283)
[2026-09-20 11:47:17.972] [DEBUG] [tid:2248] Metering TX: 04 03 00 11 00 20 14 42 (C:\Qt_work\DialogG2\src\engine\MeteringBusController.cpp:283)
[2026-09-20 11:47:18.234] [DEBUG] [tid:2248] Metering TX: dd a5 03 00 ff fd 77 (C:\Qt_work\DialogG2\src\engine\MeteringBusController.cpp:283)
[2026-09-20 11:47:18.551] [DEBUG] [tid:2248] Metering TX: 06 03 00 0b 00 07 74 7d (C:\Qt_work\DialogG2\src\engine\MeteringBusController.cpp:283)
[2026-09-20 11:47:18.596] [DEBUG] [tid:2248] Metering TX: 02 03 00 c0 00 30 45 d1 (C:\Qt_work\DialogG2\src\engine\MeteringBusController.cpp:283)
[2026-09-20 11:47:18.724] [DEBUG] [tid:2248] Metering TX: 02 03 00 30 00 30 45 e2 (C:\Qt_work\DialogG2\src\engine\MeteringBusController.cpp:283)
[2026-09-20 11:47:18.851] [DEBUG] [tid:2248] Metering TX: 02 03 00 90 00 30 45 c0 (C:\Qt_work\DialogG2\src\engine\MeteringBusController.cpp:283)
[2026-09-20 11:47:18.997] [DEBUG] [tid:2248] Metering TX: 04 03 00 11 00 20 14 42 (C:\Qt_work\DialogG2\src\engine\MeteringBusController.cpp:283)
[2026-09-20 11:47:19.612] [DEBUG] [tid:2248] Metering TX: 06 03 00 0b 00 07 74 7d (C:\Qt_work\DialogG2\src\engine\MeteringBusController.cpp:283)
[2026-09-20 11:47:19.651] [DEBUG] [tid:2248] Metering TX: 02 03 00 c0 00 30 45 d1 (C:\Qt_work\DialogG2\src\engine\MeteringBusController.cpp:283)
[2026-09-20 11:47:19.778] [DEBUG] [tid:2248] Metering TX: 02 03 00 30 00 30 45 e2 (C:\Qt_work\DialogG2\src\engine\MeteringBusController.cpp:283)
[2026-09-20 11:47:19.905] [DEBUG] [tid:2248] Metering TX: 02 03 00 90 00 30 45 c0 (C:\Qt_work\DialogG2\src\engine\MeteringBusController.cpp:283)
[2026-09-20 11:47:20.034] [DEBUG] [tid:2248] Metering TX: 04 03 00 11 00 20 14 42 (C:\Qt_work\DialogG2\src\engine\MeteringBusController.cpp:283)
[2026-09-20 11:47:20.177] [DEBUG] [tid:2248] Metering TX: 05 03 03 00 00 02 c5 cb (C:\Qt_work\DialogG2\src\engine\MeteringBusController.cpp:283)
[2026-09-20 11:47:20.418] [DEBUG] [tid:2248] Metering TX: dd a5 03 00 ff fd 77 (C:\Qt_work\DialogG2\src\engine\MeteringBusController.cpp:283)
[2026-09-20 11:47:20.670] [DEBUG] [tid:2248] Metering TX: 06 03 00 0b 00 07 74 7d (C:\Qt_work\DialogG2\src\engine\MeteringBusController.cpp:283)
[2026-09-20 11:47:20.720] [DEBUG] [tid:2248] Metering TX: 02 03 00 c0 00 30 45 d1 (C:\Qt_work\DialogG2\src\engine\MeteringBusController.cpp:283)
[2026-09-20 11:47:20.848] [DEBUG] [tid:2248] Metering TX: 02 03 00 30 00 30 45 e2 (C:\Qt_work\DialogG2\src\engine\MeteringBusController.cpp:283)
[2026-09-20 11:47:20.993] [DEBUG] [tid:2248] Metering TX: 02 03 00 90 00 30 45 c0 (C:\Qt_work\DialogG2\src\engine\MeteringBusController.cpp:283)
[2026-09-20 11:47:21.120] [DEBUG] [tid:2248] Metering TX: 04 03 00 11 00 20 14 42 (C:\Qt_work\DialogG2\src\engine\MeteringBusController.cpp:283)
[2026-09-20 11:47:21.680] [DEBUG] [tid:2248] Metering TX: 06 03 00 0b 00 07 74 7d (C:\Qt_work\DialogG2\src\engine\MeteringBusController.cpp:283)
[2026-09-20 11:47:21.727] [DEBUG] [tid:2248] Metering TX: 02 03 00 c0 00 30 45 d1 (C:\Qt_work\DialogG2\src\engine\MeteringBusController.cpp:283)
[2026-09-20 11:47:21.855] [DEBUG] [tid:2248] Metering TX: 02 03 00 30 00 30 45 e2 (C:\Qt_work\DialogG2\src\engine\MeteringBusController.cpp:283)
[2026-09-20 11:47:21.997] [DEBUG] [tid:2248] Metering TX: 02 03 00 90 00 30 45 c0 (C:\Qt_work\DialogG2\src\engine\MeteringBusController.cpp:283)
[2026-09-20 11:47:22.127] [DEBUG] [tid:2248] Metering TX: 04 03 00 11 00 20 14 42 (C:\Qt_work\DialogG2\src\engine\MeteringBusController.cpp:283)
[2026-09-20 11:47:22.271] [DEBUG] [tid:2248] Metering TX: dd a5 03 00 ff fd 77 (C:\Qt_work\DialogG2\src\engine\MeteringBusController.cpp:283)
[2026-09-20 11:47:22.701] [DEBUG] [tid:2248] Metering TX: 06 03 00 0b 00 07 74 7d (C:\Qt_work\DialogG2\src\engine\MeteringBusController.cpp:283)
[2026-09-20 11:47:22.752] [DEBUG] [tid:2248] Metering TX: 02 03 00 c0 00 30 45 d1 (C:\Qt_work\DialogG2\src\engine\MeteringBusController.cpp:283)
[2026-09-20 11:47:22.878] [DEBUG] [tid:2248] Metering TX: 02 03 00 30 00 30 45 e2 (C:\Qt_work\DialogG2\src\engine\MeteringBusController.cpp:283)
[2026-09-20 11:47:23.006] [DEBUG] [tid:2248] Metering TX: 02 03 00 90 00 30 45 c0 (C:\Qt_work\DialogG2\src\engine\MeteringBusController.cpp:283)
[2026-09-20 11:47:23.134] [DEBUG] [tid:2248] Metering TX: 04 03 00 11 00 20 14 42 (C:\Qt_work\DialogG2\src\engine\MeteringBusController.cpp:283)
[2026-09-20 11:47:23.703] [DEBUG] [tid:2248] Metering TX: 06 03 00 0b 00 07 74 7d (C:\Qt_work\DialogG2\src\engine\MeteringBusController.cpp:283)
[2026-09-20 11:47:23.741] [DEBUG] [tid:2248] Metering TX: 02 03 00 c0 00 30 45 d1 (C:\Qt_work\DialogG2\src\engine\MeteringBusController.cpp:283)
[2026-09-20 11:47:23.869] [DEBUG] [tid:2248] Metering TX: 02 03 00 30 00 30 45 e2 (C:\Qt_work\DialogG2\src\engine\MeteringBusController.cpp:283)
[2026-09-20 11:47:23.999] [DEBUG] [tid:2248] Metering TX: 02 03 00 90 00 30 45 c0 (C:\Qt_work\DialogG2\src\engine\MeteringBusController.cpp:283)
[2026-09-20 11:47:24.125] [DEBUG] [tid:2248] Metering TX: 04 03 00 11 00 20 14 42 (C:\Qt_work\DialogG2\src\engine\MeteringBusController.cpp:283)
[2026-09-20 11:47:24.272] [DEBUG] [tid:2248] Metering TX: dd a5 03 00 ff fd 77 (C:\Qt_work\DialogG2\src\engine\MeteringBusController.cpp:283)
[2026-09-20 11:47:24.364] [DEBUG] [tid:2248] Metering TX: dd a5 04 00 ff fc 77 (C:\Qt_work\DialogG2\src\engine\MeteringBusController.cpp:283)
[2026-09-20 11:47:24.664] [DEBUG] [tid:2248] Metering TX: 05 03 03 00 00 02 c5 cb (C:\Qt_work\DialogG2\src\engine\MeteringBusController.cpp:283)
[2026-09-20 11:47:24.918] [DEBUG] [tid:2248] Metering TX: 06 03 00 0b 00 07 74 7d (C:\Qt_work\DialogG2\src\engine\MeteringBusController.cpp:283)
[2026-09-20 11:47:24.956] [DEBUG] [tid:2248] Metering TX: 02 03 00 c0 00 30 45 d1 (C:\Qt_work\DialogG2\src\engine\MeteringBusController.cpp:283)
[2026-09-20 11:47:25.084] [DEBUG] [tid:2248] Metering TX: 02 03 00 30 00 30 45 e2 (C:\Qt_work\DialogG2\src\engine\MeteringBusController.cpp:283)
[2026-09-20 11:47:25.211] [DEBUG] [tid:2248] Metering TX: 02 03 00 90 00 30 45 c0 (C:\Qt_work\DialogG2\src\engine\MeteringBusController.cpp:283)
[2026-09-20 11:47:25.340] [DEBUG] [tid:2248] Metering TX: 04 03 00 11 00 20 14 42 (C:\Qt_work\DialogG2\src\engine\MeteringBusController.cpp:283)
[2026-09-20 11:47:25.731] [DEBUG] [tid:2248] Metering TX: 06 03 00 0b 00 07 74 7d (C:\Qt_work\DialogG2\src\engine\MeteringBusController.cpp:283)
[2026-09-20 11:47:25.771] [DEBUG] [tid:2248] Metering TX: 02 03 00 c0 00 30 45 d1 (C:\Qt_work\DialogG2\src\engine\MeteringBusController.cpp:283)
[2026-09-20 11:47:25.899] [DEBUG] [tid:2248] Metering TX: 02 03 00 30 00 30 45 e2 (C:\Qt_work\DialogG2\src\engine\MeteringBusController.cpp:283)
[2026-09-20 11:47:26.026] [DEBUG] [tid:2248] Metering TX: 02 03 00 90 00 30 45 c0 (C:\Qt_work\DialogG2\src\engine\MeteringBusController.cpp:283)
[2026-09-20 11:47:26.154] [DEBUG] [tid:2248] Metering TX: 04 03 00 11 00 20 14 42 (C:\Qt_work\DialogG2\src\engine\MeteringBusController.cpp:283)
[2026-09-20 11:47:26.293] [DEBUG] [tid:2248] Metering TX: dd a5 03 00 ff fd 77 (C:\Qt_work\DialogG2\src\engine\MeteringBusController.cpp:283)
[2026-09-20 11:47:26.743] [DEBUG] [tid:2248] Metering TX: 06 03 00 0b 00 07 74 7d (C:\Qt_work\DialogG2\src\engine\MeteringBusController.cpp:283)
[2026-09-20 11:47:26.793] [DEBUG] [tid:2248] Metering TX: 02 03 00 c0 00 30 45 d1 (C:\Qt_work\DialogG2\src\engine\MeteringBusController.cpp:283)
[2026-09-20 11:47:26.921] [DEBUG] [tid:2248] Metering TX: 02 03 00 30 00 30 45 e2 (C:\Qt_work\DialogG2\src\engine\MeteringBusController.cpp:283)
[2026-09-20 11:47:27.049] [DEBUG] [tid:2248] Metering TX: 02 03 00 90 00 30 45 c0 (C:\Qt_work\DialogG2\src\engine\MeteringBusController.cpp:283)
[2026-09-20 11:47:27.177] [DEBUG] [tid:2248] Metering TX: 04 03 00 11 00 20 14 42 (C:\Qt_work\DialogG2\src\engine\MeteringBusController.cpp:283)
[2026-09-20 11:47:27.746] [DEBUG] [tid:2248] Metering TX: 06 03 00 0b 00 07 74 7d (C:\Qt_work\DialogG2\src\engine\MeteringBusController.cpp:283)
[2026-09-20 11:47:27.784] [DEBUG] [tid:2248] Metering TX: 02 03 00 c0 00 30 45 d1 (C:\Qt_work\DialogG2\src\engine\MeteringBusController.cpp:283)
[2026-09-20 11:47:27.912] [DEBUG] [tid:2248] Metering TX: 02 03 00 30 00 30 45 e2 (C:\Qt_work\DialogG2\src\engine\MeteringBusController.cpp:283)
[2026-09-20 11:47:28.040] [DEBUG] [tid:2248] Metering TX: 02 03 00 90 00 30 45 c0 (C:\Qt_work\DialogG2\src\engine\MeteringBusController.cpp:283)
[2026-09-20 11:47:28.168] [DEBUG] [tid:2248] Metering TX: 04 03 00 11 00 20 14 42 (C:\Qt_work\DialogG2\src\engine\MeteringBusController.cpp:283)
[2026-09-20 11:47:28.311] [DEBUG] [tid:2248] Metering TX: dd a5 03 00 ff fd 77 (C:\Qt_work\DialogG2\src\engine\MeteringBusController.cpp:283)
[2026-09-20 11:47:28.756] [DEBUG] [tid:2248] Metering TX: 06 03 00 0b 00 07 74 7d (C:\Qt_work\DialogG2\src\engine\MeteringBusController.cpp:283)
[2026-09-20 11:47:28.807] [DEBUG] [tid:2248] Metering TX: 02 03 00 c0 00 30 45 d1 (C:\Qt_work\DialogG2\src\engine\MeteringBusController.cpp:283)
[2026-09-20 11:47:28.935] [DEBUG] [tid:2248] Metering TX: 02 03 00 30 00 30 45 e2 (C:\Qt_work\DialogG2\src\engine\MeteringBusController.cpp:283)
[2026-09-20 11:47:29.063] [DEBUG] [tid:2248] Metering TX: 02 03 00 90 00 30 45 c0 (C:\Qt_work\DialogG2\src\engine\MeteringBusController.cpp:283)
[2026-09-20 11:47:29.191] [DEBUG] [tid:2248] Metering TX: 04 03 00 11 00 20 14 42 (C:\Qt_work\DialogG2\src\engine\MeteringBusController.cpp:283)
[2026-09-20 11:47:29.688] [DEBUG] [tid:2248] Metering TX: 05 03 03 00 00 02 c5 cb (C:\Qt_work\DialogG2\src\engine\MeteringBusController.cpp:283)
[2026-09-20 11:47:29.944] [DEBUG] [tid:2248] Metering TX: 06 03 00 0b 00 07 74 7d (C:\Qt_work\DialogG2\src\engine\MeteringBusController.cpp:283)
[2026-09-20 11:47:29.990] [DEBUG] [tid:2248] Metering TX: 02 03 00 c0 00 30 45 d1 (C:\Qt_work\DialogG2\src\engine\MeteringBusController.cpp:283)
[2026-09-20 11:47:30.117] [DEBUG] [tid:2248] Metering TX: 02 03 00 30 00 30 45 e2 (C:\Qt_work\DialogG2\src\engine\MeteringBusController.cpp:283)
[2026-09-20 11:47:30.246] [DEBUG] [tid:2248] Metering TX: 02 03 00 90 00 30 45 c0 (C:\Qt_work\DialogG2\src\engine\MeteringBusController.cpp:283)
[2026-09-20 11:47:30.373] [DEBUG] [tid:2248] Metering TX: 04 03 00 11 00 20 14 42 (C:\Qt_work\DialogG2\src\engine\MeteringBusController.cpp:283)
[2026-09-20 11:47:30.518] [DEBUG] [tid:2248] Metering TX: dd a5 03 00 ff fd 77 (C:\Qt_work\DialogG2\src\engine\MeteringBusController.cpp:283)
[2026-09-20 11:47:30.820] [DEBUG] [tid:2248] Metering TX: 06 03 00 0b 00 07 74 7d (C:\Qt_work\DialogG2\src\engine\MeteringBusController.cpp:283)
[2026-09-20 11:47:30.868] [DEBUG] [tid:2248] Metering TX: 02 03 00 c0 00 30 45 d1 (C:\Qt_work\DialogG2\src\engine\MeteringBusController.cpp:283)
[2026-09-20 11:47:31.008] [DEBUG] [tid:2248] Metering TX: 02 03 00 30 00 30 45 e2 (C:\Qt_work\DialogG2\src\engine\MeteringBusController.cpp:283)
[2026-09-20 11:47:31.141] [DEBUG] [tid:2248] Metering TX: 02 03 00 90 00 30 45 c0 (C:\Qt_work\DialogG2\src\engine\MeteringBusController.cpp:283)
[2026-09-20 11:47:31.267] [DEBUG] [tid:2248] Metering TX: 04 03 00 11 00 20 14 42 (C:\Qt_work\DialogG2\src\engine\MeteringBusController.cpp:283)
[2026-09-20 11:47:31.820] [DEBUG] [tid:2248] Metering TX: 06 03 00 0b 00 07 74 7d (C:\Qt_work\DialogG2\src\engine\MeteringBusController.cpp:283)
[2026-09-20 11:47:31.859] [DEBUG] [tid:2248] Metering TX: 02 03 00 c0 00 30 45 d1 (C:\Qt_work\DialogG2\src\engine\MeteringBusController.cpp:283)
[2026-09-20 11:47:31.988] [DEBUG] [tid:2248] Metering TX: 02 03 00 30 00 30 45 e2 (C:\Qt_work\DialogG2\src\engine\MeteringBusController.cpp:283)
[2026-09-20 11:47:32.116] [DEBUG] [tid:2248] Metering TX: 02 03 00 90 00 30 45 c0 (C:\Qt_work\DialogG2\src\engine\MeteringBusController.cpp:283)
[2026-09-20 11:47:32.243] [DEBUG] [tid:2248] Metering TX: 04 03 00 11 00 20 14 42 (C:\Qt_work\DialogG2\src\engine\MeteringBusController.cpp:283)
[2026-09-20 11:47:32.432] [DEBUG] [tid:2248] Metering TX: dd a5 03 00 ff fd 77 (C:\Qt_work\DialogG2\src\engine\MeteringBusController.cpp:283)
[2026-09-20 11:47:32.879] [DEBUG] [tid:2248] Metering TX: 06 03 00 0b 00 07 74 7d (C:\Qt_work\DialogG2\src\engine\MeteringBusController.cpp:283)
[2026-09-20 11:47:32.931] [DEBUG] [tid:2248] Metering TX: 02 03 00 c0 00 30 45 d1 (C:\Qt_work\DialogG2\src\engine\MeteringBusController.cpp:283)
[2026-09-20 11:47:33.058] [DEBUG] [tid:2248] Metering TX: 02 03 00 30 00 30 45 e2 (C:\Qt_work\DialogG2\src\engine\MeteringBusController.cpp:283)
[2026-09-20 11:47:33.185] [DEBUG] [tid:2248] Metering TX: 02 03 00 90 00 30 45 c0 (C:\Qt_work\DialogG2\src\engine\MeteringBusController.cpp:283)
[2026-09-20 11:47:33.313] [DEBUG] [tid:2248] Metering TX: 04 03 00 11 00 20 14 42 (C:\Qt_work\DialogG2\src\engine\MeteringBusController.cpp:283)
[2026-09-20 11:47:33.887] [DEBUG] [tid:2248] Metering TX: 06 03 00 0b 00 07 74 7d (C:\Qt_work\DialogG2\src\engine\MeteringBusController.cpp:283)
[2026-09-20 11:47:33.937] [DEBUG] [tid:2248] Metering TX: 02 03 00 c0 00 30 45 d1 (C:\Qt_work\DialogG2\src\engine\MeteringBusController.cpp:283)
[2026-09-20 11:47:34.065] [DEBUG] [tid:2248] Metering TX: 02 03 00 30 00 30 45 e2 (C:\Qt_work\DialogG2\src\engine\MeteringBusController.cpp:283)
[2026-09-20 11:47:34.194] [DEBUG] [tid:2248] Metering TX: 02 03 00 90 00 30 45 c0 (C:\Qt_work\DialogG2\src\engine\MeteringBusController.cpp:283)
[2026-09-20 11:47:34.320] [DEBUG] [tid:2248] Metering TX: 04 03 00 11 00 20 14 42 (C:\Qt_work\DialogG2\src\engine\MeteringBusController.cpp:283)
[2026-09-20 11:47:34.449] [DEBUG] [tid:2248] Metering TX: dd a5 04 00 ff fc 77 (C:\Qt_work\DialogG2\src\engine\MeteringBusController.cpp:283)
[2026-09-20 11:47:34.528] [DEBUG] [tid:2248] Metering TX: dd a5 03 00 ff fd 77 (C:\Qt_work\DialogG2\src\engine\MeteringBusController.cpp:283)
[2026-09-20 11:47:34.705] [DEBUG] [tid:2248] Metering TX: 05 03 03 00 00 02 c5 cb (C:\Qt_work\DialogG2\src\engine\MeteringBusController.cpp:283)
[2026-09-20 11:47:34.962] [DEBUG] [tid:2248] Metering TX: 06 03 00 0b 00 07 74 7d (C:\Qt_work\DialogG2\src\engine\MeteringBusController.cpp:283)
[2026-09-20 11:47:35.008] [DEBUG] [tid:2248] Metering TX: 02 03 00 c0 00 30 45 d1 (C:\Qt_work\DialogG2\src\engine\MeteringBusController.cpp:283)
[2026-09-20 11:47:35.136] [DEBUG] [tid:2248] Metering TX: 02 03 00 30 00 30 45 e2 (C:\Qt_work\DialogG2\src\engine\MeteringBusController.cpp:283)
[2026-09-20 11:47:35.263] [DEBUG] [tid:2248] Metering TX: 02 03 00 90 00 30 45 c0 (C:\Qt_work\DialogG2\src\engine\MeteringBusController.cpp:283)
[2026-09-20 11:47:35.392] [DEBUG] [tid:2248] Metering TX: 04 03 00 11 00 20 14 42 (C:\Qt_work\DialogG2\src\engine\MeteringBusController.cpp:283)
[2026-09-20 11:47:35.949] [DEBUG] [tid:2248] Metering TX: 06 03 00 0b 00 07 74 7d (C:\Qt_work\DialogG2\src\engine\MeteringBusController.cpp:283)
[2026-09-20 11:47:35.998] [DEBUG] [tid:2248] Metering TX: 02 03 00 c0 00 30 45 d1 (C:\Qt_work\DialogG2\src\engine\MeteringBusController.cpp:283)
[2026-09-20 11:47:36.127] [DEBUG] [tid:2248] Metering TX: 02 03 00 30 00 30 45 e2 (C:\Qt_work\DialogG2\src\engine\MeteringBusController.cpp:283)
[2026-09-20 11:47:36.253] [DEBUG] [tid:2248] Metering TX: 02 03 00 90 00 30 45 c0 (C:\Qt_work\DialogG2\src\engine\MeteringBusController.cpp:283)
[2026-09-20 11:47:36.397] [DEBUG] [tid:2248] Metering TX: 04 03 00 11 00 20 14 42 (C:\Qt_work\DialogG2\src\engine\MeteringBusController.cpp:283)
[2026-09-20 11:47:36.526] [DEBUG] [tid:2248] Metering TX: dd a5 03 00 ff fd 77 (C:\Qt_work\DialogG2\src\engine\MeteringBusController.cpp:283)
[2026-09-20 11:47:37.026] [DEBUG] [tid:2248] Metering TX: 06 03 00 0b 00 07 74 7d (C:\Qt_work\DialogG2\src\engine\MeteringBusController.cpp:283)
[2026-09-20 11:47:37.068] [DEBUG] [tid:2248] Metering TX: 02 03 00 c0 00 30 45 d1 (C:\Qt_work\DialogG2\src\engine\MeteringBusController.cpp:283)
[2026-09-20 11:47:37.197] [DEBUG] [tid:2248] Metering TX: 02 03 00 30 00 30 45 e2 (C:\Qt_work\DialogG2\src\engine\MeteringBusController.cpp:283)
[2026-09-20 11:47:37.325] [DEBUG] [tid:2248] Metering TX: 02 03 00 90 00 30 45 c0 (C:\Qt_work\DialogG2\src\engine\MeteringBusController.cpp:283)
[2026-09-20 11:47:37.452] [DEBUG] [tid:2248] Metering TX: 04 03 00 11 00 20 14 42 (C:\Qt_work\DialogG2\src\engine\MeteringBusController.cpp:283)
[2026-09-20 11:47:38.036] [DEBUG] [tid:2248] Metering TX: 06 03 00 0b 00 07 74 7d (C:\Qt_work\DialogG2\src\engine\MeteringBusController.cpp:283)
[2026-09-20 11:47:38.076] [DEBUG] [tid:2248] Metering TX: 02 03 00 c0 00 30 45 d1 (C:\Qt_work\DialogG2\src\engine\MeteringBusController.cpp:283)
[2026-09-20 11:47:38.204] [DEBUG] [tid:2248] Metering TX: 02 03 00 30 00 30 45 e2 (C:\Qt_work\DialogG2\src\engine\MeteringBusController.cpp:283)
[2026-09-20 11:47:38.332] [DEBUG] [tid:2248] Metering TX: 02 03 00 90 00 30 45 c0 (C:\Qt_work\DialogG2\src\engine\MeteringBusController.cpp:283)
[2026-09-20 11:47:38.459] [DEBUG] [tid:2248] Metering TX: 04 03 00 11 00 20 14 42 (C:\Qt_work\DialogG2\src\engine\MeteringBusController.cpp:283)
[2026-09-20 11:47:38.701] [DEBUG] [tid:2248] Metering TX: dd a5 03 00 ff fd 77 (C:\Qt_work\DialogG2\src\engine\MeteringBusController.cpp:283)
[2026-09-20 11:47:39.046] [DEBUG] [tid:2248] Metering TX: 06 03 00 0b 00 07 74 7d (C:\Qt_work\DialogG2\src\engine\MeteringBusController.cpp:283)
[2026-09-20 11:47:39.082] [DEBUG] [tid:2248] Metering TX: 02 03 00 c0 00 30 45 d1 (C:\Qt_work\DialogG2\src\engine\MeteringBusController.cpp:283)
[2026-09-20 11:47:39.210] [DEBUG] [tid:2248] Metering TX: 02 03 00 30 00 30 45 e2 (C:\Qt_work\DialogG2\src\engine\MeteringBusController.cpp:283)
[2026-09-20 11:47:39.339] [DEBUG] [tid:2248] Metering TX: 02 03 00 90 00 30 45 c0 (C:\Qt_work\DialogG2\src\engine\MeteringBusController.cpp:283)
[2026-09-20 11:47:39.467] [DEBUG] [tid:2248] Metering TX: 04 03 00 11 00 20 14 42 (C:\Qt_work\DialogG2\src\engine\MeteringBusController.cpp:283)
[2026-09-20 11:47:39.744] [DEBUG] [tid:2248] Metering TX: 05 03 03 00 00 02 c5 cb (C:\Qt_work\DialogG2\src\engine\MeteringBusController.cpp:283)
[2026-09-20 11:47:40.057] [DEBUG] [tid:2248] Metering TX: 06 03 00 0b 00 07 74 7d (C:\Qt_work\DialogG2\src\engine\MeteringBusController.cpp:283)
[2026-09-20 11:47:40.105] [DEBUG] [tid:2248] Metering TX: 02 03 00 c0 00 30 45 d1 (C:\Qt_work\DialogG2\src\engine\MeteringBusController.cpp:283)
[2026-09-20 11:47:40.233] [DEBUG] [tid:2248] Metering TX: 02 03 00 30 00 30 45 e2 (C:\Qt_work\DialogG2\src\engine\MeteringBusController.cpp:283)
[2026-09-20 11:47:40.360] [DEBUG] [tid:2248] Metering TX: 02 03 00 90 00 30 45 c0 (C:\Qt_work\DialogG2\src\engine\MeteringBusController.cpp:283)
[2026-09-20 11:47:40.490] [DEBUG] [tid:2248] Metering TX: 04 03 00 11 00 20 14 42 (C:\Qt_work\DialogG2\src\engine\MeteringBusController.cpp:283)
[2026-09-20 11:47:40.633] [DEBUG] [tid:2248] Metering TX: dd a5 03 00 ff fd 77 (C:\Qt_work\DialogG2\src\engine\MeteringBusController.cpp:283)
[2026-09-20 11:47:41.072] [DEBUG] [tid:2248] Metering TX: 06 03 00 0b 00 07 74 7d (C:\Qt_work\DialogG2\src\engine\MeteringBusController.cpp:283)
[2026-09-20 11:47:41.112] [DEBUG] [tid:2248] Metering TX: 02 03 00 c0 00 30 45 d1 (C:\Qt_work\DialogG2\src\engine\MeteringBusController.cpp:283)
[2026-09-20 11:47:41.240] [DEBUG] [tid:2248] Metering TX: 02 03 00 30 00 30 45 e2 (C:\Qt_work\DialogG2\src\engine\MeteringBusController.cpp:283)
[2026-09-20 11:47:41.367] [DEBUG] [tid:2248] Metering TX: 02 03 00 90 00 30 45 c0 (C:\Qt_work\DialogG2\src\engine\MeteringBusController.cpp:283)
[2026-09-20 11:47:41.495] [DEBUG] [tid:2248] Metering TX: 04 03 00 11 00 20 14 42 (C:\Qt_work\DialogG2\src\engine\MeteringBusController.cpp:283)
[2026-09-20 11:47:42.085] [DEBUG] [tid:2248] Metering TX: 06 03 00 0b 00 07 74 7d (C:\Qt_work\DialogG2\src\engine\MeteringBusController.cpp:283)
[2026-09-20 11:47:42.134] [DEBUG] [tid:2248] Metering TX: 02 03 00 c0 00 30 45 d1 (C:\Qt_work\DialogG2\src\engine\MeteringBusController.cpp:283)
[2026-09-20 11:47:42.261] [DEBUG] [tid:2248] Metering TX: 02 03 00 30 00 30 45 e2 (C:\Qt_work\DialogG2\src\engine\MeteringBusController.cpp:283)
[2026-09-20 11:47:42.389] [DEBUG] [tid:2248] Metering TX: 02 03 00 90 00 30 45 c0 (C:\Qt_work\DialogG2\src\engine\MeteringBusController.cpp:283)
[2026-09-20 11:47:42.518] [DEBUG] [tid:2248] Metering TX: 04 03 00 11 00 20 14 42 (C:\Qt_work\DialogG2\src\engine\MeteringBusController.cpp:283)
[2026-09-20 11:47:42.629] [DEBUG] [tid:2248] Metering TX: dd a5 03 00 ff fd 77 (C:\Qt_work\DialogG2\src\engine\MeteringBusController.cpp:283)
[2026-09-20 11:47:43.134] [DEBUG] [tid:2248] Metering TX: 06 03 00 0b 00 07 74 7d (C:\Qt_work\DialogG2\src\engine\MeteringBusController.cpp:283)
[2026-09-20 11:47:43.173] [DEBUG] [tid:2248] Metering TX: 02 03 00 c0 00 30 45 d1 (C:\Qt_work\DialogG2\src\engine\MeteringBusController.cpp:283)
[2026-09-20 11:47:43.301] [DEBUG] [tid:2248] Metering TX: 02 03 00 30 00 30 45 e2 (C:\Qt_work\DialogG2\src\engine\MeteringBusController.cpp:283)
[2026-09-20 11:47:43.429] [DEBUG] [tid:2248] Metering TX: 02 03 00 90 00 30 45 c0 (C:\Qt_work\DialogG2\src\engine\MeteringBusController.cpp:283)
[2026-09-20 11:47:43.574] [DEBUG] [tid:2248] Metering TX: 04 03 00 11 00 20 14 42 (C:\Qt_work\DialogG2\src\engine\MeteringBusController.cpp:283)
[2026-09-20 11:47:44.147] [DEBUG] [tid:2248] Metering TX: 06 03 00 0b 00 07 74 7d (C:\Qt_work\DialogG2\src\engine\MeteringBusController.cpp:283)
[2026-09-20 11:47:44.197] [DEBUG] [tid:2248] Metering TX: 02 03 00 c0 00 30 45 d1 (C:\Qt_work\DialogG2\src\engine\MeteringBusController.cpp:283)
[2026-09-20 11:47:44.323] [DEBUG] [tid:2248] Metering TX: 02 03 00 30 00 30 45 e2 (C:\Qt_work\DialogG2\src\engine\MeteringBusController.cpp:283)
[2026-09-20 11:47:44.451] [DEBUG] [tid:2248] Metering TX: 02 03 00 90 00 30 45 c0 (C:\Qt_work\DialogG2\src\engine\MeteringBusController.cpp:283)
[2026-09-20 11:47:44.579] [DEBUG] [tid:2248] Metering TX: 04 03 00 11 00 20 14 42 (C:\Qt_work\DialogG2\src\engine\MeteringBusController.cpp:283)
[2026-09-20 11:47:44.691] [DEBUG] [tid:2248] Metering TX: dd a5 04 00 ff fc 77 (C:\Qt_work\DialogG2\src\engine\MeteringBusController.cpp:283)
[2026-09-20 11:47:44.787] [DEBUG] [tid:2248] Metering TX: dd a5 03 00 ff fd 77 (C:\Qt_work\DialogG2\src\engine\MeteringBusController.cpp:283)
[2026-09-20 11:47:44.883] [DEBUG] [tid:2248] Metering TX: 05 03 03 00 00 02 c5 cb (C:\Qt_work\DialogG2\src\engine\MeteringBusController.cpp:283)
[2026-09-20 11:47:45.207] [DEBUG] [tid:2248] Metering TX: 06 03 00 0b 00 07 74 7d (C:\Qt_work\DialogG2\src\engine\MeteringBusController.cpp:283)
[2026-09-20 11:47:45.250] [DEBUG] [tid:2248] Metering TX: 02 03 00 c0 00 30 45 d1 (C:\Qt_work\DialogG2\src\engine\MeteringBusController.cpp:283)
[2026-09-20 11:47:45.379] [DEBUG] [tid:2248] Metering TX: 02 03 00 30 00 30 45 e2 (C:\Qt_work\DialogG2\src\engine\MeteringBusController.cpp:283)
[2026-09-20 11:47:45.507] [DEBUG] [tid:2248] Metering TX: 02 03 00 90 00 30 45 c0 (C:\Qt_work\DialogG2\src\engine\MeteringBusController.cpp:283)
[2026-09-20 11:47:45.633] [DEBUG] [tid:2248] Metering TX: 04 03 00 11 00 20 14 42 (C:\Qt_work\DialogG2\src\engine\MeteringBusController.cpp:283)
[2026-09-20 11:47:46.215] [DEBUG] [tid:2248] Metering TX: 06 03 00 0b 00 07 74 7d (C:\Qt_work\DialogG2\src\engine\MeteringBusController.cpp:283)
[2026-09-20 11:47:46.257] [DEBUG] [tid:2248] Metering TX: 02 03 00 c0 00 30 45 d1 (C:\Qt_work\DialogG2\src\engine\MeteringBusController.cpp:283)
[2026-09-20 11:47:46.385] [DEBUG] [tid:2248] Metering TX: 02 03 00 30 00 30 45 e2 (C:\Qt_work\DialogG2\src\engine\MeteringBusController.cpp:283)
[2026-09-20 11:47:46.513] [DEBUG] [tid:2248] Metering TX: 02 03 00 90 00 30 45 c0 (C:\Qt_work\DialogG2\src\engine\MeteringBusController.cpp:283)
[2026-09-20 11:47:46.642] [DEBUG] [tid:2248] Metering TX: 04 03 00 11 00 20 14 42 (C:\Qt_work\DialogG2\src\engine\MeteringBusController.cpp:283)
[2026-09-20 11:47:46.769] [DEBUG] [tid:2248] Metering TX: dd a5 03 00 ff fd 77 (C:\Qt_work\DialogG2\src\engine\MeteringBusController.cpp:283)
[2026-09-20 11:47:47.277] [DEBUG] [tid:2248] Metering TX: 06 03 00 0b 00 07 74 7d (C:\Qt_work\DialogG2\src\engine\MeteringBusController.cpp:283)
[2026-09-20 11:47:47.312] [DEBUG] [tid:2248] Metering TX: 02 03 00 c0 00 30 45 d1 (C:\Qt_work\DialogG2\src\engine\MeteringBusController.cpp:283)
[2026-09-20 11:47:47.579] [DEBUG] [tid:2248] Metering TX: 02 03 00 30 00 30 45 e2 (C:\Qt_work\DialogG2\src\engine\MeteringBusController.cpp:283)
[2026-09-20 11:47:47.712] [DEBUG] [tid:2248] Metering TX: 02 03 00 90 00 30 45 c0 (C:\Qt_work\DialogG2\src\engine\MeteringBusController.cpp:283)
[2026-09-20 11:47:47.839] [DEBUG] [tid:2248] Metering TX: 04 03 00 11 00 20 14 42 (C:\Qt_work\DialogG2\src\engine\MeteringBusController.cpp:283)
[2026-09-20 11:47:48.277] [DEBUG] [tid:2248] Metering TX: 06 03 00 0b 00 07 74 7d (C:\Qt_work\DialogG2\src\engine\MeteringBusController.cpp:283)
[2026-09-20 11:47:48.318] [DEBUG] [tid:2248] Metering TX: 02 03 00 c0 00 30 45 d1 (C:\Qt_work\DialogG2\src\engine\MeteringBusController.cpp:283)
[2026-09-20 11:47:48.447] [DEBUG] [tid:2248] Metering TX: 02 03 00 30 00 30 45 e2 (C:\Qt_work\DialogG2\src\engine\MeteringBusController.cpp:283)
[2026-09-20 11:47:48.575] [DEBUG] [tid:2248] Metering TX: 02 03 00 90 00 30 45 c0 (C:\Qt_work\DialogG2\src\engine\MeteringBusController.cpp:283)
[2026-09-20 11:47:48.702] [DEBUG] [tid:2248] Metering TX: 04 03 00 11 00 20 14 42 (C:\Qt_work\DialogG2\src\engine\MeteringBusController.cpp:283)
[2026-09-20 11:47:48.830] [DEBUG] [tid:2248] Metering TX: dd a5 03 00 ff fd 77 (C:\Qt_work\DialogG2\src\engine\MeteringBusController.cpp:283)
[2026-09-20 11:47:49.291] [DEBUG] [tid:2248] Metering TX: 06 03 00 0b 00 07 74 7d (C:\Qt_work\DialogG2\src\engine\MeteringBusController.cpp:283)
[2026-09-20 11:47:49.341] [DEBUG] [tid:2248] Metering TX: 02 03 00 c0 00 30 45 d1 (C:\Qt_work\DialogG2\src\engine\MeteringBusController.cpp:283)
[2026-09-20 11:47:49.469] [DEBUG] [tid:2248] Metering TX: 02 03 00 30 00 30 45 e2 (C:\Qt_work\DialogG2\src\engine\MeteringBusController.cpp:283)
[2026-09-20 11:47:49.614] [DEBUG] [tid:2248] Metering TX: 02 03 00 90 00 30 45 c0 (C:\Qt_work\DialogG2\src\engine\MeteringBusController.cpp:283)
[2026-09-20 11:47:49.741] [DEBUG] [tid:2248] Metering TX: 04 03 00 11 00 20 14 42 (C:\Qt_work\DialogG2\src\engine\MeteringBusController.cpp:283)
[2026-09-20 11:47:49.884] [DEBUG] [tid:2248] Metering TX: 05 03 03 00 00 02 c5 cb (C:\Qt_work\DialogG2\src\engine\MeteringBusController.cpp:283)
[2026-09-20 11:47:50.294] [DEBUG] [tid:2248] Metering TX: 06 03 00 0b 00 07 74 7d (C:\Qt_work\DialogG2\src\engine\MeteringBusController.cpp:283)
[2026-09-20 11:47:50.332] [DEBUG] [tid:2248] Metering TX: 02 03 00 c0 00 30 45 d1 (C:\Qt_work\DialogG2\src\engine\MeteringBusController.cpp:283)
[2026-09-20 11:47:50.460] [DEBUG] [tid:2248] Metering TX: 02 03 00 30 00 30 45 e2 (C:\Qt_work\DialogG2\src\engine\MeteringBusController.cpp:283)
[2026-09-20 11:47:50.587] [DEBUG] [tid:2248] Metering TX: 02 03 00 90 00 30 45 c0 (C:\Qt_work\DialogG2\src\engine\MeteringBusController.cpp:283)
[2026-09-20 11:47:50.716] [DEBUG] [tid:2248] Metering TX: 04 03 00 11 00 20 14 42 (C:\Qt_work\DialogG2\src\engine\MeteringBusController.cpp:283)
[2026-09-20 11:47:50.844] [DEBUG] [tid:2248] Metering TX: dd a5 03 00 ff fd 77 (C:\Qt_work\DialogG2\src\engine\MeteringBusController.cpp:283)
[2026-09-20 11:47:51.294] [DEBUG] [tid:2248] Metering TX: 06 03 00 0b 00 07 74 7d (C:\Qt_work\DialogG2\src\engine\MeteringBusController.cpp:283)
[2026-09-20 11:47:51.339] [DEBUG] [tid:2248] Metering TX: 02 03 00 c0 00 30 45 d1 (C:\Qt_work\DialogG2\src\engine\MeteringBusController.cpp:283)
[2026-09-20 11:47:51.466] [DEBUG] [tid:2248] Metering TX: 02 03 00 30 00 30 45 e2 (C:\Qt_work\DialogG2\src\engine\MeteringBusController.cpp:283)
[2026-09-20 11:47:51.594] [DEBUG] [tid:2248] Metering TX: 02 03 00 90 00 30 45 c0 (C:\Qt_work\DialogG2\src\engine\MeteringBusController.cpp:283)
[2026-09-20 11:47:51.722] [DEBUG] [tid:2248] Metering TX: 04 03 00 11 00 20 14 42 (C:\Qt_work\DialogG2\src\engine\MeteringBusController.cpp:283)
[2026-09-20 11:47:52.366] [DEBUG] [tid:2248] Metering TX: 06 03 00 0b 00 07 74 7d (C:\Qt_work\DialogG2\src\engine\MeteringBusController.cpp:283)
[2026-09-20 11:47:52.409] [DEBUG] [tid:2248] Metering TX: 02 03 00 c0 00 30 45 d1 (C:\Qt_work\DialogG2\src\engine\MeteringBusController.cpp:283)
[2026-09-20 11:47:52.538] [DEBUG] [tid:2248] Metering TX: 02 03 00 30 00 30 45 e2 (C:\Qt_work\DialogG2\src\engine\MeteringBusController.cpp:283)
[2026-09-20 11:47:52.666] [DEBUG] [tid:2248] Metering TX: 02 03 00 90 00 30 45 c0 (C:\Qt_work\DialogG2\src\engine\MeteringBusController.cpp:283)
[2026-09-20 11:47:52.793] [DEBUG] [tid:2248] Metering TX: 04 03 00 11 00 20 14 42 (C:\Qt_work\DialogG2\src\engine\MeteringBusController.cpp:283)
[2026-09-20 11:47:52.920] [DEBUG] [tid:2248] Metering TX: dd a5 03 00 ff fd 77 (C:\Qt_work\DialogG2\src\engine\MeteringBusController.cpp:283)
[2026-09-20 11:47:53.416] [DEBUG] [tid:2248] Metering TX: 06 03 00 0b 00 07 74 7d (C:\Qt_work\DialogG2\src\engine\MeteringBusController.cpp:283)
[2026-09-20 11:47:53.465] [DEBUG] [tid:2248] Metering TX: 02 03 00 c0 00 30 45 d1 (C:\Qt_work\DialogG2\src\engine\MeteringBusController.cpp:283)
[2026-09-20 11:47:53.592] [DEBUG] [tid:2248] Metering TX: 02 03 00 30 00 30 45 e2 (C:\Qt_work\DialogG2\src\engine\MeteringBusController.cpp:283)
[2026-09-20 11:47:53.720] [DEBUG] [tid:2248] Metering TX: 02 03 00 90 00 30 45 c0 (C:\Qt_work\DialogG2\src\engine\MeteringBusController.cpp:283)
[2026-09-20 11:47:53.847] [DEBUG] [tid:2248] Metering TX: 04 03 00 11 00 20 14 42 (C:\Qt_work\DialogG2\src\engine\MeteringBusController.cpp:283)
[2026-09-20 11:47:54.420] [DEBUG] [tid:2248] Metering TX: 06 03 00 0b 00 07 74 7d (C:\Qt_work\DialogG2\src\engine\MeteringBusController.cpp:283)
[2026-09-20 11:47:54.471] [DEBUG] [tid:2248] Metering TX: 02 03 00 c0 00 30 45 d1 (C:\Qt_work\DialogG2\src\engine\MeteringBusController.cpp:283)
[2026-09-20 11:47:54.599] [DEBUG] [tid:2248] Metering TX: 02 03 00 30 00 30 45 e2 (C:\Qt_work\DialogG2\src\engine\MeteringBusController.cpp:283)
[2026-09-20 11:47:54.726] [DEBUG] [tid:2248] Metering TX: 02 03 00 90 00 30 45 c0 (C:\Qt_work\DialogG2\src\engine\MeteringBusController.cpp:283)
[2026-09-20 11:47:54.854] [DEBUG] [tid:2248] Metering TX: 04 03 00 11 00 20 14 42 (C:\Qt_work\DialogG2\src\engine\MeteringBusController.cpp:283)
[2026-09-20 11:47:54.998] [DEBUG] [tid:2248] Metering TX: dd a5 04 00 ff fc 77 (C:\Qt_work\DialogG2\src\engine\MeteringBusController.cpp:283)
[2026-09-20 11:47:55.078] [DEBUG] [tid:2248] Metering TX: dd a5 03 00 ff fd 77 (C:\Qt_work\DialogG2\src\engine\MeteringBusController.cpp:283)
[2026-09-20 11:47:55.175] [DEBUG] [tid:2248] Metering TX: 05 03 03 00 00 02 c5 cb (C:\Qt_work\DialogG2\src\engine\MeteringBusController.cpp:283)
[2026-09-20 11:47:55.491] [DEBUG] [tid:2248] Metering TX: 06 03 00 0b 00 07 74 7d (C:\Qt_work\DialogG2\src\engine\MeteringBusController.cpp:283)
[2026-09-20 11:47:55.541] [DEBUG] [tid:2248] Metering TX: 02 03 00 c0 00 30 45 d1 (C:\Qt_work\DialogG2\src\engine\MeteringBusController.cpp:283)
[2026-09-20 11:47:55.670] [DEBUG] [tid:2248] Metering TX: 02 03 00 30 00 30 45 e2 (C:\Qt_work\DialogG2\src\engine\MeteringBusController.cpp:283)
[2026-09-20 11:47:55.797] [DEBUG] [tid:2248] Metering TX: 02 03 00 90 00 30 45 c0 (C:\Qt_work\DialogG2\src\engine\MeteringBusController.cpp:283)
[2026-09-20 11:47:55.924] [DEBUG] [tid:2248] Metering TX: 04 03 00 11 00 20 14 42 (C:\Qt_work\DialogG2\src\engine\MeteringBusController.cpp:283)
[2026-09-20 11:47:56.543] [DEBUG] [tid:2248] Metering TX: 06 03 00 0b 00 07 74 7d (C:\Qt_work\DialogG2\src\engine\MeteringBusController.cpp:283)
[2026-09-20 11:47:56.580] [DEBUG] [tid:2248] Metering TX: 02 03 00 c0 00 30 45 d1 (C:\Qt_work\DialogG2\src\engine\MeteringBusController.cpp:283)
[2026-09-20 11:47:56.831] [DEBUG] [tid:2248] Metering TX: 02 03 00 30 00 30 45 e2 (C:\Qt_work\DialogG2\src\engine\MeteringBusController.cpp:283)
[2026-09-20 11:47:56.965] [DEBUG] [tid:2248] Metering TX: 02 03 00 90 00 30 45 c0 (C:\Qt_work\DialogG2\src\engine\MeteringBusController.cpp:283)
[2026-09-20 11:47:57.091] [DEBUG] [tid:2248] Metering TX: 04 03 00 11 00 20 14 42 (C:\Qt_work\DialogG2\src\engine\MeteringBusController.cpp:283)
[2026-09-20 11:47:57.219] [DEBUG] [tid:2248] Metering TX: dd a5 03 00 ff fd 77 (C:\Qt_work\DialogG2\src\engine\MeteringBusController.cpp:283)
[2026-09-20 11:47:57.553] [DEBUG] [tid:2248] Metering TX: 06 03 00 0b 00 07 74 7d (C:\Qt_work\DialogG2\src\engine\MeteringBusController.cpp:283)
[2026-09-20 11:47:57.619] [DEBUG] [tid:2248] Metering TX: 02 03 00 c0 00 30 45 d1 (C:\Qt_work\DialogG2\src\engine\MeteringBusController.cpp:283)
[2026-09-20 11:47:57.746] [DEBUG] [tid:2248] Metering TX: 02 03 00 30 00 30 45 e2 (C:\Qt_work\DialogG2\src\engine\MeteringBusController.cpp:283)
[2026-09-20 11:47:57.874] [DEBUG] [tid:2248] Metering TX: 02 03 00 90 00 30 45 c0 (C:\Qt_work\DialogG2\src\engine\MeteringBusController.cpp:283)
[2026-09-20 11:47:58.003] [DEBUG] [tid:2248] Metering TX: 04 03 00 11 00 20 14 42 (C:\Qt_work\DialogG2\src\engine\MeteringBusController.cpp:283)
[2026-09-20 11:47:58.626] [DEBUG] [tid:2248] Metering TX: 06 03 00 0b 00 07 74 7d (C:\Qt_work\DialogG2\src\engine\MeteringBusController.cpp:283)
[2026-09-20 11:47:58.673] [DEBUG] [tid:2248] Metering TX: 02 03 00 c0 00 30 45 d1 (C:\Qt_work\DialogG2\src\engine\MeteringBusController.cpp:283)
[2026-09-20 11:47:58.801] [DEBUG] [tid:2248] Metering TX: 02 03 00 30 00 30 45 e2 (C:\Qt_work\DialogG2\src\engine\MeteringBusController.cpp:283)
[2026-09-20 11:47:58.929] [DEBUG] [tid:2248] Metering TX: 02 03 00 90 00 30 45 c0 (C:\Qt_work\DialogG2\src\engine\MeteringBusController.cpp:283)
[2026-09-20 11:47:59.058] [DEBUG] [tid:2248] Metering TX: 04 03 00 11 00 20 14 42 (C:\Qt_work\DialogG2\src\engine\MeteringBusController.cpp:283)
[2026-09-20 11:47:59.186] [DEBUG] [tid:2248] Metering TX: dd a5 03 00 ff fd 77 (C:\Qt_work\DialogG2\src\engine\MeteringBusController.cpp:283)
[2026-09-20 11:47:59.681] [DEBUG] [tid:2248] Metering TX: 06 03 00 0b 00 07 74 7d (C:\Qt_work\DialogG2\src\engine\MeteringBusController.cpp:283)
[2026-09-20 11:47:59.728] [DEBUG] [tid:2248] Metering TX: 02 03 00 c0 00 30 45 d1 (C:\Qt_work\DialogG2\src\engine\MeteringBusController.cpp:283)
[2026-09-20 11:47:59.855] [DEBUG] [tid:2248] Metering TX: 02 03 00 30 00 30 45 e2 (C:\Qt_work\DialogG2\src\engine\MeteringBusController.cpp:283)
[2026-09-20 11:47:59.985] [DEBUG] [tid:2248] Metering TX: 02 03 00 90 00 30 45 c0 (C:\Qt_work\DialogG2\src\engine\MeteringBusController.cpp:283)
[2026-09-20 11:48:00.122] [DEBUG] [tid:2248] Metering TX: 04 03 00 11 00 20 14 42 (C:\Qt_work\DialogG2\src\engine\MeteringBusController.cpp:283)
[2026-09-20 11:48:00.255] [DEBUG] [tid:2248] Metering TX: 05 03 03 00 00 02 c5 cb (C:\Qt_work\DialogG2\src\engine\MeteringBusController.cpp:283)
[2026-09-20 11:48:00.688] [DEBUG] [tid:2248] Metering TX: 06 03 00 0b 00 07 74 7d (C:\Qt_work\DialogG2\src\engine\MeteringBusController.cpp:283)
[2026-09-20 11:48:00.734] [DEBUG] [tid:2248] Metering TX: 02 03 00 c0 00 30 45 d1 (C:\Qt_work\DialogG2\src\engine\MeteringBusController.cpp:283)
[2026-09-20 11:48:00.863] [DEBUG] [tid:2248] Metering TX: 02 03 00 30 00 30 45 e2 (C:\Qt_work\DialogG2\src\engine\MeteringBusController.cpp:283)
[2026-09-20 11:48:00.990] [DEBUG] [tid:2248] Metering TX: 02 03 00 90 00 30 45 c0 (C:\Qt_work\DialogG2\src\engine\MeteringBusController.cpp:283)
[2026-09-20 11:48:01.134] [DEBUG] [tid:2248] Metering TX: 04 03 00 11 00 20 14 42 (C:\Qt_work\DialogG2\src\engine\MeteringBusController.cpp:283)
[2026-09-20 11:48:01.398] [DEBUG] [tid:2248] Metering TX: dd a5 03 00 ff fd 77 (C:\Qt_work\DialogG2\src\engine\MeteringBusController.cpp:283)
[2026-09-20 11:48:01.694] [DEBUG] [tid:2248] Metering TX: 06 03 00 0b 00 07 74 7d (C:\Qt_work\DialogG2\src\engine\MeteringBusController.cpp:283)
[2026-09-20 11:48:01.741] [DEBUG] [tid:2248] Metering TX: 02 03 00 c0 00 30 45 d1 (C:\Qt_work\DialogG2\src\engine\MeteringBusController.cpp:283)
[2026-09-20 11:48:01.869] [DEBUG] [tid:2248] Metering TX: 02 03 00 30 00 30 45 e2 (C:\Qt_work\DialogG2\src\engine\MeteringBusController.cpp:283)
[2026-09-20 11:48:01.997] [DEBUG] [tid:2248] Metering TX: 02 03 00 90 00 30 45 c0 (C:\Qt_work\DialogG2\src\engine\MeteringBusController.cpp:283)
[2026-09-20 11:48:02.135] [DEBUG] [tid:2248] Metering TX: 04 03 00 11 00 20 14 42 (C:\Qt_work\DialogG2\src\engine\MeteringBusController.cpp:283)
[2026-09-20 11:48:02.688] [DEBUG] [tid:2248] Metering TX: dd a5 03 00 ff fd 77 (C:\Qt_work\DialogG2\src\engine\MeteringBusController.cpp:283)
[2026-09-20 11:48:02.780] [DEBUG] [tid:2248] Metering TX: 06 03 00 0b 00 07 74 7d (C:\Qt_work\DialogG2\src\engine\MeteringBusController.cpp:283)
[2026-09-20 11:48:02.829] [DEBUG] [tid:2248] Metering TX: 02 03 00 c0 00 30 45 d1 (C:\Qt_work\DialogG2\src\engine\MeteringBusController.cpp:283)
[2026-09-20 11:48:02.957] [DEBUG] [tid:2248] Metering TX: 02 03 00 30 00 30 45 e2 (C:\Qt_work\DialogG2\src\engine\MeteringBusController.cpp:283)
[2026-09-20 11:48:03.084] [DEBUG] [tid:2248] Metering TX: 02 03 00 90 00 30 45 c0 (C:\Qt_work\DialogG2\src\engine\MeteringBusController.cpp:283)
[2026-09-20 11:48:03.213] [DEBUG] [tid:2248] Metering TX: 04 03 00 11 00 20 14 42 (C:\Qt_work\DialogG2\src\engine\MeteringBusController.cpp:283)
[2026-09-20 11:48:03.745] [DEBUG] [tid:2248] Metering TX: 06 03 00 0b 00 07 74 7d (C:\Qt_work\DialogG2\src\engine\MeteringBusController.cpp:283)
[2026-09-20 11:48:03.788] [DEBUG] [tid:2248] Metering TX: 02 03 00 c0 00 30 45 d1 (C:\Qt_work\DialogG2\src\engine\MeteringBusController.cpp:283)
[2026-09-20 11:48:03.914] [DEBUG] [tid:2248] Metering TX: 02 03 00 30 00 30 45 e2 (C:\Qt_work\DialogG2\src\engine\MeteringBusController.cpp:283)
[2026-09-20 11:48:04.042] [DEBUG] [tid:2248] Metering TX: 02 03 00 90 00 30 45 c0 (C:\Qt_work\DialogG2\src\engine\MeteringBusController.cpp:283)
[2026-09-20 11:48:04.172] [DEBUG] [tid:2248] Metering TX: 04 03 00 11 00 20 14 42 (C:\Qt_work\DialogG2\src\engine\MeteringBusController.cpp:283)
[2026-09-20 11:48:04.437] [DEBUG] [tid:2248] Metering TX: dd a5 04 00 ff fc 77 (C:\Qt_work\DialogG2\src\engine\MeteringBusController.cpp:283)
[2026-09-20 11:48:04.748] [DEBUG] [tid:2248] Metering TX: 06 03 00 0b 00 07 74 7d (C:\Qt_work\DialogG2\src\engine\MeteringBusController.cpp:283)
[2026-09-20 11:48:04.794] [DEBUG] [tid:2248] Metering TX: 02 03 00 c0 00 30 45 d1 (C:\Qt_work\DialogG2\src\engine\MeteringBusController.cpp:283)
[2026-09-20 11:48:04.922] [DEBUG] [tid:2248] Metering TX: 02 03 00 30 00 30 45 e2 (C:\Qt_work\DialogG2\src\engine\MeteringBusController.cpp:283)
[2026-09-20 11:48:05.049] [DEBUG] [tid:2248] Metering TX: 02 03 00 90 00 30 45 c0 (C:\Qt_work\DialogG2\src\engine\MeteringBusController.cpp:283)
[2026-09-20 11:48:05.177] [DEBUG] [tid:2248] Metering TX: 04 03 00 11 00 20 14 42 (C:\Qt_work\DialogG2\src\engine\MeteringBusController.cpp:283)
[2026-09-20 11:48:05.322] [DEBUG] [tid:2248] Metering TX: dd a5 03 00 ff fd 77 (C:\Qt_work\DialogG2\src\engine\MeteringBusController.cpp:283)
[2026-09-20 11:48:05.416] [DEBUG] [tid:2248] Metering TX: 05 03 03 00 00 02 c5 cb (C:\Qt_work\DialogG2\src\engine\MeteringBusController.cpp:283)
[2026-09-20 11:48:05.809] [DEBUG] [tid:2248] Metering TX: 06 03 00 0b 00 07 74 7d (C:\Qt_work\DialogG2\src\engine\MeteringBusController.cpp:283)
[2026-09-20 11:48:05.848] [DEBUG] [tid:2248] Metering TX: 02 03 00 c0 00 30 45 d1 (C:\Qt_work\DialogG2\src\engine\MeteringBusController.cpp:283)
[2026-09-20 11:48:05.976] [DEBUG] [tid:2248] Metering TX: 02 03 00 30 00 30 45 e2 (C:\Qt_work\DialogG2\src\engine\MeteringBusController.cpp:283)
[2026-09-20 11:48:06.104] [DEBUG] [tid:2248] Metering TX: 02 03 00 90 00 30 45 c0 (C:\Qt_work\DialogG2\src\engine\MeteringBusController.cpp:283)
[2026-09-20 11:48:06.247] [DEBUG] [tid:2248] Metering TX: 04 03 00 11 00 20 14 42 (C:\Qt_work\DialogG2\src\engine\MeteringBusController.cpp:283)
[2026-09-20 11:48:06.752] [DEBUG] [tid:2248] Metering TX: dd a5 03 00 ff fd 77 (C:\Qt_work\DialogG2\src\engine\MeteringBusController.cpp:283)
[2026-09-20 11:48:06.875] [DEBUG] [tid:2248] Metering TX: 06 03 00 0b 00 07 74 7d (C:\Qt_work\DialogG2\src\engine\MeteringBusController.cpp:283)
[2026-09-20 11:48:06.919] [DEBUG] [tid:2248] Metering TX: 02 03 00 c0 00 30 45 d1 (C:\Qt_work\DialogG2\src\engine\MeteringBusController.cpp:283)
[2026-09-20 11:48:07.047] [DEBUG] [tid:2248] Metering TX: 02 03 00 30 00 30 45 e2 (C:\Qt_work\DialogG2\src\engine\MeteringBusController.cpp:283)
[2026-09-20 11:48:07.175] [DEBUG] [tid:2248] Metering TX: 02 03 00 90 00 30 45 c0 (C:\Qt_work\DialogG2\src\engine\MeteringBusController.cpp:283)
[2026-09-20 11:48:07.302] [DEBUG] [tid:2248] Metering TX: 04 03 00 11 00 20 14 42 (C:\Qt_work\DialogG2\src\engine\MeteringBusController.cpp:283)
[2026-09-20 11:48:07.931] [DEBUG] [tid:2248] Metering TX: 06 03 00 0b 00 07 74 7d (C:\Qt_work\DialogG2\src\engine\MeteringBusController.cpp:283)
[2026-09-20 11:48:07.975] [DEBUG] [tid:2248] Metering TX: 02 03 00 c0 00 30 45 d1 (C:\Qt_work\DialogG2\src\engine\MeteringBusController.cpp:283)
[2026-09-20 11:48:08.101] [DEBUG] [tid:2248] Metering TX: 02 03 00 30 00 30 45 e2 (C:\Qt_work\DialogG2\src\engine\MeteringBusController.cpp:283)
[2026-09-20 11:48:08.230] [DEBUG] [tid:2248] Metering TX: 02 03 00 90 00 30 45 c0 (C:\Qt_work\DialogG2\src\engine\MeteringBusController.cpp:283)
[2026-09-20 11:48:08.357] [DEBUG] [tid:2248] Metering TX: 04 03 00 11 00 20 14 42 (C:\Qt_work\DialogG2\src\engine\MeteringBusController.cpp:283)
[2026-09-20 11:48:08.812] [DEBUG] [tid:2248] Metering TX: dd a5 03 00 ff fd 77 (C:\Qt_work\DialogG2\src\engine\MeteringBusController.cpp:283)
[2026-09-20 11:48:08.940] [DEBUG] [tid:2248] Metering TX: 06 03 00 0b 00 07 74 7d (C:\Qt_work\DialogG2\src\engine\MeteringBusController.cpp:283)
[2026-09-20 11:48:08.981] [DEBUG] [tid:2248] Metering TX: 02 03 00 c0 00 30 45 d1 (C:\Qt_work\DialogG2\src\engine\MeteringBusController.cpp:283)
[2026-09-20 11:48:09.108] [DEBUG] [tid:2248] Metering TX: 02 03 00 30 00 30 45 e2 (C:\Qt_work\DialogG2\src\engine\MeteringBusController.cpp:283)
[2026-09-20 11:48:09.237] [DEBUG] [tid:2248] Metering TX: 02 03 00 90 00 30 45 c0 (C:\Qt_work\DialogG2\src\engine\MeteringBusController.cpp:283)
[2026-09-20 11:48:09.363] [DEBUG] [tid:2248] Metering TX: 04 03 00 11 00 20 14 42 (C:\Qt_work\DialogG2\src\engine\MeteringBusController.cpp:283)
[2026-09-20 11:48:09.879] [DEBUG] [tid:2248] Metering TX: 05 03 03 00 00 02 c5 cb (C:\Qt_work\DialogG2\src\engine\MeteringBusController.cpp:283)
[2026-09-20 11:48:10.131] [DEBUG] [tid:2248] Metering TX: 06 03 00 0b 00 07 74 7d (C:\Qt_work\DialogG2\src\engine\MeteringBusController.cpp:283)
[2026-09-20 11:48:10.179] [DEBUG] [tid:2248] Metering TX: 02 03 00 c0 00 30 45 d1 (C:\Qt_work\DialogG2\src\engine\MeteringBusController.cpp:283)
[2026-09-20 11:48:10.306] [DEBUG] [tid:2248] Metering TX: 02 03 00 30 00 30 45 e2 (C:\Qt_work\DialogG2\src\engine\MeteringBusController.cpp:283)
[2026-09-20 11:48:10.433] [DEBUG] [tid:2248] Metering TX: 02 03 00 90 00 30 45 c0 (C:\Qt_work\DialogG2\src\engine\MeteringBusController.cpp:283)
[2026-09-20 11:48:10.563] [DEBUG] [tid:2248] Metering TX: 04 03 00 11 00 20 14 42 (C:\Qt_work\DialogG2\src\engine\MeteringBusController.cpp:283)
[2026-09-20 11:48:10.869] [DEBUG] [tid:2248] Metering TX: dd a5 03 00 ff fd 77 (C:\Qt_work\DialogG2\src\engine\MeteringBusController.cpp:283)
[2026-09-20 11:48:10.994] [DEBUG] [tid:2248] Metering TX: 06 03 00 0b 00 07 74 7d (C:\Qt_work\DialogG2\src\engine\MeteringBusController.cpp:283)
[2026-09-20 11:48:11.042] [DEBUG] [tid:2248] Metering TX: 02 03 00 c0 00 30 45 d1 (C:\Qt_work\DialogG2\src\engine\MeteringBusController.cpp:283)
[2026-09-20 11:48:11.170] [DEBUG] [tid:2248] Metering TX: 02 03 00 30 00 30 45 e2 (C:\Qt_work\DialogG2\src\engine\MeteringBusController.cpp:283)
[2026-09-20 11:48:11.298] [DEBUG] [tid:2248] Metering TX: 02 03 00 90 00 30 45 c0 (C:\Qt_work\DialogG2\src\engine\MeteringBusController.cpp:283)
[2026-09-20 11:48:11.426] [DEBUG] [tid:2248] Metering TX: 04 03 00 11 00 20 14 42 (C:\Qt_work\DialogG2\src\engine\MeteringBusController.cpp:283)
[2026-09-20 11:48:12.008] [DEBUG] [tid:2248] Metering TX: 06 03 00 0b 00 07 74 7d (C:\Qt_work\DialogG2\src\engine\MeteringBusController.cpp:283)
[2026-09-20 11:48:12.049] [DEBUG] [tid:2248] Metering TX: 02 03 00 c0 00 30 45 d1 (C:\Qt_work\DialogG2\src\engine\MeteringBusController.cpp:283)
[2026-09-20 11:48:12.176] [DEBUG] [tid:2248] Metering TX: 02 03 00 30 00 30 45 e2 (C:\Qt_work\DialogG2\src\engine\MeteringBusController.cpp:283)
[2026-09-20 11:48:12.304] [DEBUG] [tid:2248] Metering TX: 02 03 00 90 00 30 45 c0 (C:\Qt_work\DialogG2\src\engine\MeteringBusController.cpp:283)
[2026-09-20 11:48:12.447] [DEBUG] [tid:2248] Metering TX: 04 03 00 11 00 20 14 42 (C:\Qt_work\DialogG2\src\engine\MeteringBusController.cpp:283)
[2026-09-20 11:48:12.891] [DEBUG] [tid:2248] Metering TX: dd a5 03 00 ff fd 77 (C:\Qt_work\DialogG2\src\engine\MeteringBusController.cpp:283)
[2026-09-20 11:48:13.023] [DEBUG] [tid:2248] Metering TX: 06 03 00 0b 00 07 74 7d (C:\Qt_work\DialogG2\src\engine\MeteringBusController.cpp:283)
[2026-09-20 11:48:13.070] [DEBUG] [tid:2248] Metering TX: 02 03 00 c0 00 30 45 d1 (C:\Qt_work\DialogG2\src\engine\MeteringBusController.cpp:283)
[2026-09-20 11:48:13.199] [DEBUG] [tid:2248] Metering TX: 02 03 00 30 00 30 45 e2 (C:\Qt_work\DialogG2\src\engine\MeteringBusController.cpp:283)
[2026-09-20 11:48:13.327] [DEBUG] [tid:2248] Metering TX: 02 03 00 90 00 30 45 c0 (C:\Qt_work\DialogG2\src\engine\MeteringBusController.cpp:283)
[2026-09-20 11:48:13.455] [DEBUG] [tid:2248] Metering TX: 04 03 00 11 00 20 14 42 (C:\Qt_work\DialogG2\src\engine\MeteringBusController.cpp:283)
[2026-09-20 11:48:14.077] [DEBUG] [tid:2248] Metering TX: 06 03 00 0b 00 07 74 7d (C:\Qt_work\DialogG2\src\engine\MeteringBusController.cpp:283)
[2026-09-20 11:48:14.141] [DEBUG] [tid:2248] Metering TX: 02 03 00 c0 00 30 45 d1 (C:\Qt_work\DialogG2\src\engine\MeteringBusController.cpp:283)
[2026-09-20 11:48:14.269] [DEBUG] [tid:2248] Metering TX: 02 03 00 30 00 30 45 e2 (C:\Qt_work\DialogG2\src\engine\MeteringBusController.cpp:283)
[2026-09-20 11:48:14.397] [DEBUG] [tid:2248] Metering TX: 02 03 00 90 00 30 45 c0 (C:\Qt_work\DialogG2\src\engine\MeteringBusController.cpp:283)
[2026-09-20 11:48:14.525] [DEBUG] [tid:2248] Metering TX: 04 03 00 11 00 20 14 42 (C:\Qt_work\DialogG2\src\engine\MeteringBusController.cpp:283)
[2026-09-20 11:48:14.653] [DEBUG] [tid:2248] Metering TX: dd a5 04 00 ff fc 77 (C:\Qt_work\DialogG2\src\engine\MeteringBusController.cpp:283)
[2026-09-20 11:48:14.894] [DEBUG] [tid:2248] Metering TX: 05 03 03 00 00 02 c5 cb (C:\Qt_work\DialogG2\src\engine\MeteringBusController.cpp:283)
[2026-09-20 11:48:15.142] [DEBUG] [tid:2248] Metering TX: dd a5 03 00 ff fd 77 (C:\Qt_work\DialogG2\src\engine\MeteringBusController.cpp:283)
[2026-09-20 11:48:15.244] [DEBUG] [tid:2248] Metering TX: 06 03 00 0b 00 07 74 7d (C:\Qt_work\DialogG2\src\engine\MeteringBusController.cpp:283)
[2026-09-20 11:48:15.292] [DEBUG] [tid:2248] Metering TX: 02 03 00 c0 00 30 45 d1 (C:\Qt_work\DialogG2\src\engine\MeteringBusController.cpp:283)
[2026-09-20 11:48:15.421] [DEBUG] [tid:2248] Metering TX: 02 03 00 30 00 30 45 e2 (C:\Qt_work\DialogG2\src\engine\MeteringBusController.cpp:283)
[2026-09-20 11:48:15.548] [DEBUG] [tid:2248] Metering TX: 02 03 00 90 00 30 45 c0 (C:\Qt_work\DialogG2\src\engine\MeteringBusController.cpp:283)
[2026-09-20 11:48:15.675] [DEBUG] [tid:2248] Metering TX: 04 03 00 11 00 20 14 42 (C:\Qt_work\DialogG2\src\engine\MeteringBusController.cpp:283)
[2026-09-20 11:48:16.153] [DEBUG] [tid:2248] Metering TX: 06 03 00 0b 00 07 74 7d (C:\Qt_work\DialogG2\src\engine\MeteringBusController.cpp:283)
[2026-09-20 11:48:16.203] [DEBUG] [tid:2248] Metering TX: 02 03 00 c0 00 30 45 d1 (C:\Qt_work\DialogG2\src\engine\MeteringBusController.cpp:283)
[2026-09-20 11:48:16.347] [DEBUG] [tid:2248] Metering TX: 02 03 00 30 00 30 45 e2 (C:\Qt_work\DialogG2\src\engine\MeteringBusController.cpp:283)
[2026-09-20 11:48:16.475] [DEBUG] [tid:2248] Metering TX: 02 03 00 90 00 30 45 c0 (C:\Qt_work\DialogG2\src\engine\MeteringBusController.cpp:283)
[2026-09-20 11:48:16.604] [DEBUG] [tid:2248] Metering TX: 04 03 00 11 00 20 14 42 (C:\Qt_work\DialogG2\src\engine\MeteringBusController.cpp:283)
[2026-09-20 11:48:16.913] [DEBUG] [tid:2248] Metering TX: dd a5 03 00 ff fd 77 (C:\Qt_work\DialogG2\src\engine\MeteringBusController.cpp:283)
[2026-09-20 11:48:17.164] [DEBUG] [tid:2248] Metering TX: 06 03 00 0b 00 07 74 7d (C:\Qt_work\DialogG2\src\engine\MeteringBusController.cpp:283)
[2026-09-20 11:48:17.210] [DEBUG] [tid:2248] Metering TX: 02 03 00 c0 00 30 45 d1 (C:\Qt_work\DialogG2\src\engine\MeteringBusController.cpp:283)
[2026-09-20 11:48:17.338] [DEBUG] [tid:2248] Metering TX: 02 03 00 30 00 30 45 e2 (C:\Qt_work\DialogG2\src\engine\MeteringBusController.cpp:283)
[2026-09-20 11:48:17.466] [DEBUG] [tid:2248] Metering TX: 02 03 00 90 00 30 45 c0 (C:\Qt_work\DialogG2\src\engine\MeteringBusController.cpp:283)
[2026-09-20 11:48:17.594] [DEBUG] [tid:2248] Metering TX: 04 03 00 11 00 20 14 42 (C:\Qt_work\DialogG2\src\engine\MeteringBusController.cpp:283)
[2026-09-20 11:48:18.175] [DEBUG] [tid:2248] Metering TX: 06 03 00 0b 00 07 74 7d (C:\Qt_work\DialogG2\src\engine\MeteringBusController.cpp:283)
[2026-09-20 11:48:18.218] [DEBUG] [tid:2248] Metering TX: 02 03 00 c0 00 30 45 d1 (C:\Qt_work\DialogG2\src\engine\MeteringBusController.cpp:283)
[2026-09-20 11:48:18.344] [DEBUG] [tid:2248] Metering TX: 02 03 00 30 00 30 45 e2 (C:\Qt_work\DialogG2\src\engine\MeteringBusController.cpp:283)
[2026-09-20 11:48:18.473] [DEBUG] [tid:2248] Metering TX: 02 03 00 90 00 30 45 c0 (C:\Qt_work\DialogG2\src\engine\MeteringBusController.cpp:283)
[2026-09-20 11:48:18.602] [DEBUG] [tid:2248] Metering TX: 04 03 00 11 00 20 14 42 (C:\Qt_work\DialogG2\src\engine\MeteringBusController.cpp:283)
[2026-09-20 11:48:18.917] [DEBUG] [tid:2248] Metering TX: dd a5 03 00 ff fd 77 (C:\Qt_work\DialogG2\src\engine\MeteringBusController.cpp:283)
[2026-09-20 11:48:19.182] [DEBUG] [tid:2248] Metering TX: 06 03 00 0b 00 07 74 7d (C:\Qt_work\DialogG2\src\engine\MeteringBusController.cpp:283)
[2026-09-20 11:48:19.223] [DEBUG] [tid:2248] Metering TX: 02 03 00 c0 00 30 45 d1 (C:\Qt_work\DialogG2\src\engine\MeteringBusController.cpp:283)
[2026-09-20 11:48:19.351] [DEBUG] [tid:2248] Metering TX: 02 03 00 30 00 30 45 e2 (C:\Qt_work\DialogG2\src\engine\MeteringBusController.cpp:283)
[2026-09-20 11:48:19.479] [DEBUG] [tid:2248] Metering TX: 02 03 00 90 00 30 45 c0 (C:\Qt_work\DialogG2\src\engine\MeteringBusController.cpp:283)
[2026-09-20 11:48:19.607] [DEBUG] [tid:2248] Metering TX: 04 03 00 11 00 20 14 42 (C:\Qt_work\DialogG2\src\engine\MeteringBusController.cpp:283)
[2026-09-20 11:48:19.920] [DEBUG] [tid:2248] Metering TX: 05 03 03 00 00 02 c5 cb (C:\Qt_work\DialogG2\src\engine\MeteringBusController.cpp:283)
[2026-09-20 11:48:20.186] [DEBUG] [tid:2248] Metering TX: 06 03 00 0b 00 07 74 7d (C:\Qt_work\DialogG2\src\engine\MeteringBusController.cpp:283)
[2026-09-20 11:48:20.230] [DEBUG] [tid:2248] Metering TX: 02 03 00 c0 00 30 45 d1 (C:\Qt_work\DialogG2\src\engine\MeteringBusController.cpp:283)
[2026-09-20 11:48:20.358] [DEBUG] [tid:2248] Metering TX: 02 03 00 30 00 30 45 e2 (C:\Qt_work\DialogG2\src\engine\MeteringBusController.cpp:283)
[2026-09-20 11:48:20.486] [DEBUG] [tid:2248] Metering TX: 02 03 00 90 00 30 45 c0 (C:\Qt_work\DialogG2\src\engine\MeteringBusController.cpp:283)
[2026-09-20 11:48:20.614] [DEBUG] [tid:2248] Metering TX: 04 03 00 11 00 20 14 42 (C:\Qt_work\DialogG2\src\engine\MeteringBusController.cpp:283)
[2026-09-20 11:48:20.984] [DEBUG] [tid:2248] Metering TX: dd a5 03 00 ff fd 77 (C:\Qt_work\DialogG2\src\engine\MeteringBusController.cpp:283)
[2026-09-20 11:48:21.231] [DEBUG] [tid:2248] Metering TX: 06 03 00 0b 00 07 74 7d (C:\Qt_work\DialogG2\src\engine\MeteringBusController.cpp:283)
[2026-09-20 11:48:21.269] [DEBUG] [tid:2248] Metering TX: 02 03 00 c0 00 30 45 d1 (C:\Qt_work\DialogG2\src\engine\MeteringBusController.cpp:283)
[2026-09-20 11:48:21.396] [DEBUG] [tid:2248] Metering TX: 02 03 00 30 00 30 45 e2 (C:\Qt_work\DialogG2\src\engine\MeteringBusController.cpp:283)
[2026-09-20 11:48:21.524] [DEBUG] [tid:2248] Metering TX: 02 03 00 90 00 30 45 c0 (C:\Qt_work\DialogG2\src\engine\MeteringBusController.cpp:283)
[2026-09-20 11:48:21.652] [DEBUG] [tid:2248] Metering TX: 04 03 00 11 00 20 14 42 (C:\Qt_work\DialogG2\src\engine\MeteringBusController.cpp:283)
[2026-09-20 11:48:22.231] [DEBUG] [tid:2248] Metering TX: 06 03 00 0b 00 07 74 7d (C:\Qt_work\DialogG2\src\engine\MeteringBusController.cpp:283)
[2026-09-20 11:48:22.275] [DEBUG] [tid:2248] Metering TX: 02 03 00 c0 00 30 45 d1 (C:\Qt_work\DialogG2\src\engine\MeteringBusController.cpp:283)
[2026-09-20 11:48:22.404] [DEBUG] [tid:2248] Metering TX: 02 03 00 30 00 30 45 e2 (C:\Qt_work\DialogG2\src\engine\MeteringBusController.cpp:283)
[2026-09-20 11:48:22.532] [DEBUG] [tid:2248] Metering TX: 02 03 00 90 00 30 45 c0 (C:\Qt_work\DialogG2\src\engine\MeteringBusController.cpp:283)
[2026-09-20 11:48:22.660] [DEBUG] [tid:2248] Metering TX: 04 03 00 11 00 20 14 42 (C:\Qt_work\DialogG2\src\engine\MeteringBusController.cpp:283)
[2026-09-20 11:48:23.044] [DEBUG] [tid:2248] Metering TX: dd a5 03 00 ff fd 77 (C:\Qt_work\DialogG2\src\engine\MeteringBusController.cpp:283)
[2026-09-20 11:48:23.233] [DEBUG] [tid:2248] Metering TX: 06 03 00 0b 00 07 74 7d (C:\Qt_work\DialogG2\src\engine\MeteringBusController.cpp:283)
[2026-09-20 11:48:23.283] [DEBUG] [tid:2248] Metering TX: 02 03 00 c0 00 30 45 d1 (C:\Qt_work\DialogG2\src\engine\MeteringBusController.cpp:283)
[2026-09-20 11:48:23.410] [DEBUG] [tid:2248] Metering TX: 02 03 00 30 00 30 45 e2 (C:\Qt_work\DialogG2\src\engine\MeteringBusController.cpp:283)
[2026-09-20 11:48:23.538] [DEBUG] [tid:2248] Metering TX: 02 03 00 90 00 30 45 c0 (C:\Qt_work\DialogG2\src\engine\MeteringBusController.cpp:283)
[2026-09-20 11:48:23.683] [DEBUG] [tid:2248] Metering TX: 04 03 00 11 00 20 14 42 (C:\Qt_work\DialogG2\src\engine\MeteringBusController.cpp:283)
[2026-09-20 11:48:24.299] [DEBUG] [tid:2248] Metering TX: 06 03 00 0b 00 07 74 7d (C:\Qt_work\DialogG2\src\engine\MeteringBusController.cpp:283)
[2026-09-20 11:48:24.337] [DEBUG] [tid:2248] Metering TX: 02 03 00 c0 00 30 45 d1 (C:\Qt_work\DialogG2\src\engine\MeteringBusController.cpp:283)
[2026-09-20 11:48:24.465] [DEBUG] [tid:2248] Metering TX: 02 03 00 30 00 30 45 e2 (C:\Qt_work\DialogG2\src\engine\MeteringBusController.cpp:283)
[2026-09-20 11:48:24.593] [DEBUG] [tid:2248] Metering TX: 02 03 00 90 00 30 45 c0 (C:\Qt_work\DialogG2\src\engine\MeteringBusController.cpp:283)
[2026-09-20 11:48:24.721] [DEBUG] [tid:2248] Metering TX: 04 03 00 11 00 20 14 42 (C:\Qt_work\DialogG2\src\engine\MeteringBusController.cpp:283)
[2026-09-20 11:48:24.832] [DEBUG] [tid:2248] Metering TX: dd a5 04 00 ff fc 77 (C:\Qt_work\DialogG2\src\engine\MeteringBusController.cpp:283)
[2026-09-20 11:48:24.979] [DEBUG] [tid:2248] Metering TX: 05 03 03 00 00 02 c5 cb (C:\Qt_work\DialogG2\src\engine\MeteringBusController.cpp:283)
[2026-09-20 11:48:25.231] [DEBUG] [tid:2248] Metering TX: dd a5 03 00 ff fd 77 (C:\Qt_work\DialogG2\src\engine\MeteringBusController.cpp:283)
[2026-09-20 11:48:25.356] [DEBUG] [tid:2248] Metering TX: 06 03 00 0b 00 07 74 7d (C:\Qt_work\DialogG2\src\engine\MeteringBusController.cpp:283)
[2026-09-20 11:48:25.408] [DEBUG] [tid:2248] Metering TX: 02 03 00 c0 00 30 45 d1 (C:\Qt_work\DialogG2\src\engine\MeteringBusController.cpp:283)
[2026-09-20 11:48:25.536] [DEBUG] [tid:2248] Metering TX: 02 03 00 30 00 30 45 e2 (C:\Qt_work\DialogG2\src\engine\MeteringBusController.cpp:283)
[2026-09-20 11:48:25.664] [DEBUG] [tid:2248] Metering TX: 02 03 00 90 00 30 45 c0 (C:\Qt_work\DialogG2\src\engine\MeteringBusController.cpp:283)
[2026-09-20 11:48:25.791] [DEBUG] [tid:2248] Metering TX: 04 03 00 11 00 20 14 42 (C:\Qt_work\DialogG2\src\engine\MeteringBusController.cpp:283)
[2026-09-20 11:48:26.359] [DEBUG] [tid:2248] Metering TX: 06 03 00 0b 00 07 74 7d (C:\Qt_work\DialogG2\src\engine\MeteringBusController.cpp:283)
[2026-09-20 11:48:26.398] [DEBUG] [tid:2248] Metering TX: 02 03 00 c0 00 30 45 d1 (C:\Qt_work\DialogG2\src\engine\MeteringBusController.cpp:283)
[2026-09-20 11:48:26.526] [DEBUG] [tid:2248] Metering TX: 02 03 00 30 00 30 45 e2 (C:\Qt_work\DialogG2\src\engine\MeteringBusController.cpp:283)
[2026-09-20 11:48:26.654] [DEBUG] [tid:2248] Metering TX: 02 03 00 90 00 30 45 c0 (C:\Qt_work\DialogG2\src\engine\MeteringBusController.cpp:283)
[2026-09-20 11:48:26.798] [DEBUG] [tid:2248] Metering TX: 04 03 00 11 00 20 14 42 (C:\Qt_work\DialogG2\src\engine\MeteringBusController.cpp:283)
[2026-09-20 11:48:27.116] [DEBUG] [tid:2248] Metering TX: dd a5 03 00 ff fd 77 (C:\Qt_work\DialogG2\src\engine\MeteringBusController.cpp:283)
[2026-09-20 11:48:27.367] [DEBUG] [tid:2248] Metering TX: 06 03 00 0b 00 07 74 7d (C:\Qt_work\DialogG2\src\engine\MeteringBusController.cpp:283)
[2026-09-20 11:48:27.405] [DEBUG] [tid:2248] Metering TX: 02 03 00 c0 00 30 45 d1 (C:\Qt_work\DialogG2\src\engine\MeteringBusController.cpp:283)
[2026-09-20 11:48:27.533] [DEBUG] [tid:2248] Metering TX: 02 03 00 30 00 30 45 e2 (C:\Qt_work\DialogG2\src\engine\MeteringBusController.cpp:283)
[2026-09-20 11:48:27.663] [DEBUG] [tid:2248] Metering TX: 02 03 00 90 00 30 45 c0 (C:\Qt_work\DialogG2\src\engine\MeteringBusController.cpp:283)
[2026-09-20 11:48:27.789] [DEBUG] [tid:2248] Metering TX: 04 03 00 11 00 20 14 42 (C:\Qt_work\DialogG2\src\engine\MeteringBusController.cpp:283)
[2026-09-20 11:48:28.399] [DEBUG] [tid:2248] Metering TX: 06 03 00 0b 00 07 74 7d (C:\Qt_work\DialogG2\src\engine\MeteringBusController.cpp:283)
[2026-09-20 11:48:28.444] [DEBUG] [tid:2248] Metering TX: 02 03 00 c0 00 30 45 d1 (C:\Qt_work\DialogG2\src\engine\MeteringBusController.cpp:283)
[2026-09-20 11:48:28.571] [DEBUG] [tid:2248] Metering TX: 02 03 00 30 00 30 45 e2 (C:\Qt_work\DialogG2\src\engine\MeteringBusController.cpp:283)
[2026-09-20 11:48:28.699] [DEBUG] [tid:2248] Metering TX: 02 03 00 90 00 30 45 c0 (C:\Qt_work\DialogG2\src\engine\MeteringBusController.cpp:283)
[2026-09-20 11:48:28.828] [DEBUG] [tid:2248] Metering TX: 04 03 00 11 00 20 14 42 (C:\Qt_work\DialogG2\src\engine\MeteringBusController.cpp:283)
[2026-09-20 11:48:29.151] [DEBUG] [tid:2248] Metering TX: dd a5 03 00 ff fd 77 (C:\Qt_work\DialogG2\src\engine\MeteringBusController.cpp:283)
[2026-09-20 11:48:29.403] [DEBUG] [tid:2248] Metering TX: 06 03 00 0b 00 07 74 7d (C:\Qt_work\DialogG2\src\engine\MeteringBusController.cpp:283)
[2026-09-20 11:48:29.451] [DEBUG] [tid:2248] Metering TX: 02 03 00 c0 00 30 45 d1 (C:\Qt_work\DialogG2\src\engine\MeteringBusController.cpp:283)
[2026-09-20 11:48:29.579] [DEBUG] [tid:2248] Metering TX: 02 03 00 30 00 30 45 e2 (C:\Qt_work\DialogG2\src\engine\MeteringBusController.cpp:283)
[2026-09-20 11:48:29.706] [DEBUG] [tid:2248] Metering TX: 02 03 00 90 00 30 45 c0 (C:\Qt_work\DialogG2\src\engine\MeteringBusController.cpp:283)
[2026-09-20 11:48:29.835] [DEBUG] [tid:2248] Metering TX: 04 03 00 11 00 20 14 42 (C:\Qt_work\DialogG2\src\engine\MeteringBusController.cpp:283)
[2026-09-20 11:48:30.025] [DEBUG] [tid:2248] Metering TX: 05 03 03 00 00 02 c5 cb (C:\Qt_work\DialogG2\src\engine\MeteringBusController.cpp:283)
[2026-09-20 11:48:30.407] [DEBUG] [tid:2248] Metering TX: 06 03 00 0b 00 07 74 7d (C:\Qt_work\DialogG2\src\engine\MeteringBusController.cpp:283)
[2026-09-20 11:48:30.441] [DEBUG] [tid:2248] Metering TX: 02 03 00 c0 00 30 45 d1 (C:\Qt_work\DialogG2\src\engine\MeteringBusController.cpp:283)
[2026-09-20 11:48:30.709] [DEBUG] [tid:2248] Metering TX: 02 03 00 30 00 30 45 e2 (C:\Qt_work\DialogG2\src\engine\MeteringBusController.cpp:283)
[2026-09-20 11:48:30.841] [DEBUG] [tid:2248] Metering TX: 02 03 00 90 00 30 45 c0 (C:\Qt_work\DialogG2\src\engine\MeteringBusController.cpp:283)
[2026-09-20 11:48:30.969] [DEBUG] [tid:2248] Metering TX: 04 03 00 11 00 20 14 42 (C:\Qt_work\DialogG2\src\engine\MeteringBusController.cpp:283)
[2026-09-20 11:48:31.160] [DEBUG] [tid:2248] Metering TX: dd a5 03 00 ff fd 77 (C:\Qt_work\DialogG2\src\engine\MeteringBusController.cpp:283)
[2026-09-20 11:48:31.412] [DEBUG] [tid:2248] Metering TX: 06 03 00 0b 00 07 74 7d (C:\Qt_work\DialogG2\src\engine\MeteringBusController.cpp:283)
[2026-09-20 11:48:31.464] [DEBUG] [tid:2248] Metering TX: 02 03 00 c0 00 30 45 d1 (C:\Qt_work\DialogG2\src\engine\MeteringBusController.cpp:283)
[2026-09-20 11:48:31.592] [DEBUG] [tid:2248] Metering TX: 02 03 00 30 00 30 45 e2 (C:\Qt_work\DialogG2\src\engine\MeteringBusController.cpp:283)
[2026-09-20 11:48:31.720] [DEBUG] [tid:2248] Metering TX: 02 03 00 90 00 30 45 c0 (C:\Qt_work\DialogG2\src\engine\MeteringBusController.cpp:283)
[2026-09-20 11:48:31.848] [DEBUG] [tid:2248] Metering TX: 04 03 00 11 00 20 14 42 (C:\Qt_work\DialogG2\src\engine\MeteringBusController.cpp:283)
[2026-09-20 11:48:32.466] [DEBUG] [tid:2248] Metering TX: 06 03 00 0b 00 07 74 7d (C:\Qt_work\DialogG2\src\engine\MeteringBusController.cpp:283)
[2026-09-20 11:48:32.503] [DEBUG] [tid:2248] Metering TX: 02 03 00 c0 00 30 45 d1 (C:\Qt_work\DialogG2\src\engine\MeteringBusController.cpp:283)
[2026-09-20 11:48:32.648] [DEBUG] [tid:2248] Metering TX: 02 03 00 30 00 30 45 e2 (C:\Qt_work\DialogG2\src\engine\MeteringBusController.cpp:283)
[2026-09-20 11:48:32.775] [DEBUG] [tid:2248] Metering TX: 02 03 00 90 00 30 45 c0 (C:\Qt_work\DialogG2\src\engine\MeteringBusController.cpp:283)
[2026-09-20 11:48:32.902] [DEBUG] [tid:2248] Metering TX: 04 03 00 11 00 20 14 42 (C:\Qt_work\DialogG2\src\engine\MeteringBusController.cpp:283)
[2026-09-20 11:48:33.219] [DEBUG] [tid:2248] Metering TX: dd a5 03 00 ff fd 77 (C:\Qt_work\DialogG2\src\engine\MeteringBusController.cpp:283)
[2026-09-20 11:48:33.468] [DEBUG] [tid:2248] Metering TX: 06 03 00 0b 00 07 74 7d (C:\Qt_work\DialogG2\src\engine\MeteringBusController.cpp:283)
[2026-09-20 11:48:33.510] [DEBUG] [tid:2248] Metering TX: 02 03 00 c0 00 30 45 d1 (C:\Qt_work\DialogG2\src\engine\MeteringBusController.cpp:283)
[2026-09-20 11:48:33.638] [DEBUG] [tid:2248] Metering TX: 02 03 00 30 00 30 45 e2 (C:\Qt_work\DialogG2\src\engine\MeteringBusController.cpp:283)
[2026-09-20 11:48:33.767] [DEBUG] [tid:2248] Metering TX: 02 03 00 90 00 30 45 c0 (C:\Qt_work\DialogG2\src\engine\MeteringBusController.cpp:283)
[2026-09-20 11:48:33.893] [DEBUG] [tid:2248] Metering TX: 04 03 00 11 00 20 14 42 (C:\Qt_work\DialogG2\src\engine\MeteringBusController.cpp:283)
[2026-09-20 11:48:34.528] [DEBUG] [tid:2248] Metering TX: 06 03 00 0b 00 07 74 7d (C:\Qt_work\DialogG2\src\engine\MeteringBusController.cpp:283)
[2026-09-20 11:48:34.564] [DEBUG] [tid:2248] Metering TX: 02 03 00 c0 00 30 45 d1 (C:\Qt_work\DialogG2\src\engine\MeteringBusController.cpp:283)
[2026-09-20 11:48:34.824] [DEBUG] [tid:2248] Metering TX: 02 03 00 30 00 30 45 e2 (C:\Qt_work\DialogG2\src\engine\MeteringBusController.cpp:283)
[2026-09-20 11:48:34.948] [DEBUG] [tid:2248] Metering TX: 02 03 00 90 00 30 45 c0 (C:\Qt_work\DialogG2\src\engine\MeteringBusController.cpp:283)
[2026-09-20 11:48:35.076] [DEBUG] [tid:2248] Metering TX: 04 03 00 11 00 20 14 42 (C:\Qt_work\DialogG2\src\engine\MeteringBusController.cpp:283)
[2026-09-20 11:48:35.203] [DEBUG] [tid:2248] Metering TX: dd a5 04 00 ff fc 77 (C:\Qt_work\DialogG2\src\engine\MeteringBusController.cpp:283)
[2026-09-20 11:48:35.300] [DEBUG] [tid:2248] Metering TX: 05 03 03 00 00 02 c5 cb (C:\Qt_work\DialogG2\src\engine\MeteringBusController.cpp:283)
[2026-09-20 11:48:35.551] [DEBUG] [tid:2248] Metering TX: dd a5 03 00 ff fd 77 (C:\Qt_work\DialogG2\src\engine\MeteringBusController.cpp:283)
[2026-09-20 11:48:35.635] [DEBUG] [tid:2248] Metering TX: 06 03 00 0b 00 07 74 7d (C:\Qt_work\DialogG2\src\engine\MeteringBusController.cpp:283)
[2026-09-20 11:48:35.684] [DEBUG] [tid:2248] Metering TX: 02 03 00 c0 00 30 45 d1 (C:\Qt_work\DialogG2\src\engine\MeteringBusController.cpp:283)
[2026-09-20 11:48:35.812] [DEBUG] [tid:2248] Metering TX: 02 03 00 30 00 30 45 e2 (C:\Qt_work\DialogG2\src\engine\MeteringBusController.cpp:283)
[2026-09-20 11:48:35.939] [DEBUG] [tid:2248] Metering TX: 02 03 00 90 00 30 45 c0 (C:\Qt_work\DialogG2\src\engine\MeteringBusController.cpp:283)
[2026-09-20 11:48:36.066] [DEBUG] [tid:2248] Metering TX: 04 03 00 11 00 20 14 42 (C:\Qt_work\DialogG2\src\engine\MeteringBusController.cpp:283)
[2026-09-20 11:48:36.591] [DEBUG] [tid:2248] Metering TX: 06 03 00 0b 00 07 74 7d (C:\Qt_work\DialogG2\src\engine\MeteringBusController.cpp:283)
[2026-09-20 11:48:36.642] [DEBUG] [tid:2248] Metering TX: 02 03 00 c0 00 30 45 d1 (C:\Qt_work\DialogG2\src\engine\MeteringBusController.cpp:283)
[2026-09-20 11:48:36.771] [DEBUG] [tid:2248] Metering TX: 02 03 00 30 00 30 45 e2 (C:\Qt_work\DialogG2\src\engine\MeteringBusController.cpp:283)
[2026-09-20 11:48:36.897] [DEBUG] [tid:2248] Metering TX: 02 03 00 90 00 30 45 c0 (C:\Qt_work\DialogG2\src\engine\MeteringBusController.cpp:283)
[2026-09-20 11:48:37.025] [DEBUG] [tid:2248] Metering TX: 04 03 00 11 00 20 14 42 (C:\Qt_work\DialogG2\src\engine\MeteringBusController.cpp:283)
[2026-09-20 11:48:37.341] [DEBUG] [tid:2248] Metering TX: dd a5 03 00 ff fd 77 (C:\Qt_work\DialogG2\src\engine\MeteringBusController.cpp:283)
[2026-09-20 11:48:37.593] [DEBUG] [tid:2248] Metering TX: 06 03 00 0b 00 07 74 7d (C:\Qt_work\DialogG2\src\engine\MeteringBusController.cpp:283)
[2026-09-20 11:48:37.633] [DEBUG] [tid:2248] Metering TX: 02 03 00 c0 00 30 45 d1 (C:\Qt_work\DialogG2\src\engine\MeteringBusController.cpp:283)
[2026-09-20 11:48:37.760] [DEBUG] [tid:2248] Metering TX: 02 03 00 30 00 30 45 e2 (C:\Qt_work\DialogG2\src\engine\MeteringBusController.cpp:283)
[2026-09-20 11:48:37.888] [DEBUG] [tid:2248] Metering TX: 02 03 00 90 00 30 45 c0 (C:\Qt_work\DialogG2\src\engine\MeteringBusController.cpp:283)
[2026-09-20 11:48:38.016] [DEBUG] [tid:2248] Metering TX: 04 03 00 11 00 20 14 42 (C:\Qt_work\DialogG2\src\engine\MeteringBusController.cpp:283)
[2026-09-20 11:48:38.603] [DEBUG] [tid:2248] Metering TX: 06 03 00 0b 00 07 74 7d (C:\Qt_work\DialogG2\src\engine\MeteringBusController.cpp:283)
[2026-09-20 11:48:38.655] [DEBUG] [tid:2248] Metering TX: 02 03 00 c0 00 30 45 d1 (C:\Qt_work\DialogG2\src\engine\MeteringBusController.cpp:283)
[2026-09-20 11:48:38.784] [DEBUG] [tid:2248] Metering TX: 02 03 00 30 00 30 45 e2 (C:\Qt_work\DialogG2\src\engine\MeteringBusController.cpp:283)
[2026-09-20 11:48:38.911] [DEBUG] [tid:2248] Metering TX: 02 03 00 90 00 30 45 c0 (C:\Qt_work\DialogG2\src\engine\MeteringBusController.cpp:283)
[2026-09-20 11:48:39.040] [DEBUG] [tid:2248] Metering TX: 04 03 00 11 00 20 14 42 (C:\Qt_work\DialogG2\src\engine\MeteringBusController.cpp:283)
[2026-09-20 11:48:39.358] [DEBUG] [tid:2248] Metering TX: dd a5 03 00 ff fd 77 (C:\Qt_work\DialogG2\src\engine\MeteringBusController.cpp:283)
[2026-09-20 11:48:39.612] [DEBUG] [tid:2248] Metering TX: 06 03 00 0b 00 07 74 7d (C:\Qt_work\DialogG2\src\engine\MeteringBusController.cpp:283)
[2026-09-20 11:48:39.663] [DEBUG] [tid:2248] Metering TX: 02 03 00 c0 00 30 45 d1 (C:\Qt_work\DialogG2\src\engine\MeteringBusController.cpp:283)
[2026-09-20 11:48:39.791] [DEBUG] [tid:2248] Metering TX: 02 03 00 30 00 30 45 e2 (C:\Qt_work\DialogG2\src\engine\MeteringBusController.cpp:283)
[2026-09-20 11:48:39.918] [DEBUG] [tid:2248] Metering TX: 02 03 00 90 00 30 45 c0 (C:\Qt_work\DialogG2\src\engine\MeteringBusController.cpp:283)
[2026-09-20 11:48:40.046] [DEBUG] [tid:2248] Metering TX: 04 03 00 11 00 20 14 42 (C:\Qt_work\DialogG2\src\engine\MeteringBusController.cpp:283)
[2026-09-20 11:48:40.295] [DEBUG] [tid:2248] Metering TX: 05 03 03 00 00 02 c5 cb (C:\Qt_work\DialogG2\src\engine\MeteringBusController.cpp:283)
[2026-09-20 11:48:40.688] [DEBUG] [tid:2248] Metering TX: 06 03 00 0b 00 07 74 7d (C:\Qt_work\DialogG2\src\engine\MeteringBusController.cpp:283)
[2026-09-20 11:48:40.733] [DEBUG] [tid:2248] Metering TX: 02 03 00 c0 00 30 45 d1 (C:\Qt_work\DialogG2\src\engine\MeteringBusController.cpp:283)
[2026-09-20 11:48:40.861] [DEBUG] [tid:2248] Metering TX: 02 03 00 30 00 30 45 e2 (C:\Qt_work\DialogG2\src\engine\MeteringBusController.cpp:283)
[2026-09-20 11:48:40.988] [DEBUG] [tid:2248] Metering TX: 02 03 00 90 00 30 45 c0 (C:\Qt_work\DialogG2\src\engine\MeteringBusController.cpp:283)
[2026-09-20 11:48:41.117] [DEBUG] [tid:2248] Metering TX: 04 03 00 11 00 20 14 42 (C:\Qt_work\DialogG2\src\engine\MeteringBusController.cpp:283)
[2026-09-20 11:48:41.362] [DEBUG] [tid:2248] Metering TX: dd a5 03 00 ff fd 77 (C:\Qt_work\DialogG2\src\engine\MeteringBusController.cpp:283)
[2026-09-20 11:48:41.696] [DEBUG] [tid:2248] Metering TX: 06 03 00 0b 00 07 74 7d (C:\Qt_work\DialogG2\src\engine\MeteringBusController.cpp:283)
[2026-09-20 11:48:41.739] [DEBUG] [tid:2248] Metering TX: 02 03 00 c0 00 30 45 d1 (C:\Qt_work\DialogG2\src\engine\MeteringBusController.cpp:283)
[2026-09-20 11:48:41.868] [DEBUG] [tid:2248] Metering TX: 02 03 00 30 00 30 45 e2 (C:\Qt_work\DialogG2\src\engine\MeteringBusController.cpp:283)
[2026-09-20 11:48:41.995] [DEBUG] [tid:2248] Metering TX: 02 03 00 90 00 30 45 c0 (C:\Qt_work\DialogG2\src\engine\MeteringBusController.cpp:283)
[2026-09-20 11:48:42.123] [DEBUG] [tid:2248] Metering TX: 04 03 00 11 00 20 14 42 (C:\Qt_work\DialogG2\src\engine\MeteringBusController.cpp:283)
[2026-09-20 11:48:42.743] [DEBUG] [tid:2248] Metering TX: 06 03 00 0b 00 07 74 7d (C:\Qt_work\DialogG2\src\engine\MeteringBusController.cpp:283)
[2026-09-20 11:48:42.796] [DEBUG] [tid:2248] Metering TX: 02 03 00 c0 00 30 45 d1 (C:\Qt_work\DialogG2\src\engine\MeteringBusController.cpp:283)
[2026-09-20 11:48:42.922] [DEBUG] [tid:2248] Metering TX: 02 03 00 30 00 30 45 e2 (C:\Qt_work\DialogG2\src\engine\MeteringBusController.cpp:283)
[2026-09-20 11:48:43.050] [DEBUG] [tid:2248] Metering TX: 02 03 00 90 00 30 45 c0 (C:\Qt_work\DialogG2\src\engine\MeteringBusController.cpp:283)
[2026-09-20 11:48:43.195] [DEBUG] [tid:2248] Metering TX: 04 03 00 11 00 20 14 42 (C:\Qt_work\DialogG2\src\engine\MeteringBusController.cpp:283)
[2026-09-20 11:48:43.377] [DEBUG] [tid:2248] Metering TX: dd a5 03 00 ff fd 77 (C:\Qt_work\DialogG2\src\engine\MeteringBusController.cpp:283)
[2026-09-20 11:48:43.755] [DEBUG] [tid:2248] Metering TX: 06 03 00 0b 00 07 74 7d (C:\Qt_work\DialogG2\src\engine\MeteringBusController.cpp:283)
[2026-09-20 11:48:43.801] [DEBUG] [tid:2248] Metering TX: 02 03 00 c0 00 30 45 d1 (C:\Qt_work\DialogG2\src\engine\MeteringBusController.cpp:283)
[2026-09-20 11:48:43.928] [DEBUG] [tid:2248] Metering TX: 02 03 00 30 00 30 45 e2 (C:\Qt_work\DialogG2\src\engine\MeteringBusController.cpp:283)
[2026-09-20 11:48:44.057] [DEBUG] [tid:2248] Metering TX: 02 03 00 90 00 30 45 c0 (C:\Qt_work\DialogG2\src\engine\MeteringBusController.cpp:283)
[2026-09-20 11:48:44.184] [DEBUG] [tid:2248] Metering TX: 04 03 00 11 00 20 14 42 (C:\Qt_work\DialogG2\src\engine\MeteringBusController.cpp:283)
[2026-09-20 11:48:44.566] [DEBUG] [tid:2248] Metering TX: dd a5 04 00 ff fc 77 (C:\Qt_work\DialogG2\src\engine\MeteringBusController.cpp:283)
[2026-09-20 11:48:44.816] [DEBUG] [tid:2248] Metering TX: 06 03 00 0b 00 07 74 7d (C:\Qt_work\DialogG2\src\engine\MeteringBusController.cpp:283)
[2026-09-20 11:48:44.857] [DEBUG] [tid:2248] Metering TX: 02 03 00 c0 00 30 45 d1 (C:\Qt_work\DialogG2\src\engine\MeteringBusController.cpp:283)
[2026-09-20 11:48:44.984] [DEBUG] [tid:2248] Metering TX: 02 03 00 30 00 30 45 e2 (C:\Qt_work\DialogG2\src\engine\MeteringBusController.cpp:283)
[2026-09-20 11:48:45.112] [DEBUG] [tid:2248] Metering TX: 02 03 00 90 00 30 45 c0 (C:\Qt_work\DialogG2\src\engine\MeteringBusController.cpp:283)
[2026-09-20 11:48:45.240] [DEBUG] [tid:2248] Metering TX: 04 03 00 11 00 20 14 42 (C:\Qt_work\DialogG2\src\engine\MeteringBusController.cpp:283)
[2026-09-20 11:48:45.383] [DEBUG] [tid:2248] Metering TX: 05 03 03 00 00 02 c5 cb (C:\Qt_work\DialogG2\src\engine\MeteringBusController.cpp:283)
[2026-09-20 11:48:45.665] [DEBUG] [tid:2248] Metering TX: dd a5 03 00 ff fd 77 (C:\Qt_work\DialogG2\src\engine\MeteringBusController.cpp:283)
[2026-09-20 11:48:45.818] [DEBUG] [tid:2248] Metering TX: 06 03 00 0b 00 07 74 7d (C:\Qt_work\DialogG2\src\engine\MeteringBusController.cpp:283)
[2026-09-20 11:48:45.861] [DEBUG] [tid:2248] Metering TX: 02 03 00 c0 00 30 45 d1 (C:\Qt_work\DialogG2\src\engine\MeteringBusController.cpp:283)
[2026-09-20 11:48:45.990] [DEBUG] [tid:2248] Metering TX: 02 03 00 30 00 30 45 e2 (C:\Qt_work\DialogG2\src\engine\MeteringBusController.cpp:283)
[2026-09-20 11:48:46.118] [DEBUG] [tid:2248] Metering TX: 02 03 00 90 00 30 45 c0 (C:\Qt_work\DialogG2\src\engine\MeteringBusController.cpp:283)
[2026-09-20 11:48:46.246] [DEBUG] [tid:2248] Metering TX: 04 03 00 11 00 20 14 42 (C:\Qt_work\DialogG2\src\engine\MeteringBusController.cpp:283)
[2026-09-20 11:48:46.819] [DEBUG] [tid:2248] Metering TX: 06 03 00 0b 00 07 74 7d (C:\Qt_work\DialogG2\src\engine\MeteringBusController.cpp:283)
[2026-09-20 11:48:46.869] [DEBUG] [tid:2248] Metering TX: 02 03 00 c0 00 30 45 d1 (C:\Qt_work\DialogG2\src\engine\MeteringBusController.cpp:283)
[2026-09-20 11:48:46.996] [DEBUG] [tid:2248] Metering TX: 02 03 00 30 00 30 45 e2 (C:\Qt_work\DialogG2\src\engine\MeteringBusController.cpp:283)
[2026-09-20 11:48:47.126] [DEBUG] [tid:2248] Metering TX: 02 03 00 90 00 30 45 c0 (C:\Qt_work\DialogG2\src\engine\MeteringBusController.cpp:283)
[2026-09-20 11:48:47.253] [DEBUG] [tid:2248] Metering TX: 04 03 00 11 00 20 14 42 (C:\Qt_work\DialogG2\src\engine\MeteringBusController.cpp:283)
[2026-09-20 11:48:47.495] [DEBUG] [tid:2248] Metering TX: dd a5 03 00 ff fd 77 (C:\Qt_work\DialogG2\src\engine\MeteringBusController.cpp:283)
[2026-09-20 11:48:47.873] [DEBUG] [tid:2248] Metering TX: 06 03 00 0b 00 07 74 7d (C:\Qt_work\DialogG2\src\engine\MeteringBusController.cpp:283)
[2026-09-20 11:48:47.907] [DEBUG] [tid:2248] Metering TX: 02 03 00 c0 00 30 45 d1 (C:\Qt_work\DialogG2\src\engine\MeteringBusController.cpp:283)
[2026-09-20 11:48:48.170] [DEBUG] [tid:2248] Metering TX: 02 03 00 30 00 30 45 e2 (C:\Qt_work\DialogG2\src\engine\MeteringBusController.cpp:283)
[2026-09-20 11:48:48.308] [DEBUG] [tid:2248] Metering TX: 02 03 00 90 00 30 45 c0 (C:\Qt_work\DialogG2\src\engine\MeteringBusController.cpp:283)
[2026-09-20 11:48:48.435] [DEBUG] [tid:2248] Metering TX: 04 03 00 11 00 20 14 42 (C:\Qt_work\DialogG2\src\engine\MeteringBusController.cpp:283)
[2026-09-20 11:48:48.876] [DEBUG] [tid:2248] Metering TX: 06 03 00 0b 00 07 74 7d (C:\Qt_work\DialogG2\src\engine\MeteringBusController.cpp:283)
[2026-09-20 11:48:48.914] [DEBUG] [tid:2248] Metering TX: 02 03 00 c0 00 30 45 d1 (C:\Qt_work\DialogG2\src\engine\MeteringBusController.cpp:283)
[2026-09-20 11:48:49.043] [DEBUG] [tid:2248] Metering TX: 02 03 00 30 00 30 45 e2 (C:\Qt_work\DialogG2\src\engine\MeteringBusController.cpp:283)
[2026-09-20 11:48:49.188] [DEBUG] [tid:2248] Metering TX: 02 03 00 90 00 30 45 c0 (C:\Qt_work\DialogG2\src\engine\MeteringBusController.cpp:283)
[2026-09-20 11:48:49.314] [DEBUG] [tid:2248] Metering TX: 04 03 00 11 00 20 14 42 (C:\Qt_work\DialogG2\src\engine\MeteringBusController.cpp:283)
[2026-09-20 11:48:49.457] [DEBUG] [tid:2248] Metering TX: dd a5 03 00 ff fd 77 (C:\Qt_work\DialogG2\src\engine\MeteringBusController.cpp:283)
[2026-09-20 11:48:49.879] [DEBUG] [tid:2248] Metering TX: 06 03 00 0b 00 07 74 7d (C:\Qt_work\DialogG2\src\engine\MeteringBusController.cpp:283)
[2026-09-20 11:48:49.920] [DEBUG] [tid:2248] Metering TX: 02 03 00 c0 00 30 45 d1 (C:\Qt_work\DialogG2\src\engine\MeteringBusController.cpp:283)
[2026-09-20 11:48:50.050] [DEBUG] [tid:2248] Metering TX: 02 03 00 30 00 30 45 e2 (C:\Qt_work\DialogG2\src\engine\MeteringBusController.cpp:283)
[2026-09-20 11:48:50.189] [DEBUG] [tid:2248] Metering TX: 02 03 00 90 00 30 45 c0 (C:\Qt_work\DialogG2\src\engine\MeteringBusController.cpp:283)
[2026-09-20 11:48:50.320] [DEBUG] [tid:2248] Metering TX: 04 03 00 11 00 20 14 42 (C:\Qt_work\DialogG2\src\engine\MeteringBusController.cpp:283)
[2026-09-20 11:48:50.450] [DEBUG] [tid:2248] Metering TX: 05 03 03 00 00 02 c5 cb (C:\Qt_work\DialogG2\src\engine\MeteringBusController.cpp:283)
[2026-09-20 11:48:50.935] [DEBUG] [tid:2248] Metering TX: 06 03 00 0b 00 07 74 7d (C:\Qt_work\DialogG2\src\engine\MeteringBusController.cpp:283)
[2026-09-20 11:48:50.976] [DEBUG] [tid:2248] Metering TX: 02 03 00 c0 00 30 45 d1 (C:\Qt_work\DialogG2\src\engine\MeteringBusController.cpp:283)
[2026-09-20 11:48:51.103] [DEBUG] [tid:2248] Metering TX: 02 03 00 30 00 30 45 e2 (C:\Qt_work\DialogG2\src\engine\MeteringBusController.cpp:283)
[2026-09-20 11:48:51.231] [DEBUG] [tid:2248] Metering TX: 02 03 00 90 00 30 45 c0 (C:\Qt_work\DialogG2\src\engine\MeteringBusController.cpp:283)
[2026-09-20 11:48:51.359] [DEBUG] [tid:2248] Metering TX: 04 03 00 11 00 20 14 42 (C:\Qt_work\DialogG2\src\engine\MeteringBusController.cpp:283)
[2026-09-20 11:48:51.507] [DEBUG] [tid:2248] Metering TX: dd a5 03 00 ff fd 77 (C:\Qt_work\DialogG2\src\engine\MeteringBusController.cpp:283)
[2026-09-20 11:48:51.942] [DEBUG] [tid:2248] Metering TX: 06 03 00 0b 00 07 74 7d (C:\Qt_work\DialogG2\src\engine\MeteringBusController.cpp:283)
[2026-09-20 11:48:51.982] [DEBUG] [tid:2248] Metering TX: 02 03 00 c0 00 30 45 d1 (C:\Qt_work\DialogG2\src\engine\MeteringBusController.cpp:283)
[2026-09-20 11:48:52.110] [DEBUG] [tid:2248] Metering TX: 02 03 00 30 00 30 45 e2 (C:\Qt_work\DialogG2\src\engine\MeteringBusController.cpp:283)
[2026-09-20 11:48:52.238] [DEBUG] [tid:2248] Metering TX: 02 03 00 90 00 30 45 c0 (C:\Qt_work\DialogG2\src\engine\MeteringBusController.cpp:283)
[2026-09-20 11:48:52.366] [DEBUG] [tid:2248] Metering TX: 04 03 00 11 00 20 14 42 (C:\Qt_work\DialogG2\src\engine\MeteringBusController.cpp:283)
[2026-09-20 11:48:52.995] [DEBUG] [tid:2248] Metering TX: 06 03 00 0b 00 07 74 7d (C:\Qt_work\DialogG2\src\engine\MeteringBusController.cpp:283)
[2026-09-20 11:48:53.037] [DEBUG] [tid:2248] Metering TX: 02 03 00 c0 00 30 45 d1 (C:\Qt_work\DialogG2\src\engine\MeteringBusController.cpp:283)
[2026-09-20 11:48:53.165] [DEBUG] [tid:2248] Metering TX: 02 03 00 30 00 30 45 e2 (C:\Qt_work\DialogG2\src\engine\MeteringBusController.cpp:283)
[2026-09-20 11:48:53.293] [DEBUG] [tid:2248] Metering TX: 02 03 00 90 00 30 45 c0 (C:\Qt_work\DialogG2\src\engine\MeteringBusController.cpp:283)
[2026-09-20 11:48:53.420] [DEBUG] [tid:2248] Metering TX: 04 03 00 11 00 20 14 42 (C:\Qt_work\DialogG2\src\engine\MeteringBusController.cpp:283)
[2026-09-20 11:48:53.548] [DEBUG] [tid:2248] Metering TX: dd a5 03 00 ff fd 77 (C:\Qt_work\DialogG2\src\engine\MeteringBusController.cpp:283)
[2026-09-20 11:48:54.010] [DEBUG] [tid:2248] Metering TX: 06 03 00 0b 00 07 74 7d (C:\Qt_work\DialogG2\src\engine\MeteringBusController.cpp:283)
[2026-09-20 11:48:54.060] [DEBUG] [tid:2248] Metering TX: 02 03 00 c0 00 30 45 d1 (C:\Qt_work\DialogG2\src\engine\MeteringBusController.cpp:283)
[2026-09-20 11:48:54.200] [DEBUG] [tid:2248] Metering TX: 02 03 00 30 00 30 45 e2 (C:\Qt_work\DialogG2\src\engine\MeteringBusController.cpp:283)
[2026-09-20 11:48:54.332] [DEBUG] [tid:2248] Metering TX: 02 03 00 90 00 30 45 c0 (C:\Qt_work\DialogG2\src\engine\MeteringBusController.cpp:283)
[2026-09-20 11:48:54.459] [DEBUG] [tid:2248] Metering TX: 04 03 00 11 00 20 14 42 (C:\Qt_work\DialogG2\src\engine\MeteringBusController.cpp:283)
[2026-09-20 11:48:54.603] [DEBUG] [tid:2248] Metering TX: dd a5 04 00 ff fc 77 (C:\Qt_work\DialogG2\src\engine\MeteringBusController.cpp:283)
[2026-09-20 11:48:55.011] [DEBUG] [tid:2248] Metering TX: 06 03 00 0b 00 07 74 7d (C:\Qt_work\DialogG2\src\engine\MeteringBusController.cpp:283)
[2026-09-20 11:48:55.050] [DEBUG] [tid:2248] Metering TX: 02 03 00 c0 00 30 45 d1 (C:\Qt_work\DialogG2\src\engine\MeteringBusController.cpp:283)
[2026-09-20 11:48:55.178] [DEBUG] [tid:2248] Metering TX: 02 03 00 30 00 30 45 e2 (C:\Qt_work\DialogG2\src\engine\MeteringBusController.cpp:283)
[2026-09-20 11:48:55.307] [DEBUG] [tid:2248] Metering TX: 02 03 00 90 00 30 45 c0 (C:\Qt_work\DialogG2\src\engine\MeteringBusController.cpp:283)
[2026-09-20 11:48:55.434] [DEBUG] [tid:2248] Metering TX: 04 03 00 11 00 20 14 42 (C:\Qt_work\DialogG2\src\engine\MeteringBusController.cpp:283)
[2026-09-20 11:48:55.562] [DEBUG] [tid:2248] Metering TX: 05 03 03 00 00 02 c5 cb (C:\Qt_work\DialogG2\src\engine\MeteringBusController.cpp:283)
[2026-09-20 11:48:55.821] [DEBUG] [tid:2248] Metering TX: dd a5 03 00 ff fd 77 (C:\Qt_work\DialogG2\src\engine\MeteringBusController.cpp:283)
[2026-09-20 11:48:56.018] [DEBUG] [tid:2248] Metering TX: 06 03 00 0b 00 07 74 7d (C:\Qt_work\DialogG2\src\engine\MeteringBusController.cpp:283)
[2026-09-20 11:48:56.058] [DEBUG] [tid:2248] Metering TX: 02 03 00 c0 00 30 45 d1 (C:\Qt_work\DialogG2\src\engine\MeteringBusController.cpp:283)
[2026-09-20 11:48:56.202] [DEBUG] [tid:2248] Metering TX: 02 03 00 30 00 30 45 e2 (C:\Qt_work\DialogG2\src\engine\MeteringBusController.cpp:283)
[2026-09-20 11:48:56.329] [DEBUG] [tid:2248] Metering TX: 02 03 00 90 00 30 45 c0 (C:\Qt_work\DialogG2\src\engine\MeteringBusController.cpp:283)
[2026-09-20 11:48:56.456] [DEBUG] [tid:2248] Metering TX: 04 03 00 11 00 20 14 42 (C:\Qt_work\DialogG2\src\engine\MeteringBusController.cpp:283)
[2026-09-20 11:48:57.085] [DEBUG] [tid:2248] Metering TX: 06 03 00 0b 00 07 74 7d (C:\Qt_work\DialogG2\src\engine\MeteringBusController.cpp:283)
[2026-09-20 11:48:57.128] [DEBUG] [tid:2248] Metering TX: 02 03 00 c0 00 30 45 d1 (C:\Qt_work\DialogG2\src\engine\MeteringBusController.cpp:283)
[2026-09-20 11:48:57.256] [DEBUG] [tid:2248] Metering TX: 02 03 00 30 00 30 45 e2 (C:\Qt_work\DialogG2\src\engine\MeteringBusController.cpp:283)
[2026-09-20 11:48:57.383] [DEBUG] [tid:2248] Metering TX: 02 03 00 90 00 30 45 c0 (C:\Qt_work\DialogG2\src\engine\MeteringBusController.cpp:283)
[2026-09-20 11:48:57.511] [DEBUG] [tid:2248] Metering TX: 04 03 00 11 00 20 14 42 (C:\Qt_work\DialogG2\src\engine\MeteringBusController.cpp:283)
[2026-09-20 11:48:57.655] [DEBUG] [tid:2248] Metering TX: dd a5 03 00 ff fd 77 (C:\Qt_work\DialogG2\src\engine\MeteringBusController.cpp:283)
[2026-09-20 11:48:58.139] [DEBUG] [tid:2248] Metering TX: 06 03 00 0b 00 07 74 7d (C:\Qt_work\DialogG2\src\engine\MeteringBusController.cpp:283)
[2026-09-20 11:48:58.182] [DEBUG] [tid:2248] Metering TX: 02 03 00 c0 00 30 45 d1 (C:\Qt_work\DialogG2\src\engine\MeteringBusController.cpp:283)
[2026-09-20 11:48:58.311] [DEBUG] [tid:2248] Metering TX: 02 03 00 30 00 30 45 e2 (C:\Qt_work\DialogG2\src\engine\MeteringBusController.cpp:283)
[2026-09-20 11:48:58.438] [DEBUG] [tid:2248] Metering TX: 02 03 00 90 00 30 45 c0 (C:\Qt_work\DialogG2\src\engine\MeteringBusController.cpp:283)
[2026-09-20 11:48:58.566] [DEBUG] [tid:2248] Metering TX: 04 03 00 11 00 20 14 42 (C:\Qt_work\DialogG2\src\engine\MeteringBusController.cpp:283)
[2026-09-20 11:48:59.161] [DEBUG] [tid:2248] Metering TX: 06 03 00 0b 00 07 74 7d (C:\Qt_work\DialogG2\src\engine\MeteringBusController.cpp:283)
[2026-09-20 11:48:59.205] [DEBUG] [tid:2248] Metering TX: 02 03 00 c0 00 30 45 d1 (C:\Qt_work\DialogG2\src\engine\MeteringBusController.cpp:283)
[2026-09-20 11:48:59.333] [DEBUG] [tid:2248] Metering TX: 02 03 00 30 00 30 45 e2 (C:\Qt_work\DialogG2\src\engine\MeteringBusController.cpp:283)
[2026-09-20 11:48:59.461] [DEBUG] [tid:2248] Metering TX: 02 03 00 90 00 30 45 c0 (C:\Qt_work\DialogG2\src\engine\MeteringBusController.cpp:283)
[2026-09-20 11:48:59.589] [DEBUG] [tid:2248] Metering TX: 04 03 00 11 00 20 14 42 (C:\Qt_work\DialogG2\src\engine\MeteringBusController.cpp:283)
[2026-09-20 11:48:59.731] [DEBUG] [tid:2248] Metering TX: dd a5 03 00 ff fd 77 (C:\Qt_work\DialogG2\src\engine\MeteringBusController.cpp:283)
[2026-09-20 11:49:00.098] [DEBUG] [tid:2248] Metering TX: 05 03 03 00 00 02 c5 cb (C:\Qt_work\DialogG2\src\engine\MeteringBusController.cpp:283)
[2026-09-20 11:49:00.346] [DEBUG] [tid:2248] Metering TX: 06 03 00 0b 00 07 74 7d (C:\Qt_work\DialogG2\src\engine\MeteringBusController.cpp:283)
[2026-09-20 11:49:00.388] [DEBUG] [tid:2248] Metering TX: 02 03 00 c0 00 30 45 d1 (C:\Qt_work\DialogG2\src\engine\MeteringBusController.cpp:283)
[2026-09-20 11:49:00.516] [DEBUG] [tid:2248] Metering TX: 02 03 00 30 00 30 45 e2 (C:\Qt_work\DialogG2\src\engine\MeteringBusController.cpp:283)
[2026-09-20 11:49:00.643] [DEBUG] [tid:2248] Metering TX: 02 03 00 90 00 30 45 c0 (C:\Qt_work\DialogG2\src\engine\MeteringBusController.cpp:283)
[2026-09-20 11:49:00.772] [DEBUG] [tid:2248] Metering TX: 04 03 00 11 00 20 14 42 (C:\Qt_work\DialogG2\src\engine\MeteringBusController.cpp:283)
[2026-09-20 11:49:01.274] [DEBUG] [tid:2248] Metering TX: 06 03 00 0b 00 07 74 7d (C:\Qt_work\DialogG2\src\engine\MeteringBusController.cpp:283)
[2026-09-20 11:49:01.315] [DEBUG] [tid:2248] Metering TX: 02 03 00 c0 00 30 45 d1 (C:\Qt_work\DialogG2\src\engine\MeteringBusController.cpp:283)
[2026-09-20 11:49:01.442] [DEBUG] [tid:2248] Metering TX: 02 03 00 30 00 30 45 e2 (C:\Qt_work\DialogG2\src\engine\MeteringBusController.cpp:283)
[2026-09-20 11:49:01.572] [DEBUG] [tid:2248] Metering TX: 02 03 00 90 00 30 45 c0 (C:\Qt_work\DialogG2\src\engine\MeteringBusController.cpp:283)
[2026-09-20 11:49:01.698] [DEBUG] [tid:2248] Metering TX: 04 03 00 11 00 20 14 42 (C:\Qt_work\DialogG2\src\engine\MeteringBusController.cpp:283)
[2026-09-20 11:49:01.842] [DEBUG] [tid:2248] Metering TX: dd a5 03 00 ff fd 77 (C:\Qt_work\DialogG2\src\engine\MeteringBusController.cpp:283)
[2026-09-20 11:49:02.279] [DEBUG] [tid:2248] Metering TX: 06 03 00 0b 00 07 74 7d (C:\Qt_work\DialogG2\src\engine\MeteringBusController.cpp:283)
[2026-09-20 11:49:02.321] [DEBUG] [tid:2248] Metering TX: 02 03 00 c0 00 30 45 d1 (C:\Qt_work\DialogG2\src\engine\MeteringBusController.cpp:283)
[2026-09-20 11:49:02.449] [DEBUG] [tid:2248] Metering TX: 02 03 00 30 00 30 45 e2 (C:\Qt_work\DialogG2\src\engine\MeteringBusController.cpp:283)
[2026-09-20 11:49:02.577] [DEBUG] [tid:2248] Metering TX: 02 03 00 90 00 30 45 c0 (C:\Qt_work\DialogG2\src\engine\MeteringBusController.cpp:283)
[2026-09-20 11:49:02.706] [DEBUG] [tid:2248] Metering TX: 04 03 00 11 00 20 14 42 (C:\Qt_work\DialogG2\src\engine\MeteringBusController.cpp:283)
[2026-09-20 11:49:03.339] [DEBUG] [tid:2248] Metering TX: 06 03 00 0b 00 07 74 7d (C:\Qt_work\DialogG2\src\engine\MeteringBusController.cpp:283)
[2026-09-20 11:49:03.376] [DEBUG] [tid:2248] Metering TX: 02 03 00 c0 00 30 45 d1 (C:\Qt_work\DialogG2\src\engine\MeteringBusController.cpp:283)
[2026-09-20 11:49:03.623] [DEBUG] [tid:2248] Metering TX: 02 03 00 30 00 30 45 e2 (C:\Qt_work\DialogG2\src\engine\MeteringBusController.cpp:283)
[2026-09-20 11:49:03.760] [DEBUG] [tid:2248] Metering TX: 02 03 00 90 00 30 45 c0 (C:\Qt_work\DialogG2\src\engine\MeteringBusController.cpp:283)
[2026-09-20 11:49:03.887] [DEBUG] [tid:2248] Metering TX: 04 03 00 11 00 20 14 42 (C:\Qt_work\DialogG2\src\engine\MeteringBusController.cpp:283)
[2026-09-20 11:49:04.016] [DEBUG] [tid:2248] Metering TX: dd a5 03 00 ff fd 77 (C:\Qt_work\DialogG2\src\engine\MeteringBusController.cpp:283)
[2026-09-20 11:49:04.347] [DEBUG] [tid:2248] Metering TX: 06 03 00 0b 00 07 74 7d (C:\Qt_work\DialogG2\src\engine\MeteringBusController.cpp:283)
[2026-09-20 11:49:04.383] [DEBUG] [tid:2248] Metering TX: 02 03 00 c0 00 30 45 d1 (C:\Qt_work\DialogG2\src\engine\MeteringBusController.cpp:283)
[2026-09-20 11:49:04.657] [DEBUG] [tid:2248] Metering TX: 02 03 00 30 00 30 45 e2 (C:\Qt_work\DialogG2\src\engine\MeteringBusController.cpp:283)
[2026-09-20 11:49:04.782] [DEBUG] [tid:2248] Metering TX: 02 03 00 90 00 30 45 c0 (C:\Qt_work\DialogG2\src\engine\MeteringBusController.cpp:283)
[2026-09-20 11:49:04.909] [DEBUG] [tid:2248] Metering TX: 04 03 00 11 00 20 14 42 (C:\Qt_work\DialogG2\src\engine\MeteringBusController.cpp:283)
[2026-09-20 11:49:05.054] [DEBUG] [tid:2248] Metering TX: dd a5 04 00 ff fc 77 (C:\Qt_work\DialogG2\src\engine\MeteringBusController.cpp:283)
[2026-09-20 11:49:05.155] [DEBUG] [tid:2248] Metering TX: 05 03 03 00 00 02 c5 cb (C:\Qt_work\DialogG2\src\engine\MeteringBusController.cpp:283)
[2026-09-20 11:49:05.404] [DEBUG] [tid:2248] Metering TX: 06 03 00 0b 00 07 74 7d (C:\Qt_work\DialogG2\src\engine\MeteringBusController.cpp:283)
[2026-09-20 11:49:05.454] [DEBUG] [tid:2248] Metering TX: 02 03 00 c0 00 30 45 d1 (C:\Qt_work\DialogG2\src\engine\MeteringBusController.cpp:283)
[2026-09-20 11:49:05.582] [DEBUG] [tid:2248] Metering TX: 02 03 00 30 00 30 45 e2 (C:\Qt_work\DialogG2\src\engine\MeteringBusController.cpp:283)
[2026-09-20 11:49:05.709] [DEBUG] [tid:2248] Metering TX: 02 03 00 90 00 30 45 c0 (C:\Qt_work\DialogG2\src\engine\MeteringBusController.cpp:283)
[2026-09-20 11:49:05.838] [DEBUG] [tid:2248] Metering TX: 04 03 00 11 00 20 14 42 (C:\Qt_work\DialogG2\src\engine\MeteringBusController.cpp:283)
[2026-09-20 11:49:05.965] [DEBUG] [tid:2248] Metering TX: dd a5 03 00 ff fd 77 (C:\Qt_work\DialogG2\src\engine\MeteringBusController.cpp:283)
[2026-09-20 11:49:06.407] [DEBUG] [tid:2248] Metering TX: 06 03 00 0b 00 07 74 7d (C:\Qt_work\DialogG2\src\engine\MeteringBusController.cpp:283)
[2026-09-20 11:49:06.444] [DEBUG] [tid:2248] Metering TX: 02 03 00 c0 00 30 45 d1 (C:\Qt_work\DialogG2\src\engine\MeteringBusController.cpp:283)
[2026-09-20 11:49:06.718] [DEBUG] [tid:2248] Metering TX: 02 03 00 30 00 30 45 e2 (C:\Qt_work\DialogG2\src\engine\MeteringBusController.cpp:283)
[2026-09-20 11:49:06.844] [DEBUG] [tid:2248] Metering TX: 02 03 00 90 00 30 45 c0 (C:\Qt_work\DialogG2\src\engine\MeteringBusController.cpp:283)
[2026-09-20 11:49:06.971] [DEBUG] [tid:2248] Metering TX: 04 03 00 11 00 20 14 42 (C:\Qt_work\DialogG2\src\engine\MeteringBusController.cpp:283)
[2026-09-20 11:49:07.409] [DEBUG] [tid:2248] Metering TX: 06 03 00 0b 00 07 74 7d (C:\Qt_work\DialogG2\src\engine\MeteringBusController.cpp:283)
[2026-09-20 11:49:07.451] [DEBUG] [tid:2248] Metering TX: 02 03 00 c0 00 30 45 d1 (C:\Qt_work\DialogG2\src\engine\MeteringBusController.cpp:283)
[2026-09-20 11:49:07.579] [DEBUG] [tid:2248] Metering TX: 02 03 00 30 00 30 45 e2 (C:\Qt_work\DialogG2\src\engine\MeteringBusController.cpp:283)
[2026-09-20 11:49:07.707] [DEBUG] [tid:2248] Metering TX: 02 03 00 90 00 30 45 c0 (C:\Qt_work\DialogG2\src\engine\MeteringBusController.cpp:283)
[2026-09-20 11:49:07.835] [DEBUG] [tid:2248] Metering TX: 04 03 00 11 00 20 14 42 (C:\Qt_work\DialogG2\src\engine\MeteringBusController.cpp:283)
[2026-09-20 11:49:07.946] [DEBUG] [tid:2248] Metering TX: dd a5 03 00 ff fd 77 (C:\Qt_work\DialogG2\src\engine\MeteringBusController.cpp:283)
[2026-09-20 11:49:08.464] [DEBUG] [tid:2248] Metering TX: 06 03 00 0b 00 07 74 7d (C:\Qt_work\DialogG2\src\engine\MeteringBusController.cpp:283)
[2026-09-20 11:49:08.506] [DEBUG] [tid:2248] Metering TX: 02 03 00 c0 00 30 45 d1 (C:\Qt_work\DialogG2\src\engine\MeteringBusController.cpp:283)
[2026-09-20 11:49:08.633] [DEBUG] [tid:2248] Metering TX: 02 03 00 30 00 30 45 e2 (C:\Qt_work\DialogG2\src\engine\MeteringBusController.cpp:283)
[2026-09-20 11:49:08.903] [DEBUG] [tid:2248] Metering TX: 02 03 00 90 00 30 45 c0 (C:\Qt_work\DialogG2\src\engine\MeteringBusController.cpp:283)
[2026-09-20 11:49:09.033] [DEBUG] [tid:2248] Metering TX: 04 03 00 11 00 20 14 42 (C:\Qt_work\DialogG2\src\engine\MeteringBusController.cpp:283)
[2026-09-20 11:49:09.525] [DEBUG] [tid:2248] Metering TX: 06 03 00 0b 00 07 74 7d (C:\Qt_work\DialogG2\src\engine\MeteringBusController.cpp:283)
[2026-09-20 11:49:09.576] [DEBUG] [tid:2248] Metering TX: 02 03 00 c0 00 30 45 d1 (C:\Qt_work\DialogG2\src\engine\MeteringBusController.cpp:283)
[2026-09-20 11:49:09.704] [DEBUG] [tid:2248] Metering TX: 02 03 00 30 00 30 45 e2 (C:\Qt_work\DialogG2\src\engine\MeteringBusController.cpp:283)
[2026-09-20 11:49:09.832] [DEBUG] [tid:2248] Metering TX: 02 03 00 90 00 30 45 c0 (C:\Qt_work\DialogG2\src\engine\MeteringBusController.cpp:283)
[2026-09-20 11:49:09.960] [DEBUG] [tid:2248] Metering TX: 04 03 00 11 00 20 14 42 (C:\Qt_work\DialogG2\src\engine\MeteringBusController.cpp:283)
[2026-09-20 11:49:10.072] [DEBUG] [tid:2248] Metering TX: dd a5 03 00 ff fd 77 (C:\Qt_work\DialogG2\src\engine\MeteringBusController.cpp:283)
[2026-09-20 11:49:10.238] [DEBUG] [tid:2248] Metering TX: 05 03 03 00 00 02 c5 cb (C:\Qt_work\DialogG2\src\engine\MeteringBusController.cpp:283)
[2026-09-20 11:49:10.533] [DEBUG] [tid:2248] Metering TX: 06 03 00 0b 00 07 74 7d (C:\Qt_work\DialogG2\src\engine\MeteringBusController.cpp:283)
[2026-09-20 11:49:10.567] [DEBUG] [tid:2248] Metering TX: 02 03 00 c0 00 30 45 d1 (C:\Qt_work\DialogG2\src\engine\MeteringBusController.cpp:283)
[2026-09-20 11:49:10.816] [DEBUG] [tid:2248] Metering TX: 02 03 00 30 00 30 45 e2 (C:\Qt_work\DialogG2\src\engine\MeteringBusController.cpp:283)
[2026-09-20 11:49:10.950] [DEBUG] [tid:2248] Metering TX: 02 03 00 90 00 30 45 c0 (C:\Qt_work\DialogG2\src\engine\MeteringBusController.cpp:283)
[2026-09-20 11:49:11.079] [DEBUG] [tid:2248] Metering TX: 04 03 00 11 00 20 14 42 (C:\Qt_work\DialogG2\src\engine\MeteringBusController.cpp:283)
[2026-09-20 11:49:11.593] [DEBUG] [tid:2248] Metering TX: 06 03 00 0b 00 07 74 7d (C:\Qt_work\DialogG2\src\engine\MeteringBusController.cpp:283)
[2026-09-20 11:49:11.638] [DEBUG] [tid:2248] Metering TX: 02 03 00 c0 00 30 45 d1 (C:\Qt_work\DialogG2\src\engine\MeteringBusController.cpp:283)
[2026-09-20 11:49:11.765] [DEBUG] [tid:2248] Metering TX: 02 03 00 30 00 30 45 e2 (C:\Qt_work\DialogG2\src\engine\MeteringBusController.cpp:283)
[2026-09-20 11:49:11.893] [DEBUG] [tid:2248] Metering TX: 02 03 00 90 00 30 45 c0 (C:\Qt_work\DialogG2\src\engine\MeteringBusController.cpp:283)
[2026-09-20 11:49:12.021] [DEBUG] [tid:2248] Metering TX: 04 03 00 11 00 20 14 42 (C:\Qt_work\DialogG2\src\engine\MeteringBusController.cpp:283)
[2026-09-20 11:49:12.149] [DEBUG] [tid:2248] Metering TX: dd a5 03 00 ff fd 77 (C:\Qt_work\DialogG2\src\engine\MeteringBusController.cpp:283)
[2026-09-20 11:49:12.595] [DEBUG] [tid:2248] Metering TX: 06 03 00 0b 00 07 74 7d (C:\Qt_work\DialogG2\src\engine\MeteringBusController.cpp:283)
[2026-09-20 11:49:12.645] [DEBUG] [tid:2248] Metering TX: 02 03 00 c0 00 30 45 d1 (C:\Qt_work\DialogG2\src\engine\MeteringBusController.cpp:283)
[2026-09-20 11:49:12.773] [DEBUG] [tid:2248] Metering TX: 02 03 00 30 00 30 45 e2 (C:\Qt_work\DialogG2\src\engine\MeteringBusController.cpp:283)
[2026-09-20 11:49:12.900] [DEBUG] [tid:2248] Metering TX: 02 03 00 90 00 30 45 c0 (C:\Qt_work\DialogG2\src\engine\MeteringBusController.cpp:283)
[2026-09-20 11:49:13.028] [DEBUG] [tid:2248] Metering TX: 04 03 00 11 00 20 14 42 (C:\Qt_work\DialogG2\src\engine\MeteringBusController.cpp:283)
[2026-09-20 11:49:13.648] [DEBUG] [tid:2248] Metering TX: 06 03 00 0b 00 07 74 7d (C:\Qt_work\DialogG2\src\engine\MeteringBusController.cpp:283)
[2026-09-20 11:49:13.700] [DEBUG] [tid:2248] Metering TX: 02 03 00 c0 00 30 45 d1 (C:\Qt_work\DialogG2\src\engine\MeteringBusController.cpp:283)
[2026-09-20 11:49:13.827] [DEBUG] [tid:2248] Metering TX: 02 03 00 30 00 30 45 e2 (C:\Qt_work\DialogG2\src\engine\MeteringBusController.cpp:283)
[2026-09-20 11:49:13.955] [DEBUG] [tid:2248] Metering TX: 02 03 00 90 00 30 45 c0 (C:\Qt_work\DialogG2\src\engine\MeteringBusController.cpp:283)
[2026-09-20 11:49:14.083] [DEBUG] [tid:2248] Metering TX: 04 03 00 11 00 20 14 42 (C:\Qt_work\DialogG2\src\engine\MeteringBusController.cpp:283)
[2026-09-20 11:49:14.211] [DEBUG] [tid:2248] Metering TX: dd a5 03 00 ff fd 77 (C:\Qt_work\DialogG2\src\engine\MeteringBusController.cpp:283)
[2026-09-20 11:49:14.655] [DEBUG] [tid:2248] Metering TX: 06 03 00 0b 00 07 74 7d (C:\Qt_work\DialogG2\src\engine\MeteringBusController.cpp:283)
[2026-09-20 11:49:14.689] [DEBUG] [tid:2248] Metering TX: 02 03 00 c0 00 30 45 d1 (C:\Qt_work\DialogG2\src\engine\MeteringBusController.cpp:283)
[2026-09-20 11:49:14.938] [DEBUG] [tid:2248] Metering TX: 02 03 00 30 00 30 45 e2 (C:\Qt_work\DialogG2\src\engine\MeteringBusController.cpp:283)
[2026-09-20 11:49:15.073] [DEBUG] [tid:2248] Metering TX: 02 03 00 90 00 30 45 c0 (C:\Qt_work\DialogG2\src\engine\MeteringBusController.cpp:283)
[2026-09-20 11:49:15.202] [DEBUG] [tid:2248] Metering TX: 04 03 00 11 00 20 14 42 (C:\Qt_work\DialogG2\src\engine\MeteringBusController.cpp:283)
[2026-09-20 11:49:15.329] [DEBUG] [tid:2248] Metering TX: dd a5 04 00 ff fc 77 (C:\Qt_work\DialogG2\src\engine\MeteringBusController.cpp:283)
[2026-09-20 11:49:15.409] [DEBUG] [tid:2248] Metering TX: 05 03 03 00 00 02 c5 cb (C:\Qt_work\DialogG2\src\engine\MeteringBusController.cpp:283)
[2026-09-20 11:49:15.664] [DEBUG] [tid:2248] Metering TX: 06 03 00 0b 00 07 74 7d (C:\Qt_work\DialogG2\src\engine\MeteringBusController.cpp:283)
[2026-09-20 11:49:15.730] [DEBUG] [tid:2248] Metering TX: 02 03 00 c0 00 30 45 d1 (C:\Qt_work\DialogG2\src\engine\MeteringBusController.cpp:283)
[2026-09-20 11:49:15.856] [DEBUG] [tid:2248] Metering TX: 02 03 00 30 00 30 45 e2 (C:\Qt_work\DialogG2\src\engine\MeteringBusController.cpp:283)
[2026-09-20 11:49:15.985] [DEBUG] [tid:2248] Metering TX: 02 03 00 90 00 30 45 c0 (C:\Qt_work\DialogG2\src\engine\MeteringBusController.cpp:283)
[2026-09-20 11:49:16.112] [DEBUG] [tid:2248] Metering TX: 04 03 00 11 00 20 14 42 (C:\Qt_work\DialogG2\src\engine\MeteringBusController.cpp:283)
[2026-09-20 11:49:16.240] [DEBUG] [tid:2248] Metering TX: dd a5 03 00 ff fd 77 (C:\Qt_work\DialogG2\src\engine\MeteringBusController.cpp:283)
[2026-09-20 11:49:16.734] [DEBUG] [tid:2248] Metering TX: 06 03 00 0b 00 07 74 7d (C:\Qt_work\DialogG2\src\engine\MeteringBusController.cpp:283)
[2026-09-20 11:49:16.783] [DEBUG] [tid:2248] Metering TX: 02 03 00 c0 00 30 45 d1 (C:\Qt_work\DialogG2\src\engine\MeteringBusController.cpp:283)
[2026-09-20 11:49:16.911] [DEBUG] [tid:2248] Metering TX: 02 03 00 30 00 30 45 e2 (C:\Qt_work\DialogG2\src\engine\MeteringBusController.cpp:283)
[2026-09-20 11:49:17.039] [DEBUG] [tid:2248] Metering TX: 02 03 00 90 00 30 45 c0 (C:\Qt_work\DialogG2\src\engine\MeteringBusController.cpp:283)
[2026-09-20 11:49:17.167] [DEBUG] [tid:2248] Metering TX: 04 03 00 11 00 20 14 42 (C:\Qt_work\DialogG2\src\engine\MeteringBusController.cpp:283)
[2026-09-20 11:49:17.743] [DEBUG] [tid:2248] Metering TX: 06 03 00 0b 00 07 74 7d (C:\Qt_work\DialogG2\src\engine\MeteringBusController.cpp:283)
[2026-09-20 11:49:17.790] [DEBUG] [tid:2248] Metering TX: 02 03 00 c0 00 30 45 d1 (C:\Qt_work\DialogG2\src\engine\MeteringBusController.cpp:283)
[2026-09-20 11:49:17.918] [DEBUG] [tid:2248] Metering TX: 02 03 00 30 00 30 45 e2 (C:\Qt_work\DialogG2\src\engine\MeteringBusController.cpp:283)
[2026-09-20 11:49:18.046] [DEBUG] [tid:2248] Metering TX: 02 03 00 90 00 30 45 c0 (C:\Qt_work\DialogG2\src\engine\MeteringBusController.cpp:283)
[2026-09-20 11:49:18.174] [DEBUG] [tid:2248] Metering TX: 04 03 00 11 00 20 14 42 (C:\Qt_work\DialogG2\src\engine\MeteringBusController.cpp:283)
[2026-09-20 11:49:18.301] [DEBUG] [tid:2248] Metering TX: dd a5 03 00 ff fd 77 (C:\Qt_work\DialogG2\src\engine\MeteringBusController.cpp:283)
[2026-09-20 11:49:18.776] [DEBUG] [tid:2248] Metering TX: 06 03 00 0b 00 07 74 7d (C:\Qt_work\DialogG2\src\engine\MeteringBusController.cpp:283)
[2026-09-20 11:49:18.813] [DEBUG] [tid:2248] Metering TX: 02 03 00 c0 00 30 45 d1 (C:\Qt_work\DialogG2\src\engine\MeteringBusController.cpp:283)
[2026-09-20 11:49:19.060] [DEBUG] [tid:2248] Metering TX: 02 03 00 30 00 30 45 e2 (C:\Qt_work\DialogG2\src\engine\MeteringBusController.cpp:283)
[2026-09-20 11:49:19.196] [DEBUG] [tid:2248] Metering TX: 02 03 00 90 00 30 45 c0 (C:\Qt_work\DialogG2\src\engine\MeteringBusController.cpp:283)
[2026-09-20 11:49:19.324] [DEBUG] [tid:2248] Metering TX: 04 03 00 11 00 20 14 42 (C:\Qt_work\DialogG2\src\engine\MeteringBusController.cpp:283)
[2026-09-20 11:49:19.781] [DEBUG] [tid:2248] Metering TX: 06 03 00 0b 00 07 74 7d (C:\Qt_work\DialogG2\src\engine\MeteringBusController.cpp:283)
[2026-09-20 11:49:19.819] [DEBUG] [tid:2248] Metering TX: 02 03 00 c0 00 30 45 d1 (C:\Qt_work\DialogG2\src\engine\MeteringBusController.cpp:283)
[2026-09-20 11:49:19.947] [DEBUG] [tid:2248] Metering TX: 02 03 00 30 00 30 45 e2 (C:\Qt_work\DialogG2\src\engine\MeteringBusController.cpp:283)
[2026-09-20 11:49:20.072] [DEBUG] [tid:2248] Metering TX: 02 03 00 90 00 30 45 c0 (C:\Qt_work\DialogG2\src\engine\MeteringBusController.cpp:283)
[2026-09-20 11:49:20.200] [DEBUG] [tid:2248] Metering TX: 04 03 00 11 00 20 14 42 (C:\Qt_work\DialogG2\src\engine\MeteringBusController.cpp:283)
[2026-09-20 11:49:20.328] [DEBUG] [tid:2248] Metering TX: dd a5 03 00 ff fd 77 (C:\Qt_work\DialogG2\src\engine\MeteringBusController.cpp:283)
[2026-09-20 11:49:20.587] [DEBUG] [tid:2248] Metering TX: 05 03 03 00 00 02 c5 cb (C:\Qt_work\DialogG2\src\engine\MeteringBusController.cpp:283)
[2026-09-20 11:49:20.843] [DEBUG] [tid:2248] Metering TX: 06 03 00 0b 00 07 74 7d (C:\Qt_work\DialogG2\src\engine\MeteringBusController.cpp:283)
[2026-09-20 11:49:20.890] [DEBUG] [tid:2248] Metering TX: 02 03 00 c0 00 30 45 d1 (C:\Qt_work\DialogG2\src\engine\MeteringBusController.cpp:283)
[2026-09-20 11:49:21.015] [DEBUG] [tid:2248] Metering TX: 02 03 00 30 00 30 45 e2 (C:\Qt_work\DialogG2\src\engine\MeteringBusController.cpp:283)
[2026-09-20 11:49:21.137] [DEBUG] [tid:2248] Metering TX: 02 03 00 90 00 30 45 c0 (C:\Qt_work\DialogG2\src\engine\MeteringBusController.cpp:283)
[2026-09-20 11:49:21.272] [DEBUG] [tid:2248] Metering TX: 04 03 00 11 00 20 14 42 (C:\Qt_work\DialogG2\src\engine\MeteringBusController.cpp:283)
[2026-09-20 11:49:21.851] [DEBUG] [tid:2248] Metering TX: 06 03 00 0b 00 07 74 7d (C:\Qt_work\DialogG2\src\engine\MeteringBusController.cpp:283)
[2026-09-20 11:49:21.897] [DEBUG] [tid:2248] Metering TX: 02 03 00 c0 00 30 45 d1 (C:\Qt_work\DialogG2\src\engine\MeteringBusController.cpp:283)
[2026-09-20 11:49:22.025] [DEBUG] [tid:2248] Metering TX: 02 03 00 30 00 30 45 e2 (C:\Qt_work\DialogG2\src\engine\MeteringBusController.cpp:283)
[2026-09-20 11:49:22.153] [DEBUG] [tid:2248] Metering TX: 02 03 00 90 00 30 45 c0 (C:\Qt_work\DialogG2\src\engine\MeteringBusController.cpp:283)
[2026-09-20 11:49:22.296] [DEBUG] [tid:2248] Metering TX: 04 03 00 11 00 20 14 42 (C:\Qt_work\DialogG2\src\engine\MeteringBusController.cpp:283)
[2026-09-20 11:49:22.424] [DEBUG] [tid:2248] Metering TX: dd a5 03 00 ff fd 77 (C:\Qt_work\DialogG2\src\engine\MeteringBusController.cpp:283)
[2026-09-20 11:49:22.859] [DEBUG] [tid:2248] Metering TX: 06 03 00 0b 00 07 74 7d (C:\Qt_work\DialogG2\src\engine\MeteringBusController.cpp:283)
[2026-09-20 11:49:22.903] [DEBUG] [tid:2248] Metering TX: 02 03 00 c0 00 30 45 d1 (C:\Qt_work\DialogG2\src\engine\MeteringBusController.cpp:283)
[2026-09-20 11:49:23.048] [DEBUG] [tid:2248] Metering TX: 02 03 00 30 00 30 45 e2 (C:\Qt_work\DialogG2\src\engine\MeteringBusController.cpp:283)
[2026-09-20 11:49:23.175] [DEBUG] [tid:2248] Metering TX: 02 03 00 90 00 30 45 c0 (C:\Qt_work\DialogG2\src\engine\MeteringBusController.cpp:283)
[2026-09-20 11:49:23.303] [DEBUG] [tid:2248] Metering TX: 04 03 00 11 00 20 14 42 (C:\Qt_work\DialogG2\src\engine\MeteringBusController.cpp:283)
[2026-09-20 11:49:23.855] [DEBUG] [tid:2248] Metering TX: dd a5 03 00 ff fd 77 (C:\Qt_work\DialogG2\src\engine\MeteringBusController.cpp:283)
[2026-09-20 11:49:23.936] [DEBUG] [tid:2248] Metering TX: 06 03 00 0b 00 07 74 7d (C:\Qt_work\DialogG2\src\engine\MeteringBusController.cpp:283)
[2026-09-20 11:49:23.990] [DEBUG] [tid:2248] Metering TX: 02 03 00 c0 00 30 45 d1 (C:\Qt_work\DialogG2\src\engine\MeteringBusController.cpp:283)
[2026-09-20 11:49:24.111] [DEBUG] [tid:2248] Metering TX: 02 03 00 30 00 30 45 e2 (C:\Qt_work\DialogG2\src\engine\MeteringBusController.cpp:283)
[2026-09-20 11:49:24.246] [DEBUG] [tid:2248] Metering TX: 02 03 00 90 00 30 45 c0 (C:\Qt_work\DialogG2\src\engine\MeteringBusController.cpp:283)
[2026-09-20 11:49:24.371] [DEBUG] [tid:2248] Metering TX: 04 03 00 11 00 20 14 42 (C:\Qt_work\DialogG2\src\engine\MeteringBusController.cpp:283)
[2026-09-20 11:49:24.671] [DEBUG] [tid:2248] Metering TX: dd a5 04 00 ff fc 77 (C:\Qt_work\DialogG2\src\engine\MeteringBusController.cpp:283)
[2026-09-20 11:49:24.924] [DEBUG] [tid:2248] Metering TX: 06 03 00 0b 00 07 74 7d (C:\Qt_work\DialogG2\src\engine\MeteringBusController.cpp:283)
[2026-09-20 11:49:24.961] [DEBUG] [tid:2248] Metering TX: 02 03 00 c0 00 30 45 d1 (C:\Qt_work\DialogG2\src\engine\MeteringBusController.cpp:283)
[2026-09-20 11:49:25.093] [DEBUG] [tid:2248] Metering TX: 02 03 00 30 00 30 45 e2 (C:\Qt_work\DialogG2\src\engine\MeteringBusController.cpp:283)
[2026-09-20 11:49:25.222] [DEBUG] [tid:2248] Metering TX: 02 03 00 90 00 30 45 c0 (C:\Qt_work\DialogG2\src\engine\MeteringBusController.cpp:283)
[2026-09-20 11:49:25.344] [DEBUG] [tid:2248] Metering TX: 04 03 00 11 00 20 14 42 (C:\Qt_work\DialogG2\src\engine\MeteringBusController.cpp:283)
[2026-09-20 11:49:25.477] [DEBUG] [tid:2248] Metering TX: 05 03 03 00 00 02 c5 cb (C:\Qt_work\DialogG2\src\engine\MeteringBusController.cpp:283)
[2026-09-20 11:49:25.860] [DEBUG] [tid:2248] Metering TX: dd a5 03 00 ff fd 77 (C:\Qt_work\DialogG2\src\engine\MeteringBusController.cpp:283)
[2026-09-20 11:49:25.956] [DEBUG] [tid:2248] Metering TX: 06 03 00 0b 00 07 74 7d (C:\Qt_work\DialogG2\src\engine\MeteringBusController.cpp:283)
[2026-09-20 11:49:26.001] [DEBUG] [tid:2248] Metering TX: 02 03 00 c0 00 30 45 d1 (C:\Qt_work\DialogG2\src\engine\MeteringBusController.cpp:283)
[2026-09-20 11:49:26.144] [DEBUG] [tid:2248] Metering TX: 02 03 00 30 00 30 45 e2 (C:\Qt_work\DialogG2\src\engine\MeteringBusController.cpp:283)
[2026-09-20 11:49:26.274] [DEBUG] [tid:2248] Metering TX: 02 03 00 90 00 30 45 c0 (C:\Qt_work\DialogG2\src\engine\MeteringBusController.cpp:283)
[2026-09-20 11:49:26.404] [DEBUG] [tid:2248] Metering TX: 04 03 00 11 00 20 14 42 (C:\Qt_work\DialogG2\src\engine\MeteringBusController.cpp:283)
[2026-09-20 11:49:26.946] [DEBUG] [tid:2248] Metering TX: 06 03 00 0b 00 07 74 7d (C:\Qt_work\DialogG2\src\engine\MeteringBusController.cpp:283)
[2026-09-20 11:49:26.995] [DEBUG] [tid:2248] Metering TX: 02 03 00 c0 00 30 45 d1 (C:\Qt_work\DialogG2\src\engine\MeteringBusController.cpp:283)
[2026-09-20 11:49:27.122] [DEBUG] [tid:2248] Metering TX: 02 03 00 30 00 30 45 e2 (C:\Qt_work\DialogG2\src\engine\MeteringBusController.cpp:283)
[2026-09-20 11:49:27.240] [DEBUG] [tid:2248] Metering TX: 02 03 00 90 00 30 45 c0 (C:\Qt_work\DialogG2\src\engine\MeteringBusController.cpp:283)
[2026-09-20 11:49:27.377] [DEBUG] [tid:2248] Metering TX: 04 03 00 11 00 20 14 42 (C:\Qt_work\DialogG2\src\engine\MeteringBusController.cpp:283)
[2026-09-20 11:49:27.888] [DEBUG] [tid:2248] Metering TX: dd a5 03 00 ff fd 77 (C:\Qt_work\DialogG2\src\engine\MeteringBusController.cpp:283)
[2026-09-20 11:49:27.981] [DEBUG] [tid:2248] Metering TX: 06 03 00 0b 00 07 74 7d (C:\Qt_work\DialogG2\src\engine\MeteringBusController.cpp:283)
[2026-09-20 11:49:28.033] [DEBUG] [tid:2248] Metering TX: 02 03 00 c0 00 30 45 d1 (C:\Qt_work\DialogG2\src\engine\MeteringBusController.cpp:283)
[2026-09-20 11:49:28.161] [DEBUG] [tid:2248] Metering TX: 02 03 00 30 00 30 45 e2 (C:\Qt_work\DialogG2\src\engine\MeteringBusController.cpp:283)
[2026-09-20 11:49:28.284] [DEBUG] [tid:2248] Metering TX: 02 03 00 90 00 30 45 c0 (C:\Qt_work\DialogG2\src\engine\MeteringBusController.cpp:283)
[2026-09-20 11:49:28.415] [DEBUG] [tid:2248] Metering TX: 04 03 00 11 00 20 14 42 (C:\Qt_work\DialogG2\src\engine\MeteringBusController.cpp:283)
[2026-09-20 11:49:28.970] [DEBUG] [tid:2248] Metering TX: 06 03 00 0b 00 07 74 7d (C:\Qt_work\DialogG2\src\engine\MeteringBusController.cpp:283)
[2026-09-20 11:49:29.008] [DEBUG] [tid:2248] Metering TX: 02 03 00 c0 00 30 45 d1 (C:\Qt_work\DialogG2\src\engine\MeteringBusController.cpp:283)
[2026-09-20 11:49:29.260] [DEBUG] [tid:2248] Metering TX: 02 03 00 30 00 30 45 e2 (C:\Qt_work\DialogG2\src\engine\MeteringBusController.cpp:283)
[2026-09-20 11:49:29.389] [DEBUG] [tid:2248] Metering TX: 02 03 00 90 00 30 45 c0 (C:\Qt_work\DialogG2\src\engine\MeteringBusController.cpp:283)
[2026-09-20 11:49:29.519] [DEBUG] [tid:2248] Metering TX: 04 03 00 11 00 20 14 42 (C:\Qt_work\DialogG2\src\engine\MeteringBusController.cpp:283)
[2026-09-20 11:49:29.919] [DEBUG] [tid:2248] Metering TX: dd a5 03 00 ff fd 77 (C:\Qt_work\DialogG2\src\engine\MeteringBusController.cpp:283)
[2026-09-20 11:49:30.013] [DEBUG] [tid:2248] Metering TX: 06 03 00 0b 00 07 74 7d (C:\Qt_work\DialogG2\src\engine\MeteringBusController.cpp:283)
[2026-09-20 11:49:30.062] [DEBUG] [tid:2248] Metering TX: 02 03 00 c0 00 30 45 d1 (C:\Qt_work\DialogG2\src\engine\MeteringBusController.cpp:283)
[2026-09-20 11:49:30.190] [DEBUG] [tid:2248] Metering TX: 02 03 00 30 00 30 45 e2 (C:\Qt_work\DialogG2\src\engine\MeteringBusController.cpp:283)
[2026-09-20 11:49:30.315] [DEBUG] [tid:2248] Metering TX: 02 03 00 90 00 30 45 c0 (C:\Qt_work\DialogG2\src\engine\MeteringBusController.cpp:283)
[2026-09-20 11:49:30.447] [DEBUG] [tid:2248] Metering TX: 04 03 00 11 00 20 14 42 (C:\Qt_work\DialogG2\src\engine\MeteringBusController.cpp:283)
[2026-09-20 11:49:30.568] [DEBUG] [tid:2248] Metering TX: 05 03 03 00 00 02 c5 cb (C:\Qt_work\DialogG2\src\engine\MeteringBusController.cpp:283)
[2026-09-20 11:49:31.002] [DEBUG] [tid:2248] Metering TX: 06 03 00 0b 00 07 74 7d (C:\Qt_work\DialogG2\src\engine\MeteringBusController.cpp:283)
[2026-09-20 11:49:31.035] [DEBUG] [tid:2248] Metering TX: 02 03 00 c0 00 30 45 d1 (C:\Qt_work\DialogG2\src\engine\MeteringBusController.cpp:283)
[2026-09-20 11:49:31.284] [DEBUG] [tid:2248] Metering TX: 02 03 00 30 00 30 45 e2 (C:\Qt_work\DialogG2\src\engine\MeteringBusController.cpp:283)
[2026-09-20 11:49:31.417] [DEBUG] [tid:2248] Metering TX: 02 03 00 90 00 30 45 c0 (C:\Qt_work\DialogG2\src\engine\MeteringBusController.cpp:283)
[2026-09-20 11:49:31.549] [DEBUG] [tid:2248] Metering TX: 04 03 00 11 00 20 14 42 (C:\Qt_work\DialogG2\src\engine\MeteringBusController.cpp:283)
[2026-09-20 11:49:31.960] [DEBUG] [tid:2248] Metering TX: dd a5 03 00 ff fd 77 (C:\Qt_work\DialogG2\src\engine\MeteringBusController.cpp:283)
[2026-09-20 11:49:32.060] [DEBUG] [tid:2248] Metering TX: 06 03 00 0b 00 07 74 7d (C:\Qt_work\DialogG2\src\engine\MeteringBusController.cpp:283)
[2026-09-20 11:49:32.099] [DEBUG] [tid:2248] Metering TX: 02 03 00 c0 00 30 45 d1 (C:\Qt_work\DialogG2\src\engine\MeteringBusController.cpp:283)
[2026-09-20 11:49:32.233] [DEBUG] [tid:2248] Metering TX: 02 03 00 30 00 30 45 e2 (C:\Qt_work\DialogG2\src\engine\MeteringBusController.cpp:283)
[2026-09-20 11:49:32.364] [DEBUG] [tid:2248] Metering TX: 02 03 00 90 00 30 45 c0 (C:\Qt_work\DialogG2\src\engine\MeteringBusController.cpp:283)
[2026-09-20 11:49:32.491] [DEBUG] [tid:2248] Metering TX: 04 03 00 11 00 20 14 42 (C:\Qt_work\DialogG2\src\engine\MeteringBusController.cpp:283)
[2026-09-20 11:49:33.086] [DEBUG] [tid:2248] Metering TX: 06 03 00 0b 00 07 74 7d (C:\Qt_work\DialogG2\src\engine\MeteringBusController.cpp:283)
[2026-09-20 11:49:33.120] [DEBUG] [tid:2248] Metering TX: 02 03 00 c0 00 30 45 d1 (C:\Qt_work\DialogG2\src\engine\MeteringBusController.cpp:283)
[2026-09-20 11:49:33.254] [DEBUG] [tid:2248] Metering TX: 02 03 00 30 00 30 45 e2 (C:\Qt_work\DialogG2\src\engine\MeteringBusController.cpp:283)
[2026-09-20 11:49:33.387] [DEBUG] [tid:2248] Metering TX: 02 03 00 90 00 30 45 c0 (C:\Qt_work\DialogG2\src\engine\MeteringBusController.cpp:283)
[2026-09-20 11:49:33.515] [DEBUG] [tid:2248] Metering TX: 04 03 00 11 00 20 14 42 (C:\Qt_work\DialogG2\src\engine\MeteringBusController.cpp:283)
[2026-09-20 11:49:33.965] [DEBUG] [tid:2248] Metering TX: dd a5 03 00 ff fd 77 (C:\Qt_work\DialogG2\src\engine\MeteringBusController.cpp:283)
[2026-09-20 11:49:34.086] [DEBUG] [tid:2248] Metering TX: 06 03 00 0b 00 07 74 7d (C:\Qt_work\DialogG2\src\engine\MeteringBusController.cpp:283)
[2026-09-20 11:49:34.135] [DEBUG] [tid:2248] Metering TX: 02 03 00 c0 00 30 45 d1 (C:\Qt_work\DialogG2\src\engine\MeteringBusController.cpp:283)
[2026-09-20 11:49:34.266] [DEBUG] [tid:2248] Metering TX: 02 03 00 30 00 30 45 e2 (C:\Qt_work\DialogG2\src\engine\MeteringBusController.cpp:283)
[2026-09-20 11:49:34.388] [DEBUG] [tid:2248] Metering TX: 02 03 00 90 00 30 45 c0 (C:\Qt_work\DialogG2\src\engine\MeteringBusController.cpp:283)
[2026-09-20 11:49:34.521] [DEBUG] [tid:2248] Metering TX: 04 03 00 11 00 20 14 42 (C:\Qt_work\DialogG2\src\engine\MeteringBusController.cpp:283)
[2026-09-20 11:49:34.713] [DEBUG] [tid:2248] Metering TX: dd a5 04 00 ff fc 77 (C:\Qt_work\DialogG2\src\engine\MeteringBusController.cpp:283)
[2026-09-20 11:49:35.088] [DEBUG] [tid:2248] Metering TX: 06 03 00 0b 00 07 74 7d (C:\Qt_work\DialogG2\src\engine\MeteringBusController.cpp:283)
[2026-09-20 11:49:35.121] [DEBUG] [tid:2248] Metering TX: 02 03 00 c0 00 30 45 d1 (C:\Qt_work\DialogG2\src\engine\MeteringBusController.cpp:283)
[2026-09-20 11:49:35.264] [DEBUG] [tid:2248] Metering TX: 02 03 00 30 00 30 45 e2 (C:\Qt_work\DialogG2\src\engine\MeteringBusController.cpp:283)
[2026-09-20 11:49:35.398] [DEBUG] [tid:2248] Metering TX: 02 03 00 90 00 30 45 c0 (C:\Qt_work\DialogG2\src\engine\MeteringBusController.cpp:283)
[2026-09-20 11:49:35.522] [DEBUG] [tid:2248] Metering TX: 04 03 00 11 00 20 14 42 (C:\Qt_work\DialogG2\src\engine\MeteringBusController.cpp:283)
[2026-09-20 11:49:35.656] [DEBUG] [tid:2248] Metering TX: 05 03 03 00 00 02 c5 cb (C:\Qt_work\DialogG2\src\engine\MeteringBusController.cpp:283)
[2026-09-20 11:49:35.971] [DEBUG] [tid:2248] Metering TX: dd a5 03 00 ff fd 77 (C:\Qt_work\DialogG2\src\engine\MeteringBusController.cpp:283)
[2026-09-20 11:49:36.151] [DEBUG] [tid:2248] Metering TX: 06 03 00 0b 00 07 74 7d (C:\Qt_work\DialogG2\src\engine\MeteringBusController.cpp:283)
[2026-09-20 11:49:36.199] [DEBUG] [tid:2248] Metering TX: 02 03 00 c0 00 30 45 d1 (C:\Qt_work\DialogG2\src\engine\MeteringBusController.cpp:283)
[2026-09-20 11:49:36.456] [DEBUG] [tid:2248] Metering TX: 02 03 00 30 00 30 45 e2 (C:\Qt_work\DialogG2\src\engine\MeteringBusController.cpp:283)
[2026-09-20 11:49:36.702] [DEBUG] [tid:2248] Metering TX: 02 03 00 90 00 30 45 c0 (C:\Qt_work\DialogG2\src\engine\MeteringBusController.cpp:283)
[2026-09-20 11:49:36.973] [DEBUG] [tid:2248] Metering TX: 04 03 00 11 00 20 14 42 (C:\Qt_work\DialogG2\src\engine\MeteringBusController.cpp:283)
[2026-09-20 11:49:37.171] [DEBUG] [tid:2248] Metering TX: 06 03 00 0b 00 07 74 7d (C:\Qt_work\DialogG2\src\engine\MeteringBusController.cpp:283)
[2026-09-20 11:49:37.220] [DEBUG] [tid:2248] Metering TX: 02 03 00 c0 00 30 45 d1 (C:\Qt_work\DialogG2\src\engine\MeteringBusController.cpp:283)
[2026-09-20 11:49:37.476] [DEBUG] [tid:2248] Metering TX: 02 03 00 30 00 30 45 e2 (C:\Qt_work\DialogG2\src\engine\MeteringBusController.cpp:283)
[2026-09-20 11:49:37.734] [DEBUG] [tid:2248] Metering TX: 02 03 00 90 00 30 45 c0 (C:\Qt_work\DialogG2\src\engine\MeteringBusController.cpp:283)
[2026-09-20 11:49:37.979] [DEBUG] [tid:2248] Metering TX: 04 03 00 11 00 20 14 42 (C:\Qt_work\DialogG2\src\engine\MeteringBusController.cpp:283)
[2026-09-20 11:49:38.099] [DEBUG] [tid:2248] Metering TX: dd a5 03 00 ff fd 77 (C:\Qt_work\DialogG2\src\engine\MeteringBusController.cpp:283)
[2026-09-20 11:49:38.201] [DEBUG] [tid:2248] Metering TX: 06 03 00 0b 00 07 74 7d (C:\Qt_work\DialogG2\src\engine\MeteringBusController.cpp:283)
[2026-09-20 11:49:38.260] [DEBUG] [tid:2248] Metering TX: 02 03 00 c0 00 30 45 d1 (C:\Qt_work\DialogG2\src\engine\MeteringBusController.cpp:283)
[2026-09-20 11:49:38.527] [DEBUG] [tid:2248] Metering TX: 02 03 00 30 00 30 45 e2 (C:\Qt_work\DialogG2\src\engine\MeteringBusController.cpp:283)
[2026-09-20 11:49:38.785] [DEBUG] [tid:2248] Metering TX: 02 03 00 90 00 30 45 c0 (C:\Qt_work\DialogG2\src\engine\MeteringBusController.cpp:283)
[2026-09-20 11:49:39.028] [DEBUG] [tid:2248] Metering TX: 04 03 00 11 00 20 14 42 (C:\Qt_work\DialogG2\src\engine\MeteringBusController.cpp:283)
[2026-09-20 11:49:39.235] [DEBUG] [tid:2248] Metering TX: 06 03 00 0b 00 07 74 7d (C:\Qt_work\DialogG2\src\engine\MeteringBusController.cpp:283)
[2026-09-20 11:49:39.284] [DEBUG] [tid:2248] Metering TX: 02 03 00 c0 00 30 45 d1 (C:\Qt_work\DialogG2\src\engine\MeteringBusController.cpp:283)
[2026-09-20 11:49:39.543] [DEBUG] [tid:2248] Metering TX: 02 03 00 30 00 30 45 e2 (C:\Qt_work\DialogG2\src\engine\MeteringBusController.cpp:283)
[2026-09-20 11:49:39.804] [DEBUG] [tid:2248] Metering TX: 02 03 00 90 00 30 45 c0 (C:\Qt_work\DialogG2\src\engine\MeteringBusController.cpp:283)
[2026-09-20 11:49:40.044] [DEBUG] [tid:2248] Metering TX: 04 03 00 11 00 20 14 42 (C:\Qt_work\DialogG2\src\engine\MeteringBusController.cpp:283)
[2026-09-20 11:49:40.159] [DEBUG] [tid:2248] Metering TX: dd a5 03 00 ff fd 77 (C:\Qt_work\DialogG2\src\engine\MeteringBusController.cpp:283)
[2026-09-20 11:49:40.272] [DEBUG] [tid:2248] Metering TX: 06 03 00 0b 00 07 74 7d (C:\Qt_work\DialogG2\src\engine\MeteringBusController.cpp:283)
[2026-09-20 11:49:40.318] [DEBUG] [tid:2248] Metering TX: 02 03 00 c0 00 30 45 d1 (C:\Qt_work\DialogG2\src\engine\MeteringBusController.cpp:283)
[2026-09-20 11:49:40.562] [DEBUG] [tid:2248] Metering TX: 02 03 00 30 00 30 45 e2 (C:\Qt_work\DialogG2\src\engine\MeteringBusController.cpp:283)
[2026-09-20 11:49:40.835] [DEBUG] [tid:2248] Metering TX: 02 03 00 90 00 30 45 c0 (C:\Qt_work\DialogG2\src\engine\MeteringBusController.cpp:283)
[2026-09-20 11:49:41.093] [DEBUG] [tid:2248] Metering TX: 04 03 00 11 00 20 14 42 (C:\Qt_work\DialogG2\src\engine\MeteringBusController.cpp:283)
[2026-09-20 11:49:41.211] [DEBUG] [tid:2248] Metering TX: 05 03 03 00 00 02 c5 cb (C:\Qt_work\DialogG2\src\engine\MeteringBusController.cpp:283)
[2026-09-20 11:49:41.471] [DEBUG] [tid:2248] Metering TX: 06 03 00 0b 00 07 74 7d (C:\Qt_work\DialogG2\src\engine\MeteringBusController.cpp:283)
[2026-09-20 11:49:41.521] [DEBUG] [tid:2248] Metering TX: 02 03 00 c0 00 30 45 d1 (C:\Qt_work\DialogG2\src\engine\MeteringBusController.cpp:283)
[2026-09-20 11:49:41.761] [DEBUG] [tid:2248] Metering TX: 02 03 00 30 00 30 45 e2 (C:\Qt_work\DialogG2\src\engine\MeteringBusController.cpp:283)
[2026-09-20 11:49:42.013] [DEBUG] [tid:2248] Metering TX: 02 03 00 90 00 30 45 c0 (C:\Qt_work\DialogG2\src\engine\MeteringBusController.cpp:283)
[2026-09-20 11:49:42.262] [DEBUG] [tid:2248] Metering TX: 04 03 00 11 00 20 14 42 (C:\Qt_work\DialogG2\src\engine\MeteringBusController.cpp:283)
[2026-09-20 11:49:42.521] [DEBUG] [tid:2248] Metering TX: dd a5 03 00 ff fd 77 (C:\Qt_work\DialogG2\src\engine\MeteringBusController.cpp:283)
[2026-09-20 11:49:42.595] [DEBUG] [tid:2248] Metering TX: 06 03 00 0b 00 07 74 7d (C:\Qt_work\DialogG2\src\engine\MeteringBusController.cpp:283)
[2026-09-20 11:49:42.860] [DEBUG] [tid:2248] Metering TX: 02 03 00 c0 00 30 45 d1 (C:\Qt_work\DialogG2\src\engine\MeteringBusController.cpp:283)
[2026-09-20 11:49:43.113] [DEBUG] [tid:2248] Metering TX: 02 03 00 30 00 30 45 e2 (C:\Qt_work\DialogG2\src\engine\MeteringBusController.cpp:283)
[2026-09-20 11:49:43.360] [DEBUG] [tid:2248] Metering TX: 02 03 00 90 00 30 45 c0 (C:\Qt_work\DialogG2\src\engine\MeteringBusController.cpp:283)
[2026-09-20 11:49:43.611] [DEBUG] [tid:2248] Metering TX: 04 03 00 11 00 20 14 42 (C:\Qt_work\DialogG2\src\engine\MeteringBusController.cpp:283)
[2026-09-20 11:49:43.864] [DEBUG] [tid:2248] Metering TX: 06 03 00 0b 00 07 74 7d (C:\Qt_work\DialogG2\src\engine\MeteringBusController.cpp:283)
[2026-09-20 11:49:44.113] [DEBUG] [tid:2248] Metering TX: 02 03 00 c0 00 30 45 d1 (C:\Qt_work\DialogG2\src\engine\MeteringBusController.cpp:283)
[2026-09-20 11:49:44.365] [DEBUG] [tid:2248] Metering TX: 02 03 00 30 00 30 45 e2 (C:\Qt_work\DialogG2\src\engine\MeteringBusController.cpp:283)
[2026-09-20 11:49:44.613] [DEBUG] [tid:2248] Metering TX: dd a5 03 00 ff fd 77 (C:\Qt_work\DialogG2\src\engine\MeteringBusController.cpp:283)
[2026-09-20 11:49:44.694] [DEBUG] [tid:2248] Metering TX: 06 03 00 0b 00 07 74 7d (C:\Qt_work\DialogG2\src\engine\MeteringBusController.cpp:283)
[2026-09-20 11:49:44.947] [DEBUG] [tid:2248] Metering TX: 02 03 00 c0 00 30 45 d1 (C:\Qt_work\DialogG2\src\engine\MeteringBusController.cpp:283)
[2026-09-20 11:49:45.214] [DEBUG] [tid:2248] Metering TX: 02 03 00 30 00 30 45 e2 (C:\Qt_work\DialogG2\src\engine\MeteringBusController.cpp:283)
[2026-09-20 11:49:45.465] [DEBUG] [tid:2248] Metering TX: 02 03 00 90 00 30 45 c0 (C:\Qt_work\DialogG2\src\engine\MeteringBusController.cpp:283)
[2026-09-20 11:49:45.728] [DEBUG] [tid:2248] Metering TX: 04 03 00 11 00 20 14 42 (C:\Qt_work\DialogG2\src\engine\MeteringBusController.cpp:283)
[2026-09-20 11:49:45.982] [DEBUG] [tid:2248] Metering TX: dd a5 04 00 ff fc 77 (C:\Qt_work\DialogG2\src\engine\MeteringBusController.cpp:283)
[2026-09-20 11:49:46.082] [DEBUG] [tid:2248] Metering TX: 06 03 00 0b 00 07 74 7d (C:\Qt_work\DialogG2\src\engine\MeteringBusController.cpp:283)
[2026-09-20 11:49:46.326] [DEBUG] [tid:2248] Metering TX: 02 03 00 c0 00 30 45 d1 (C:\Qt_work\DialogG2\src\engine\MeteringBusController.cpp:283)
[2026-09-20 11:49:46.582] [DEBUG] [tid:2248] Metering TX: 02 03 00 30 00 30 45 e2 (C:\Qt_work\DialogG2\src\engine\MeteringBusController.cpp:283)
[2026-09-20 11:49:46.826] [DEBUG] [tid:2248] Metering TX: 05 03 03 00 00 02 c5 cb (C:\Qt_work\DialogG2\src\engine\MeteringBusController.cpp:283)
[2026-09-20 11:49:47.084] [DEBUG] [tid:2248] Metering TX: dd a5 03 00 ff fd 77 (C:\Qt_work\DialogG2\src\engine\MeteringBusController.cpp:283)
[2026-09-20 11:49:47.190] [DEBUG] [tid:2248] Metering TX: 06 03 00 0b 00 07 74 7d (C:\Qt_work\DialogG2\src\engine\MeteringBusController.cpp:283)
[2026-09-20 11:49:47.442] [DEBUG] [tid:2248] Metering TX: 02 03 00 c0 00 30 45 d1 (C:\Qt_work\DialogG2\src\engine\MeteringBusController.cpp:283)
[2026-09-20 11:49:47.696] [DEBUG] [tid:2248] Metering TX: 02 03 00 90 00 30 45 c0 (C:\Qt_work\DialogG2\src\engine\MeteringBusController.cpp:283)
[2026-09-20 11:49:47.971] [DEBUG] [tid:2248] Metering TX: 04 03 00 11 00 20 14 42 (C:\Qt_work\DialogG2\src\engine\MeteringBusController.cpp:283)
[2026-09-20 11:49:48.214] [DEBUG] [tid:2248] Metering TX: 06 03 00 0b 00 07 74 7d (C:\Qt_work\DialogG2\src\engine\MeteringBusController.cpp:283)
[2026-09-20 11:49:48.475] [DEBUG] [tid:2248] Metering TX: 02 03 00 30 00 30 45 e2 (C:\Qt_work\DialogG2\src\engine\MeteringBusController.cpp:283)
[2026-09-20 11:49:48.718] [DEBUG] [tid:2248] Metering TX: dd a5 03 00 ff fd 77 (C:\Qt_work\DialogG2\src\engine\MeteringBusController.cpp:283)
[2026-09-20 11:49:48.806] [DEBUG] [tid:2248] Metering TX: 06 03 00 0b 00 07 74 7d (C:\Qt_work\DialogG2\src\engine\MeteringBusController.cpp:283)
[2026-09-20 11:49:49.070] [DEBUG] [tid:2248] Metering TX: 02 03 00 c0 00 30 45 d1 (C:\Qt_work\DialogG2\src\engine\MeteringBusController.cpp:283)
[2026-09-20 11:49:49.331] [DEBUG] [tid:2248] Metering TX: 02 03 00 90 00 30 45 c0 (C:\Qt_work\DialogG2\src\engine\MeteringBusController.cpp:283)
[2026-09-20 11:49:49.588] [DEBUG] [tid:2248] Metering TX: 04 03 00 11 00 20 14 42 (C:\Qt_work\DialogG2\src\engine\MeteringBusController.cpp:283)
[2026-09-20 11:49:49.846] [DEBUG] [tid:2248] Metering TX: 06 03 00 0b 00 07 74 7d (C:\Qt_work\DialogG2\src\engine\MeteringBusController.cpp:283)
[2026-09-20 11:49:50.086] [DEBUG] [tid:2248] Metering TX: 02 03 00 c0 00 30 45 d1 (C:\Qt_work\DialogG2\src\engine\MeteringBusController.cpp:283)
[2026-09-20 11:49:50.351] [DEBUG] [tid:2248] Metering TX: 02 03 00 30 00 30 45 e2 (C:\Qt_work\DialogG2\src\engine\MeteringBusController.cpp:283)
[2026-09-20 11:49:50.603] [DEBUG] [tid:2248] Metering TX: 02 03 00 90 00 30 45 c0 (C:\Qt_work\DialogG2\src\engine\MeteringBusController.cpp:283)
[2026-09-20 11:49:50.866] [DEBUG] [tid:2248] Metering TX: dd a5 03 00 ff fd 77 (C:\Qt_work\DialogG2\src\engine\MeteringBusController.cpp:283)
[2026-09-20 11:49:50.965] [DEBUG] [tid:2248] Metering TX: 06 03 00 0b 00 07 74 7d (C:\Qt_work\DialogG2\src\engine\MeteringBusController.cpp:283)
[2026-09-20 11:49:51.217] [DEBUG] [tid:2248] Metering TX: 02 03 00 c0 00 30 45 d1 (C:\Qt_work\DialogG2\src\engine\MeteringBusController.cpp:283)
[2026-09-20 11:49:51.487] [DEBUG] [tid:2248] Metering TX: 02 03 00 30 00 30 45 e2 (C:\Qt_work\DialogG2\src\engine\MeteringBusController.cpp:283)
[2026-09-20 11:49:51.734] [DEBUG] [tid:2248] Metering TX: 04 03 00 11 00 20 14 42 (C:\Qt_work\DialogG2\src\engine\MeteringBusController.cpp:283)
[2026-09-20 11:49:51.988] [DEBUG] [tid:2248] Metering TX: 05 03 03 00 00 02 c5 cb (C:\Qt_work\DialogG2\src\engine\MeteringBusController.cpp:283)
[2026-09-20 11:49:52.236] [DEBUG] [tid:2248] Metering TX: 06 03 00 0b 00 07 74 7d (C:\Qt_work\DialogG2\src\engine\MeteringBusController.cpp:283)
[2026-09-20 11:49:52.500] [DEBUG] [tid:2248] Metering TX: 02 03 00 c0 00 30 45 d1 (C:\Qt_work\DialogG2\src\engine\MeteringBusController.cpp:283)
[2026-09-20 11:49:52.751] [DEBUG] [tid:2248] Metering TX: 02 03 00 30 00 30 45 e2 (C:\Qt_work\DialogG2\src\engine\MeteringBusController.cpp:283)
[2026-09-20 11:49:53.008] [DEBUG] [tid:2248] Metering TX: 02 03 00 90 00 30 45 c0 (C:\Qt_work\DialogG2\src\engine\MeteringBusController.cpp:283)
[2026-09-20 11:49:53.264] [DEBUG] [tid:2248] Metering TX: dd a5 03 00 ff fd 77 (C:\Qt_work\DialogG2\src\engine\MeteringBusController.cpp:283)
[2026-09-20 11:49:53.358] [DEBUG] [tid:2248] Metering TX: 06 03 00 0b 00 07 74 7d (C:\Qt_work\DialogG2\src\engine\MeteringBusController.cpp:283)
[2026-09-20 11:49:53.606] [DEBUG] [tid:2248] Metering TX: 02 03 00 c0 00 30 45 d1 (C:\Qt_work\DialogG2\src\engine\MeteringBusController.cpp:283)
[2026-09-20 11:49:53.863] [DEBUG] [tid:2248] Metering TX: 04 03 00 11 00 20 14 42 (C:\Qt_work\DialogG2\src\engine\MeteringBusController.cpp:283)
[2026-09-20 11:49:54.106] [DEBUG] [tid:2248] Metering TX: 06 03 00 0b 00 07 74 7d (C:\Qt_work\DialogG2\src\engine\MeteringBusController.cpp:283)
[2026-09-20 11:49:54.366] [DEBUG] [tid:2248] Metering TX: 02 03 00 30 00 30 45 e2 (C:\Qt_work\DialogG2\src\engine\MeteringBusController.cpp:283)
[2026-09-20 11:49:54.609] [DEBUG] [tid:2248] Metering TX: 02 03 00 90 00 30 45 c0 (C:\Qt_work\DialogG2\src\engine\MeteringBusController.cpp:283)
[2026-09-20 11:49:54.863] [DEBUG] [tid:2248] Metering TX: dd a5 03 00 ff fd 77 (C:\Qt_work\DialogG2\src\engine\MeteringBusController.cpp:283)
[2026-09-20 11:49:54.959] [DEBUG] [tid:2248] Metering TX: 06 03 00 0b 00 07 74 7d (C:\Qt_work\DialogG2\src\engine\MeteringBusController.cpp:283)
[2026-09-20 11:49:55.204] [DEBUG] [tid:2248] Metering TX: 02 03 00 c0 00 30 45 d1 (C:\Qt_work\DialogG2\src\engine\MeteringBusController.cpp:283)
[2026-09-20 11:49:55.451] [DEBUG] [tid:2248] Metering TX: 02 03 00 30 00 30 45 e2 (C:\Qt_work\DialogG2\src\engine\MeteringBusController.cpp:283)
[2026-09-20 11:49:55.703] [DEBUG] [tid:2248] Metering TX: 04 03 00 11 00 20 14 42 (C:\Qt_work\DialogG2\src\engine\MeteringBusController.cpp:283)
[2026-09-20 11:49:55.963] [DEBUG] [tid:2248] Metering TX: dd a5 04 00 ff fc 77 (C:\Qt_work\DialogG2\src\engine\MeteringBusController.cpp:283)
[2026-09-20 11:49:56.030] [DEBUG] [tid:2248] Metering TX: 06 03 00 0b 00 07 74 7d (C:\Qt_work\DialogG2\src\engine\MeteringBusController.cpp:283)
[2026-09-20 11:49:56.285] [DEBUG] [tid:2248] Metering TX: 02 03 00 c0 00 30 45 d1 (C:\Qt_work\DialogG2\src\engine\MeteringBusController.cpp:283)
[2026-09-20 11:49:56.531] [DEBUG] [tid:2248] Metering TX: 02 03 00 30 00 30 45 e2 (C:\Qt_work\DialogG2\src\engine\MeteringBusController.cpp:283)
[2026-09-20 11:49:56.790] [DEBUG] [tid:2248] Metering TX: 02 03 00 90 00 30 45 c0 (C:\Qt_work\DialogG2\src\engine\MeteringBusController.cpp:283)
[2026-09-20 11:49:57.045] [DEBUG] [tid:2248] Metering TX: 05 03 03 00 00 02 c5 cb (C:\Qt_work\DialogG2\src\engine\MeteringBusController.cpp:283)
[2026-09-20 11:49:57.305] [DEBUG] [tid:2248] Metering TX: dd a5 03 00 ff fd 77 (C:\Qt_work\DialogG2\src\engine\MeteringBusController.cpp:283)
[2026-09-20 11:49:57.404] [DEBUG] [tid:2248] Metering TX: 06 03 00 0b 00 07 74 7d (C:\Qt_work\DialogG2\src\engine\MeteringBusController.cpp:283)
[2026-09-20 11:49:57.661] [DEBUG] [tid:2248] Metering TX: 02 03 00 c0 00 30 45 d1 (C:\Qt_work\DialogG2\src\engine\MeteringBusController.cpp:283)
[2026-09-20 11:49:57.903] [DEBUG] [tid:2248] Metering TX: 02 03 00 30 00 30 45 e2 (C:\Qt_work\DialogG2\src\engine\MeteringBusController.cpp:283)
[2026-09-20 11:49:58.164] [DEBUG] [tid:2248] Metering TX: 04 03 00 11 00 20 14 42 (C:\Qt_work\DialogG2\src\engine\MeteringBusController.cpp:283)
[2026-09-20 11:49:58.424] [DEBUG] [tid:2248] Metering TX: 06 03 00 0b 00 07 74 7d (C:\Qt_work\DialogG2\src\engine\MeteringBusController.cpp:283)
[2026-09-20 11:49:58.680] [DEBUG] [tid:2248] Metering TX: 02 03 00 90 00 30 45 c0 (C:\Qt_work\DialogG2\src\engine\MeteringBusController.cpp:283)
[2026-09-20 11:49:58.937] [DEBUG] [tid:2248] Metering TX: dd a5 03 00 ff fd 77 (C:\Qt_work\DialogG2\src\engine\MeteringBusController.cpp:283)
[2026-09-20 11:49:59.029] [DEBUG] [tid:2248] Metering TX: 06 03 00 0b 00 07 74 7d (C:\Qt_work\DialogG2\src\engine\MeteringBusController.cpp:283)
[2026-09-20 11:49:59.277] [DEBUG] [tid:2248] Metering TX: 02 03 00 c0 00 30 45 d1 (C:\Qt_work\DialogG2\src\engine\MeteringBusController.cpp:283)
[2026-09-20 11:49:59.543] [DEBUG] [tid:2248] Metering TX: 02 03 00 30 00 30 45 e2 (C:\Qt_work\DialogG2\src\engine\MeteringBusController.cpp:283)
[2026-09-20 11:49:59.796] [DEBUG] [tid:2248] Metering TX: 04 03 00 11 00 20 14 42 (C:\Qt_work\DialogG2\src\engine\MeteringBusController.cpp:283)
[2026-09-20 11:50:00.048] [DEBUG] [tid:2248] Metering TX: 06 03 00 0b 00 07 74 7d (C:\Qt_work\DialogG2\src\engine\MeteringBusController.cpp:283)
[2026-09-20 11:50:00.297] [DEBUG] [tid:2248] Metering TX: 02 03 00 c0 00 30 45 d1 (C:\Qt_work\DialogG2\src\engine\MeteringBusController.cpp:283)
[2026-09-20 11:50:00.549] [DEBUG] [tid:2248] Metering TX: 02 03 00 30 00 30 45 e2 (C:\Qt_work\DialogG2\src\engine\MeteringBusController.cpp:283)
[2026-09-20 11:50:00.797] [DEBUG] [tid:2248] Metering TX: 02 03 00 90 00 30 45 c0 (C:\Qt_work\DialogG2\src\engine\MeteringBusController.cpp:283)
[2026-09-20 11:50:01.049] [DEBUG] [tid:2248] Metering TX: dd a5 03 00 ff fd 77 (C:\Qt_work\DialogG2\src\engine\MeteringBusController.cpp:283)
[2026-09-20 11:50:01.144] [DEBUG] [tid:2248] Metering TX: 05 03 03 00 00 02 c5 cb (C:\Qt_work\DialogG2\src\engine\MeteringBusController.cpp:283)
[2026-09-20 11:50:01.399] [DEBUG] [tid:2248] Metering TX: 06 03 00 0b 00 07 74 7d (C:\Qt_work\DialogG2\src\engine\MeteringBusController.cpp:283)
[2026-09-20 11:50:01.666] [DEBUG] [tid:2248] Metering TX: 02 03 00 c0 00 30 45 d1 (C:\Qt_work\DialogG2\src\engine\MeteringBusController.cpp:283)
[2026-09-20 11:50:01.914] [DEBUG] [tid:2248] Metering TX: 02 03 00 30 00 30 45 e2 (C:\Qt_work\DialogG2\src\engine\MeteringBusController.cpp:283)
[2026-09-20 11:50:02.179] [DEBUG] [tid:2248] Metering TX: 04 03 00 11 00 20 14 42 (C:\Qt_work\DialogG2\src\engine\MeteringBusController.cpp:283)
[2026-09-20 11:50:02.431] [DEBUG] [tid:2248] Metering TX: 06 03 00 0b 00 07 74 7d (C:\Qt_work\DialogG2\src\engine\MeteringBusController.cpp:283)
[2026-09-20 11:50:02.701] [DEBUG] [tid:2248] Metering TX: 02 03 00 c0 00 30 45 d1 (C:\Qt_work\DialogG2\src\engine\MeteringBusController.cpp:283)
[2026-09-20 11:50:02.948] [DEBUG] [tid:2248] Metering TX: 02 03 00 90 00 30 45 c0 (C:\Qt_work\DialogG2\src\engine\MeteringBusController.cpp:283)
[2026-09-20 11:50:03.210] [DEBUG] [tid:2248] Metering TX: dd a5 03 00 ff fd 77 (C:\Qt_work\DialogG2\src\engine\MeteringBusController.cpp:283)
[2026-09-20 11:50:03.299] [DEBUG] [tid:2248] Metering TX: 06 03 00 0b 00 07 74 7d (C:\Qt_work\DialogG2\src\engine\MeteringBusController.cpp:283)
[2026-09-20 11:50:03.552] [DEBUG] [tid:2248] Metering TX: 02 03 00 c0 00 30 45 d1 (C:\Qt_work\DialogG2\src\engine\MeteringBusController.cpp:283)
[2026-09-20 11:50:03.792] [DEBUG] [tid:2248] Metering TX: 02 03 00 30 00 30 45 e2 (C:\Qt_work\DialogG2\src\engine\MeteringBusController.cpp:283)
[2026-09-20 11:50:04.043] [DEBUG] [tid:2248] Metering TX: 04 03 00 11 00 20 14 42 (C:\Qt_work\DialogG2\src\engine\MeteringBusController.cpp:283)
[2026-09-20 11:50:04.291] [DEBUG] [tid:2248] Metering TX: 06 03 00 0b 00 07 74 7d (C:\Qt_work\DialogG2\src\engine\MeteringBusController.cpp:283)
[2026-09-20 11:50:04.552] [DEBUG] [tid:2248] Metering TX: 02 03 00 c0 00 30 45 d1 (C:\Qt_work\DialogG2\src\engine\MeteringBusController.cpp:283)
[2026-09-20 11:50:04.805] [DEBUG] [tid:2248] Metering TX: 02 03 00 30 00 30 45 e2 (C:\Qt_work\DialogG2\src\engine\MeteringBusController.cpp:283)
[2026-09-20 11:50:05.084] [DEBUG] [tid:2248] Metering TX: 02 03 00 90 00 30 45 c0 (C:\Qt_work\DialogG2\src\engine\MeteringBusController.cpp:283)
[2026-09-20 11:50:05.349] [DEBUG] [tid:2248] Metering TX: dd a5 03 00 ff fd 77 (C:\Qt_work\DialogG2\src\engine\MeteringBusController.cpp:283)
[2026-09-20 11:50:05.440] [DEBUG] [tid:2248] Metering TX: 06 03 00 0b 00 07 74 7d (C:\Qt_work\DialogG2\src\engine\MeteringBusController.cpp:283)
[2026-09-20 11:50:05.683] [DEBUG] [tid:2248] Metering TX: 02 03 00 c0 00 30 45 d1 (C:\Qt_work\DialogG2\src\engine\MeteringBusController.cpp:283)
[2026-09-20 11:50:05.953] [DEBUG] [tid:2248] Metering TX: 02 03 00 30 00 30 45 e2 (C:\Qt_work\DialogG2\src\engine\MeteringBusController.cpp:283)
[2026-09-20 11:50:06.205] [DEBUG] [tid:2248] Metering TX: 04 03 00 11 00 20 14 42 (C:\Qt_work\DialogG2\src\engine\MeteringBusController.cpp:283)
[2026-09-20 11:50:06.455] [DEBUG] [tid:2248] Metering TX: dd a5 04 00 ff fc 77 (C:\Qt_work\DialogG2\src\engine\MeteringBusController.cpp:283)
[2026-09-20 11:50:06.521] [DEBUG] [tid:2248] Metering TX: 05 03 03 00 00 02 c5 cb (C:\Qt_work\DialogG2\src\engine\MeteringBusController.cpp:283)
[2026-09-20 11:50:06.788] [DEBUG] [tid:2248] Metering TX: 06 03 00 0b 00 07 74 7d (C:\Qt_work\DialogG2\src\engine\MeteringBusController.cpp:283)
[2026-09-20 11:50:07.056] [DEBUG] [tid:2248] Metering TX: 02 03 00 c0 00 30 45 d1 (C:\Qt_work\DialogG2\src\engine\MeteringBusController.cpp:283)
[2026-09-20 11:50:07.321] [DEBUG] [tid:2248] Metering TX: 02 03 00 90 00 30 45 c0 (C:\Qt_work\DialogG2\src\engine\MeteringBusController.cpp:283)
[2026-09-20 11:50:07.585] [DEBUG] [tid:2248] Metering TX: dd a5 03 00 ff fd 77 (C:\Qt_work\DialogG2\src\engine\MeteringBusController.cpp:283)
[2026-09-20 11:50:07.710] [DEBUG] [tid:2248] Metering TX: 06 03 00 0b 00 07 74 7d (C:\Qt_work\DialogG2\src\engine\MeteringBusController.cpp:283)
[2026-09-20 11:50:07.958] [DEBUG] [tid:2248] Metering TX: 02 03 00 30 00 30 45 e2 (C:\Qt_work\DialogG2\src\engine\MeteringBusController.cpp:283)
[2026-09-20 11:50:08.212] [DEBUG] [tid:2248] Metering TX: 04 03 00 11 00 20 14 42 (C:\Qt_work\DialogG2\src\engine\MeteringBusController.cpp:283)
[2026-09-20 11:50:08.471] [DEBUG] [tid:2248] Metering TX: 06 03 00 0b 00 07 74 7d (C:\Qt_work\DialogG2\src\engine\MeteringBusController.cpp:283)
[2026-09-20 11:50:08.718] [DEBUG] [tid:2248] Metering TX: 02 03 00 c0 00 30 45 d1 (C:\Qt_work\DialogG2\src\engine\MeteringBusController.cpp:283)
[2026-09-20 11:50:08.974] [DEBUG] [tid:2248] Metering TX: 02 03 00 90 00 30 45 c0 (C:\Qt_work\DialogG2\src\engine\MeteringBusController.cpp:283)
[2026-09-20 11:50:09.217] [DEBUG] [tid:2248] Metering TX: dd a5 03 00 ff fd 77 (C:\Qt_work\DialogG2\src\engine\MeteringBusController.cpp:283)
[2026-09-20 11:50:09.309] [DEBUG] [tid:2248] Metering TX: 06 03 00 0b 00 07 74 7d (C:\Qt_work\DialogG2\src\engine\MeteringBusController.cpp:283)
[2026-09-20 11:50:09.573] [DEBUG] [tid:2248] Metering TX: 02 03 00 c0 00 30 45 d1 (C:\Qt_work\DialogG2\src\engine\MeteringBusController.cpp:283)
[2026-09-20 11:50:09.825] [DEBUG] [tid:2248] Metering TX: 02 03 00 30 00 30 45 e2 (C:\Qt_work\DialogG2\src\engine\MeteringBusController.cpp:283)
[2026-09-20 11:50:10.074] [DEBUG] [tid:2248] Metering TX: 04 03 00 11 00 20 14 42 (C:\Qt_work\DialogG2\src\engine\MeteringBusController.cpp:283)
[2026-09-20 11:50:10.326] [DEBUG] [tid:2248] Metering TX: 06 03 00 0b 00 07 74 7d (C:\Qt_work\DialogG2\src\engine\MeteringBusController.cpp:283)
[2026-09-20 11:50:10.574] [DEBUG] [tid:2248] Metering TX: 02 03 00 c0 00 30 45 d1 (C:\Qt_work\DialogG2\src\engine\MeteringBusController.cpp:283)
[2026-09-20 11:50:10.841] [DEBUG] [tid:2248] Metering TX: 02 03 00 30 00 30 45 e2 (C:\Qt_work\DialogG2\src\engine\MeteringBusController.cpp:283)
[2026-09-20 11:50:11.091] [DEBUG] [tid:2248] Metering TX: 02 03 00 90 00 30 45 c0 (C:\Qt_work\DialogG2\src\engine\MeteringBusController.cpp:283)
[2026-09-20 11:50:11.351] [DEBUG] [tid:2248] Metering TX: dd a5 03 00 ff fd 77 (C:\Qt_work\DialogG2\src\engine\MeteringBusController.cpp:283)
[2026-09-20 11:50:11.450] [DEBUG] [tid:2248] Metering TX: 05 03 03 00 00 02 c5 cb (C:\Qt_work\DialogG2\src\engine\MeteringBusController.cpp:283)
[2026-09-20 11:50:11.708] [DEBUG] [tid:2248] Metering TX: 06 03 00 0b 00 07 74 7d (C:\Qt_work\DialogG2\src\engine\MeteringBusController.cpp:283)
[2026-09-20 11:50:11.958] [DEBUG] [tid:2248] Metering TX: 02 03 00 c0 00 30 45 d1 (C:\Qt_work\DialogG2\src\engine\MeteringBusController.cpp:283)
[2026-09-20 11:50:12.204] [DEBUG] [tid:2248] Metering TX: 02 03 00 30 00 30 45 e2 (C:\Qt_work\DialogG2\src\engine\MeteringBusController.cpp:283)
[2026-09-20 11:50:12.461] [DEBUG] [tid:2248] Metering TX: 04 03 00 11 00 20 14 42 (C:\Qt_work\DialogG2\src\engine\MeteringBusController.cpp:283)
[2026-09-20 11:50:12.721] [DEBUG] [tid:2248] Metering TX: 06 03 00 0b 00 07 74 7d (C:\Qt_work\DialogG2\src\engine\MeteringBusController.cpp:283)
[2026-09-20 11:50:12.977] [DEBUG] [tid:2248] Metering TX: 02 03 00 c0 00 30 45 d1 (C:\Qt_work\DialogG2\src\engine\MeteringBusController.cpp:283)
[2026-09-20 11:50:13.237] [DEBUG] [tid:2248] Metering TX: 02 03 00 90 00 30 45 c0 (C:\Qt_work\DialogG2\src\engine\MeteringBusController.cpp:283)
[2026-09-20 11:50:13.493] [DEBUG] [tid:2248] Metering TX: dd a5 03 00 ff fd 77 (C:\Qt_work\DialogG2\src\engine\MeteringBusController.cpp:283)
[2026-09-20 11:50:13.592] [DEBUG] [tid:2248] Metering TX: 06 03 00 0b 00 07 74 7d (C:\Qt_work\DialogG2\src\engine\MeteringBusController.cpp:283)
[2026-09-20 11:50:13.844] [DEBUG] [tid:2248] Metering TX: 02 03 00 c0 00 30 45 d1 (C:\Qt_work\DialogG2\src\engine\MeteringBusController.cpp:283)
[2026-09-20 11:50:14.092] [DEBUG] [tid:2248] Metering TX: 02 03 00 30 00 30 45 e2 (C:\Qt_work\DialogG2\src\engine\MeteringBusController.cpp:283)
[2026-09-20 11:50:14.347] [DEBUG] [tid:2248] Metering TX: 04 03 00 11 00 20 14 42 (C:\Qt_work\DialogG2\src\engine\MeteringBusController.cpp:283)
[2026-09-20 11:50:14.593] [DEBUG] [tid:2248] Metering TX: 06 03 00 0b 00 07 74 7d (C:\Qt_work\DialogG2\src\engine\MeteringBusController.cpp:283)
[2026-09-20 11:50:14.846] [DEBUG] [tid:2248] Metering TX: 02 03 00 c0 00 30 45 d1 (C:\Qt_work\DialogG2\src\engine\MeteringBusController.cpp:283)
[2026-09-20 11:50:15.097] [DEBUG] [tid:2248] Metering TX: 02 03 00 90 00 30 45 c0 (C:\Qt_work\DialogG2\src\engine\MeteringBusController.cpp:283)
[2026-09-20 11:50:15.350] [DEBUG] [tid:2248] Metering TX: dd a5 03 00 ff fd 77 (C:\Qt_work\DialogG2\src\engine\MeteringBusController.cpp:283)
[2026-09-20 11:50:15.440] [DEBUG] [tid:2248] Metering TX: dd a5 04 00 ff fc 77 (C:\Qt_work\DialogG2\src\engine\MeteringBusController.cpp:283)
[2026-09-20 11:50:15.509] [DEBUG] [tid:2248] Metering TX: 06 03 00 0b 00 07 74 7d (C:\Qt_work\DialogG2\src\engine\MeteringBusController.cpp:283)
[2026-09-20 11:50:15.762] [DEBUG] [tid:2248] Metering TX: 02 03 00 c0 00 30 45 d1 (C:\Qt_work\DialogG2\src\engine\MeteringBusController.cpp:283)
[2026-09-20 11:50:16.018] [DEBUG] [tid:2248] Metering TX: 02 03 00 30 00 30 45 e2 (C:\Qt_work\DialogG2\src\engine\MeteringBusController.cpp:283)
[2026-09-20 11:50:16.265] [DEBUG] [tid:2248] Metering TX: 04 03 00 11 00 20 14 42 (C:\Qt_work\DialogG2\src\engine\MeteringBusController.cpp:283)
[2026-09-20 11:50:16.508] [DEBUG] [tid:2248] Metering TX: 05 03 03 00 00 02 c5 cb (C:\Qt_work\DialogG2\src\engine\MeteringBusController.cpp:283)
[2026-09-20 11:50:16.763] [DEBUG] [tid:2248] Metering TX: 06 03 00 0b 00 07 74 7d (C:\Qt_work\DialogG2\src\engine\MeteringBusController.cpp:283)
[2026-09-20 11:50:17.014] [DEBUG] [tid:2248] Metering TX: 02 03 00 c0 00 30 45 d1 (C:\Qt_work\DialogG2\src\engine\MeteringBusController.cpp:283)
[2026-09-20 11:50:17.262] [DEBUG] [tid:2248] Metering TX: 02 03 00 30 00 30 45 e2 (C:\Qt_work\DialogG2\src\engine\MeteringBusController.cpp:283)
[2026-09-20 11:50:17.523] [DEBUG] [tid:2248] Metering TX: 02 03 00 90 00 30 45 c0 (C:\Qt_work\DialogG2\src\engine\MeteringBusController.cpp:283)
[2026-09-20 11:50:17.766] [DEBUG] [tid:2248] Metering TX: dd a5 03 00 ff fd 77 (C:\Qt_work\DialogG2\src\engine\MeteringBusController.cpp:283)
[2026-09-20 11:50:17.858] [DEBUG] [tid:2248] Metering TX: 06 03 00 0b 00 07 74 7d (C:\Qt_work\DialogG2\src\engine\MeteringBusController.cpp:283)
[2026-09-20 11:50:18.116] [DEBUG] [tid:2248] Metering TX: 02 03 00 c0 00 30 45 d1 (C:\Qt_work\DialogG2\src\engine\MeteringBusController.cpp:283)
[2026-09-20 11:50:18.377] [DEBUG] [tid:2248] Metering TX: 04 03 00 11 00 20 14 42 (C:\Qt_work\DialogG2\src\engine\MeteringBusController.cpp:283)
[2026-09-20 11:50:18.631] [DEBUG] [tid:2248] Metering TX: 06 03 00 0b 00 07 74 7d (C:\Qt_work\DialogG2\src\engine\MeteringBusController.cpp:283)
[2026-09-20 11:50:18.880] [DEBUG] [tid:2248] Metering TX: 02 03 00 30 00 30 45 e2 (C:\Qt_work\DialogG2\src\engine\MeteringBusController.cpp:283)
[2026-09-20 11:50:19.132] [DEBUG] [tid:2248] Metering TX: 02 03 00 90 00 30 45 c0 (C:\Qt_work\DialogG2\src\engine\MeteringBusController.cpp:283)
[2026-09-20 11:50:19.380] [DEBUG] [tid:2248] Metering TX: dd a5 03 00 ff fd 77 (C:\Qt_work\DialogG2\src\engine\MeteringBusController.cpp:283)
[2026-09-20 11:50:19.499] [DEBUG] [tid:2248] Metering TX: 06 03 00 0b 00 07 74 7d (C:\Qt_work\DialogG2\src\engine\MeteringBusController.cpp:283)
[2026-09-20 11:50:19.744] [DEBUG] [tid:2248] Metering TX: 02 03 00 c0 00 30 45 d1 (C:\Qt_work\DialogG2\src\engine\MeteringBusController.cpp:283)
[2026-09-20 11:50:19.996] [DEBUG] [tid:2248] Metering TX: 02 03 00 30 00 30 45 e2 (C:\Qt_work\DialogG2\src\engine\MeteringBusController.cpp:283)
[2026-09-20 11:50:20.246] [DEBUG] [tid:2248] Metering TX: 02 03 00 90 00 30 45 c0 (C:\Qt_work\DialogG2\src\engine\MeteringBusController.cpp:283)
[2026-09-20 11:50:20.497] [DEBUG] [tid:2248] Metering TX: 04 03 00 11 00 20 14 42 (C:\Qt_work\DialogG2\src\engine\MeteringBusController.cpp:283)
[2026-09-20 11:50:20.743] [DEBUG] [tid:2248] Metering TX: 06 03 00 0b 00 07 74 7d (C:\Qt_work\DialogG2\src\engine\MeteringBusController.cpp:283)
[2026-09-20 11:50:21.002] [DEBUG] [tid:2248] Metering TX: 02 03 00 c0 00 30 45 d1 (C:\Qt_work\DialogG2\src\engine\MeteringBusController.cpp:283)
[2026-09-20 11:50:21.244] [DEBUG] [tid:2248] Metering TX: 02 03 00 30 00 30 45 e2 (C:\Qt_work\DialogG2\src\engine\MeteringBusController.cpp:283)
[2026-09-20 11:50:21.499] [DEBUG] [tid:2248] Metering TX: 05 03 03 00 00 02 c5 cb (C:\Qt_work\DialogG2\src\engine\MeteringBusController.cpp:283)
[2026-09-20 11:50:21.743] [DEBUG] [tid:2248] Metering TX: dd a5 03 00 ff fd 77 (C:\Qt_work\DialogG2\src\engine\MeteringBusController.cpp:283)
[2026-09-20 11:50:21.835] [DEBUG] [tid:2248] Metering TX: 06 03 00 0b 00 07 74 7d (C:\Qt_work\DialogG2\src\engine\MeteringBusController.cpp:283)
[2026-09-20 11:50:22.102] [DEBUG] [tid:2248] Metering TX: 02 03 00 c0 00 30 45 d1 (C:\Qt_work\DialogG2\src\engine\MeteringBusController.cpp:283)
[2026-09-20 11:50:22.364] [DEBUG] [tid:2248] Metering TX: 02 03 00 90 00 30 45 c0 (C:\Qt_work\DialogG2\src\engine\MeteringBusController.cpp:283)
[2026-09-20 11:50:22.617] [DEBUG] [tid:2248] Metering TX: 04 03 00 11 00 20 14 42 (C:\Qt_work\DialogG2\src\engine\MeteringBusController.cpp:283)
[2026-09-20 11:50:22.876] [DEBUG] [tid:2248] Metering TX: 06 03 00 0b 00 07 74 7d (C:\Qt_work\DialogG2\src\engine\MeteringBusController.cpp:283)
[2026-09-20 11:50:23.136] [DEBUG] [tid:2248] Metering TX: 02 03 00 c0 00 30 45 d1 (C:\Qt_work\DialogG2\src\engine\MeteringBusController.cpp:283)
[2026-09-20 11:50:23.387] [DEBUG] [tid:2248] Metering TX: 02 03 00 30 00 30 45 e2 (C:\Qt_work\DialogG2\src\engine\MeteringBusController.cpp:283)
[2026-09-20 11:50:23.637] [DEBUG] [tid:2248] Metering TX: dd a5 03 00 ff fd 77 (C:\Qt_work\DialogG2\src\engine\MeteringBusController.cpp:283)
[2026-09-20 11:50:23.737] [DEBUG] [tid:2248] Metering TX: 06 03 00 0b 00 07 74 7d (C:\Qt_work\DialogG2\src\engine\MeteringBusController.cpp:283)
[2026-09-20 11:50:23.978] [DEBUG] [tid:2248] Metering TX: 02 03 00 c0 00 30 45 d1 (C:\Qt_work\DialogG2\src\engine\MeteringBusController.cpp:283)
[2026-09-20 11:50:24.234] [DEBUG] [tid:2248] Metering TX: 02 03 00 90 00 30 45 c0 (C:\Qt_work\DialogG2\src\engine\MeteringBusController.cpp:283)
[2026-09-20 11:50:24.493] [DEBUG] [tid:2248] Metering TX: 04 03 00 11 00 20 14 42 (C:\Qt_work\DialogG2\src\engine\MeteringBusController.cpp:283)
[2026-09-20 11:50:24.754] [DEBUG] [tid:2248] Metering TX: 06 03 00 0b 00 07 74 7d (C:\Qt_work\DialogG2\src\engine\MeteringBusController.cpp:283)
[2026-09-20 11:50:24.997] [DEBUG] [tid:2248] Metering TX: 02 03 00 c0 00 30 45 d1 (C:\Qt_work\DialogG2\src\engine\MeteringBusController.cpp:283)
[2026-09-20 11:50:25.255] [DEBUG] [tid:2248] Metering TX: 02 03 00 30 00 30 45 e2 (C:\Qt_work\DialogG2\src\engine\MeteringBusController.cpp:283)
[2026-09-20 11:50:25.497] [DEBUG] [tid:2248] Metering TX: 02 03 00 90 00 30 45 c0 (C:\Qt_work\DialogG2\src\engine\MeteringBusController.cpp:283)
[2026-09-20 11:50:25.755] [DEBUG] [tid:2248] Metering TX: dd a5 03 00 ff fd 77 (C:\Qt_work\DialogG2\src\engine\MeteringBusController.cpp:283)
[2026-09-20 11:50:25.849] [DEBUG] [tid:2248] Metering TX: dd a5 04 00 ff fc 77 (C:\Qt_work\DialogG2\src\engine\MeteringBusController.cpp:283)
[2026-09-20 11:50:25.913] [DEBUG] [tid:2248] Metering TX: 06 03 00 0b 00 07 74 7d (C:\Qt_work\DialogG2\src\engine\MeteringBusController.cpp:283)
[2026-09-20 11:50:26.156] [DEBUG] [tid:2248] Metering TX: 02 03 00 c0 00 30 45 d1 (C:\Qt_work\DialogG2\src\engine\MeteringBusController.cpp:283)
[2026-09-20 11:50:26.405] [DEBUG] [tid:2248] Metering TX: 02 03 00 30 00 30 45 e2 (C:\Qt_work\DialogG2\src\engine\MeteringBusController.cpp:283)
[2026-09-20 11:50:26.660] [DEBUG] [tid:2248] Metering TX: 04 03 00 11 00 20 14 42 (C:\Qt_work\DialogG2\src\engine\MeteringBusController.cpp:283)
[2026-09-20 11:50:26.907] [DEBUG] [tid:2248] Metering TX: 05 03 03 00 00 02 c5 cb (C:\Qt_work\DialogG2\src\engine\MeteringBusController.cpp:283)
[2026-09-20 11:50:27.157] [DEBUG] [tid:2248] Metering TX: 06 03 00 0b 00 07 74 7d (C:\Qt_work\DialogG2\src\engine\MeteringBusController.cpp:283)
[2026-09-20 11:50:27.408] [DEBUG] [tid:2248] Metering TX: 02 03 00 c0 00 30 45 d1 (C:\Qt_work\DialogG2\src\engine\MeteringBusController.cpp:283)
[2026-09-20 11:50:27.654] [DEBUG] [tid:2248] Metering TX: 02 03 00 90 00 30 45 c0 (C:\Qt_work\DialogG2\src\engine\MeteringBusController.cpp:283)
[2026-09-20 11:50:27.905] [DEBUG] [tid:2248] Metering TX: dd a5 03 00 ff fd 77 (C:\Qt_work\DialogG2\src\engine\MeteringBusController.cpp:283)
[2026-09-20 11:50:27.994] [DEBUG] [tid:2248] Metering TX: 06 03 00 0b 00 07 74 7d (C:\Qt_work\DialogG2\src\engine\MeteringBusController.cpp:283)
[2026-09-20 11:50:28.258] [DEBUG] [tid:2248] Metering TX: 02 03 00 c0 00 30 45 d1 (C:\Qt_work\DialogG2\src\engine\MeteringBusController.cpp:283)
[2026-09-20 11:50:28.520] [DEBUG] [tid:2248] Metering TX: 02 03 00 30 00 30 45 e2 (C:\Qt_work\DialogG2\src\engine\MeteringBusController.cpp:283)
[2026-09-20 11:50:28.769] [DEBUG] [tid:2248] Metering TX: 04 03 00 11 00 20 14 42 (C:\Qt_work\DialogG2\src\engine\MeteringBusController.cpp:283)
[2026-09-20 11:50:29.027] [DEBUG] [tid:2248] Metering TX: 06 03 00 0b 00 07 74 7d (C:\Qt_work\DialogG2\src\engine\MeteringBusController.cpp:283)
[2026-09-20 11:50:29.301] [DEBUG] [tid:2248] Metering TX: 02 03 00 c0 00 30 45 d1 (C:\Qt_work\DialogG2\src\engine\MeteringBusController.cpp:283)
[2026-09-20 11:50:29.544] [DEBUG] [tid:2248] Metering TX: 02 03 00 90 00 30 45 c0 (C:\Qt_work\DialogG2\src\engine\MeteringBusController.cpp:283)
[2026-09-20 11:50:29.805] [DEBUG] [tid:2248] Metering TX: dd a5 03 00 ff fd 77 (C:\Qt_work\DialogG2\src\engine\MeteringBusController.cpp:283)
[2026-09-20 11:50:29.886] [DEBUG] [tid:2248] Metering TX: 06 03 00 0b 00 07 74 7d (C:\Qt_work\DialogG2\src\engine\MeteringBusController.cpp:283)
[2026-09-20 11:50:30.143] [DEBUG] [tid:2248] Metering TX: 02 03 00 c0 00 30 45 d1 (C:\Qt_work\DialogG2\src\engine\MeteringBusController.cpp:283)
[2026-09-20 11:50:30.401] [DEBUG] [tid:2248] Metering TX: 02 03 00 30 00 30 45 e2 (C:\Qt_work\DialogG2\src\engine\MeteringBusController.cpp:283)
[2026-09-20 11:50:30.660] [DEBUG] [tid:2248] Metering TX: 04 03 00 11 00 20 14 42 (C:\Qt_work\DialogG2\src\engine\MeteringBusController.cpp:283)
[2026-09-20 11:50:30.907] [DEBUG] [tid:2248] Metering TX: 06 03 00 0b 00 07 74 7d (C:\Qt_work\DialogG2\src\engine\MeteringBusController.cpp:283)
[2026-09-20 11:50:31.172] [DEBUG] [tid:2248] Metering TX: 02 03 00 c0 00 30 45 d1 (C:\Qt_work\DialogG2\src\engine\MeteringBusController.cpp:283)
[2026-09-20 11:50:31.417] [DEBUG] [tid:2248] Metering TX: 02 03 00 30 00 30 45 e2 (C:\Qt_work\DialogG2\src\engine\MeteringBusController.cpp:283)
[2026-09-20 11:50:31.677] [DEBUG] [tid:2248] Metering TX: 02 03 00 90 00 30 45 c0 (C:\Qt_work\DialogG2\src\engine\MeteringBusController.cpp:283)
[2026-09-20 11:50:31.919] [DEBUG] [tid:2248] Metering TX: 05 03 03 00 00 02 c5 cb (C:\Qt_work\DialogG2\src\engine\MeteringBusController.cpp:283)
[2026-09-20 11:50:32.178] [DEBUG] [tid:2248] Metering TX: dd a5 03 00 ff fd 77 (C:\Qt_work\DialogG2\src\engine\MeteringBusController.cpp:283)
[2026-09-20 11:50:32.301] [DEBUG] [tid:2248] Metering TX: 06 03 00 0b 00 07 74 7d (C:\Qt_work\DialogG2\src\engine\MeteringBusController.cpp:283)
[2026-09-20 11:50:32.564] [DEBUG] [tid:2248] Metering TX: 02 03 00 c0 00 30 45 d1 (C:\Qt_work\DialogG2\src\engine\MeteringBusController.cpp:283)
[2026-09-20 11:50:32.805] [DEBUG] [tid:2248] Metering TX: 02 03 00 30 00 30 45 e2 (C:\Qt_work\DialogG2\src\engine\MeteringBusController.cpp:283)
[2026-09-20 11:50:33.064] [DEBUG] [tid:2248] Metering TX: 04 03 00 11 00 20 14 42 (C:\Qt_work\DialogG2\src\engine\MeteringBusController.cpp:283)
[2026-09-20 11:50:33.306] [DEBUG] [tid:2248] Metering TX: 06 03 00 0b 00 07 74 7d (C:\Qt_work\DialogG2\src\engine\MeteringBusController.cpp:283)
[2026-09-20 11:50:33.565] [DEBUG] [tid:2248] Metering TX: 02 03 00 c0 00 30 45 d1 (C:\Qt_work\DialogG2\src\engine\MeteringBusController.cpp:283)
[2026-09-20 11:50:33.817] [DEBUG] [tid:2248] Metering TX: 02 03 00 90 00 30 45 c0 (C:\Qt_work\DialogG2\src\engine\MeteringBusController.cpp:283)
[2026-09-20 11:50:34.064] [DEBUG] [tid:2248] Metering TX: dd a5 03 00 ff fd 77 (C:\Qt_work\DialogG2\src\engine\MeteringBusController.cpp:283)
[2026-09-20 11:50:34.146] [DEBUG] [tid:2248] Metering TX: 06 03 00 0b 00 07 74 7d (C:\Qt_work\DialogG2\src\engine\MeteringBusController.cpp:283)
[2026-09-20 11:50:34.410] [DEBUG] [tid:2248] Metering TX: 02 03 00 c0 00 30 45 d1 (C:\Qt_work\DialogG2\src\engine\MeteringBusController.cpp:283)
[2026-09-20 11:50:34.664] [DEBUG] [tid:2248] Metering TX: 02 03 00 30 00 30 45 e2 (C:\Qt_work\DialogG2\src\engine\MeteringBusController.cpp:283)
[2026-09-20 11:50:34.923] [DEBUG] [tid:2248] Metering TX: 04 03 00 11 00 20 14 42 (C:\Qt_work\DialogG2\src\engine\MeteringBusController.cpp:283)
[2026-09-20 11:50:35.180] [DEBUG] [tid:2248] Metering TX: 06 03 00 0b 00 07 74 7d (C:\Qt_work\DialogG2\src\engine\MeteringBusController.cpp:283)
[2026-09-20 11:50:35.442] [DEBUG] [tid:2248] Metering TX: 02 03 00 c0 00 30 45 d1 (C:\Qt_work\DialogG2\src\engine\MeteringBusController.cpp:283)
[2026-09-20 11:50:35.682] [DEBUG] [tid:2248] Metering TX: 02 03 00 90 00 30 45 c0 (C:\Qt_work\DialogG2\src\engine\MeteringBusController.cpp:283)
[2026-09-20 11:50:35.942] [DEBUG] [tid:2248] Metering TX: dd a5 03 00 ff fd 77 (C:\Qt_work\DialogG2\src\engine\MeteringBusController.cpp:283)
[2026-09-20 11:50:36.034] [DEBUG] [tid:2248] Metering TX: dd a5 04 00 ff fc 77 (C:\Qt_work\DialogG2\src\engine\MeteringBusController.cpp:283)
[2026-09-20 11:50:36.105] [DEBUG] [tid:2248] Metering TX: 06 03 00 0b 00 07 74 7d (C:\Qt_work\DialogG2\src\engine\MeteringBusController.cpp:283)
[2026-09-20 11:50:36.367] [DEBUG] [tid:2248] Metering TX: 02 03 00 c0 00 30 45 d1 (C:\Qt_work\DialogG2\src\engine\MeteringBusController.cpp:283)
[2026-09-20 11:50:36.633] [DEBUG] [tid:2248] Metering TX: 02 03 00 30 00 30 45 e2 (C:\Qt_work\DialogG2\src\engine\MeteringBusController.cpp:283)
[2026-09-20 11:50:36.897] [DEBUG] [tid:2248] Metering TX: 04 03 00 11 00 20 14 42 (C:\Qt_work\DialogG2\src\engine\MeteringBusController.cpp:283)
[2026-09-20 11:50:37.151] [DEBUG] [tid:2248] Metering TX: 05 03 03 00 00 02 c5 cb (C:\Qt_work\DialogG2\src\engine\MeteringBusController.cpp:283)
[2026-09-20 11:50:37.416] [DEBUG] [tid:2248] Metering TX: 06 03 00 0b 00 07 74 7d (C:\Qt_work\DialogG2\src\engine\MeteringBusController.cpp:283)
[2026-09-20 11:50:37.684] [DEBUG] [tid:2248] Metering TX: 02 03 00 c0 00 30 45 d1 (C:\Qt_work\DialogG2\src\engine\MeteringBusController.cpp:283)
[2026-09-20 11:50:37.932] [DEBUG] [tid:2248] Metering TX: 02 03 00 30 00 30 45 e2 (C:\Qt_work\DialogG2\src\engine\MeteringBusController.cpp:283)
[2026-09-20 11:50:38.197] [DEBUG] [tid:2248] Metering TX: 02 03 00 90 00 30 45 c0 (C:\Qt_work\DialogG2\src\engine\MeteringBusController.cpp:283)
[2026-09-20 11:50:38.452] [DEBUG] [tid:2248] Metering TX: dd a5 03 00 ff fd 77 (C:\Qt_work\DialogG2\src\engine\MeteringBusController.cpp:283)
[2026-09-20 11:50:38.551] [DEBUG] [tid:2248] Metering TX: 06 03 00 0b 00 07 74 7d (C:\Qt_work\DialogG2\src\engine\MeteringBusController.cpp:283)
[2026-09-20 11:50:38.960] [DEBUG] [tid:2248] Metering TX: 02 03 00 c0 00 30 45 d1 (C:\Qt_work\DialogG2\src\engine\MeteringBusController.cpp:283)
[2026-09-20 11:50:39.201] [DEBUG] [tid:2248] Metering TX: 04 03 00 11 00 20 14 42 (C:\Qt_work\DialogG2\src\engine\MeteringBusController.cpp:283)
[2026-09-20 11:50:39.463] [DEBUG] [tid:2248] Metering TX: 06 03 00 0b 00 07 74 7d (C:\Qt_work\DialogG2\src\engine\MeteringBusController.cpp:283)
[2026-09-20 11:50:39.715] [DEBUG] [tid:2248] Metering TX: 02 03 00 30 00 30 45 e2 (C:\Qt_work\DialogG2\src\engine\MeteringBusController.cpp:283)
[2026-09-20 11:50:39.974] [DEBUG] [tid:2248] Metering TX: 02 03 00 90 00 30 45 c0 (C:\Qt_work\DialogG2\src\engine\MeteringBusController.cpp:283)
[2026-09-20 11:50:40.215] [DEBUG] [tid:2248] Metering TX: dd a5 03 00 ff fd 77 (C:\Qt_work\DialogG2\src\engine\MeteringBusController.cpp:283)
[2026-09-20 11:50:40.309] [DEBUG] [tid:2248] Metering TX: 06 03 00 0b 00 07 74 7d (C:\Qt_work\DialogG2\src\engine\MeteringBusController.cpp:283)
[2026-09-20 11:50:40.570] [DEBUG] [tid:2248] Metering TX: 02 03 00 c0 00 30 45 d1 (C:\Qt_work\DialogG2\src\engine\MeteringBusController.cpp:283)
[2026-09-20 11:50:40.830] [DEBUG] [tid:2248] Metering TX: 02 03 00 30 00 30 45 e2 (C:\Qt_work\DialogG2\src\engine\MeteringBusController.cpp:283)
[2026-09-20 11:50:41.088] [DEBUG] [tid:2248] Metering TX: 04 03 00 11 00 20 14 42 (C:\Qt_work\DialogG2\src\engine\MeteringBusController.cpp:283)
[2026-09-20 11:50:41.349] [DEBUG] [tid:2248] Metering TX: 06 03 00 0b 00 07 74 7d (C:\Qt_work\DialogG2\src\engine\MeteringBusController.cpp:283)
[2026-09-20 11:50:41.589] [DEBUG] [tid:2248] Metering TX: 02 03 00 c0 00 30 45 d1 (C:\Qt_work\DialogG2\src\engine\MeteringBusController.cpp:283)
[2026-09-20 11:50:41.843] [DEBUG] [tid:2248] Metering TX: 02 03 00 90 00 30 45 c0 (C:\Qt_work\DialogG2\src\engine\MeteringBusController.cpp:283)
[2026-09-20 11:50:42.089] [DEBUG] [tid:2248] Metering TX: 05 03 03 00 00 02 c5 cb (C:\Qt_work\DialogG2\src\engine\MeteringBusController.cpp:283)
[2026-09-20 11:50:42.339] [DEBUG] [tid:2248] Metering TX: dd a5 03 00 ff fd 77 (C:\Qt_work\DialogG2\src\engine\MeteringBusController.cpp:283)
[2026-09-20 11:50:42.435] [DEBUG] [tid:2248] Metering TX: 06 03 00 0b 00 07 74 7d (C:\Qt_work\DialogG2\src\engine\MeteringBusController.cpp:283)
[2026-09-20 11:50:42.692] [DEBUG] [tid:2248] Metering TX: 02 03 00 c0 00 30 45 d1 (C:\Qt_work\DialogG2\src\engine\MeteringBusController.cpp:283)
[2026-09-20 11:50:42.946] [DEBUG] [tid:2248] Metering TX: 02 03 00 30 00 30 45 e2 (C:\Qt_work\DialogG2\src\engine\MeteringBusController.cpp:283)
[2026-09-20 11:50:43.208] [DEBUG] [tid:2248] Metering TX: 04 03 00 11 00 20 14 42 (C:\Qt_work\DialogG2\src\engine\MeteringBusController.cpp:283)
[2026-09-20 11:50:43.456] [DEBUG] [tid:2248] Metering TX: 06 03 00 0b 00 07 74 7d (C:\Qt_work\DialogG2\src\engine\MeteringBusController.cpp:283)
[2026-09-20 11:50:43.725] [DEBUG] [tid:2248] Metering TX: 02 03 00 c0 00 30 45 d1 (C:\Qt_work\DialogG2\src\engine\MeteringBusController.cpp:283)
[2026-09-20 11:50:43.975] [DEBUG] [tid:2248] Metering TX: 02 03 00 90 00 30 45 c0 (C:\Qt_work\DialogG2\src\engine\MeteringBusController.cpp:283)
[2026-09-20 11:50:44.225] [DEBUG] [tid:2248] Metering TX: dd a5 03 00 ff fd 77 (C:\Qt_work\DialogG2\src\engine\MeteringBusController.cpp:283)
[2026-09-20 11:50:44.321] [DEBUG] [tid:2248] Metering TX: 06 03 00 0b 00 07 74 7d (C:\Qt_work\DialogG2\src\engine\MeteringBusController.cpp:283)
[2026-09-20 11:50:44.594] [DEBUG] [tid:2248] Metering TX: 02 03 00 c0 00 30 45 d1 (C:\Qt_work\DialogG2\src\engine\MeteringBusController.cpp:283)
[2026-09-20 11:50:44.841] [DEBUG] [tid:2248] Metering TX: 02 03 00 30 00 30 45 e2 (C:\Qt_work\DialogG2\src\engine\MeteringBusController.cpp:283)
[2026-09-20 11:50:45.091] [DEBUG] [tid:2248] Metering TX: 04 03 00 11 00 20 14 42 (C:\Qt_work\DialogG2\src\engine\MeteringBusController.cpp:283)
[2026-09-20 11:50:45.345] [DEBUG] [tid:2248] Metering TX: 06 03 00 0b 00 07 74 7d (C:\Qt_work\DialogG2\src\engine\MeteringBusController.cpp:283)
[2026-09-20 11:50:45.597] [DEBUG] [tid:2248] Metering TX: 02 03 00 c0 00 30 45 d1 (C:\Qt_work\DialogG2\src\engine\MeteringBusController.cpp:283)
[2026-09-20 11:50:45.848] [DEBUG] [tid:2248] Metering TX: 02 03 00 90 00 30 45 c0 (C:\Qt_work\DialogG2\src\engine\MeteringBusController.cpp:283)
[2026-09-20 11:50:46.092] [DEBUG] [tid:2248] Metering TX: dd a5 04 00 ff fc 77 (C:\Qt_work\DialogG2\src\engine\MeteringBusController.cpp:283)
[2026-09-20 11:50:46.158] [DEBUG] [tid:2248] Metering TX: dd a5 03 00 ff fd 77 (C:\Qt_work\DialogG2\src\engine\MeteringBusController.cpp:283)
[2026-09-20 11:50:46.253] [DEBUG] [tid:2248] Metering TX: 06 03 00 0b 00 07 74 7d (C:\Qt_work\DialogG2\src\engine\MeteringBusController.cpp:283)
[2026-09-20 11:50:46.512] [DEBUG] [tid:2248] Metering TX: 02 03 00 c0 00 30 45 d1 (C:\Qt_work\DialogG2\src\engine\MeteringBusController.cpp:283)
[2026-09-20 11:50:46.773] [DEBUG] [tid:2248] Metering TX: 02 03 00 30 00 30 45 e2 (C:\Qt_work\DialogG2\src\engine\MeteringBusController.cpp:283)
[2026-09-20 11:50:47.027] [DEBUG] [tid:2248] Metering TX: 04 03 00 11 00 20 14 42 (C:\Qt_work\DialogG2\src\engine\MeteringBusController.cpp:283)
[2026-09-20 11:50:47.295] [DEBUG] [tid:2248] Metering TX: 05 03 03 00 00 02 c5 cb (C:\Qt_work\DialogG2\src\engine\MeteringBusController.cpp:283)
[2026-09-20 11:50:47.562] [DEBUG] [tid:2248] Metering TX: 06 03 00 0b 00 07 74 7d (C:\Qt_work\DialogG2\src\engine\MeteringBusController.cpp:283)
[2026-09-20 11:50:47.813] [DEBUG] [tid:2248] Metering TX: 02 03 00 c0 00 30 45 d1 (C:\Qt_work\DialogG2\src\engine\MeteringBusController.cpp:283)
[2026-09-20 11:50:48.063] [DEBUG] [tid:2248] Metering TX: 02 03 00 30 00 30 45 e2 (C:\Qt_work\DialogG2\src\engine\MeteringBusController.cpp:283)
[2026-09-20 11:50:48.310] [DEBUG] [tid:2248] Metering TX: 02 03 00 90 00 30 45 c0 (C:\Qt_work\DialogG2\src\engine\MeteringBusController.cpp:283)
[2026-09-20 11:50:48.561] [DEBUG] [tid:2248] Metering TX: dd a5 03 00 ff fd 77 (C:\Qt_work\DialogG2\src\engine\MeteringBusController.cpp:283)
[2026-09-20 11:50:48.651] [DEBUG] [tid:2248] Metering TX: 06 03 00 0b 00 07 74 7d (C:\Qt_work\DialogG2\src\engine\MeteringBusController.cpp:283)
[2026-09-20 11:50:48.904] [DEBUG] [tid:2248] Metering TX: 02 03 00 c0 00 30 45 d1 (C:\Qt_work\DialogG2\src\engine\MeteringBusController.cpp:283)
[2026-09-20 11:50:49.157] [DEBUG] [tid:2248] Metering TX: 04 03 00 11 00 20 14 42 (C:\Qt_work\DialogG2\src\engine\MeteringBusController.cpp:283)
[2026-09-20 11:50:49.402] [DEBUG] [tid:2248] Metering TX: 06 03 00 0b 00 07 74 7d (C:\Qt_work\DialogG2\src\engine\MeteringBusController.cpp:283)
[2026-09-20 11:50:49.663] [DEBUG] [tid:2248] Metering TX: 02 03 00 30 00 30 45 e2 (C:\Qt_work\DialogG2\src\engine\MeteringBusController.cpp:283)
[2026-09-20 11:50:49.906] [DEBUG] [tid:2248] Metering TX: 02 03 00 90 00 30 45 c0 (C:\Qt_work\DialogG2\src\engine\MeteringBusController.cpp:283)
[2026-09-20 11:50:50.163] [DEBUG] [tid:2248] Metering TX: dd a5 03 00 ff fd 77 (C:\Qt_work\DialogG2\src\engine\MeteringBusController.cpp:283)
[2026-09-20 11:50:50.247] [DEBUG] [tid:2248] Metering TX: 06 03 00 0b 00 07 74 7d (C:\Qt_work\DialogG2\src\engine\MeteringBusController.cpp:283)
[2026-09-20 11:50:50.504] [DEBUG] [tid:2248] Metering TX: 02 03 00 c0 00 30 45 d1 (C:\Qt_work\DialogG2\src\engine\MeteringBusController.cpp:283)
[2026-09-20 11:50:50.746] [DEBUG] [tid:2248] Metering TX: 02 03 00 30 00 30 45 e2 (C:\Qt_work\DialogG2\src\engine\MeteringBusController.cpp:283)
[2026-09-20 11:50:51.015] [DEBUG] [tid:2248] Metering TX: 02 03 00 90 00 30 45 c0 (C:\Qt_work\DialogG2\src\engine\MeteringBusController.cpp:283)
[2026-09-20 11:50:51.277] [DEBUG] [tid:2248] Metering TX: 04 03 00 11 00 20 14 42 (C:\Qt_work\DialogG2\src\engine\MeteringBusController.cpp:283)
[2026-09-20 11:50:51.537] [DEBUG] [tid:2248] Metering TX: 06 03 00 0b 00 07 74 7d (C:\Qt_work\DialogG2\src\engine\MeteringBusController.cpp:283)
[2026-09-20 11:50:51.794] [DEBUG] [tid:2248] Metering TX: 02 03 00 c0 00 30 45 d1 (C:\Qt_work\DialogG2\src\engine\MeteringBusController.cpp:283)
[2026-09-20 11:50:52.050] [DEBUG] [tid:2248] Metering TX: 02 03 00 30 00 30 45 e2 (C:\Qt_work\DialogG2\src\engine\MeteringBusController.cpp:283)
[2026-09-20 11:50:52.298] [DEBUG] [tid:2248] Metering TX: 05 03 03 00 00 02 c5 cb (C:\Qt_work\DialogG2\src\engine\MeteringBusController.cpp:283)
[2026-09-20 11:50:52.544] [DEBUG] [tid:2248] Metering TX: dd a5 03 00 ff fd 77 (C:\Qt_work\DialogG2\src\engine\MeteringBusController.cpp:283)
[2026-09-20 11:50:52.630] [DEBUG] [tid:2248] Metering TX: 06 03 00 0b 00 07 74 7d (C:\Qt_work\DialogG2\src\engine\MeteringBusController.cpp:283)
[2026-09-20 11:50:52.882] [DEBUG] [tid:2248] Metering TX: 02 03 00 c0 00 30 45 d1 (C:\Qt_work\DialogG2\src\engine\MeteringBusController.cpp:283)
[2026-09-20 11:50:53.132] [DEBUG] [tid:2248] Metering TX: 02 03 00 90 00 30 45 c0 (C:\Qt_work\DialogG2\src\engine\MeteringBusController.cpp:283)
[2026-09-20 11:50:53.382] [DEBUG] [tid:2248] Metering TX: 04 03 00 11 00 20 14 42 (C:\Qt_work\DialogG2\src\engine\MeteringBusController.cpp:283)
[2026-09-20 11:50:53.650] [DEBUG] [tid:2248] Metering TX: 06 03 00 0b 00 07 74 7d (C:\Qt_work\DialogG2\src\engine\MeteringBusController.cpp:283)
[2026-09-20 11:50:53.913] [DEBUG] [tid:2248] Metering TX: 02 03 00 c0 00 30 45 d1 (C:\Qt_work\DialogG2\src\engine\MeteringBusController.cpp:283)
[2026-09-20 11:50:54.167] [DEBUG] [tid:2248] Metering TX: 02 03 00 30 00 30 45 e2 (C:\Qt_work\DialogG2\src\engine\MeteringBusController.cpp:283)
[2026-09-20 11:50:54.431] [DEBUG] [tid:2248] Metering TX: dd a5 03 00 ff fd 77 (C:\Qt_work\DialogG2\src\engine\MeteringBusController.cpp:283)
[2026-09-20 11:50:54.530] [DEBUG] [tid:2248] Metering TX: 06 03 00 0b 00 07 74 7d (C:\Qt_work\DialogG2\src\engine\MeteringBusController.cpp:283)
[2026-09-20 11:50:54.784] [DEBUG] [tid:2248] Metering TX: 02 03 00 c0 00 30 45 d1 (C:\Qt_work\DialogG2\src\engine\MeteringBusController.cpp:283)
[2026-09-20 11:50:55.036] [DEBUG] [tid:2248] Metering TX: 02 03 00 90 00 30 45 c0 (C:\Qt_work\DialogG2\src\engine\MeteringBusController.cpp:283)
[2026-09-20 11:50:55.280] [DEBUG] [tid:2248] Metering TX: 04 03 00 11 00 20 14 42 (C:\Qt_work\DialogG2\src\engine\MeteringBusController.cpp:283)
[2026-09-20 11:50:55.536] [DEBUG] [tid:2248] Metering TX: 06 03 00 0b 00 07 74 7d (C:\Qt_work\DialogG2\src\engine\MeteringBusController.cpp:283)
[2026-09-20 11:50:55.786] [DEBUG] [tid:2248] Metering TX: 02 03 00 c0 00 30 45 d1 (C:\Qt_work\DialogG2\src\engine\MeteringBusController.cpp:283)
[2026-09-20 11:50:56.037] [DEBUG] [tid:2248] Metering TX: 02 03 00 30 00 30 45 e2 (C:\Qt_work\DialogG2\src\engine\MeteringBusController.cpp:283)
[2026-09-20 11:50:56.300] [DEBUG] [tid:2248] Metering TX: dd a5 04 00 ff fc 77 (C:\Qt_work\DialogG2\src\engine\MeteringBusController.cpp:283)
[2026-09-20 11:50:56.370] [DEBUG] [tid:2248] Metering TX: dd a5 03 00 ff fd 77 (C:\Qt_work\DialogG2\src\engine\MeteringBusController.cpp:283)
[2026-09-20 11:50:56.481] [DEBUG] [tid:2248] Metering TX: 05 03 03 00 00 02 c5 cb (C:\Qt_work\DialogG2\src\engine\MeteringBusController.cpp:283)
[2026-09-20 11:50:56.735] [DEBUG] [tid:2248] Metering TX: 06 03 00 0b 00 07 74 7d (C:\Qt_work\DialogG2\src\engine\MeteringBusController.cpp:283)
[2026-09-20 11:50:56.986] [DEBUG] [tid:2248] Metering TX: 02 03 00 c0 00 30 45 d1 (C:\Qt_work\DialogG2\src\engine\MeteringBusController.cpp:283)
[2026-09-20 11:50:57.238] [DEBUG] [tid:2248] Metering TX: 02 03 00 30 00 30 45 e2 (C:\Qt_work\DialogG2\src\engine\MeteringBusController.cpp:283)
[2026-09-20 11:50:57.489] [DEBUG] [tid:2248] Metering TX: 02 03 00 90 00 30 45 c0 (C:\Qt_work\DialogG2\src\engine\MeteringBusController.cpp:283)
[2026-09-20 11:50:57.734] [DEBUG] [tid:2248] Metering TX: 04 03 00 11 00 20 14 42 (C:\Qt_work\DialogG2\src\engine\MeteringBusController.cpp:283)
[2026-09-20 11:50:57.992] [DEBUG] [tid:2248] Metering TX: 06 03 00 0b 00 07 74 7d (C:\Qt_work\DialogG2\src\engine\MeteringBusController.cpp:283)
[2026-09-20 11:50:58.248] [DEBUG] [tid:2248] Metering TX: 02 03 00 c0 00 30 45 d1 (C:\Qt_work\DialogG2\src\engine\MeteringBusController.cpp:283)
[2026-09-20 11:50:58.506] [DEBUG] [tid:2248] Metering TX: dd a5 03 00 ff fd 77 (C:\Qt_work\DialogG2\src\engine\MeteringBusController.cpp:283)
[2026-09-20 11:50:58.606] [DEBUG] [tid:2248] Metering TX: 06 03 00 0b 00 07 74 7d (C:\Qt_work\DialogG2\src\engine\MeteringBusController.cpp:283)
[2026-09-20 11:50:58.862] [DEBUG] [tid:2248] Metering TX: 02 03 00 30 00 30 45 e2 (C:\Qt_work\DialogG2\src\engine\MeteringBusController.cpp:283)
[2026-09-20 11:50:59.106] [DEBUG] [tid:2248] Metering TX: 02 03 00 90 00 30 45 c0 (C:\Qt_work\DialogG2\src\engine\MeteringBusController.cpp:283)
[2026-09-20 11:50:59.370] [DEBUG] [tid:2248] Metering TX: 04 03 00 11 00 20 14 42 (C:\Qt_work\DialogG2\src\engine\MeteringBusController.cpp:283)
[2026-09-20 11:50:59.623] [DEBUG] [tid:2248] Metering TX: 06 03 00 0b 00 07 74 7d (C:\Qt_work\DialogG2\src\engine\MeteringBusController.cpp:283)
[2026-09-20 11:50:59.872] [DEBUG] [tid:2248] Metering TX: 02 03 00 c0 00 30 45 d1 (C:\Qt_work\DialogG2\src\engine\MeteringBusController.cpp:283)
[2026-09-20 11:51:00.124] [DEBUG] [tid:2248] Metering TX: 02 03 00 30 00 30 45 e2 (C:\Qt_work\DialogG2\src\engine\MeteringBusController.cpp:283)
[2026-09-20 11:51:00.373] [DEBUG] [tid:2248] Metering TX: dd a5 03 00 ff fd 77 (C:\Qt_work\DialogG2\src\engine\MeteringBusController.cpp:283)
[2026-09-20 11:51:00.476] [DEBUG] [tid:2248] Metering TX: 06 03 00 0b 00 07 74 7d (C:\Qt_work\DialogG2\src\engine\MeteringBusController.cpp:283)
[2026-09-20 11:51:00.724] [DEBUG] [tid:2248] Metering TX: 02 03 00 c0 00 30 45 d1 (C:\Qt_work\DialogG2\src\engine\MeteringBusController.cpp:283)
[2026-09-20 11:51:00.972] [DEBUG] [tid:2248] Metering TX: 02 03 00 90 00 30 45 c0 (C:\Qt_work\DialogG2\src\engine\MeteringBusController.cpp:283)
[2026-09-20 11:51:01.218] [DEBUG] [tid:2248] Metering TX: 04 03 00 11 00 20 14 42 (C:\Qt_work\DialogG2\src\engine\MeteringBusController.cpp:283)
[2026-09-20 11:51:01.474] [DEBUG] [tid:2248] Metering TX: 05 03 03 00 00 02 c5 cb (C:\Qt_work\DialogG2\src\engine\MeteringBusController.cpp:283)
[2026-09-20 11:51:01.725] [DEBUG] [tid:2248] Metering TX: 06 03 00 0b 00 07 74 7d (C:\Qt_work\DialogG2\src\engine\MeteringBusController.cpp:283)
[2026-09-20 11:51:01.973] [DEBUG] [tid:2248] Metering TX: 02 03 00 c0 00 30 45 d1 (C:\Qt_work\DialogG2\src\engine\MeteringBusController.cpp:283)
[2026-09-20 11:51:02.220] [DEBUG] [tid:2248] Metering TX: 02 03 00 30 00 30 45 e2 (C:\Qt_work\DialogG2\src\engine\MeteringBusController.cpp:283)
[2026-09-20 11:51:02.463] [DEBUG] [tid:2248] Metering TX: 02 03 00 90 00 30 45 c0 (C:\Qt_work\DialogG2\src\engine\MeteringBusController.cpp:283)
[2026-09-20 11:51:02.726] [DEBUG] [tid:2248] Metering TX: dd a5 03 00 ff fd 77 (C:\Qt_work\DialogG2\src\engine\MeteringBusController.cpp:283)
[2026-09-20 11:51:02.825] [DEBUG] [tid:2248] Metering TX: 06 03 00 0b 00 07 74 7d (C:\Qt_work\DialogG2\src\engine\MeteringBusController.cpp:283)
[2026-09-20 11:51:03.076] [DEBUG] [tid:2248] Metering TX: 02 03 00 c0 00 30 45 d1 (C:\Qt_work\DialogG2\src\engine\MeteringBusController.cpp:283)
[2026-09-20 11:51:03.327] [DEBUG] [tid:2248] Metering TX: 04 03 00 11 00 20 14 42 (C:\Qt_work\DialogG2\src\engine\MeteringBusController.cpp:283)
[2026-09-20 11:51:03.575] [DEBUG] [tid:2248] Metering TX: 06 03 00 0b 00 07 74 7d (C:\Qt_work\DialogG2\src\engine\MeteringBusController.cpp:283)
[2026-09-20 11:51:03.839] [DEBUG] [tid:2248] Metering TX: 02 03 00 c0 00 30 45 d1 (C:\Qt_work\DialogG2\src\engine\MeteringBusController.cpp:283)
[2026-09-20 11:51:04.091] [DEBUG] [tid:2248] Metering TX: 02 03 00 30 00 30 45 e2 (C:\Qt_work\DialogG2\src\engine\MeteringBusController.cpp:283)
[2026-09-20 11:51:04.344] [DEBUG] [tid:2248] Metering TX: 02 03 00 90 00 30 45 c0 (C:\Qt_work\DialogG2\src\engine\MeteringBusController.cpp:283)
[2026-09-20 11:51:04.611] [DEBUG] [tid:2248] Metering TX: dd a5 03 00 ff fd 77 (C:\Qt_work\DialogG2\src\engine\MeteringBusController.cpp:283)
[2026-09-20 11:51:04.707] [DEBUG] [tid:2248] Metering TX: 06 03 00 0b 00 07 74 7d (C:\Qt_work\DialogG2\src\engine\MeteringBusController.cpp:283)
[2026-09-20 11:51:04.962] [DEBUG] [tid:2248] Metering TX: 02 03 00 c0 00 30 45 d1 (C:\Qt_work\DialogG2\src\engine\MeteringBusController.cpp:283)
[2026-09-20 11:51:05.222] [DEBUG] [tid:2248] Metering TX: 02 03 00 30 00 30 45 e2 (C:\Qt_work\DialogG2\src\engine\MeteringBusController.cpp:283)
[2026-09-20 11:51:05.478] [DEBUG] [tid:2248] Metering TX: 04 03 00 11 00 20 14 42 (C:\Qt_work\DialogG2\src\engine\MeteringBusController.cpp:283)
[2026-09-20 11:51:05.745] [DEBUG] [tid:2248] Metering TX: dd a5 04 00 ff fc 77 (C:\Qt_work\DialogG2\src\engine\MeteringBusController.cpp:283)
[2026-09-20 11:51:05.812] [DEBUG] [tid:2248] Metering TX: 06 03 00 0b 00 07 74 7d (C:\Qt_work\DialogG2\src\engine\MeteringBusController.cpp:283)
[2026-09-20 11:51:06.056] [DEBUG] [tid:2248] Metering TX: 02 03 00 c0 00 30 45 d1 (C:\Qt_work\DialogG2\src\engine\MeteringBusController.cpp:283)
[2026-09-20 11:51:06.315] [DEBUG] [tid:2248] Metering TX: 02 03 00 90 00 30 45 c0 (C:\Qt_work\DialogG2\src\engine\MeteringBusController.cpp:283)
[2026-09-20 11:51:06.561] [DEBUG] [tid:2248] Metering TX: dd a5 03 00 ff fd 77 (C:\Qt_work\DialogG2\src\engine\MeteringBusController.cpp:283)
[2026-09-20 11:51:06.656] [DEBUG] [tid:2248] Metering TX: 05 03 03 00 00 02 c5 cb (C:\Qt_work\DialogG2\src\engine\MeteringBusController.cpp:283)
[2026-09-20 11:51:06.904] [DEBUG] [tid:2248] Metering TX: 06 03 00 0b 00 07 74 7d (C:\Qt_work\DialogG2\src\engine\MeteringBusController.cpp:283)
[2026-09-20 11:51:07.180] [DEBUG] [tid:2248] Metering TX: 02 03 00 c0 00 30 45 d1 (C:\Qt_work\DialogG2\src\engine\MeteringBusController.cpp:283)
[2026-09-20 11:51:07.446] [DEBUG] [tid:2248] Metering TX: 02 03 00 30 00 30 45 e2 (C:\Qt_work\DialogG2\src\engine\MeteringBusController.cpp:283)
[2026-09-20 11:51:07.699] [DEBUG] [tid:2248] Metering TX: 04 03 00 11 00 20 14 42 (C:\Qt_work\DialogG2\src\engine\MeteringBusController.cpp:283)
[2026-09-20 11:51:07.975] [DEBUG] [tid:2248] Metering TX: 06 03 00 0b 00 07 74 7d (C:\Qt_work\DialogG2\src\engine\MeteringBusController.cpp:283)
[2026-09-20 11:51:08.226] [DEBUG] [tid:2248] Metering TX: 02 03 00 90 00 30 45 c0 (C:\Qt_work\DialogG2\src\engine\MeteringBusController.cpp:283)
[2026-09-20 11:51:08.464] [DEBUG] [tid:2248] Metering TX: dd a5 03 00 ff fd 77 (C:\Qt_work\DialogG2\src\engine\MeteringBusController.cpp:283)
[2026-09-20 11:51:08.578] [DEBUG] [tid:2248] Metering TX: 06 03 00 0b 00 07 74 7d (C:\Qt_work\DialogG2\src\engine\MeteringBusController.cpp:283)
[2026-09-20 11:51:08.831] [DEBUG] [tid:2248] Metering TX: 02 03 00 c0 00 30 45 d1 (C:\Qt_work\DialogG2\src\engine\MeteringBusController.cpp:283)
[2026-09-20 11:51:09.080] [DEBUG] [tid:2248] Metering TX: 02 03 00 30 00 30 45 e2 (C:\Qt_work\DialogG2\src\engine\MeteringBusController.cpp:283)
[2026-09-20 11:51:09.332] [DEBUG] [tid:2248] Metering TX: 04 03 00 11 00 20 14 42 (C:\Qt_work\DialogG2\src\engine\MeteringBusController.cpp:283)
[2026-09-20 11:51:09.584] [DEBUG] [tid:2248] Metering TX: 06 03 00 0b 00 07 74 7d (C:\Qt_work\DialogG2\src\engine\MeteringBusController.cpp:283)
[2026-09-20 11:51:09.828] [DEBUG] [tid:2248] Metering TX: 02 03 00 c0 00 30 45 d1 (C:\Qt_work\DialogG2\src\engine\MeteringBusController.cpp:283)
[2026-09-20 11:51:10.083] [DEBUG] [tid:2248] Metering TX: 02 03 00 30 00 30 45 e2 (C:\Qt_work\DialogG2\src\engine\MeteringBusController.cpp:283)
[2026-09-20 11:51:10.332] [DEBUG] [tid:2248] Metering TX: 02 03 00 90 00 30 45 c0 (C:\Qt_work\DialogG2\src\engine\MeteringBusController.cpp:283)
[2026-09-20 11:51:10.594] [DEBUG] [tid:2248] Metering TX: dd a5 03 00 ff fd 77 (C:\Qt_work\DialogG2\src\engine\MeteringBusController.cpp:283)
[2026-09-20 11:51:10.700] [DEBUG] [tid:2248] Metering TX: 06 03 00 0b 00 07 74 7d (C:\Qt_work\DialogG2\src\engine\MeteringBusController.cpp:283)
[2026-09-20 11:51:10.953] [DEBUG] [tid:2248] Metering TX: 02 03 00 c0 00 30 45 d1 (C:\Qt_work\DialogG2\src\engine\MeteringBusController.cpp:283)
[2026-09-20 11:51:11.201] [DEBUG] [tid:2248] Metering TX: 02 03 00 30 00 30 45 e2 (C:\Qt_work\DialogG2\src\engine\MeteringBusController.cpp:283)
[2026-09-20 11:51:11.452] [DEBUG] [tid:2248] Metering TX: 04 03 00 11 00 20 14 42 (C:\Qt_work\DialogG2\src\engine\MeteringBusController.cpp:283)
[2026-09-20 11:51:11.715] [DEBUG] [tid:2248] Metering TX: 05 03 03 00 00 02 c5 cb (C:\Qt_work\DialogG2\src\engine\MeteringBusController.cpp:283)
[2026-09-20 11:51:11.967] [DEBUG] [tid:2248] Metering TX: 06 03 00 0b 00 07 74 7d (C:\Qt_work\DialogG2\src\engine\MeteringBusController.cpp:283)
[2026-09-20 11:51:12.216] [DEBUG] [tid:2248] Metering TX: 02 03 00 c0 00 30 45 d1 (C:\Qt_work\DialogG2\src\engine\MeteringBusController.cpp:283)
[2026-09-20 11:51:12.470] [DEBUG] [tid:2248] Metering TX: 02 03 00 30 00 30 45 e2 (C:\Qt_work\DialogG2\src\engine\MeteringBusController.cpp:283)
[2026-09-20 11:51:12.717] [DEBUG] [tid:2248] Metering TX: 02 03 00 90 00 30 45 c0 (C:\Qt_work\DialogG2\src\engine\MeteringBusController.cpp:283)
[2026-09-20 11:51:12.966] [DEBUG] [tid:2248] Metering TX: dd a5 03 00 ff fd 77 (C:\Qt_work\DialogG2\src\engine\MeteringBusController.cpp:283)
[2026-09-20 11:51:13.084] [DEBUG] [tid:2248] Metering TX: 06 03 00 0b 00 07 74 7d (C:\Qt_work\DialogG2\src\engine\MeteringBusController.cpp:283)
[2026-09-20 11:51:13.332] [DEBUG] [tid:2248] Metering TX: 02 03 00 c0 00 30 45 d1 (C:\Qt_work\DialogG2\src\engine\MeteringBusController.cpp:283)
[2026-09-20 11:51:13.575] [DEBUG] [tid:2248] Metering TX: 04 03 00 11 00 20 14 42 (C:\Qt_work\DialogG2\src\engine\MeteringBusController.cpp:283)
[2026-09-20 11:51:13.828] [DEBUG] [tid:2248] Metering TX: 06 03 00 0b 00 07 74 7d (C:\Qt_work\DialogG2\src\engine\MeteringBusController.cpp:283)
[2026-09-20 11:51:14.085] [DEBUG] [tid:2248] Metering TX: 02 03 00 30 00 30 45 e2 (C:\Qt_work\DialogG2\src\engine\MeteringBusController.cpp:283)
[2026-09-20 11:51:14.345] [DEBUG] [tid:2248] Metering TX: 02 03 00 90 00 30 45 c0 (C:\Qt_work\DialogG2\src\engine\MeteringBusController.cpp:283)
[2026-09-20 11:51:14.598] [DEBUG] [tid:2248] Metering TX: dd a5 03 00 ff fd 77 (C:\Qt_work\DialogG2\src\engine\MeteringBusController.cpp:283)
[2026-09-20 11:51:14.696] [DEBUG] [tid:2248] Metering TX: 06 03 00 0b 00 07 74 7d (C:\Qt_work\DialogG2\src\engine\MeteringBusController.cpp:283)
[2026-09-20 11:51:14.959] [DEBUG] [tid:2248] Metering TX: 02 03 00 c0 00 30 45 d1 (C:\Qt_work\DialogG2\src\engine\MeteringBusController.cpp:283)
[2026-09-20 11:51:15.218] [DEBUG] [tid:2248] Metering TX: 02 03 00 30 00 30 45 e2 (C:\Qt_work\DialogG2\src\engine\MeteringBusController.cpp:283)
[2026-09-20 11:51:15.473] [DEBUG] [tid:2248] Metering TX: 04 03 00 11 00 20 14 42 (C:\Qt_work\DialogG2\src\engine\MeteringBusController.cpp:283)
[2026-09-20 11:51:15.718] [DEBUG] [tid:2248] Metering TX: dd a5 04 00 ff fc 77 (C:\Qt_work\DialogG2\src\engine\MeteringBusController.cpp:283)
[2026-09-20 11:51:15.798] [DEBUG] [tid:2248] Metering TX: 06 03 00 0b 00 07 74 7d (C:\Qt_work\DialogG2\src\engine\MeteringBusController.cpp:283)
[2026-09-20 11:51:16.039] [DEBUG] [tid:2248] Metering TX: 02 03 00 c0 00 30 45 d1 (C:\Qt_work\DialogG2\src\engine\MeteringBusController.cpp:283)
[2026-09-20 11:51:16.306] [DEBUG] [tid:2248] Metering TX: 02 03 00 30 00 30 45 e2 (C:\Qt_work\DialogG2\src\engine\MeteringBusController.cpp:283)
[2026-09-20 11:51:16.566] [DEBUG] [tid:2248] Metering TX: 02 03 00 90 00 30 45 c0 (C:\Qt_work\DialogG2\src\engine\MeteringBusController.cpp:283)
[2026-09-20 11:51:16.823] [DEBUG] [tid:2248] Metering TX: dd a5 03 00 ff fd 77 (C:\Qt_work\DialogG2\src\engine\MeteringBusController.cpp:283)
[2026-09-20 11:51:16.918] [DEBUG] [tid:2248] Metering TX: 05 03 03 00 00 02 c5 cb (C:\Qt_work\DialogG2\src\engine\MeteringBusController.cpp:283)
[2026-09-20 11:51:17.171] [DEBUG] [tid:2248] Metering TX: 06 03 00 0b 00 07 74 7d (C:\Qt_work\DialogG2\src\engine\MeteringBusController.cpp:283)
[2026-09-20 11:51:17.420] [DEBUG] [tid:2248] Metering TX: 02 03 00 c0 00 30 45 d1 (C:\Qt_work\DialogG2\src\engine\MeteringBusController.cpp:283)
[2026-09-20 11:51:17.674] [DEBUG] [tid:2248] Metering TX: 02 03 00 30 00 30 45 e2 (C:\Qt_work\DialogG2\src\engine\MeteringBusController.cpp:283)
[2026-09-20 11:51:17.920] [DEBUG] [tid:2248] Metering TX: 04 03 00 11 00 20 14 42 (C:\Qt_work\DialogG2\src\engine\MeteringBusController.cpp:283)
[2026-09-20 11:51:18.174] [DEBUG] [tid:2248] Metering TX: 06 03 00 0b 00 07 74 7d (C:\Qt_work\DialogG2\src\engine\MeteringBusController.cpp:283)
[2026-09-20 11:51:18.418] [DEBUG] [tid:2248] Metering TX: 02 03 00 90 00 30 45 c0 (C:\Qt_work\DialogG2\src\engine\MeteringBusController.cpp:283)
[2026-09-20 11:51:18.675] [DEBUG] [tid:2248] Metering TX: dd a5 03 00 ff fd 77 (C:\Qt_work\DialogG2\src\engine\MeteringBusController.cpp:283)
[2026-09-20 11:51:18.802] [DEBUG] [tid:2248] Metering TX: 06 03 00 0b 00 07 74 7d (C:\Qt_work\DialogG2\src\engine\MeteringBusController.cpp:283)
[2026-09-20 11:51:19.044] [DEBUG] [tid:2248] Metering TX: 02 03 00 c0 00 30 45 d1 (C:\Qt_work\DialogG2\src\engine\MeteringBusController.cpp:283)
[2026-09-20 11:51:19.294] [DEBUG] [tid:2248] Metering TX: 02 03 00 30 00 30 45 e2 (C:\Qt_work\DialogG2\src\engine\MeteringBusController.cpp:283)
[2026-09-20 11:51:19.553] [DEBUG] [tid:2248] Metering TX: 04 03 00 11 00 20 14 42 (C:\Qt_work\DialogG2\src\engine\MeteringBusController.cpp:283)
[2026-09-20 11:51:19.807] [DEBUG] [tid:2248] Metering TX: 06 03 00 0b 00 07 74 7d (C:\Qt_work\DialogG2\src\engine\MeteringBusController.cpp:283)
[2026-09-20 11:51:20.059] [DEBUG] [tid:2248] Metering TX: 02 03 00 c0 00 30 45 d1 (C:\Qt_work\DialogG2\src\engine\MeteringBusController.cpp:283)
[2026-09-20 11:51:20.310] [DEBUG] [tid:2248] Metering TX: 02 03 00 30 00 30 45 e2 (C:\Qt_work\DialogG2\src\engine\MeteringBusController.cpp:283)
[2026-09-20 11:51:20.557] [DEBUG] [tid:2248] Metering TX: 02 03 00 90 00 30 45 c0 (C:\Qt_work\DialogG2\src\engine\MeteringBusController.cpp:283)
[2026-09-20 11:51:20.810] [DEBUG] [tid:2248] Metering TX: dd a5 03 00 ff fd 77 (C:\Qt_work\DialogG2\src\engine\MeteringBusController.cpp:283)
[2026-09-20 11:51:20.895] [DEBUG] [tid:2248] Metering TX: 06 03 00 0b 00 07 74 7d (C:\Qt_work\DialogG2\src\engine\MeteringBusController.cpp:283)
[2026-09-20 11:51:21.154] [DEBUG] [tid:2248] Metering TX: 02 03 00 c0 00 30 45 d1 (C:\Qt_work\DialogG2\src\engine\MeteringBusController.cpp:283)
[2026-09-20 11:51:21.409] [DEBUG] [tid:2248] Metering TX: 02 03 00 30 00 30 45 e2 (C:\Qt_work\DialogG2\src\engine\MeteringBusController.cpp:283)
[2026-09-20 11:51:21.662] [DEBUG] [tid:2248] Metering TX: 04 03 00 11 00 20 14 42 (C:\Qt_work\DialogG2\src\engine\MeteringBusController.cpp:283)
[2026-09-20 11:51:21.912] [DEBUG] [tid:2248] Metering TX: 05 03 03 00 00 02 c5 cb (C:\Qt_work\DialogG2\src\engine\MeteringBusController.cpp:283)
[2026-09-20 11:51:22.162] [DEBUG] [tid:2248] Metering TX: 06 03 00 0b 00 07 74 7d (C:\Qt_work\DialogG2\src\engine\MeteringBusController.cpp:283)
[2026-09-20 11:51:22.402] [DEBUG] [tid:2248] Metering TX: 02 03 00 c0 00 30 45 d1 (C:\Qt_work\DialogG2\src\engine\MeteringBusController.cpp:283)
[2026-09-20 11:51:22.662] [DEBUG] [tid:2248] Metering TX: 02 03 00 30 00 30 45 e2 (C:\Qt_work\DialogG2\src\engine\MeteringBusController.cpp:283)
[2026-09-20 11:51:22.905] [DEBUG] [tid:2248] Metering TX: 02 03 00 90 00 30 45 c0 (C:\Qt_work\DialogG2\src\engine\MeteringBusController.cpp:283)
[2026-09-20 11:51:23.162] [DEBUG] [tid:2248] Metering TX: dd a5 03 00 ff fd 77 (C:\Qt_work\DialogG2\src\engine\MeteringBusController.cpp:283)
[2026-09-20 11:51:23.245] [DEBUG] [tid:2248] Metering TX: 06 03 00 0b 00 07 74 7d (C:\Qt_work\DialogG2\src\engine\MeteringBusController.cpp:283)
[2026-09-20 11:51:23.513] [DEBUG] [tid:2248] Metering TX: 02 03 00 c0 00 30 45 d1 (C:\Qt_work\DialogG2\src\engine\MeteringBusController.cpp:283)
[2026-09-20 11:51:23.765] [DEBUG] [tid:2248] Metering TX: 04 03 00 11 00 20 14 42 (C:\Qt_work\DialogG2\src\engine\MeteringBusController.cpp:283)
[2026-09-20 11:51:24.015] [DEBUG] [tid:2248] Metering TX: 06 03 00 0b 00 07 74 7d (C:\Qt_work\DialogG2\src\engine\MeteringBusController.cpp:283)
[2026-09-20 11:51:24.262] [DEBUG] [tid:2248] Metering TX: 02 03 00 30 00 30 45 e2 (C:\Qt_work\DialogG2\src\engine\MeteringBusController.cpp:283)
[2026-09-20 11:51:24.535] [DEBUG] [tid:2248] Metering TX: 02 03 00 90 00 30 45 c0 (C:\Qt_work\DialogG2\src\engine\MeteringBusController.cpp:283)
[2026-09-20 11:51:24.780] [DEBUG] [tid:2248] Metering TX: dd a5 03 00 ff fd 77 (C:\Qt_work\DialogG2\src\engine\MeteringBusController.cpp:283)
[2026-09-20 11:51:24.875] [DEBUG] [tid:2248] Metering TX: 06 03 00 0b 00 07 74 7d (C:\Qt_work\DialogG2\src\engine\MeteringBusController.cpp:283)
[2026-09-20 11:51:25.132] [DEBUG] [tid:2248] Metering TX: 02 03 00 c0 00 30 45 d1 (C:\Qt_work\DialogG2\src\engine\MeteringBusController.cpp:283)
[2026-09-20 11:51:25.399] [DEBUG] [tid:2248] Metering TX: 02 03 00 30 00 30 45 e2 (C:\Qt_work\DialogG2\src\engine\MeteringBusController.cpp:283)
[2026-09-20 11:51:25.667] [DEBUG] [tid:2248] Metering TX: 04 03 00 11 00 20 14 42 (C:\Qt_work\DialogG2\src\engine\MeteringBusController.cpp:283)
[2026-09-20 11:51:25.918] [DEBUG] [tid:2248] Metering TX: dd a5 04 00 ff fc 77 (C:\Qt_work\DialogG2\src\engine\MeteringBusController.cpp:283)
[2026-09-20 11:51:26.000] [DEBUG] [tid:2248] Metering TX: 06 03 00 0b 00 07 74 7d (C:\Qt_work\DialogG2\src\engine\MeteringBusController.cpp:283)
[2026-09-20 11:51:26.244] [DEBUG] [tid:2248] Metering TX: 02 03 00 c0 00 30 45 d1 (C:\Qt_work\DialogG2\src\engine\MeteringBusController.cpp:283)
[2026-09-20 11:51:26.499] [DEBUG] [tid:2248] Metering TX: 02 03 00 30 00 30 45 e2 (C:\Qt_work\DialogG2\src\engine\MeteringBusController.cpp:283)
[2026-09-20 11:51:26.751] [DEBUG] [tid:2248] Metering TX: 02 03 00 90 00 30 45 c0 (C:\Qt_work\DialogG2\src\engine\MeteringBusController.cpp:283)
[2026-09-20 11:51:26.996] [DEBUG] [tid:2248] Metering TX: dd a5 03 00 ff fd 77 (C:\Qt_work\DialogG2\src\engine\MeteringBusController.cpp:283)
[2026-09-20 11:51:27.083] [DEBUG] [tid:2248] Metering TX: 05 03 03 00 00 02 c5 cb (C:\Qt_work\DialogG2\src\engine\MeteringBusController.cpp:283)
[2026-09-20 11:51:27.332] [DEBUG] [tid:2248] Metering TX: 06 03 00 0b 00 07 74 7d (C:\Qt_work\DialogG2\src\engine\MeteringBusController.cpp:283)
[2026-09-20 11:51:27.584] [DEBUG] [tid:2248] Metering TX: 02 03 00 c0 00 30 45 d1 (C:\Qt_work\DialogG2\src\engine\MeteringBusController.cpp:283)
[2026-09-20 11:51:27.852] [DEBUG] [tid:2248] Metering TX: 02 03 00 30 00 30 45 e2 (C:\Qt_work\DialogG2\src\engine\MeteringBusController.cpp:283)
[2026-09-20 11:51:28.117] [DEBUG] [tid:2248] Metering TX: 04 03 00 11 00 20 14 42 (C:\Qt_work\DialogG2\src\engine\MeteringBusController.cpp:283)
[2026-09-20 11:51:28.369] [DEBUG] [tid:2248] Metering TX: 06 03 00 0b 00 07 74 7d (C:\Qt_work\DialogG2\src\engine\MeteringBusController.cpp:283)
[2026-09-20 11:51:28.631] [DEBUG] [tid:2248] Metering TX: 02 03 00 90 00 30 45 c0 (C:\Qt_work\DialogG2\src\engine\MeteringBusController.cpp:283)
[2026-09-20 11:51:28.882] [DEBUG] [tid:2248] Metering TX: dd a5 03 00 ff fd 77 (C:\Qt_work\DialogG2\src\engine\MeteringBusController.cpp:283)
[2026-09-20 11:51:28.994] [DEBUG] [tid:2248] Metering TX: 06 03 00 0b 00 07 74 7d (C:\Qt_work\DialogG2\src\engine\MeteringBusController.cpp:283)
[2026-09-20 11:51:29.252] [DEBUG] [tid:2248] Metering TX: 02 03 00 c0 00 30 45 d1 (C:\Qt_work\DialogG2\src\engine\MeteringBusController.cpp:283)
[2026-09-20 11:51:29.503] [DEBUG] [tid:2248] Metering TX: 02 03 00 30 00 30 45 e2 (C:\Qt_work\DialogG2\src\engine\MeteringBusController.cpp:283)
[2026-09-20 11:51:29.750] [DEBUG] [tid:2248] Metering TX: 04 03 00 11 00 20 14 42 (C:\Qt_work\DialogG2\src\engine\MeteringBusController.cpp:283)
[2026-09-20 11:51:30.006] [DEBUG] [tid:2248] Metering TX: 06 03 00 0b 00 07 74 7d (C:\Qt_work\DialogG2\src\engine\MeteringBusController.cpp:283)
[2026-09-20 11:51:30.253] [DEBUG] [tid:2248] Metering TX: 02 03 00 c0 00 30 45 d1 (C:\Qt_work\DialogG2\src\engine\MeteringBusController.cpp:283)
[2026-09-20 11:51:30.503] [DEBUG] [tid:2248] Metering TX: 02 03 00 30 00 30 45 e2 (C:\Qt_work\DialogG2\src\engine\MeteringBusController.cpp:283)
[2026-09-20 11:51:30.754] [DEBUG] [tid:2248] Metering TX: 02 03 00 90 00 30 45 c0 (C:\Qt_work\DialogG2\src\engine\MeteringBusController.cpp:283)
[2026-09-20 11:51:30.998] [DEBUG] [tid:2248] Metering TX: dd a5 03 00 ff fd 77 (C:\Qt_work\DialogG2\src\engine\MeteringBusController.cpp:283)
[2026-09-20 11:51:31.092] [DEBUG] [tid:2248] Metering TX: 06 03 00 0b 00 07 74 7d (C:\Qt_work\DialogG2\src\engine\MeteringBusController.cpp:283)
[2026-09-20 11:51:31.358] [DEBUG] [tid:2248] Metering TX: 02 03 00 c0 00 30 45 d1 (C:\Qt_work\DialogG2\src\engine\MeteringBusController.cpp:283)
[2026-09-20 11:51:31.605] [DEBUG] [tid:2248] Metering TX: 02 03 00 30 00 30 45 e2 (C:\Qt_work\DialogG2\src\engine\MeteringBusController.cpp:283)
[2026-09-20 11:51:31.870] [DEBUG] [tid:2248] Metering TX: 04 03 00 11 00 20 14 42 (C:\Qt_work\DialogG2\src\engine\MeteringBusController.cpp:283)
[2026-09-20 11:51:32.123] [DEBUG] [tid:2248] Metering TX: 05 03 03 00 00 02 c5 cb (C:\Qt_work\DialogG2\src\engine\MeteringBusController.cpp:283)
[2026-09-20 11:51:32.384] [DEBUG] [tid:2248] Metering TX: 06 03 00 0b 00 07 74 7d (C:\Qt_work\DialogG2\src\engine\MeteringBusController.cpp:283)
[2026-09-20 11:51:32.640] [DEBUG] [tid:2248] Metering TX: 02 03 00 c0 00 30 45 d1 (C:\Qt_work\DialogG2\src\engine\MeteringBusController.cpp:283)
[2026-09-20 11:51:32.893] [DEBUG] [tid:2248] Metering TX: 02 03 00 30 00 30 45 e2 (C:\Qt_work\DialogG2\src\engine\MeteringBusController.cpp:283)
[2026-09-20 11:51:33.140] [DEBUG] [tid:2248] Metering TX: 02 03 00 90 00 30 45 c0 (C:\Qt_work\DialogG2\src\engine\MeteringBusController.cpp:283)
[2026-09-20 11:51:33.393] [DEBUG] [tid:2248] Metering TX: dd a5 03 00 ff fd 77 (C:\Qt_work\DialogG2\src\engine\MeteringBusController.cpp:283)
[2026-09-20 11:51:33.490] [DEBUG] [tid:2248] Metering TX: 06 03 00 0b 00 07 74 7d (C:\Qt_work\DialogG2\src\engine\MeteringBusController.cpp:283)
[2026-09-20 11:51:33.739] [DEBUG] [tid:2248] Metering TX: 02 03 00 c0 00 30 45 d1 (C:\Qt_work\DialogG2\src\engine\MeteringBusController.cpp:283)
[2026-09-20 11:51:33.980] [DEBUG] [tid:2248] Metering TX: 04 03 00 11 00 20 14 42 (C:\Qt_work\DialogG2\src\engine\MeteringBusController.cpp:283)
[2026-09-20 11:51:34.238] [DEBUG] [tid:2248] Metering TX: 06 03 00 0b 00 07 74 7d (C:\Qt_work\DialogG2\src\engine\MeteringBusController.cpp:283)
[2026-09-20 11:51:34.490] [DEBUG] [tid:2248] Metering TX: 02 03 00 30 00 30 45 e2 (C:\Qt_work\DialogG2\src\engine\MeteringBusController.cpp:283)
[2026-09-20 11:51:34.742] [DEBUG] [tid:2248] Metering TX: 02 03 00 90 00 30 45 c0 (C:\Qt_work\DialogG2\src\engine\MeteringBusController.cpp:283)
[2026-09-20 11:51:34.992] [DEBUG] [tid:2248] Metering TX: dd a5 03 00 ff fd 77 (C:\Qt_work\DialogG2\src\engine\MeteringBusController.cpp:283)
[2026-09-20 11:51:35.087] [DEBUG] [tid:2248] Metering TX: 06 03 00 0b 00 07 74 7d (C:\Qt_work\DialogG2\src\engine\MeteringBusController.cpp:283)
[2026-09-20 11:51:35.358] [DEBUG] [tid:2248] Metering TX: 02 03 00 c0 00 30 45 d1 (C:\Qt_work\DialogG2\src\engine\MeteringBusController.cpp:283)
[2026-09-20 11:51:35.609] [DEBUG] [tid:2248] Metering TX: 02 03 00 30 00 30 45 e2 (C:\Qt_work\DialogG2\src\engine\MeteringBusController.cpp:283)
[2026-09-20 11:51:35.860] [DEBUG] [tid:2248] Metering TX: 04 03 00 11 00 20 14 42 (C:\Qt_work\DialogG2\src\engine\MeteringBusController.cpp:283)
[2026-09-20 11:51:36.106] [DEBUG] [tid:2248] Metering TX: dd a5 04 00 ff fc 77 (C:\Qt_work\DialogG2\src\engine\MeteringBusController.cpp:283)
[2026-09-20 11:51:36.172] [DEBUG] [tid:2248] Metering TX: 06 03 00 0b 00 07 74 7d (C:\Qt_work\DialogG2\src\engine\MeteringBusController.cpp:283)
[2026-09-20 11:51:36.426] [DEBUG] [tid:2248] Metering TX: 02 03 00 c0 00 30 45 d1 (C:\Qt_work\DialogG2\src\engine\MeteringBusController.cpp:283)
[2026-09-20 11:51:36.677] [DEBUG] [tid:2248] Metering TX: 02 03 00 30 00 30 45 e2 (C:\Qt_work\DialogG2\src\engine\MeteringBusController.cpp:283)
[2026-09-20 11:51:36.920] [DEBUG] [tid:2248] Metering TX: 02 03 00 90 00 30 45 c0 (C:\Qt_work\DialogG2\src\engine\MeteringBusController.cpp:283)
[2026-09-20 11:51:37.177] [DEBUG] [tid:2248] Metering TX: dd a5 03 00 ff fd 77 (C:\Qt_work\DialogG2\src\engine\MeteringBusController.cpp:283)
[2026-09-20 11:51:37.292] [DEBUG] [tid:2248] Metering TX: 05 03 03 00 00 02 c5 cb (C:\Qt_work\DialogG2\src\engine\MeteringBusController.cpp:283)
[2026-09-20 11:51:37.539] [DEBUG] [tid:2248] Metering TX: 06 03 00 0b 00 07 74 7d (C:\Qt_work\DialogG2\src\engine\MeteringBusController.cpp:283)
[2026-09-20 11:51:37.804] [DEBUG] [tid:2248] Metering TX: 02 03 00 c0 00 30 45 d1 (C:\Qt_work\DialogG2\src\engine\MeteringBusController.cpp:283)
[2026-09-20 11:51:38.063] [DEBUG] [tid:2248] Metering TX: 02 03 00 30 00 30 45 e2 (C:\Qt_work\DialogG2\src\engine\MeteringBusController.cpp:283)
[2026-09-20 11:51:38.308] [DEBUG] [tid:2248] Metering TX: 04 03 00 11 00 20 14 42 (C:\Qt_work\DialogG2\src\engine\MeteringBusController.cpp:283)
[2026-09-20 11:51:38.562] [DEBUG] [tid:2248] Metering TX: 06 03 00 0b 00 07 74 7d (C:\Qt_work\DialogG2\src\engine\MeteringBusController.cpp:283)
[2026-09-20 11:51:38.811] [DEBUG] [tid:2248] Metering TX: 02 03 00 90 00 30 45 c0 (C:\Qt_work\DialogG2\src\engine\MeteringBusController.cpp:283)
[2026-09-20 11:51:39.079] [DEBUG] [tid:2248] Metering TX: dd a5 03 00 ff fd 77 (C:\Qt_work\DialogG2\src\engine\MeteringBusController.cpp:283)
[2026-09-20 11:51:39.178] [DEBUG] [tid:2248] Metering TX: 06 03 00 0b 00 07 74 7d (C:\Qt_work\DialogG2\src\engine\MeteringBusController.cpp:283)
[2026-09-20 11:51:39.419] [DEBUG] [tid:2248] Metering TX: 02 03 00 c0 00 30 45 d1 (C:\Qt_work\DialogG2\src\engine\MeteringBusController.cpp:283)
[2026-09-20 11:51:39.679] [DEBUG] [tid:2248] Metering TX: 02 03 00 30 00 30 45 e2 (C:\Qt_work\DialogG2\src\engine\MeteringBusController.cpp:283)
[2026-09-20 11:51:39.943] [DEBUG] [tid:2248] Metering TX: 04 03 00 11 00 20 14 42 (C:\Qt_work\DialogG2\src\engine\MeteringBusController.cpp:283)
[2026-09-20 11:51:40.214] [DEBUG] [tid:2248] Metering TX: 06 03 00 0b 00 07 74 7d (C:\Qt_work\DialogG2\src\engine\MeteringBusController.cpp:283)
[2026-09-20 11:51:40.475] [DEBUG] [tid:2248] Metering TX: 02 03 00 c0 00 30 45 d1 (C:\Qt_work\DialogG2\src\engine\MeteringBusController.cpp:283)
[2026-09-20 11:51:40.714] [DEBUG] [tid:2248] Metering TX: 02 03 00 30 00 30 45 e2 (C:\Qt_work\DialogG2\src\engine\MeteringBusController.cpp:283)
[2026-09-20 11:51:40.975] [DEBUG] [tid:2248] Metering TX: 02 03 00 90 00 30 45 c0 (C:\Qt_work\DialogG2\src\engine\MeteringBusController.cpp:283)
[2026-09-20 11:51:41.225] [DEBUG] [tid:2248] Metering TX: dd a5 03 00 ff fd 77 (C:\Qt_work\DialogG2\src\engine\MeteringBusController.cpp:283)
[2026-09-20 11:51:41.320] [DEBUG] [tid:2248] Metering TX: 06 03 00 0b 00 07 74 7d (C:\Qt_work\DialogG2\src\engine\MeteringBusController.cpp:283)
[2026-09-20 11:51:41.577] [DEBUG] [tid:2248] Metering TX: 02 03 00 c0 00 30 45 d1 (C:\Qt_work\DialogG2\src\engine\MeteringBusController.cpp:283)
[2026-09-20 11:51:41.828] [DEBUG] [tid:2248] Metering TX: 02 03 00 30 00 30 45 e2 (C:\Qt_work\DialogG2\src\engine\MeteringBusController.cpp:283)
[2026-09-20 11:51:42.080] [DEBUG] [tid:2248] Metering TX: 04 03 00 11 00 20 14 42 (C:\Qt_work\DialogG2\src\engine\MeteringBusController.cpp:283)
[2026-09-20 11:51:42.327] [DEBUG] [tid:2248] Metering TX: 05 03 03 00 00 02 c5 cb (C:\Qt_work\DialogG2\src\engine\MeteringBusController.cpp:283)
[2026-09-20 11:51:42.576] [DEBUG] [tid:2248] Metering TX: 06 03 00 0b 00 07 74 7d (C:\Qt_work\DialogG2\src\engine\MeteringBusController.cpp:283)
[2026-09-20 11:51:42.831] [DEBUG] [tid:2248] Metering TX: 02 03 00 c0 00 30 45 d1 (C:\Qt_work\DialogG2\src\engine\MeteringBusController.cpp:283)
[2026-09-20 11:51:43.097] [DEBUG] [tid:2248] Metering TX: 02 03 00 30 00 30 45 e2 (C:\Qt_work\DialogG2\src\engine\MeteringBusController.cpp:283)
[2026-09-20 11:51:43.342] [DEBUG] [tid:2248] Metering TX: 02 03 00 90 00 30 45 c0 (C:\Qt_work\DialogG2\src\engine\MeteringBusController.cpp:283)
[2026-09-20 11:51:43.596] [DEBUG] [tid:2248] Metering TX: dd a5 03 00 ff fd 77 (C:\Qt_work\DialogG2\src\engine\MeteringBusController.cpp:283)
[2026-09-20 11:51:43.684] [DEBUG] [tid:2248] Metering TX: 06 03 00 0b 00 07 74 7d (C:\Qt_work\DialogG2\src\engine\MeteringBusController.cpp:283)
[2026-09-20 11:51:43.952] [DEBUG] [tid:2248] Metering TX: 02 03 00 c0 00 30 45 d1 (C:\Qt_work\DialogG2\src\engine\MeteringBusController.cpp:283)
[2026-09-20 11:51:44.202] [DEBUG] [tid:2248] Metering TX: 04 03 00 11 00 20 14 42 (C:\Qt_work\DialogG2\src\engine\MeteringBusController.cpp:283)
[2026-09-20 11:51:44.448] [DEBUG] [tid:2248] Metering TX: 06 03 00 0b 00 07 74 7d (C:\Qt_work\DialogG2\src\engine\MeteringBusController.cpp:283)
[2026-09-20 11:51:44.701] [DEBUG] [tid:2248] Metering TX: 02 03 00 30 00 30 45 e2 (C:\Qt_work\DialogG2\src\engine\MeteringBusController.cpp:283)
[2026-09-20 11:51:44.945] [DEBUG] [tid:2248] Metering TX: 02 03 00 90 00 30 45 c0 (C:\Qt_work\DialogG2\src\engine\MeteringBusController.cpp:283)
[2026-09-20 11:51:45.199] [DEBUG] [tid:2248] Metering TX: dd a5 03 00 ff fd 77 (C:\Qt_work\DialogG2\src\engine\MeteringBusController.cpp:283)
[2026-09-20 11:51:45.300] [DEBUG] [tid:2248] Metering TX: 06 03 00 0b 00 07 74 7d (C:\Qt_work\DialogG2\src\engine\MeteringBusController.cpp:283)
[2026-09-20 11:51:45.554] [DEBUG] [tid:2248] Metering TX: 02 03 00 c0 00 30 45 d1 (C:\Qt_work\DialogG2\src\engine\MeteringBusController.cpp:283)
[2026-09-20 11:51:45.815] [DEBUG] [tid:2248] Metering TX: 02 03 00 30 00 30 45 e2 (C:\Qt_work\DialogG2\src\engine\MeteringBusController.cpp:283)
[2026-09-20 11:51:46.070] [DEBUG] [tid:2248] Metering TX: 02 03 00 90 00 30 45 c0 (C:\Qt_work\DialogG2\src\engine\MeteringBusController.cpp:283)
[2026-09-20 11:51:46.336] [DEBUG] [tid:2248] Metering TX: 04 03 00 11 00 20 14 42 (C:\Qt_work\DialogG2\src\engine\MeteringBusController.cpp:283)
[2026-09-20 11:51:46.603] [DEBUG] [tid:2248] Metering TX: dd a5 04 00 ff fc 77 (C:\Qt_work\DialogG2\src\engine\MeteringBusController.cpp:283)
[2026-09-20 11:51:46.672] [DEBUG] [tid:2248] Metering TX: 06 03 00 0b 00 07 74 7d (C:\Qt_work\DialogG2\src\engine\MeteringBusController.cpp:283)
[2026-09-20 11:51:46.928] [DEBUG] [tid:2248] Metering TX: 02 03 00 c0 00 30 45 d1 (C:\Qt_work\DialogG2\src\engine\MeteringBusController.cpp:283)
[2026-09-20 11:51:47.183] [DEBUG] [tid:2248] Metering TX: 02 03 00 30 00 30 45 e2 (C:\Qt_work\DialogG2\src\engine\MeteringBusController.cpp:283)
[2026-09-20 11:51:47.432] [DEBUG] [tid:2248] Metering TX: dd a5 03 00 ff fd 77 (C:\Qt_work\DialogG2\src\engine\MeteringBusController.cpp:283)
[2026-09-20 11:51:47.520] [DEBUG] [tid:2248] Metering TX: 05 03 03 00 00 02 c5 cb (C:\Qt_work\DialogG2\src\engine\MeteringBusController.cpp:283)
[2026-09-20 11:51:47.770] [DEBUG] [tid:2248] Metering TX: 06 03 00 0b 00 07 74 7d (C:\Qt_work\DialogG2\src\engine\MeteringBusController.cpp:283)
[2026-09-20 11:51:48.024] [DEBUG] [tid:2248] Metering TX: 02 03 00 c0 00 30 45 d1 (C:\Qt_work\DialogG2\src\engine\MeteringBusController.cpp:283)
[2026-09-20 11:51:48.282] [DEBUG] [tid:2248] Metering TX: 02 03 00 90 00 30 45 c0 (C:\Qt_work\DialogG2\src\engine\MeteringBusController.cpp:283)
[2026-09-20 11:51:48.534] [DEBUG] [tid:2248] Metering TX: 04 03 00 11 00 20 14 42 (C:\Qt_work\DialogG2\src\engine\MeteringBusController.cpp:283)
[2026-09-20 11:51:48.785] [DEBUG] [tid:2248] Metering TX: 06 03 00 0b 00 07 74 7d (C:\Qt_work\DialogG2\src\engine\MeteringBusController.cpp:283)
[2026-09-20 11:51:49.039] [DEBUG] [tid:2248] Metering TX: 02 03 00 c0 00 30 45 d1 (C:\Qt_work\DialogG2\src\engine\MeteringBusController.cpp:283)
[2026-09-20 11:51:49.305] [DEBUG] [tid:2248] Metering TX: 02 03 00 30 00 30 45 e2 (C:\Qt_work\DialogG2\src\engine\MeteringBusController.cpp:283)
[2026-09-20 11:51:49.565] [DEBUG] [tid:2248] Metering TX: dd a5 03 00 ff fd 77 (C:\Qt_work\DialogG2\src\engine\MeteringBusController.cpp:283)
[2026-09-20 11:51:49.676] [DEBUG] [tid:2248] Metering TX: 06 03 00 0b 00 07 74 7d (C:\Qt_work\DialogG2\src\engine\MeteringBusController.cpp:283)
[2026-09-20 11:51:49.918] [DEBUG] [tid:2248] Metering TX: 02 03 00 c0 00 30 45 d1 (C:\Qt_work\DialogG2\src\engine\MeteringBusController.cpp:283)
[2026-09-20 11:51:50.172] [DEBUG] [tid:2248] Metering TX: 02 03 00 90 00 30 45 c0 (C:\Qt_work\DialogG2\src\engine\MeteringBusController.cpp:283)
[2026-09-20 11:51:50.424] [DEBUG] [tid:2248] Metering TX: 04 03 00 11 00 20 14 42 (C:\Qt_work\DialogG2\src\engine\MeteringBusController.cpp:283)
[2026-09-20 11:51:50.674] [DEBUG] [tid:2248] Metering TX: 06 03 00 0b 00 07 74 7d (C:\Qt_work\DialogG2\src\engine\MeteringBusController.cpp:283)
[2026-09-20 11:51:50.918] [DEBUG] [tid:2248] Metering TX: 02 03 00 c0 00 30 45 d1 (C:\Qt_work\DialogG2\src\engine\MeteringBusController.cpp:283)
[2026-09-20 11:51:51.176] [DEBUG] [tid:2248] Metering TX: 02 03 00 30 00 30 45 e2 (C:\Qt_work\DialogG2\src\engine\MeteringBusController.cpp:283)
[2026-09-20 11:51:51.422] [DEBUG] [tid:2248] Metering TX: dd a5 03 00 ff fd 77 (C:\Qt_work\DialogG2\src\engine\MeteringBusController.cpp:283)
[2026-09-20 11:51:51.514] [DEBUG] [tid:2248] Metering TX: 06 03 00 0b 00 07 74 7d (C:\Qt_work\DialogG2\src\engine\MeteringBusController.cpp:283)
[2026-09-20 11:51:51.770] [DEBUG] [tid:2248] Metering TX: 02 03 00 c0 00 30 45 d1 (C:\Qt_work\DialogG2\src\engine\MeteringBusController.cpp:283)
[2026-09-20 11:51:52.009] [DEBUG] [tid:2248] Metering TX: 02 03 00 90 00 30 45 c0 (C:\Qt_work\DialogG2\src\engine\MeteringBusController.cpp:283)
[2026-09-20 11:51:52.270] [DEBUG] [tid:2248] Metering TX: 04 03 00 11 00 20 14 42 (C:\Qt_work\DialogG2\src\engine\MeteringBusController.cpp:283)
[2026-09-20 11:51:52.522] [DEBUG] [tid:2248] Metering TX: 05 03 03 00 00 02 c5 cb (C:\Qt_work\DialogG2\src\engine\MeteringBusController.cpp:283)
[2026-09-20 11:51:52.759] [DEBUG] [tid:2248] Metering TX: 06 03 00 0b 00 07 74 7d (C:\Qt_work\DialogG2\src\engine\MeteringBusController.cpp:283)
[2026-09-20 11:51:53.027] [DEBUG] [tid:2248] Metering TX: 02 03 00 c0 00 30 45 d1 (C:\Qt_work\DialogG2\src\engine\MeteringBusController.cpp:283)
[2026-09-20 11:51:53.289] [DEBUG] [tid:2248] Metering TX: 02 03 00 30 00 30 45 e2 (C:\Qt_work\DialogG2\src\engine\MeteringBusController.cpp:283)
[2026-09-20 11:51:53.541] [DEBUG] [tid:2248] Metering TX: 02 03 00 90 00 30 45 c0 (C:\Qt_work\DialogG2\src\engine\MeteringBusController.cpp:283)
[2026-09-20 11:51:53.792] [DEBUG] [tid:2248] Metering TX: dd a5 03 00 ff fd 77 (C:\Qt_work\DialogG2\src\engine\MeteringBusController.cpp:283)
[2026-09-20 11:51:53.890] [DEBUG] [tid:2248] Metering TX: 06 03 00 0b 00 07 74 7d (C:\Qt_work\DialogG2\src\engine\MeteringBusController.cpp:283)
[2026-09-20 11:51:54.158] [DEBUG] [tid:2248] Metering TX: 02 03 00 c0 00 30 45 d1 (C:\Qt_work\DialogG2\src\engine\MeteringBusController.cpp:283)
[2026-09-20 11:51:54.407] [DEBUG] [tid:2248] Metering TX: 04 03 00 11 00 20 14 42 (C:\Qt_work\DialogG2\src\engine\MeteringBusController.cpp:283)
[2026-09-20 11:51:54.663] [DEBUG] [tid:2248] Metering TX: 06 03 00 0b 00 07 74 7d (C:\Qt_work\DialogG2\src\engine\MeteringBusController.cpp:283)
[2026-09-20 11:51:54.911] [DEBUG] [tid:2248] Metering TX: 02 03 00 30 00 30 45 e2 (C:\Qt_work\DialogG2\src\engine\MeteringBusController.cpp:283)
[2026-09-20 11:51:55.157] [DEBUG] [tid:2248] Metering TX: 02 03 00 90 00 30 45 c0 (C:\Qt_work\DialogG2\src\engine\MeteringBusController.cpp:283)
[2026-09-20 11:51:55.413] [DEBUG] [tid:2248] Metering TX: dd a5 03 00 ff fd 77 (C:\Qt_work\DialogG2\src\engine\MeteringBusController.cpp:283)
[2026-09-20 11:51:55.510] [DEBUG] [tid:2248] Metering TX: 06 03 00 0b 00 07 74 7d (C:\Qt_work\DialogG2\src\engine\MeteringBusController.cpp:283)
[2026-09-20 11:51:55.779] [DEBUG] [tid:2248] Metering TX: 02 03 00 c0 00 30 45 d1 (C:\Qt_work\DialogG2\src\engine\MeteringBusController.cpp:283)
[2026-09-20 11:51:56.030] [DEBUG] [tid:2248] Metering TX: 02 03 00 30 00 30 45 e2 (C:\Qt_work\DialogG2\src\engine\MeteringBusController.cpp:283)
[2026-09-20 11:51:56.279] [DEBUG] [tid:2248] Metering TX: 04 03 00 11 00 20 14 42 (C:\Qt_work\DialogG2\src\engine\MeteringBusController.cpp:283)
[2026-09-20 11:51:56.529] [DEBUG] [tid:2248] Metering TX: dd a5 04 00 ff fc 77 (C:\Qt_work\DialogG2\src\engine\MeteringBusController.cpp:283)
[2026-09-20 11:51:56.613] [DEBUG] [tid:2248] Metering TX: 06 03 00 0b 00 07 74 7d (C:\Qt_work\DialogG2\src\engine\MeteringBusController.cpp:283)
[2026-09-20 11:51:56.858] [DEBUG] [tid:2248] Metering TX: 02 03 00 c0 00 30 45 d1 (C:\Qt_work\DialogG2\src\engine\MeteringBusController.cpp:283)
[2026-09-20 11:51:57.113] [DEBUG] [tid:2248] Metering TX: 02 03 00 30 00 30 45 e2 (C:\Qt_work\DialogG2\src\engine\MeteringBusController.cpp:283)
[2026-09-20 11:51:57.364] [DEBUG] [tid:2248] Metering TX: 02 03 00 90 00 30 45 c0 (C:\Qt_work\DialogG2\src\engine\MeteringBusController.cpp:283)
[2026-09-20 11:51:57.630] [DEBUG] [tid:2248] Metering TX: dd a5 03 00 ff fd 77 (C:\Qt_work\DialogG2\src\engine\MeteringBusController.cpp:283)
[2026-09-20 11:51:57.715] [DEBUG] [tid:2248] Metering TX: 05 03 03 00 00 02 c5 cb (C:\Qt_work\DialogG2\src\engine\MeteringBusController.cpp:283)
[2026-09-20 11:51:57.964] [DEBUG] [tid:2248] Metering TX: 06 03 00 0b 00 07 74 7d (C:\Qt_work\DialogG2\src\engine\MeteringBusController.cpp:283)
[2026-09-20 11:51:58.215] [DEBUG] [tid:2248] Metering TX: 02 03 00 c0 00 30 45 d1 (C:\Qt_work\DialogG2\src\engine\MeteringBusController.cpp:283)
[2026-09-20 11:51:58.466] [DEBUG] [tid:2248] Metering TX: 02 03 00 30 00 30 45 e2 (C:\Qt_work\DialogG2\src\engine\MeteringBusController.cpp:283)
[2026-09-20 11:51:58.716] [DEBUG] [tid:2248] Metering TX: 04 03 00 11 00 20 14 42 (C:\Qt_work\DialogG2\src\engine\MeteringBusController.cpp:283)
[2026-09-20 11:51:58.965] [DEBUG] [tid:2248] Metering TX: 06 03 00 0b 00 07 74 7d (C:\Qt_work\DialogG2\src\engine\MeteringBusController.cpp:283)
[2026-09-20 11:51:59.216] [DEBUG] [tid:2248] Metering TX: 02 03 00 c0 00 30 45 d1 (C:\Qt_work\DialogG2\src\engine\MeteringBusController.cpp:283)
[2026-09-20 11:51:59.466] [DEBUG] [tid:2248] Metering TX: 02 03 00 90 00 30 45 c0 (C:\Qt_work\DialogG2\src\engine\MeteringBusController.cpp:283)
[2026-09-20 11:51:59.717] [DEBUG] [tid:2248] Metering TX: dd a5 03 00 ff fd 77 (C:\Qt_work\DialogG2\src\engine\MeteringBusController.cpp:283)
[2026-09-20 11:51:59.816] [DEBUG] [tid:2248] Metering TX: 06 03 00 0b 00 07 74 7d (C:\Qt_work\DialogG2\src\engine\MeteringBusController.cpp:283)
[2026-09-20 11:52:00.065] [DEBUG] [tid:2248] Metering TX: 02 03 00 c0 00 30 45 d1 (C:\Qt_work\DialogG2\src\engine\MeteringBusController.cpp:283)
[2026-09-20 11:52:00.318] [DEBUG] [tid:2248] Metering TX: 02 03 00 30 00 30 45 e2 (C:\Qt_work\DialogG2\src\engine\MeteringBusController.cpp:283)
[2026-09-20 11:52:00.565] [DEBUG] [tid:2248] Metering TX: 04 03 00 11 00 20 14 42 (C:\Qt_work\DialogG2\src\engine\MeteringBusController.cpp:283)
[2026-09-20 11:52:00.818] [DEBUG] [tid:2248] Metering TX: dd a5 03 00 ff fd 77 (C:\Qt_work\DialogG2\src\engine\MeteringBusController.cpp:283)
[2026-09-20 11:52:00.910] [DEBUG] [tid:2248] Metering TX: 06 03 00 0b 00 07 74 7d (C:\Qt_work\DialogG2\src\engine\MeteringBusController.cpp:283)
[2026-09-20 11:52:01.150] [DEBUG] [tid:2248] Metering TX: 02 03 00 c0 00 30 45 d1 (C:\Qt_work\DialogG2\src\engine\MeteringBusController.cpp:283)
[2026-09-20 11:52:01.401] [DEBUG] [tid:2248] Metering TX: 02 03 00 30 00 30 45 e2 (C:\Qt_work\DialogG2\src\engine\MeteringBusController.cpp:283)
[2026-09-20 11:52:01.651] [DEBUG] [tid:2248] Metering TX: 02 03 00 90 00 30 45 c0 (C:\Qt_work\DialogG2\src\engine\MeteringBusController.cpp:283)
[2026-09-20 11:52:01.918] [DEBUG] [tid:2248] Metering TX: 06 03 00 0b 00 07 74 7d (C:\Qt_work\DialogG2\src\engine\MeteringBusController.cpp:283)
[2026-09-20 11:52:02.168] [DEBUG] [tid:2248] Metering TX: 02 03 00 c0 00 30 45 d1 (C:\Qt_work\DialogG2\src\engine\MeteringBusController.cpp:283)
[2026-09-20 11:52:02.418] [DEBUG] [tid:2248] Metering TX: 04 03 00 11 00 20 14 42 (C:\Qt_work\DialogG2\src\engine\MeteringBusController.cpp:283)
[2026-09-20 11:52:02.670] [DEBUG] [tid:2248] Metering TX: 05 03 03 00 00 02 c5 cb (C:\Qt_work\DialogG2\src\engine\MeteringBusController.cpp:283)
[2026-09-20 11:52:02.921] [DEBUG] [tid:2248] Metering TX: dd a5 03 00 ff fd 77 (C:\Qt_work\DialogG2\src\engine\MeteringBusController.cpp:283)
[2026-09-20 11:52:03.020] [DEBUG] [tid:2248] Metering TX: 06 03 00 0b 00 07 74 7d (C:\Qt_work\DialogG2\src\engine\MeteringBusController.cpp:283)
[2026-09-20 11:52:03.270] [DEBUG] [tid:2248] Metering TX: 02 03 00 c0 00 30 45 d1 (C:\Qt_work\DialogG2\src\engine\MeteringBusController.cpp:283)
[2026-09-20 11:52:03.523] [DEBUG] [tid:2248] Metering TX: 02 03 00 30 00 30 45 e2 (C:\Qt_work\DialogG2\src\engine\MeteringBusController.cpp:283)
[2026-09-20 11:52:03.770] [DEBUG] [tid:2248] Metering TX: 02 03 00 90 00 30 45 c0 (C:\Qt_work\DialogG2\src\engine\MeteringBusController.cpp:283)
[2026-09-20 11:52:04.022] [DEBUG] [tid:2248] Metering TX: 06 03 00 0b 00 07 74 7d (C:\Qt_work\DialogG2\src\engine\MeteringBusController.cpp:283)
[2026-09-20 11:52:04.270] [DEBUG] [tid:2248] Metering TX: 02 03 00 c0 00 30 45 d1 (C:\Qt_work\DialogG2\src\engine\MeteringBusController.cpp:283)
[2026-09-20 11:52:04.523] [DEBUG] [tid:2248] Metering TX: 04 03 00 11 00 20 14 42 (C:\Qt_work\DialogG2\src\engine\MeteringBusController.cpp:283)
[2026-09-20 11:52:04.787] [DEBUG] [tid:2248] Metering TX: dd a5 03 00 ff fd 77 (C:\Qt_work\DialogG2\src\engine\MeteringBusController.cpp:283)
[2026-09-20 11:52:04.888] [DEBUG] [tid:2248] Metering TX: 06 03 00 0b 00 07 74 7d (C:\Qt_work\DialogG2\src\engine\MeteringBusController.cpp:283)
[2026-09-20 11:52:05.153] [DEBUG] [tid:2248] Metering TX: 02 03 00 c0 00 30 45 d1 (C:\Qt_work\DialogG2\src\engine\MeteringBusController.cpp:283)
[2026-09-20 11:52:05.401] [DEBUG] [tid:2248] Metering TX: 02 03 00 30 00 30 45 e2 (C:\Qt_work\DialogG2\src\engine\MeteringBusController.cpp:283)
[2026-09-20 11:52:05.656] [DEBUG] [tid:2248] Metering TX: 02 03 00 90 00 30 45 c0 (C:\Qt_work\DialogG2\src\engine\MeteringBusController.cpp:283)
[2026-09-20 11:52:05.904] [DEBUG] [tid:2248] Metering TX: dd a5 04 00 ff fc 77 (C:\Qt_work\DialogG2\src\engine\MeteringBusController.cpp:283)
[2026-09-20 11:52:05.976] [DEBUG] [tid:2248] Metering TX: 06 03 00 0b 00 07 74 7d (C:\Qt_work\DialogG2\src\engine\MeteringBusController.cpp:283)
[2026-09-20 11:52:06.236] [DEBUG] [tid:2248] Metering TX: 02 03 00 c0 00 30 45 d1 (C:\Qt_work\DialogG2\src\engine\MeteringBusController.cpp:283)
[2026-09-20 11:52:06.489] [DEBUG] [tid:2248] Metering TX: 02 03 00 30 00 30 45 e2 (C:\Qt_work\DialogG2\src\engine\MeteringBusController.cpp:283)
[2026-09-20 11:52:06.741] [DEBUG] [tid:2248] Metering TX: 04 03 00 11 00 20 14 42 (C:\Qt_work\DialogG2\src\engine\MeteringBusController.cpp:283)
[2026-09-20 11:52:06.992] [DEBUG] [tid:2248] Metering TX: dd a5 03 00 ff fd 77 (C:\Qt_work\DialogG2\src\engine\MeteringBusController.cpp:283)
[2026-09-20 11:52:07.075] [DEBUG] [tid:2248] Metering TX: 06 03 00 0b 00 07 74 7d (C:\Qt_work\DialogG2\src\engine\MeteringBusController.cpp:283)
[2026-09-20 11:52:07.324] [DEBUG] [tid:2248] Metering TX: 02 03 00 c0 00 30 45 d1 (C:\Qt_work\DialogG2\src\engine\MeteringBusController.cpp:283)
[2026-09-20 11:52:07.576] [DEBUG] [tid:2248] Metering TX: 02 03 00 90 00 30 45 c0 (C:\Qt_work\DialogG2\src\engine\MeteringBusController.cpp:283)
[2026-09-20 11:52:07.824] [DEBUG] [tid:2248] Metering TX: 05 03 03 00 00 02 c5 cb (C:\Qt_work\DialogG2\src\engine\MeteringBusController.cpp:283)
[2026-09-20 11:52:08.077] [DEBUG] [tid:2248] Metering TX: 06 03 00 0b 00 07 74 7d (C:\Qt_work\DialogG2\src\engine\MeteringBusController.cpp:283)
[2026-09-20 11:52:08.325] [DEBUG] [tid:2248] Metering TX: 02 03 00 c0 00 30 45 d1 (C:\Qt_work\DialogG2\src\engine\MeteringBusController.cpp:283)
[2026-09-20 11:52:08.576] [DEBUG] [tid:2248] Metering TX: 02 03 00 30 00 30 45 e2 (C:\Qt_work\DialogG2\src\engine\MeteringBusController.cpp:283)
[2026-09-20 11:52:08.825] [DEBUG] [tid:2248] Metering TX: 04 03 00 11 00 20 14 42 (C:\Qt_work\DialogG2\src\engine\MeteringBusController.cpp:283)
[2026-09-20 11:52:09.077] [DEBUG] [tid:2248] Metering TX: dd a5 03 00 ff fd 77 (C:\Qt_work\DialogG2\src\engine\MeteringBusController.cpp:283)
[2026-09-20 11:52:09.181] [DEBUG] [tid:2248] Metering TX: 06 03 00 0b 00 07 74 7d (C:\Qt_work\DialogG2\src\engine\MeteringBusController.cpp:283)
[2026-09-20 11:52:09.442] [DEBUG] [tid:2248] Metering TX: 02 03 00 c0 00 30 45 d1 (C:\Qt_work\DialogG2\src\engine\MeteringBusController.cpp:283)
[2026-09-20 11:52:09.692] [DEBUG] [tid:2248] Metering TX: 02 03 00 90 00 30 45 c0 (C:\Qt_work\DialogG2\src\engine\MeteringBusController.cpp:283)
[2026-09-20 11:52:09.944] [DEBUG] [tid:2248] Metering TX: 06 03 00 0b 00 07 74 7d (C:\Qt_work\DialogG2\src\engine\MeteringBusController.cpp:283)
[2026-09-20 11:52:10.188] [DEBUG] [tid:2248] Metering TX: 02 03 00 c0 00 30 45 d1 (C:\Qt_work\DialogG2\src\engine\MeteringBusController.cpp:283)
[2026-09-20 11:52:10.444] [DEBUG] [tid:2248] Metering TX: 02 03 00 30 00 30 45 e2 (C:\Qt_work\DialogG2\src\engine\MeteringBusController.cpp:283)
[2026-09-20 11:52:10.694] [DEBUG] [tid:2248] Metering TX: 04 03 00 11 00 20 14 42 (C:\Qt_work\DialogG2\src\engine\MeteringBusController.cpp:283)
[2026-09-20 11:52:10.946] [DEBUG] [tid:2248] Metering TX: dd a5 03 00 ff fd 77 (C:\Qt_work\DialogG2\src\engine\MeteringBusController.cpp:283)
[2026-09-20 11:52:11.037] [DEBUG] [tid:2248] Metering TX: 06 03 00 0b 00 07 74 7d (C:\Qt_work\DialogG2\src\engine\MeteringBusController.cpp:283)
[2026-09-20 11:52:11.294] [DEBUG] [tid:2248] Metering TX: 02 03 00 c0 00 30 45 d1 (C:\Qt_work\DialogG2\src\engine\MeteringBusController.cpp:283)
[2026-09-20 11:52:11.544] [DEBUG] [tid:2248] Metering TX: 02 03 00 30 00 30 45 e2 (C:\Qt_work\DialogG2\src\engine\MeteringBusController.cpp:283)
[2026-09-20 11:52:11.794] [DEBUG] [tid:2248] Metering TX: 02 03 00 90 00 30 45 c0 (C:\Qt_work\DialogG2\src\engine\MeteringBusController.cpp:283)
[2026-09-20 11:52:12.047] [DEBUG] [tid:2248] Metering TX: 05 03 03 00 00 02 c5 cb (C:\Qt_work\DialogG2\src\engine\MeteringBusController.cpp:283)
[2026-09-20 11:52:12.295] [DEBUG] [tid:2248] Metering TX: 06 03 00 0b 00 07 74 7d (C:\Qt_work\DialogG2\src\engine\MeteringBusController.cpp:283)
[2026-09-20 11:52:12.545] [DEBUG] [tid:2248] Metering TX: 02 03 00 c0 00 30 45 d1 (C:\Qt_work\DialogG2\src\engine\MeteringBusController.cpp:283)
[2026-09-20 11:52:12.798] [DEBUG] [tid:2248] Metering TX: 02 03 00 30 00 30 45 e2 (C:\Qt_work\DialogG2\src\engine\MeteringBusController.cpp:283)
[2026-09-20 11:52:13.045] [DEBUG] [tid:2248] Metering TX: 04 03 00 11 00 20 14 42 (C:\Qt_work\DialogG2\src\engine\MeteringBusController.cpp:283)
[2026-09-20 11:52:13.296] [DEBUG] [tid:2248] Metering TX: dd a5 03 00 ff fd 77 (C:\Qt_work\DialogG2\src\engine\MeteringBusController.cpp:283)
[2026-09-20 11:52:13.381] [DEBUG] [tid:2248] Metering TX: 06 03 00 0b 00 07 74 7d (C:\Qt_work\DialogG2\src\engine\MeteringBusController.cpp:283)
[2026-09-20 11:52:13.645] [DEBUG] [tid:2248] Metering TX: 02 03 00 c0 00 30 45 d1 (C:\Qt_work\DialogG2\src\engine\MeteringBusController.cpp:283)
[2026-09-20 11:52:13.911] [DEBUG] [tid:2248] Metering TX: 02 03 00 90 00 30 45 c0 (C:\Qt_work\DialogG2\src\engine\MeteringBusController.cpp:283)
[2026-09-20 11:52:14.163] [DEBUG] [tid:2248] Metering TX: 06 03 00 0b 00 07 74 7d (C:\Qt_work\DialogG2\src\engine\MeteringBusController.cpp:283)
[2026-09-20 11:52:14.414] [DEBUG] [tid:2248] Metering TX: 02 03 00 c0 00 30 45 d1 (C:\Qt_work\DialogG2\src\engine\MeteringBusController.cpp:283)
[2026-09-20 11:52:14.679] [DEBUG] [tid:2248] Metering TX: 02 03 00 30 00 30 45 e2 (C:\Qt_work\DialogG2\src\engine\MeteringBusController.cpp:283)
[2026-09-20 11:52:14.931] [DEBUG] [tid:2248] Metering TX: 04 03 00 11 00 20 14 42 (C:\Qt_work\DialogG2\src\engine\MeteringBusController.cpp:283)
[2026-09-20 11:52:15.181] [DEBUG] [tid:2248] Metering TX: dd a5 03 00 ff fd 77 (C:\Qt_work\DialogG2\src\engine\MeteringBusController.cpp:283)
[2026-09-20 11:52:15.266] [DEBUG] [tid:2248] Metering TX: 06 03 00 0b 00 07 74 7d (C:\Qt_work\DialogG2\src\engine\MeteringBusController.cpp:283)
[2026-09-20 11:52:15.514] [DEBUG] [tid:2248] Metering TX: 02 03 00 c0 00 30 45 d1 (C:\Qt_work\DialogG2\src\engine\MeteringBusController.cpp:283)
[2026-09-20 11:52:15.765] [DEBUG] [tid:2248] Metering TX: 02 03 00 30 00 30 45 e2 (C:\Qt_work\DialogG2\src\engine\MeteringBusController.cpp:283)
[2026-09-20 11:52:16.016] [DEBUG] [tid:2248] Metering TX: 02 03 00 90 00 30 45 c0 (C:\Qt_work\DialogG2\src\engine\MeteringBusController.cpp:283)
[2026-09-20 11:52:16.263] [DEBUG] [tid:2248] Metering TX: dd a5 04 00 ff fc 77 (C:\Qt_work\DialogG2\src\engine\MeteringBusController.cpp:283)
[2026-09-20 11:52:16.348] [DEBUG] [tid:2248] Metering TX: 06 03 00 0b 00 07 74 7d (C:\Qt_work\DialogG2\src\engine\MeteringBusController.cpp:283)
[2026-09-20 11:52:16.596] [DEBUG] [tid:2248] Metering TX: 02 03 00 c0 00 30 45 d1 (C:\Qt_work\DialogG2\src\engine\MeteringBusController.cpp:283)
[2026-09-20 11:52:16.846] [DEBUG] [tid:2248] Metering TX: 04 03 00 11 00 20 14 42 (C:\Qt_work\DialogG2\src\engine\MeteringBusController.cpp:283)
[2026-09-20 11:52:17.101] [DEBUG] [tid:2248] Metering TX: dd a5 03 00 ff fd 77 (C:\Qt_work\DialogG2\src\engine\MeteringBusController.cpp:283)
[2026-09-20 11:52:17.195] [DEBUG] [tid:2248] Metering TX: 05 03 03 00 00 02 c5 cb (C:\Qt_work\DialogG2\src\engine\MeteringBusController.cpp:283)
[2026-09-20 11:52:17.448] [DEBUG] [tid:2248] Metering TX: 06 03 00 0b 00 07 74 7d (C:\Qt_work\DialogG2\src\engine\MeteringBusController.cpp:283)
[2026-09-20 11:52:17.699] [DEBUG] [tid:2248] Metering TX: 02 03 00 c0 00 30 45 d1 (C:\Qt_work\DialogG2\src\engine\MeteringBusController.cpp:283)
[2026-09-20 11:52:17.952] [DEBUG] [tid:2248] Metering TX: 02 03 00 30 00 30 45 e2 (C:\Qt_work\DialogG2\src\engine\MeteringBusController.cpp:283)
[2026-09-20 11:52:18.210] [DEBUG] [tid:2248] Metering TX: 02 03 00 90 00 30 45 c0 (C:\Qt_work\DialogG2\src\engine\MeteringBusController.cpp:283)
[2026-09-20 11:52:18.453] [DEBUG] [tid:2248] Metering TX: 06 03 00 0b 00 07 74 7d (C:\Qt_work\DialogG2\src\engine\MeteringBusController.cpp:283)
[2026-09-20 11:52:18.701] [DEBUG] [tid:2248] Metering TX: 02 03 00 c0 00 30 45 d1 (C:\Qt_work\DialogG2\src\engine\MeteringBusController.cpp:283)
[2026-09-20 11:52:18.953] [DEBUG] [tid:2248] Metering TX: 04 03 00 11 00 20 14 42 (C:\Qt_work\DialogG2\src\engine\MeteringBusController.cpp:283)
[2026-09-20 11:52:19.203] [DEBUG] [tid:2248] Metering TX: dd a5 03 00 ff fd 77 (C:\Qt_work\DialogG2\src\engine\MeteringBusController.cpp:283)
[2026-09-20 11:52:19.286] [DEBUG] [tid:2248] Metering TX: 06 03 00 0b 00 07 74 7d (C:\Qt_work\DialogG2\src\engine\MeteringBusController.cpp:283)
[2026-09-20 11:52:19.536] [DEBUG] [tid:2248] Metering TX: 02 03 00 c0 00 30 45 d1 (C:\Qt_work\DialogG2\src\engine\MeteringBusController.cpp:283)
[2026-09-20 11:52:19.786] [DEBUG] [tid:2248] Metering TX: 02 03 00 30 00 30 45 e2 (C:\Qt_work\DialogG2\src\engine\MeteringBusController.cpp:283)
[2026-09-20 11:52:20.038] [DEBUG] [tid:2248] Metering TX: 02 03 00 90 00 30 45 c0 (C:\Qt_work\DialogG2\src\engine\MeteringBusController.cpp:283)
[2026-09-20 11:52:20.285] [DEBUG] [tid:2248] Metering TX: 06 03 00 0b 00 07 74 7d (C:\Qt_work\DialogG2\src\engine\MeteringBusController.cpp:283)
[2026-09-20 11:52:20.538] [DEBUG] [tid:2248] Metering TX: 02 03 00 c0 00 30 45 d1 (C:\Qt_work\DialogG2\src\engine\MeteringBusController.cpp:283)
[2026-09-20 11:52:20.803] [DEBUG] [tid:2248] Metering TX: 02 03 00 30 00 30 45 e2 (C:\Qt_work\DialogG2\src\engine\MeteringBusController.cpp:283)
[2026-09-20 11:52:21.056] [DEBUG] [tid:2248] Metering TX: 04 03 00 11 00 20 14 42 (C:\Qt_work\DialogG2\src\engine\MeteringBusController.cpp:283)
[2026-09-20 11:52:21.319] [DEBUG] [tid:2248] Metering TX: dd a5 03 00 ff fd 77 (C:\Qt_work\DialogG2\src\engine\MeteringBusController.cpp:283)
[2026-09-20 11:52:21.404] [DEBUG] [tid:2248] Metering TX: 06 03 00 0b 00 07 74 7d (C:\Qt_work\DialogG2\src\engine\MeteringBusController.cpp:283)
[2026-09-20 11:52:21.671] [DEBUG] [tid:2248] Metering TX: 02 03 00 c0 00 30 45 d1 (C:\Qt_work\DialogG2\src\engine\MeteringBusController.cpp:283)
[2026-09-20 11:52:21.921] [DEBUG] [tid:2248] Metering TX: 02 03 00 30 00 30 45 e2 (C:\Qt_work\DialogG2\src\engine\MeteringBusController.cpp:283)
[2026-09-20 11:52:22.172] [DEBUG] [tid:2248] Metering TX: 02 03 00 90 00 30 45 c0 (C:\Qt_work\DialogG2\src\engine\MeteringBusController.cpp:283)
[2026-09-20 11:52:22.425] [DEBUG] [tid:2248] Metering TX: 05 03 03 00 00 02 c5 cb (C:\Qt_work\DialogG2\src\engine\MeteringBusController.cpp:283)
[2026-09-20 11:52:22.672] [DEBUG] [tid:2248] Metering TX: 06 03 00 0b 00 07 74 7d (C:\Qt_work\DialogG2\src\engine\MeteringBusController.cpp:283)
[2026-09-20 11:52:22.922] [DEBUG] [tid:2248] Metering TX: 02 03 00 c0 00 30 45 d1 (C:\Qt_work\DialogG2\src\engine\MeteringBusController.cpp:283)
[2026-09-20 11:52:23.174] [DEBUG] [tid:2248] Metering TX: 04 03 00 11 00 20 14 42 (C:\Qt_work\DialogG2\src\engine\MeteringBusController.cpp:283)
[2026-09-20 11:52:23.425] [DEBUG] [tid:2248] Metering TX: dd a5 03 00 ff fd 77 (C:\Qt_work\DialogG2\src\engine\MeteringBusController.cpp:283)
[2026-09-20 11:52:23.523] [DEBUG] [tid:2248] Metering TX: 06 03 00 0b 00 07 74 7d (C:\Qt_work\DialogG2\src\engine\MeteringBusController.cpp:283)
[2026-09-20 11:52:23.775] [DEBUG] [tid:2248] Metering TX: 02 03 00 30 00 30 45 e2 (C:\Qt_work\DialogG2\src\engine\MeteringBusController.cpp:283)
[2026-09-20 11:52:24.025] [DEBUG] [tid:2248] Metering TX: 02 03 00 90 00 30 45 c0 (C:\Qt_work\DialogG2\src\engine\MeteringBusController.cpp:283)
[2026-09-20 11:52:24.275] [DEBUG] [tid:2248] Metering TX: 06 03 00 0b 00 07 74 7d (C:\Qt_work\DialogG2\src\engine\MeteringBusController.cpp:283)
[2026-09-20 11:52:24.542] [DEBUG] [tid:2248] Metering TX: 02 03 00 c0 00 30 45 d1 (C:\Qt_work\DialogG2\src\engine\MeteringBusController.cpp:283)
[2026-09-20 11:52:24.791] [DEBUG] [tid:2248] Metering TX: 02 03 00 30 00 30 45 e2 (C:\Qt_work\DialogG2\src\engine\MeteringBusController.cpp:283)
[2026-09-20 11:52:25.044] [DEBUG] [tid:2248] Metering TX: 04 03 00 11 00 20 14 42 (C:\Qt_work\DialogG2\src\engine\MeteringBusController.cpp:283)
[2026-09-20 11:52:25.292] [DEBUG] [tid:2248] Metering TX: dd a5 03 00 ff fd 77 (C:\Qt_work\DialogG2\src\engine\MeteringBusController.cpp:283)
[2026-09-20 11:52:25.392] [DEBUG] [tid:2248] Metering TX: 06 03 00 0b 00 07 74 7d (C:\Qt_work\DialogG2\src\engine\MeteringBusController.cpp:283)
[2026-09-20 11:52:25.640] [DEBUG] [tid:2248] Metering TX: 02 03 00 c0 00 30 45 d1 (C:\Qt_work\DialogG2\src\engine\MeteringBusController.cpp:283)
[2026-09-20 11:52:25.903] [DEBUG] [tid:2248] Metering TX: 02 03 00 30 00 30 45 e2 (C:\Qt_work\DialogG2\src\engine\MeteringBusController.cpp:283)
[2026-09-20 11:52:26.161] [DEBUG] [tid:2248] Metering TX: 02 03 00 90 00 30 45 c0 (C:\Qt_work\DialogG2\src\engine\MeteringBusController.cpp:283)
[2026-09-20 11:52:26.410] [DEBUG] [tid:2248] Metering TX: dd a5 04 00 ff fc 77 (C:\Qt_work\DialogG2\src\engine\MeteringBusController.cpp:283)
[2026-09-20 11:52:26.477] [DEBUG] [tid:2248] Metering TX: 06 03 00 0b 00 07 74 7d (C:\Qt_work\DialogG2\src\engine\MeteringBusController.cpp:283)
[2026-09-20 11:52:26.744] [DEBUG] [tid:2248] Metering TX: 02 03 00 c0 00 30 45 d1 (C:\Qt_work\DialogG2\src\engine\MeteringBusController.cpp:283)
[2026-09-20 11:52:27.011] [DEBUG] [tid:2248] Metering TX: 02 03 00 30 00 30 45 e2 (C:\Qt_work\DialogG2\src\engine\MeteringBusController.cpp:283)
[2026-09-20 11:52:27.262] [DEBUG] [tid:2248] Metering TX: 04 03 00 11 00 20 14 42 (C:\Qt_work\DialogG2\src\engine\MeteringBusController.cpp:283)
[2026-09-20 11:52:27.512] [DEBUG] [tid:2248] Metering TX: 05 03 03 00 00 02 c5 cb (C:\Qt_work\DialogG2\src\engine\MeteringBusController.cpp:283)
[2026-09-20 11:52:27.763] [DEBUG] [tid:2248] Metering TX: dd a5 03 00 ff fd 77 (C:\Qt_work\DialogG2\src\engine\MeteringBusController.cpp:283)
[2026-09-20 11:52:27.852] [DEBUG] [tid:2248] Metering TX: 06 03 00 0b 00 07 74 7d (C:\Qt_work\DialogG2\src\engine\MeteringBusController.cpp:283)
[2026-09-20 11:52:28.111] [DEBUG] [tid:2248] Metering TX: 02 03 00 c0 00 30 45 d1 (C:\Qt_work\DialogG2\src\engine\MeteringBusController.cpp:283)
[2026-09-20 11:52:28.361] [DEBUG] [tid:2248] Metering TX: 02 03 00 90 00 30 45 c0 (C:\Qt_work\DialogG2\src\engine\MeteringBusController.cpp:283)
[2026-09-20 11:52:28.614] [DEBUG] [tid:2248] Metering TX: 06 03 00 0b 00 07 74 7d (C:\Qt_work\DialogG2\src\engine\MeteringBusController.cpp:283)
[2026-09-20 11:52:28.862] [DEBUG] [tid:2248] Metering TX: 02 03 00 30 00 30 45 e2 (C:\Qt_work\DialogG2\src\engine\MeteringBusController.cpp:283)
[2026-09-20 11:52:29.111] [DEBUG] [tid:2248] Metering TX: 04 03 00 11 00 20 14 42 (C:\Qt_work\DialogG2\src\engine\MeteringBusController.cpp:283)
[2026-09-20 11:52:29.362] [DEBUG] [tid:2248] Metering TX: dd a5 03 00 ff fd 77 (C:\Qt_work\DialogG2\src\engine\MeteringBusController.cpp:283)
[2026-09-20 11:52:29.479] [DEBUG] [tid:2248] Metering TX: 06 03 00 0b 00 07 74 7d (C:\Qt_work\DialogG2\src\engine\MeteringBusController.cpp:283)
[2026-09-20 11:52:29.729] [DEBUG] [tid:2248] Metering TX: 02 03 00 c0 00 30 45 d1 (C:\Qt_work\DialogG2\src\engine\MeteringBusController.cpp:283)
[2026-09-20 11:52:29.981] [DEBUG] [tid:2248] Metering TX: 02 03 00 30 00 30 45 e2 (C:\Qt_work\DialogG2\src\engine\MeteringBusController.cpp:283)
[2026-09-20 11:52:30.230] [DEBUG] [tid:2248] Metering TX: 02 03 00 90 00 30 45 c0 (C:\Qt_work\DialogG2\src\engine\MeteringBusController.cpp:283)
[2026-09-20 11:52:30.480] [DEBUG] [tid:2248] Metering TX: 06 03 00 0b 00 07 74 7d (C:\Qt_work\DialogG2\src\engine\MeteringBusController.cpp:283)
[2026-09-20 11:52:30.730] [DEBUG] [tid:2248] Metering TX: 02 03 00 c0 00 30 45 d1 (C:\Qt_work\DialogG2\src\engine\MeteringBusController.cpp:283)
[2026-09-20 11:52:30.982] [DEBUG] [tid:2248] Metering TX: 02 03 00 30 00 30 45 e2 (C:\Qt_work\DialogG2\src\engine\MeteringBusController.cpp:283)
[2026-09-20 11:52:31.231] [DEBUG] [tid:2248] Metering TX: 04 03 00 11 00 20 14 42 (C:\Qt_work\DialogG2\src\engine\MeteringBusController.cpp:283)
[2026-09-20 11:52:31.498] [DEBUG] [tid:2248] Metering TX: dd a5 03 00 ff fd 77 (C:\Qt_work\DialogG2\src\engine\MeteringBusController.cpp:283)
[2026-09-20 11:52:31.592] [DEBUG] [tid:2248] Metering TX: 06 03 00 0b 00 07 74 7d (C:\Qt_work\DialogG2\src\engine\MeteringBusController.cpp:283)
[2026-09-20 11:52:31.849] [DEBUG] [tid:2248] Metering TX: 02 03 00 c0 00 30 45 d1 (C:\Qt_work\DialogG2\src\engine\MeteringBusController.cpp:283)
[2026-09-20 11:52:32.100] [DEBUG] [tid:2248] Metering TX: 02 03 00 30 00 30 45 e2 (C:\Qt_work\DialogG2\src\engine\MeteringBusController.cpp:283)
[2026-09-20 11:52:32.351] [DEBUG] [tid:2248] Metering TX: 02 03 00 90 00 30 45 c0 (C:\Qt_work\DialogG2\src\engine\MeteringBusController.cpp:283)
[2026-09-20 11:52:32.609] [DEBUG] [tid:2248] Metering TX: 05 03 03 00 00 02 c5 cb (C:\Qt_work\DialogG2\src\engine\MeteringBusController.cpp:283)
[2026-09-20 11:52:32.865] [DEBUG] [tid:2248] Metering TX: 06 03 00 0b 00 07 74 7d (C:\Qt_work\DialogG2\src\engine\MeteringBusController.cpp:283)
[2026-09-20 11:52:33.117] [DEBUG] [tid:2248] Metering TX: 02 03 00 c0 00 30 45 d1 (C:\Qt_work\DialogG2\src\engine\MeteringBusController.cpp:283)
[2026-09-20 11:52:33.384] [DEBUG] [tid:2248] Metering TX: 04 03 00 11 00 20 14 42 (C:\Qt_work\DialogG2\src\engine\MeteringBusController.cpp:283)
[2026-09-20 11:52:33.649] [DEBUG] [tid:2248] Metering TX: dd a5 03 00 ff fd 77 (C:\Qt_work\DialogG2\src\engine\MeteringBusController.cpp:283)
[2026-09-20 11:52:33.750] [DEBUG] [tid:2248] Metering TX: 06 03 00 0b 00 07 74 7d (C:\Qt_work\DialogG2\src\engine\MeteringBusController.cpp:283)
[2026-09-20 11:52:34.004] [DEBUG] [tid:2248] Metering TX: 02 03 00 30 00 30 45 e2 (C:\Qt_work\DialogG2\src\engine\MeteringBusController.cpp:283)
[2026-09-20 11:52:34.250] [DEBUG] [tid:2248] Metering TX: 02 03 00 90 00 30 45 c0 (C:\Qt_work\DialogG2\src\engine\MeteringBusController.cpp:283)
[2026-09-20 11:52:34.501] [DEBUG] [tid:2248] Metering TX: 06 03 00 0b 00 07 74 7d (C:\Qt_work\DialogG2\src\engine\MeteringBusController.cpp:283)
[2026-09-20 11:52:34.752] [DEBUG] [tid:2248] Metering TX: 02 03 00 c0 00 30 45 d1 (C:\Qt_work\DialogG2\src\engine\MeteringBusController.cpp:283)
[2026-09-20 11:52:35.004] [DEBUG] [tid:2248] Metering TX: 02 03 00 30 00 30 45 e2 (C:\Qt_work\DialogG2\src\engine\MeteringBusController.cpp:283)
[2026-09-20 11:52:35.269] [DEBUG] [tid:2248] Metering TX: 04 03 00 11 00 20 14 42 (C:\Qt_work\DialogG2\src\engine\MeteringBusController.cpp:283)
[2026-09-20 11:52:35.532] [DEBUG] [tid:2248] Metering TX: dd a5 03 00 ff fd 77 (C:\Qt_work\DialogG2\src\engine\MeteringBusController.cpp:283)
[2026-09-20 11:52:35.619] [DEBUG] [tid:2248] Metering TX: 06 03 00 0b 00 07 74 7d (C:\Qt_work\DialogG2\src\engine\MeteringBusController.cpp:283)
[2026-09-20 11:52:35.885] [DEBUG] [tid:2248] Metering TX: 02 03 00 c0 00 30 45 d1 (C:\Qt_work\DialogG2\src\engine\MeteringBusController.cpp:283)
[2026-09-20 11:52:36.137] [DEBUG] [tid:2248] Metering TX: 02 03 00 30 00 30 45 e2 (C:\Qt_work\DialogG2\src\engine\MeteringBusController.cpp:283)
[2026-09-20 11:52:36.385] [DEBUG] [tid:2248] Metering TX: 02 03 00 90 00 30 45 c0 (C:\Qt_work\DialogG2\src\engine\MeteringBusController.cpp:283)
[2026-09-20 11:52:36.637] [DEBUG] [tid:2248] Metering TX: dd a5 04 00 ff fc 77 (C:\Qt_work\DialogG2\src\engine\MeteringBusController.cpp:283)
[2026-09-20 11:52:36.715] [DEBUG] [tid:2248] Metering TX: 06 03 00 0b 00 07 74 7d (C:\Qt_work\DialogG2\src\engine\MeteringBusController.cpp:283)
[2026-09-20 11:52:36.969] [DEBUG] [tid:2248] Metering TX: 02 03 00 c0 00 30 45 d1 (C:\Qt_work\DialogG2\src\engine\MeteringBusController.cpp:283)
[2026-09-20 11:52:37.220] [DEBUG] [tid:2248] Metering TX: 02 03 00 30 00 30 45 e2 (C:\Qt_work\DialogG2\src\engine\MeteringBusController.cpp:283)
[2026-09-20 11:52:37.469] [DEBUG] [tid:2248] Metering TX: 04 03 00 11 00 20 14 42 (C:\Qt_work\DialogG2\src\engine\MeteringBusController.cpp:283)
[2026-09-20 11:52:37.721] [DEBUG] [tid:2248] Metering TX: 05 03 03 00 00 02 c5 cb (C:\Qt_work\DialogG2\src\engine\MeteringBusController.cpp:283)
[2026-09-20 11:52:37.971] [DEBUG] [tid:2248] Metering TX: dd a5 03 00 ff fd 77 (C:\Qt_work\DialogG2\src\engine\MeteringBusController.cpp:283)
[2026-09-20 11:52:38.093] [DEBUG] [tid:2248] Metering TX: 06 03 00 0b 00 07 74 7d (C:\Qt_work\DialogG2\src\engine\MeteringBusController.cpp:283)
[2026-09-20 11:52:38.355] [DEBUG] [tid:2248] Metering TX: 02 03 00 c0 00 30 45 d1 (C:\Qt_work\DialogG2\src\engine\MeteringBusController.cpp:283)
[2026-09-20 11:52:38.605] [DEBUG] [tid:2248] Metering TX: 02 03 00 90 00 30 45 c0 (C:\Qt_work\DialogG2\src\engine\MeteringBusController.cpp:283)
[2026-09-20 11:52:38.856] [DEBUG] [tid:2248] Metering TX: 06 03 00 0b 00 07 74 7d (C:\Qt_work\DialogG2\src\engine\MeteringBusController.cpp:283)
[2026-09-20 11:52:39.105] [DEBUG] [tid:2248] Metering TX: 02 03 00 30 00 30 45 e2 (C:\Qt_work\DialogG2\src\engine\MeteringBusController.cpp:283)
[2026-09-20 11:52:39.355] [DEBUG] [tid:2248] Metering TX: 04 03 00 11 00 20 14 42 (C:\Qt_work\DialogG2\src\engine\MeteringBusController.cpp:283)
[2026-09-20 11:52:39.606] [DEBUG] [tid:2248] Metering TX: dd a5 03 00 ff fd 77 (C:\Qt_work\DialogG2\src\engine\MeteringBusController.cpp:283)
[2026-09-20 11:52:39.689] [DEBUG] [tid:2248] Metering TX: 06 03 00 0b 00 07 74 7d (C:\Qt_work\DialogG2\src\engine\MeteringBusController.cpp:283)
[2026-09-20 11:52:39.941] [DEBUG] [tid:2248] Metering TX: 02 03 00 c0 00 30 45 d1 (C:\Qt_work\DialogG2\src\engine\MeteringBusController.cpp:283)
[2026-09-20 11:52:40.193] [DEBUG] [tid:2248] Metering TX: 02 03 00 30 00 30 45 e2 (C:\Qt_work\DialogG2\src\engine\MeteringBusController.cpp:283)
[2026-09-20 11:52:40.442] [DEBUG] [tid:2248] Metering TX: 02 03 00 90 00 30 45 c0 (C:\Qt_work\DialogG2\src\engine\MeteringBusController.cpp:283)
[2026-09-20 11:52:40.692] [DEBUG] [tid:2248] Metering TX: 06 03 00 0b 00 07 74 7d (C:\Qt_work\DialogG2\src\engine\MeteringBusController.cpp:283)
[2026-09-20 11:52:40.942] [DEBUG] [tid:2248] Metering TX: 02 03 00 c0 00 30 45 d1 (C:\Qt_work\DialogG2\src\engine\MeteringBusController.cpp:283)
[2026-09-20 11:52:41.207] [DEBUG] [tid:2248] Metering TX: 02 03 00 30 00 30 45 e2 (C:\Qt_work\DialogG2\src\engine\MeteringBusController.cpp:283)
[2026-09-20 11:52:41.457] [DEBUG] [tid:2248] Metering TX: 04 03 00 11 00 20 14 42 (C:\Qt_work\DialogG2\src\engine\MeteringBusController.cpp:283)
[2026-09-20 11:52:41.710] [DEBUG] [tid:2248] Metering TX: dd a5 03 00 ff fd 77 (C:\Qt_work\DialogG2\src\engine\MeteringBusController.cpp:283)
[2026-09-20 11:52:41.802] [DEBUG] [tid:2248] Metering TX: 06 03 00 0b 00 07 74 7d (C:\Qt_work\DialogG2\src\engine\MeteringBusController.cpp:283)
[2026-09-20 11:52:42.057] [DEBUG] [tid:2248] Metering TX: 02 03 00 c0 00 30 45 d1 (C:\Qt_work\DialogG2\src\engine\MeteringBusController.cpp:283)
[2026-09-20 11:52:42.319] [DEBUG] [tid:2248] Metering TX: 02 03 00 30 00 30 45 e2 (C:\Qt_work\DialogG2\src\engine\MeteringBusController.cpp:283)
[2026-09-20 11:52:42.573] [DEBUG] [tid:2248] Metering TX: 02 03 00 90 00 30 45 c0 (C:\Qt_work\DialogG2\src\engine\MeteringBusController.cpp:283)
[2026-09-20 11:52:42.823] [DEBUG] [tid:2248] Metering TX: 05 03 03 00 00 02 c5 cb (C:\Qt_work\DialogG2\src\engine\MeteringBusController.cpp:283)
[2026-09-20 11:52:43.076] [DEBUG] [tid:2248] Metering TX: 06 03 00 0b 00 07 74 7d (C:\Qt_work\DialogG2\src\engine\MeteringBusController.cpp:283)
[2026-09-20 11:52:43.326] [DEBUG] [tid:2248] Metering TX: 02 03 00 c0 00 30 45 d1 (C:\Qt_work\DialogG2\src\engine\MeteringBusController.cpp:283)
[2026-09-20 11:52:43.576] [DEBUG] [tid:2248] Metering TX: 02 03 00 30 00 30 45 e2 (C:\Qt_work\DialogG2\src\engine\MeteringBusController.cpp:283)
[2026-09-20 11:52:43.827] [DEBUG] [tid:2248] Metering TX: 04 03 00 11 00 20 14 42 (C:\Qt_work\DialogG2\src\engine\MeteringBusController.cpp:283)
[2026-09-20 11:52:44.092] [DEBUG] [tid:2248] Metering TX: dd a5 03 00 ff fd 77 (C:\Qt_work\DialogG2\src\engine\MeteringBusController.cpp:283)
[2026-09-20 11:52:44.185] [DEBUG] [tid:2248] Metering TX: 06 03 00 0b 00 07 74 7d (C:\Qt_work\DialogG2\src\engine\MeteringBusController.cpp:283)
[2026-09-20 11:52:44.444] [DEBUG] [tid:2248] Metering TX: 02 03 00 c0 00 30 45 d1 (C:\Qt_work\DialogG2\src\engine\MeteringBusController.cpp:283)
[2026-09-20 11:52:44.694] [DEBUG] [tid:2248] Metering TX: 02 03 00 90 00 30 45 c0 (C:\Qt_work\DialogG2\src\engine\MeteringBusController.cpp:283)
[2026-09-20 11:52:44.944] [DEBUG] [tid:2248] Metering TX: 06 03 00 0b 00 07 74 7d (C:\Qt_work\DialogG2\src\engine\MeteringBusController.cpp:283)
[2026-09-20 11:52:45.213] [DEBUG] [tid:2248] Metering TX: 02 03 00 30 00 30 45 e2 (C:\Qt_work\DialogG2\src\engine\MeteringBusController.cpp:283)
[2026-09-20 11:52:45.478] [DEBUG] [tid:2248] Metering TX: 04 03 00 11 00 20 14 42 (C:\Qt_work\DialogG2\src\engine\MeteringBusController.cpp:283)
[2026-09-20 11:52:45.746] [DEBUG] [tid:2248] Metering TX: dd a5 03 00 ff fd 77 (C:\Qt_work\DialogG2\src\engine\MeteringBusController.cpp:283)
[2026-09-20 11:52:45.830] [DEBUG] [tid:2248] Metering TX: 06 03 00 0b 00 07 74 7d (C:\Qt_work\DialogG2\src\engine\MeteringBusController.cpp:283)
[2026-09-20 11:52:46.081] [DEBUG] [tid:2248] Metering TX: 02 03 00 c0 00 30 45 d1 (C:\Qt_work\DialogG2\src\engine\MeteringBusController.cpp:283)
[2026-09-20 11:52:46.320] [DEBUG] [tid:2248] Metering TX: 02 03 00 30 00 30 45 e2 (C:\Qt_work\DialogG2\src\engine\MeteringBusController.cpp:283)
[2026-09-20 11:52:46.582] [DEBUG] [tid:2248] Metering TX: 02 03 00 90 00 30 45 c0 (C:\Qt_work\DialogG2\src\engine\MeteringBusController.cpp:283)
[2026-09-20 11:52:46.830] [DEBUG] [tid:2248] Metering TX: dd a5 04 00 ff fc 77 (C:\Qt_work\DialogG2\src\engine\MeteringBusController.cpp:283)
[2026-09-20 11:52:46.898] [DEBUG] [tid:2248] Metering TX: 06 03 00 0b 00 07 74 7d (C:\Qt_work\DialogG2\src\engine\MeteringBusController.cpp:283)
[2026-09-20 11:52:47.179] [DEBUG] [tid:2248] Metering TX: 02 03 00 c0 00 30 45 d1 (C:\Qt_work\DialogG2\src\engine\MeteringBusController.cpp:283)
[2026-09-20 11:52:47.446] [DEBUG] [tid:2248] Metering TX: 02 03 00 30 00 30 45 e2 (C:\Qt_work\DialogG2\src\engine\MeteringBusController.cpp:283)
[2026-09-20 11:52:47.697] [DEBUG] [tid:2248] Metering TX: 04 03 00 11 00 20 14 42 (C:\Qt_work\DialogG2\src\engine\MeteringBusController.cpp:283)
[2026-09-20 11:52:47.948] [DEBUG] [tid:2248] Metering TX: 05 03 03 00 00 02 c5 cb (C:\Qt_work\DialogG2\src\engine\MeteringBusController.cpp:283)
[2026-09-20 11:52:48.198] [DEBUG] [tid:2248] Metering TX: dd a5 03 00 ff fd 77 (C:\Qt_work\DialogG2\src\engine\MeteringBusController.cpp:283)
[2026-09-20 11:52:48.308] [DEBUG] [tid:2248] Metering TX: 06 03 00 0b 00 07 74 7d (C:\Qt_work\DialogG2\src\engine\MeteringBusController.cpp:283)
[2026-09-20 11:52:48.565] [DEBUG] [tid:2248] Metering TX: 02 03 00 c0 00 30 45 d1 (C:\Qt_work\DialogG2\src\engine\MeteringBusController.cpp:283)
[2026-09-20 11:52:48.817] [DEBUG] [tid:2248] Metering TX: 02 03 00 90 00 30 45 c0 (C:\Qt_work\DialogG2\src\engine\MeteringBusController.cpp:283)
[2026-09-20 11:52:49.060] [DEBUG] [tid:2248] Metering TX: 06 03 00 0b 00 07 74 7d (C:\Qt_work\DialogG2\src\engine\MeteringBusController.cpp:283)
[2026-09-20 11:52:49.316] [DEBUG] [tid:2248] Metering TX: 02 03 00 30 00 30 45 e2 (C:\Qt_work\DialogG2\src\engine\MeteringBusController.cpp:283)
[2026-09-20 11:52:49.567] [DEBUG] [tid:2248] Metering TX: 04 03 00 11 00 20 14 42 (C:\Qt_work\DialogG2\src\engine\MeteringBusController.cpp:283)
[2026-09-20 11:52:49.817] [DEBUG] [tid:2248] Metering TX: dd a5 03 00 ff fd 77 (C:\Qt_work\DialogG2\src\engine\MeteringBusController.cpp:283)
[2026-09-20 11:52:49.903] [DEBUG] [tid:2248] Metering TX: 06 03 00 0b 00 07 74 7d (C:\Qt_work\DialogG2\src\engine\MeteringBusController.cpp:283)
[2026-09-20 11:52:50.151] [DEBUG] [tid:2248] Metering TX: 02 03 00 c0 00 30 45 d1 (C:\Qt_work\DialogG2\src\engine\MeteringBusController.cpp:283)
[2026-09-20 11:52:50.400] [DEBUG] [tid:2248] Metering TX: 02 03 00 30 00 30 45 e2 (C:\Qt_work\DialogG2\src\engine\MeteringBusController.cpp:283)
[2026-09-20 11:52:50.667] [DEBUG] [tid:2248] Metering TX: 02 03 00 90 00 30 45 c0 (C:\Qt_work\DialogG2\src\engine\MeteringBusController.cpp:283)
[2026-09-20 11:52:50.917] [DEBUG] [tid:2248] Metering TX: 06 03 00 0b 00 07 74 7d (C:\Qt_work\DialogG2\src\engine\MeteringBusController.cpp:283)
[2026-09-20 11:52:51.169] [DEBUG] [tid:2248] Metering TX: 02 03 00 c0 00 30 45 d1 (C:\Qt_work\DialogG2\src\engine\MeteringBusController.cpp:283)
[2026-09-20 11:52:51.417] [DEBUG] [tid:2248] Metering TX: 02 03 00 30 00 30 45 e2 (C:\Qt_work\DialogG2\src\engine\MeteringBusController.cpp:283)
[2026-09-20 11:52:51.668] [DEBUG] [tid:2248] Metering TX: 04 03 00 11 00 20 14 42 (C:\Qt_work\DialogG2\src\engine\MeteringBusController.cpp:283)
[2026-09-20 11:52:51.915] [DEBUG] [tid:2248] Metering TX: dd a5 03 00 ff fd 77 (C:\Qt_work\DialogG2\src\engine\MeteringBusController.cpp:283)
[2026-09-20 11:52:52.011] [DEBUG] [tid:2248] Metering TX: 06 03 00 0b 00 07 74 7d (C:\Qt_work\DialogG2\src\engine\MeteringBusController.cpp:283)
[2026-09-20 11:52:52.268] [DEBUG] [tid:2248] Metering TX: 02 03 00 c0 00 30 45 d1 (C:\Qt_work\DialogG2\src\engine\MeteringBusController.cpp:283)
[2026-09-20 11:52:52.519] [DEBUG] [tid:2248] Metering TX: 02 03 00 30 00 30 45 e2 (C:\Qt_work\DialogG2\src\engine\MeteringBusController.cpp:283)
[2026-09-20 11:52:52.769] [DEBUG] [tid:2248] Metering TX: 02 03 00 90 00 30 45 c0 (C:\Qt_work\DialogG2\src\engine\MeteringBusController.cpp:283)
[2026-09-20 11:52:53.020] [DEBUG] [tid:2248] Metering TX: 05 03 03 00 00 02 c5 cb (C:\Qt_work\DialogG2\src\engine\MeteringBusController.cpp:283)
[2026-09-20 11:52:53.268] [DEBUG] [tid:2248] Metering TX: 06 03 00 0b 00 07 74 7d (C:\Qt_work\DialogG2\src\engine\MeteringBusController.cpp:283)
[2026-09-20 11:52:53.519] [DEBUG] [tid:2248] Metering TX: 02 03 00 c0 00 30 45 d1 (C:\Qt_work\DialogG2\src\engine\MeteringBusController.cpp:283)
[2026-09-20 11:52:53.772] [DEBUG] [tid:2248] Metering TX: 02 03 00 30 00 30 45 e2 (C:\Qt_work\DialogG2\src\engine\MeteringBusController.cpp:283)
[2026-09-20 11:52:54.021] [DEBUG] [tid:2248] Metering TX: 04 03 00 11 00 20 14 42 (C:\Qt_work\DialogG2\src\engine\MeteringBusController.cpp:283)
[2026-09-20 11:52:54.270] [DEBUG] [tid:2248] Metering TX: dd a5 03 00 ff fd 77 (C:\Qt_work\DialogG2\src\engine\MeteringBusController.cpp:283)
[2026-09-20 11:52:54.379] [DEBUG] [tid:2248] Metering TX: 06 03 00 0b 00 07 74 7d (C:\Qt_work\DialogG2\src\engine\MeteringBusController.cpp:283)
[2026-09-20 11:52:54.620] [DEBUG] [tid:2248] Metering TX: 02 03 00 c0 00 30 45 d1 (C:\Qt_work\DialogG2\src\engine\MeteringBusController.cpp:283)
[2026-09-20 11:52:54.872] [DEBUG] [tid:2248] Metering TX: 02 03 00 90 00 30 45 c0 (C:\Qt_work\DialogG2\src\engine\MeteringBusController.cpp:283)
[2026-09-20 11:52:55.121] [DEBUG] [tid:2248] Metering TX: 06 03 00 0b 00 07 74 7d (C:\Qt_work\DialogG2\src\engine\MeteringBusController.cpp:283)
[2026-09-20 11:52:55.372] [DEBUG] [tid:2248] Metering TX: 02 03 00 c0 00 30 45 d1 (C:\Qt_work\DialogG2\src\engine\MeteringBusController.cpp:283)
[2026-09-20 11:52:55.622] [DEBUG] [tid:2248] Metering TX: 02 03 00 30 00 30 45 e2 (C:\Qt_work\DialogG2\src\engine\MeteringBusController.cpp:283)
[2026-09-20 11:52:55.888] [DEBUG] [tid:2248] Metering TX: 04 03 00 11 00 20 14 42 (C:\Qt_work\DialogG2\src\engine\MeteringBusController.cpp:283)
[2026-09-20 11:52:56.140] [DEBUG] [tid:2248] Metering TX: dd a5 03 00 ff fd 77 (C:\Qt_work\DialogG2\src\engine\MeteringBusController.cpp:283)
[2026-09-20 11:52:56.230] [DEBUG] [tid:2248] Metering TX: dd a5 04 00 ff fc 77 (C:\Qt_work\DialogG2\src\engine\MeteringBusController.cpp:283)
[2026-09-20 11:52:56.297] [DEBUG] [tid:2248] Metering TX: 06 03 00 0b 00 07 74 7d (C:\Qt_work\DialogG2\src\engine\MeteringBusController.cpp:283)
[2026-09-20 11:52:56.571] [DEBUG] [tid:2248] Metering TX: 02 03 00 c0 00 30 45 d1 (C:\Qt_work\DialogG2\src\engine\MeteringBusController.cpp:283)
[2026-09-20 11:52:56.823] [DEBUG] [tid:2248] Metering TX: 02 03 00 30 00 30 45 e2 (C:\Qt_work\DialogG2\src\engine\MeteringBusController.cpp:283)
[2026-09-20 11:52:57.074] [DEBUG] [tid:2248] Metering TX: 02 03 00 90 00 30 45 c0 (C:\Qt_work\DialogG2\src\engine\MeteringBusController.cpp:283)
[2026-09-20 11:52:57.323] [DEBUG] [tid:2248] Metering TX: 06 03 00 0b 00 07 74 7d (C:\Qt_work\DialogG2\src\engine\MeteringBusController.cpp:283)
[2026-09-20 11:52:57.591] [DEBUG] [tid:2248] Metering TX: 02 03 00 c0 00 30 45 d1 (C:\Qt_work\DialogG2\src\engine\MeteringBusController.cpp:283)
[2026-09-20 11:52:57.837] [DEBUG] [tid:2248] Metering TX: 04 03 00 11 00 20 14 42 (C:\Qt_work\DialogG2\src\engine\MeteringBusController.cpp:283)
[2026-09-20 11:52:58.093] [DEBUG] [tid:2248] Metering TX: 05 03 03 00 00 02 c5 cb (C:\Qt_work\DialogG2\src\engine\MeteringBusController.cpp:283)
[2026-09-20 11:52:58.343] [DEBUG] [tid:2248] Metering TX: dd a5 03 00 ff fd 77 (C:\Qt_work\DialogG2\src\engine\MeteringBusController.cpp:283)
[2026-09-20 11:52:58.439] [DEBUG] [tid:2248] Metering TX: 06 03 00 0b 00 07 74 7d (C:\Qt_work\DialogG2\src\engine\MeteringBusController.cpp:283)
[2026-09-20 11:52:58.692] [DEBUG] [tid:2248] Metering TX: 02 03 00 c0 00 30 45 d1 (C:\Qt_work\DialogG2\src\engine\MeteringBusController.cpp:283)
[2026-09-20 11:52:58.955] [DEBUG] [tid:2248] Metering TX: 02 03 00 30 00 30 45 e2 (C:\Qt_work\DialogG2\src\engine\MeteringBusController.cpp:283)
[2026-09-20 11:52:59.206] [DEBUG] [tid:2248] Metering TX: 02 03 00 90 00 30 45 c0 (C:\Qt_work\DialogG2\src\engine\MeteringBusController.cpp:283)
[2026-09-20 11:52:59.465] [DEBUG] [tid:2248] Metering TX: 06 03 00 0b 00 07 74 7d (C:\Qt_work\DialogG2\src\engine\MeteringBusController.cpp:283)
[2026-09-20 11:52:59.739] [DEBUG] [tid:2248] Metering TX: 04 03 00 11 00 20 14 42 (C:\Qt_work\DialogG2\src\engine\MeteringBusController.cpp:283)
[2026-09-20 11:52:59.995] [DEBUG] [tid:2248] Metering TX: dd a5 03 00 ff fd 77 (C:\Qt_work\DialogG2\src\engine\MeteringBusController.cpp:283)
[2026-09-20 11:53:00.084] [DEBUG] [tid:2248] Metering TX: 06 03 00 0b 00 07 74 7d (C:\Qt_work\DialogG2\src\engine\MeteringBusController.cpp:283)
[2026-09-20 11:53:00.343] [DEBUG] [tid:2248] Metering TX: 02 03 00 c0 00 30 45 d1 (C:\Qt_work\DialogG2\src\engine\MeteringBusController.cpp:283)
[2026-09-20 11:53:00.593] [DEBUG] [tid:2248] Metering TX: 02 03 00 30 00 30 45 e2 (C:\Qt_work\DialogG2\src\engine\MeteringBusController.cpp:283)
[2026-09-20 11:53:00.844] [DEBUG] [tid:2248] Metering TX: 02 03 00 90 00 30 45 c0 (C:\Qt_work\DialogG2\src\engine\MeteringBusController.cpp:283)
[2026-09-20 11:53:01.096] [DEBUG] [tid:2248] Metering TX: 06 03 00 0b 00 07 74 7d (C:\Qt_work\DialogG2\src\engine\MeteringBusController.cpp:283)
[2026-09-20 11:53:01.345] [DEBUG] [tid:2248] Metering TX: 02 03 00 c0 00 30 45 d1 (C:\Qt_work\DialogG2\src\engine\MeteringBusController.cpp:283)
[2026-09-20 11:53:01.596] [DEBUG] [tid:2248] Metering TX: 02 03 00 30 00 30 45 e2 (C:\Qt_work\DialogG2\src\engine\MeteringBusController.cpp:283)
[2026-09-20 11:53:01.845] [DEBUG] [tid:2248] Metering TX: 04 03 00 11 00 20 14 42 (C:\Qt_work\DialogG2\src\engine\MeteringBusController.cpp:283)
[2026-09-20 11:53:02.088] [DEBUG] [tid:2248] Metering TX: dd a5 03 00 ff fd 77 (C:\Qt_work\DialogG2\src\engine\MeteringBusController.cpp:283)
[2026-09-20 11:53:02.178] [DEBUG] [tid:2248] Metering TX: 06 03 00 0b 00 07 74 7d (C:\Qt_work\DialogG2\src\engine\MeteringBusController.cpp:283)
[2026-09-20 11:53:02.429] [DEBUG] [tid:2248] Metering TX: 02 03 00 c0 00 30 45 d1 (C:\Qt_work\DialogG2\src\engine\MeteringBusController.cpp:283)
[2026-09-20 11:53:02.680] [DEBUG] [tid:2248] Metering TX: 02 03 00 30 00 30 45 e2 (C:\Qt_work\DialogG2\src\engine\MeteringBusController.cpp:283)
[2026-09-20 11:53:02.946] [DEBUG] [tid:2248] Metering TX: 02 03 00 90 00 30 45 c0 (C:\Qt_work\DialogG2\src\engine\MeteringBusController.cpp:283)
[2026-09-20 11:53:03.214] [DEBUG] [tid:2248] Metering TX: 05 03 03 00 00 02 c5 cb (C:\Qt_work\DialogG2\src\engine\MeteringBusController.cpp:283)
[2026-09-20 11:53:03.463] [DEBUG] [tid:2248] Metering TX: 06 03 00 0b 00 07 74 7d (C:\Qt_work\DialogG2\src\engine\MeteringBusController.cpp:283)
[2026-09-20 11:53:03.715] [DEBUG] [tid:2248] Metering TX: 02 03 00 c0 00 30 45 d1 (C:\Qt_work\DialogG2\src\engine\MeteringBusController.cpp:283)
[2026-09-20 11:53:03.964] [DEBUG] [tid:2248] Metering TX: 02 03 00 30 00 30 45 e2 (C:\Qt_work\DialogG2\src\engine\MeteringBusController.cpp:283)
[2026-09-20 11:53:04.231] [DEBUG] [tid:2248] Metering TX: 04 03 00 11 00 20 14 42 (C:\Qt_work\DialogG2\src\engine\MeteringBusController.cpp:283)
[2026-09-20 11:53:04.481] [DEBUG] [tid:2248] Metering TX: dd a5 03 00 ff fd 77 (C:\Qt_work\DialogG2\src\engine\MeteringBusController.cpp:283)
[2026-09-20 11:53:04.573] [DEBUG] [tid:2248] Metering TX: 06 03 00 0b 00 07 74 7d (C:\Qt_work\DialogG2\src\engine\MeteringBusController.cpp:283)
[2026-09-20 11:53:04.831] [DEBUG] [tid:2248] Metering TX: 02 03 00 c0 00 30 45 d1 (C:\Qt_work\DialogG2\src\engine\MeteringBusController.cpp:283)
[2026-09-20 11:53:05.083] [DEBUG] [tid:2248] Metering TX: 02 03 00 90 00 30 45 c0 (C:\Qt_work\DialogG2\src\engine\MeteringBusController.cpp:283)
[2026-09-20 11:53:05.335] [DEBUG] [tid:2248] Metering TX: 06 03 00 0b 00 07 74 7d (C:\Qt_work\DialogG2\src\engine\MeteringBusController.cpp:283)
[2026-09-20 11:53:05.582] [DEBUG] [tid:2248] Metering TX: 02 03 00 30 00 30 45 e2 (C:\Qt_work\DialogG2\src\engine\MeteringBusController.cpp:283)
[2026-09-20 11:53:05.832] [DEBUG] [tid:2248] Metering TX: 04 03 00 11 00 20 14 42 (C:\Qt_work\DialogG2\src\engine\MeteringBusController.cpp:283)
[2026-09-20 11:53:06.083] [DEBUG] [tid:2248] Metering TX: dd a5 03 00 ff fd 77 (C:\Qt_work\DialogG2\src\engine\MeteringBusController.cpp:283)
[2026-09-20 11:53:06.185] [DEBUG] [tid:2248] Metering TX: dd a5 04 00 ff fc 77 (C:\Qt_work\DialogG2\src\engine\MeteringBusController.cpp:283)
[2026-09-20 11:53:06.250] [DEBUG] [tid:2248] Metering TX: 06 03 00 0b 00 07 74 7d (C:\Qt_work\DialogG2\src\engine\MeteringBusController.cpp:283)
[2026-09-20 11:53:06.500] [DEBUG] [tid:2248] Metering TX: 02 03 00 c0 00 30 45 d1 (C:\Qt_work\DialogG2\src\engine\MeteringBusController.cpp:283)
[2026-09-20 11:53:06.749] [DEBUG] [tid:2248] Metering TX: 02 03 00 30 00 30 45 e2 (C:\Qt_work\DialogG2\src\engine\MeteringBusController.cpp:283)
[2026-09-20 11:53:07.002] [DEBUG] [tid:2248] Metering TX: 02 03 00 90 00 30 45 c0 (C:\Qt_work\DialogG2\src\engine\MeteringBusController.cpp:283)
[2026-09-20 11:53:07.249] [DEBUG] [tid:2248] Metering TX: 04 03 00 11 00 20 14 42 (C:\Qt_work\DialogG2\src\engine\MeteringBusController.cpp:283)
[2026-09-20 11:53:07.500] [DEBUG] [tid:2248] Metering TX: 06 03 00 0b 00 07 74 7d (C:\Qt_work\DialogG2\src\engine\MeteringBusController.cpp:283)
[2026-09-20 11:53:07.751] [DEBUG] [tid:2248] Metering TX: 02 03 00 c0 00 30 45 d1 (C:\Qt_work\DialogG2\src\engine\MeteringBusController.cpp:283)
[2026-09-20 11:53:08.002] [DEBUG] [tid:2248] Metering TX: 02 03 00 30 00 30 45 e2 (C:\Qt_work\DialogG2\src\engine\MeteringBusController.cpp:283)
[2026-09-20 11:53:08.252] [DEBUG] [tid:2248] Metering TX: 05 03 03 00 00 02 c5 cb (C:\Qt_work\DialogG2\src\engine\MeteringBusController.cpp:283)
[2026-09-20 11:53:08.501] [DEBUG] [tid:2248] Metering TX: dd a5 03 00 ff fd 77 (C:\Qt_work\DialogG2\src\engine\MeteringBusController.cpp:283)
[2026-09-20 11:53:08.601] [DEBUG] [tid:2248] Metering TX: 06 03 00 0b 00 07 74 7d (C:\Qt_work\DialogG2\src\engine\MeteringBusController.cpp:283)
[2026-09-20 11:53:08.868] [DEBUG] [tid:2248] Metering TX: 02 03 00 c0 00 30 45 d1 (C:\Qt_work\DialogG2\src\engine\MeteringBusController.cpp:283)
[2026-09-20 11:53:09.122] [DEBUG] [tid:2248] Metering TX: 02 03 00 90 00 30 45 c0 (C:\Qt_work\DialogG2\src\engine\MeteringBusController.cpp:283)
[2026-09-20 11:53:09.386] [DEBUG] [tid:2248] Metering TX: 04 03 00 11 00 20 14 42 (C:\Qt_work\DialogG2\src\engine\MeteringBusController.cpp:283)
[2026-09-20 11:53:09.652] [DEBUG] [tid:2248] Metering TX: 06 03 00 0b 00 07 74 7d (C:\Qt_work\DialogG2\src\engine\MeteringBusController.cpp:283)
[2026-09-20 11:53:09.900] [DEBUG] [tid:2248] Metering TX: 02 03 00 30 00 30 45 e2 (C:\Qt_work\DialogG2\src\engine\MeteringBusController.cpp:283)
[2026-09-20 11:53:10.153] [DEBUG] [tid:2248] Metering TX: dd a5 03 00 ff fd 77 (C:\Qt_work\DialogG2\src\engine\MeteringBusController.cpp:283)
[2026-09-20 11:53:10.279] [DEBUG] [tid:2248] Metering TX: 06 03 00 0b 00 07 74 7d (C:\Qt_work\DialogG2\src\engine\MeteringBusController.cpp:283)
[2026-09-20 11:53:10.537] [DEBUG] [tid:2248] Metering TX: 02 03 00 c0 00 30 45 d1 (C:\Qt_work\DialogG2\src\engine\MeteringBusController.cpp:283)
[2026-09-20 11:53:10.788] [DEBUG] [tid:2248] Metering TX: 02 03 00 90 00 30 45 c0 (C:\Qt_work\DialogG2\src\engine\MeteringBusController.cpp:283)
[2026-09-20 11:53:11.039] [DEBUG] [tid:2248] Metering TX: 04 03 00 11 00 20 14 42 (C:\Qt_work\DialogG2\src\engine\MeteringBusController.cpp:283)
[2026-09-20 11:53:11.304] [DEBUG] [tid:2248] Metering TX: 06 03 00 0b 00 07 74 7d (C:\Qt_work\DialogG2\src\engine\MeteringBusController.cpp:283)
[2026-09-20 11:53:11.555] [DEBUG] [tid:2248] Metering TX: 02 03 00 c0 00 30 45 d1 (C:\Qt_work\DialogG2\src\engine\MeteringBusController.cpp:283)
[2026-09-20 11:53:11.820] [DEBUG] [tid:2248] Metering TX: 02 03 00 30 00 30 45 e2 (C:\Qt_work\DialogG2\src\engine\MeteringBusController.cpp:283)
[2026-09-20 11:53:12.073] [DEBUG] [tid:2248] Metering TX: 02 03 00 90 00 30 45 c0 (C:\Qt_work\DialogG2\src\engine\MeteringBusController.cpp:283)
[2026-09-20 11:53:12.327] [DEBUG] [tid:2248] Metering TX: dd a5 03 00 ff fd 77 (C:\Qt_work\DialogG2\src\engine\MeteringBusController.cpp:283)
[2026-09-20 11:53:12.421] [DEBUG] [tid:2248] Metering TX: 05 03 03 00 00 02 c5 cb (C:\Qt_work\DialogG2\src\engine\MeteringBusController.cpp:283)
[2026-09-20 11:53:12.674] [DEBUG] [tid:2248] Metering TX: 06 03 00 0b 00 07 74 7d (C:\Qt_work\DialogG2\src\engine\MeteringBusController.cpp:283)
[2026-09-20 11:53:12.915] [DEBUG] [tid:2248] Metering TX: 02 03 00 c0 00 30 45 d1 (C:\Qt_work\DialogG2\src\engine\MeteringBusController.cpp:283)
[2026-09-20 11:53:13.168] [DEBUG] [tid:2248] Metering TX: 02 03 00 30 00 30 45 e2 (C:\Qt_work\DialogG2\src\engine\MeteringBusController.cpp:283)
[2026-09-20 11:53:13.417] [DEBUG] [tid:2248] Metering TX: 04 03 00 11 00 20 14 42 (C:\Qt_work\DialogG2\src\engine\MeteringBusController.cpp:283)
[2026-09-20 11:53:13.667] [DEBUG] [tid:2248] Metering TX: 06 03 00 0b 00 07 74 7d (C:\Qt_work\DialogG2\src\engine\MeteringBusController.cpp:283)
[2026-09-20 11:53:13.918] [DEBUG] [tid:2248] Metering TX: 02 03 00 c0 00 30 45 d1 (C:\Qt_work\DialogG2\src\engine\MeteringBusController.cpp:283)
[2026-09-20 11:53:14.169] [DEBUG] [tid:2248] Metering TX: 02 03 00 90 00 30 45 c0 (C:\Qt_work\DialogG2\src\engine\MeteringBusController.cpp:283)
[2026-09-20 11:53:14.423] [DEBUG] [tid:2248] Metering TX: dd a5 03 00 ff fd 77 (C:\Qt_work\DialogG2\src\engine\MeteringBusController.cpp:283)
[2026-09-20 11:53:14.508] [DEBUG] [tid:2248] Metering TX: 06 03 00 0b 00 07 74 7d (C:\Qt_work\DialogG2\src\engine\MeteringBusController.cpp:283)
[2026-09-20 11:53:14.776] [DEBUG] [tid:2248] Metering TX: 02 03 00 c0 00 30 45 d1 (C:\Qt_work\DialogG2\src\engine\MeteringBusController.cpp:283)
[2026-09-20 11:53:15.025] [DEBUG] [tid:2248] Metering TX: 02 03 00 30 00 30 45 e2 (C:\Qt_work\DialogG2\src\engine\MeteringBusController.cpp:283)
[2026-09-20 11:53:15.275] [DEBUG] [tid:2248] Metering TX: 04 03 00 11 00 20 14 42 (C:\Qt_work\DialogG2\src\engine\MeteringBusController.cpp:283)
[2026-09-20 11:53:15.525] [DEBUG] [tid:2248] Metering TX: 06 03 00 0b 00 07 74 7d (C:\Qt_work\DialogG2\src\engine\MeteringBusController.cpp:283)
[2026-09-20 11:53:15.777] [DEBUG] [tid:2248] Metering TX: 02 03 00 c0 00 30 45 d1 (C:\Qt_work\DialogG2\src\engine\MeteringBusController.cpp:283)
[2026-09-20 11:53:16.025] [DEBUG] [tid:2248] Metering TX: 02 03 00 90 00 30 45 c0 (C:\Qt_work\DialogG2\src\engine\MeteringBusController.cpp:283)
[2026-09-20 11:53:16.277] [DEBUG] [tid:2248] Metering TX: dd a5 03 00 ff fd 77 (C:\Qt_work\DialogG2\src\engine\MeteringBusController.cpp:283)
[2026-09-20 11:53:16.363] [DEBUG] [tid:2248] Metering TX: dd a5 04 00 ff fc 77 (C:\Qt_work\DialogG2\src\engine\MeteringBusController.cpp:283)
[2026-09-20 11:53:16.461] [DEBUG] [tid:2248] Metering TX: 06 03 00 0b 00 07 74 7d (C:\Qt_work\DialogG2\src\engine\MeteringBusController.cpp:283)
[2026-09-20 11:53:16.726] [DEBUG] [tid:2248] Metering TX: 02 03 00 c0 00 30 45 d1 (C:\Qt_work\DialogG2\src\engine\MeteringBusController.cpp:283)
[2026-09-20 11:53:16.995] [DEBUG] [tid:2248] Metering TX: 02 03 00 30 00 30 45 e2 (C:\Qt_work\DialogG2\src\engine\MeteringBusController.cpp:283)
[2026-09-20 11:53:17.245] [DEBUG] [tid:2248] Metering TX: 02 03 00 90 00 30 45 c0 (C:\Qt_work\DialogG2\src\engine\MeteringBusController.cpp:283)
[2026-09-20 11:53:17.493] [DEBUG] [tid:2248] Metering TX: 04 03 00 11 00 20 14 42 (C:\Qt_work\DialogG2\src\engine\MeteringBusController.cpp:283)
[2026-09-20 11:53:17.743] [DEBUG] [tid:2248] Metering TX: 05 03 03 00 00 02 c5 cb (C:\Qt_work\DialogG2\src\engine\MeteringBusController.cpp:283)
[2026-09-20 11:53:17.996] [DEBUG] [tid:2248] Metering TX: 06 03 00 0b 00 07 74 7d (C:\Qt_work\DialogG2\src\engine\MeteringBusController.cpp:283)
[2026-09-20 11:53:18.244] [DEBUG] [tid:2248] Metering TX: 02 03 00 c0 00 30 45 d1 (C:\Qt_work\DialogG2\src\engine\MeteringBusController.cpp:283)
[2026-09-20 11:53:18.495] [DEBUG] [tid:2248] Metering TX: 02 03 00 30 00 30 45 e2 (C:\Qt_work\DialogG2\src\engine\MeteringBusController.cpp:283)
[2026-09-20 11:53:18.746] [DEBUG] [tid:2248] Metering TX: dd a5 03 00 ff fd 77 (C:\Qt_work\DialogG2\src\engine\MeteringBusController.cpp:283)
[2026-09-20 11:53:18.845] [DEBUG] [tid:2248] Metering TX: 06 03 00 0b 00 07 74 7d (C:\Qt_work\DialogG2\src\engine\MeteringBusController.cpp:283)
[2026-09-20 11:53:19.098] [DEBUG] [tid:2248] Metering TX: 02 03 00 90 00 30 45 c0 (C:\Qt_work\DialogG2\src\engine\MeteringBusController.cpp:283)
[2026-09-20 11:53:19.345] [DEBUG] [tid:2248] Metering TX: 04 03 00 11 00 20 14 42 (C:\Qt_work\DialogG2\src\engine\MeteringBusController.cpp:283)
[2026-09-20 11:53:19.594] [DEBUG] [tid:2248] Metering TX: 06 03 00 0b 00 07 74 7d (C:\Qt_work\DialogG2\src\engine\MeteringBusController.cpp:283)
[2026-09-20 11:53:19.847] [DEBUG] [tid:2248] Metering TX: 02 03 00 c0 00 30 45 d1 (C:\Qt_work\DialogG2\src\engine\MeteringBusController.cpp:283)
[2026-09-20 11:53:20.097] [DEBUG] [tid:2248] Metering TX: 02 03 00 30 00 30 45 e2 (C:\Qt_work\DialogG2\src\engine\MeteringBusController.cpp:283)
[2026-09-20 11:53:20.350] [DEBUG] [tid:2248] Metering TX: dd a5 03 00 ff fd 77 (C:\Qt_work\DialogG2\src\engine\MeteringBusController.cpp:283)
[2026-09-20 11:53:20.470] [DEBUG] [tid:2248] Metering TX: 06 03 00 0b 00 07 74 7d (C:\Qt_work\DialogG2\src\engine\MeteringBusController.cpp:283)
[2026-09-20 11:53:20.746] [DEBUG] [tid:2248] Metering TX: 02 03 00 c0 00 30 45 d1 (C:\Qt_work\DialogG2\src\engine\MeteringBusController.cpp:283)
[2026-09-20 11:53:20.997] [DEBUG] [tid:2248] Metering TX: 02 03 00 30 00 30 45 e2 (C:\Qt_work\DialogG2\src\engine\MeteringBusController.cpp:283)
[2026-09-20 11:53:21.248] [DEBUG] [tid:2248] Metering TX: 02 03 00 90 00 30 45 c0 (C:\Qt_work\DialogG2\src\engine\MeteringBusController.cpp:283)
[2026-09-20 11:53:21.497] [DEBUG] [tid:2248] Metering TX: 04 03 00 11 00 20 14 42 (C:\Qt_work\DialogG2\src\engine\MeteringBusController.cpp:283)
[2026-09-20 11:53:21.750] [DEBUG] [tid:2248] Metering TX: 06 03 00 0b 00 07 74 7d (C:\Qt_work\DialogG2\src\engine\MeteringBusController.cpp:283)
[2026-09-20 11:53:22.000] [DEBUG] [tid:2248] Metering TX: 02 03 00 c0 00 30 45 d1 (C:\Qt_work\DialogG2\src\engine\MeteringBusController.cpp:283)
[2026-09-20 11:53:22.249] [DEBUG] [tid:2248] Metering TX: 02 03 00 30 00 30 45 e2 (C:\Qt_work\DialogG2\src\engine\MeteringBusController.cpp:283)
[2026-09-20 11:53:22.500] [DEBUG] [tid:2248] Metering TX: dd a5 03 00 ff fd 77 (C:\Qt_work\DialogG2\src\engine\MeteringBusController.cpp:283)
[2026-09-20 11:53:22.600] [DEBUG] [tid:2248] Metering TX: 05 03 03 00 00 02 c5 cb (C:\Qt_work\DialogG2\src\engine\MeteringBusController.cpp:283)
[2026-09-20 11:53:22.848] [DEBUG] [tid:2248] Metering TX: 06 03 00 0b 00 07 74 7d (C:\Qt_work\DialogG2\src\engine\MeteringBusController.cpp:283)
[2026-09-20 11:53:23.099] [DEBUG] [tid:2248] Metering TX: 02 03 00 c0 00 30 45 d1 (C:\Qt_work\DialogG2\src\engine\MeteringBusController.cpp:283)
[2026-09-20 11:53:23.365] [DEBUG] [tid:2248] Metering TX: 02 03 00 90 00 30 45 c0 (C:\Qt_work\DialogG2\src\engine\MeteringBusController.cpp:283)
[2026-09-20 11:53:23.618] [DEBUG] [tid:2248] Metering TX: 04 03 00 11 00 20 14 42 (C:\Qt_work\DialogG2\src\engine\MeteringBusController.cpp:283)
[2026-09-20 11:53:23.880] [DEBUG] [tid:2248] Metering TX: 06 03 00 0b 00 07 74 7d (C:\Qt_work\DialogG2\src\engine\MeteringBusController.cpp:283)
[2026-09-20 11:53:24.133] [DEBUG] [tid:2248] Metering TX: 02 03 00 c0 00 30 45 d1 (C:\Qt_work\DialogG2\src\engine\MeteringBusController.cpp:283)
[2026-09-20 11:53:24.386] [DEBUG] [tid:2248] Metering TX: 02 03 00 30 00 30 45 e2 (C:\Qt_work\DialogG2\src\engine\MeteringBusController.cpp:283)
[2026-09-20 11:53:24.647] [DEBUG] [tid:2248] Metering TX: dd a5 03 00 ff fd 77 (C:\Qt_work\DialogG2\src\engine\MeteringBusController.cpp:283)
[2026-09-20 11:53:24.740] [DEBUG] [tid:2248] Metering TX: 06 03 00 0b 00 07 74 7d (C:\Qt_work\DialogG2\src\engine\MeteringBusController.cpp:283)
[2026-09-20 11:53:25.006] [DEBUG] [tid:2248] Metering TX: 02 03 00 c0 00 30 45 d1 (C:\Qt_work\DialogG2\src\engine\MeteringBusController.cpp:283)
[2026-09-20 11:53:25.253] [DEBUG] [tid:2248] Metering TX: 02 03 00 90 00 30 45 c0 (C:\Qt_work\DialogG2\src\engine\MeteringBusController.cpp:283)
[2026-09-20 11:53:25.501] [DEBUG] [tid:2248] Metering TX: 04 03 00 11 00 20 14 42 (C:\Qt_work\DialogG2\src\engine\MeteringBusController.cpp:283)
[2026-09-20 11:53:25.749] [DEBUG] [tid:2248] Metering TX: 06 03 00 0b 00 07 74 7d (C:\Qt_work\DialogG2\src\engine\MeteringBusController.cpp:283)
[2026-09-20 11:53:26.003] [DEBUG] [tid:2248] Metering TX: 02 03 00 c0 00 30 45 d1 (C:\Qt_work\DialogG2\src\engine\MeteringBusController.cpp:283)
[2026-09-20 11:53:26.253] [DEBUG] [tid:2248] Metering TX: 02 03 00 30 00 30 45 e2 (C:\Qt_work\DialogG2\src\engine\MeteringBusController.cpp:283)
[2026-09-20 11:53:26.501] [DEBUG] [tid:2248] Metering TX: dd a5 03 00 ff fd 77 (C:\Qt_work\DialogG2\src\engine\MeteringBusController.cpp:283)
[2026-09-20 11:53:26.596] [DEBUG] [tid:2248] Metering TX: dd a5 04 00 ff fc 77 (C:\Qt_work\DialogG2\src\engine\MeteringBusController.cpp:283)
[2026-09-20 11:53:26.675] [DEBUG] [tid:2248] Metering TX: 06 03 00 0b 00 07 74 7d (C:\Qt_work\DialogG2\src\engine\MeteringBusController.cpp:283)
[2026-09-20 11:53:26.919] [DEBUG] [tid:2248] Metering TX: 02 03 00 c0 00 30 45 d1 (C:\Qt_work\DialogG2\src\engine\MeteringBusController.cpp:283)
[2026-09-20 11:53:27.170] [DEBUG] [tid:2248] Metering TX: 02 03 00 90 00 30 45 c0 (C:\Qt_work\DialogG2\src\engine\MeteringBusController.cpp:283)
[2026-09-20 11:53:27.419] [DEBUG] [tid:2248] Metering TX: 04 03 00 11 00 20 14 42 (C:\Qt_work\DialogG2\src\engine\MeteringBusController.cpp:283)
[2026-09-20 11:53:27.670] [DEBUG] [tid:2248] Metering TX: 05 03 03 00 00 02 c5 cb (C:\Qt_work\DialogG2\src\engine\MeteringBusController.cpp:283)
[2026-09-20 11:53:27.922] [DEBUG] [tid:2248] Metering TX: 06 03 00 0b 00 07 74 7d (C:\Qt_work\DialogG2\src\engine\MeteringBusController.cpp:283)
[2026-09-20 11:53:28.173] [DEBUG] [tid:2248] Metering TX: 02 03 00 c0 00 30 45 d1 (C:\Qt_work\DialogG2\src\engine\MeteringBusController.cpp:283)
[2026-09-20 11:53:28.421] [DEBUG] [tid:2248] Metering TX: 02 03 00 30 00 30 45 e2 (C:\Qt_work\DialogG2\src\engine\MeteringBusController.cpp:283)
[2026-09-20 11:53:28.673] [DEBUG] [tid:2248] Metering TX: 02 03 00 90 00 30 45 c0 (C:\Qt_work\DialogG2\src\engine\MeteringBusController.cpp:283)
[2026-09-20 11:53:28.920] [DEBUG] [tid:2248] Metering TX: dd a5 03 00 ff fd 77 (C:\Qt_work\DialogG2\src\engine\MeteringBusController.cpp:283)
[2026-09-20 11:53:29.009] [DEBUG] [tid:2248] Metering TX: 06 03 00 0b 00 07 74 7d (C:\Qt_work\DialogG2\src\engine\MeteringBusController.cpp:283)
[2026-09-20 11:53:29.272] [DEBUG] [tid:2248] Metering TX: 02 03 00 c0 00 30 45 d1 (C:\Qt_work\DialogG2\src\engine\MeteringBusController.cpp:283)
[2026-09-20 11:53:29.522] [DEBUG] [tid:2248] Metering TX: 04 03 00 11 00 20 14 42 (C:\Qt_work\DialogG2\src\engine\MeteringBusController.cpp:283)
[2026-09-20 11:53:29.772] [DEBUG] [tid:2248] Metering TX: 06 03 00 0b 00 07 74 7d (C:\Qt_work\DialogG2\src\engine\MeteringBusController.cpp:283)
[2026-09-20 11:53:30.025] [DEBUG] [tid:2248] Metering TX: 02 03 00 30 00 30 45 e2 (C:\Qt_work\DialogG2\src\engine\MeteringBusController.cpp:283)
[2026-09-20 11:53:30.291] [DEBUG] [tid:2248] Metering TX: 02 03 00 90 00 30 45 c0 (C:\Qt_work\DialogG2\src\engine\MeteringBusController.cpp:283)
[2026-09-20 11:53:30.540] [DEBUG] [tid:2248] Metering TX: dd a5 03 00 ff fd 77 (C:\Qt_work\DialogG2\src\engine\MeteringBusController.cpp:283)
[2026-09-20 11:53:30.640] [DEBUG] [tid:2248] Metering TX: 06 03 00 0b 00 07 74 7d (C:\Qt_work\DialogG2\src\engine\MeteringBusController.cpp:283)
[2026-09-20 11:53:30.890] [DEBUG] [tid:2248] Metering TX: 02 03 00 c0 00 30 45 d1 (C:\Qt_work\DialogG2\src\engine\MeteringBusController.cpp:283)
[2026-09-20 11:53:31.154] [DEBUG] [tid:2248] Metering TX: 02 03 00 30 00 30 45 e2 (C:\Qt_work\DialogG2\src\engine\MeteringBusController.cpp:283)
[2026-09-20 11:53:31.408] [DEBUG] [tid:2248] Metering TX: 04 03 00 11 00 20 14 42 (C:\Qt_work\DialogG2\src\engine\MeteringBusController.cpp:283)
[2026-09-20 11:53:31.658] [DEBUG] [tid:2248] Metering TX: 06 03 00 0b 00 07 74 7d (C:\Qt_work\DialogG2\src\engine\MeteringBusController.cpp:283)
[2026-09-20 11:53:31.909] [DEBUG] [tid:2248] Metering TX: 02 03 00 c0 00 30 45 d1 (C:\Qt_work\DialogG2\src\engine\MeteringBusController.cpp:283)
[2026-09-20 11:53:32.160] [DEBUG] [tid:2248] Metering TX: 02 03 00 30 00 30 45 e2 (C:\Qt_work\DialogG2\src\engine\MeteringBusController.cpp:283)
[2026-09-20 11:53:32.409] [DEBUG] [tid:2248] Metering TX: 02 03 00 90 00 30 45 c0 (C:\Qt_work\DialogG2\src\engine\MeteringBusController.cpp:283)
[2026-09-20 11:53:32.659] [DEBUG] [tid:2248] Metering TX: dd a5 03 00 ff fd 77 (C:\Qt_work\DialogG2\src\engine\MeteringBusController.cpp:283)
[2026-09-20 11:53:32.776] [DEBUG] [tid:2248] Metering TX: 05 03 03 00 00 02 c5 cb (C:\Qt_work\DialogG2\src\engine\MeteringBusController.cpp:283)
[2026-09-20 11:53:33.044] [DEBUG] [tid:2248] Metering TX: 06 03 00 0b 00 07 74 7d (C:\Qt_work\DialogG2\src\engine\MeteringBusController.cpp:283)
[2026-09-20 11:53:33.293] [DEBUG] [tid:2248] Metering TX: 02 03 00 c0 00 30 45 d1 (C:\Qt_work\DialogG2\src\engine\MeteringBusController.cpp:283)
[2026-09-20 11:53:33.554] [DEBUG] [tid:2248] Metering TX: 02 03 00 30 00 30 45 e2 (C:\Qt_work\DialogG2\src\engine\MeteringBusController.cpp:283)
[2026-09-20 11:53:33.794] [DEBUG] [tid:2248] Metering TX: 04 03 00 11 00 20 14 42 (C:\Qt_work\DialogG2\src\engine\MeteringBusController.cpp:283)
[2026-09-20 11:53:34.062] [DEBUG] [tid:2248] Metering TX: 06 03 00 0b 00 07 74 7d (C:\Qt_work\DialogG2\src\engine\MeteringBusController.cpp:283)
[2026-09-20 11:53:34.310] [DEBUG] [tid:2248] Metering TX: 02 03 00 c0 00 30 45 d1 (C:\Qt_work\DialogG2\src\engine\MeteringBusController.cpp:283)
[2026-09-20 11:53:34.558] [DEBUG] [tid:2248] Metering TX: 02 03 00 90 00 30 45 c0 (C:\Qt_work\DialogG2\src\engine\MeteringBusController.cpp:283)
[2026-09-20 11:53:34.813] [DEBUG] [tid:2248] Metering TX: dd a5 03 00 ff fd 77 (C:\Qt_work\DialogG2\src\engine\MeteringBusController.cpp:283)
[2026-09-20 11:53:34.898] [DEBUG] [tid:2248] Metering TX: 06 03 00 0b 00 07 74 7d (C:\Qt_work\DialogG2\src\engine\MeteringBusController.cpp:283)
[2026-09-20 11:53:35.161] [DEBUG] [tid:2248] Metering TX: 02 03 00 c0 00 30 45 d1 (C:\Qt_work\DialogG2\src\engine\MeteringBusController.cpp:283)
[2026-09-20 11:53:35.411] [DEBUG] [tid:2248] Metering TX: 02 03 00 30 00 30 45 e2 (C:\Qt_work\DialogG2\src\engine\MeteringBusController.cpp:283)
[2026-09-20 11:53:35.661] [DEBUG] [tid:2248] Metering TX: 04 03 00 11 00 20 14 42 (C:\Qt_work\DialogG2\src\engine\MeteringBusController.cpp:283)
[2026-09-20 11:53:35.929] [DEBUG] [tid:2248] Metering TX: 06 03 00 0b 00 07 74 7d (C:\Qt_work\DialogG2\src\engine\MeteringBusController.cpp:283)
[2026-09-20 11:53:36.180] [DEBUG] [tid:2248] Metering TX: 02 03 00 c0 00 30 45 d1 (C:\Qt_work\DialogG2\src\engine\MeteringBusController.cpp:283)
[2026-09-20 11:53:36.446] [DEBUG] [tid:2248] Metering TX: 02 03 00 90 00 30 45 c0 (C:\Qt_work\DialogG2\src\engine\MeteringBusController.cpp:283)
[2026-09-20 11:53:36.696] [DEBUG] [tid:2248] Metering TX: dd a5 03 00 ff fd 77 (C:\Qt_work\DialogG2\src\engine\MeteringBusController.cpp:283)
[2026-09-20 11:53:36.791] [DEBUG] [tid:2248] Metering TX: dd a5 04 00 ff fc 77 (C:\Qt_work\DialogG2\src\engine\MeteringBusController.cpp:283)
[2026-09-20 11:53:36.879] [DEBUG] [tid:2248] Metering TX: 06 03 00 0b 00 07 74 7d (C:\Qt_work\DialogG2\src\engine\MeteringBusController.cpp:283)
[2026-09-20 11:53:37.130] [DEBUG] [tid:2248] Metering TX: 02 03 00 c0 00 30 45 d1 (C:\Qt_work\DialogG2\src\engine\MeteringBusController.cpp:283)
[2026-09-20 11:53:37.380] [DEBUG] [tid:2248] Metering TX: 02 03 00 30 00 30 45 e2 (C:\Qt_work\DialogG2\src\engine\MeteringBusController.cpp:283)
[2026-09-20 11:53:37.630] [DEBUG] [tid:2248] Metering TX: 04 03 00 11 00 20 14 42 (C:\Qt_work\DialogG2\src\engine\MeteringBusController.cpp:283)
[2026-09-20 11:53:37.882] [DEBUG] [tid:2248] Metering TX: 05 03 03 00 00 02 c5 cb (C:\Qt_work\DialogG2\src\engine\MeteringBusController.cpp:283)
[2026-09-20 11:53:38.149] [DEBUG] [tid:2248] Metering TX: 06 03 00 0b 00 07 74 7d (C:\Qt_work\DialogG2\src\engine\MeteringBusController.cpp:283)
[2026-09-20 11:53:38.416] [DEBUG] [tid:2248] Metering TX: 02 03 00 c0 00 30 45 d1 (C:\Qt_work\DialogG2\src\engine\MeteringBusController.cpp:283)
[2026-09-20 11:53:38.683] [DEBUG] [tid:2248] Metering TX: 02 03 00 30 00 30 45 e2 (C:\Qt_work\DialogG2\src\engine\MeteringBusController.cpp:283)
[2026-09-20 11:53:38.948] [DEBUG] [tid:2248] Metering TX: 02 03 00 90 00 30 45 c0 (C:\Qt_work\DialogG2\src\engine\MeteringBusController.cpp:283)
[2026-09-20 11:53:39.198] [DEBUG] [tid:2248] Metering TX: dd a5 03 00 ff fd 77 (C:\Qt_work\DialogG2\src\engine\MeteringBusController.cpp:283)
[2026-09-20 11:53:39.284] [DEBUG] [tid:2248] Metering TX: 06 03 00 0b 00 07 74 7d (C:\Qt_work\DialogG2\src\engine\MeteringBusController.cpp:283)
[2026-09-20 11:53:39.531] [DEBUG] [tid:2248] Metering TX: 02 03 00 c0 00 30 45 d1 (C:\Qt_work\DialogG2\src\engine\MeteringBusController.cpp:283)
[2026-09-20 11:53:39.781] [DEBUG] [tid:2248] Metering TX: 04 03 00 11 00 20 14 42 (C:\Qt_work\DialogG2\src\engine\MeteringBusController.cpp:283)
[2026-09-20 11:53:40.033] [DEBUG] [tid:2248] Metering TX: 06 03 00 0b 00 07 74 7d (C:\Qt_work\DialogG2\src\engine\MeteringBusController.cpp:283)
[2026-09-20 11:53:40.283] [DEBUG] [tid:2248] Metering TX: 02 03 00 30 00 30 45 e2 (C:\Qt_work\DialogG2\src\engine\MeteringBusController.cpp:283)
[2026-09-20 11:53:40.533] [DEBUG] [tid:2248] Metering TX: 02 03 00 90 00 30 45 c0 (C:\Qt_work\DialogG2\src\engine\MeteringBusController.cpp:283)
[2026-09-20 11:53:40.800] [DEBUG] [tid:2248] Metering TX: dd a5 03 00 ff fd 77 (C:\Qt_work\DialogG2\src\engine\MeteringBusController.cpp:283)
[2026-09-20 11:53:40.899] [DEBUG] [tid:2248] Metering TX: 06 03 00 0b 00 07 74 7d (C:\Qt_work\DialogG2\src\engine\MeteringBusController.cpp:283)
[2026-09-20 11:53:41.167] [DEBUG] [tid:2248] Metering TX: 02 03 00 c0 00 30 45 d1 (C:\Qt_work\DialogG2\src\engine\MeteringBusController.cpp:283)
[2026-09-20 11:53:41.419] [DEBUG] [tid:2248] Metering TX: 02 03 00 30 00 30 45 e2 (C:\Qt_work\DialogG2\src\engine\MeteringBusController.cpp:283)
[2026-09-20 11:53:41.669] [DEBUG] [tid:2248] Metering TX: 04 03 00 11 00 20 14 42 (C:\Qt_work\DialogG2\src\engine\MeteringBusController.cpp:283)
[2026-09-20 11:53:41.918] [DEBUG] [tid:2248] Metering TX: 06 03 00 0b 00 07 74 7d (C:\Qt_work\DialogG2\src\engine\MeteringBusController.cpp:283)
[2026-09-20 11:53:42.169] [DEBUG] [tid:2248] Metering TX: 02 03 00 c0 00 30 45 d1 (C:\Qt_work\DialogG2\src\engine\MeteringBusController.cpp:283)
[2026-09-20 11:53:42.419] [DEBUG] [tid:2248] Metering TX: 02 03 00 30 00 30 45 e2 (C:\Qt_work\DialogG2\src\engine\MeteringBusController.cpp:283)
[2026-09-20 11:53:42.669] [DEBUG] [tid:2248] Metering TX: 02 03 00 90 00 30 45 c0 (C:\Qt_work\DialogG2\src\engine\MeteringBusController.cpp:283)
[2026-09-20 11:53:42.919] [DEBUG] [tid:2248] Metering TX: dd a5 03 00 ff fd 77 (C:\Qt_work\DialogG2\src\engine\MeteringBusController.cpp:283)
[2026-09-20 11:53:43.007] [DEBUG] [tid:2248] Metering TX: 05 03 03 00 00 02 c5 cb (C:\Qt_work\DialogG2\src\engine\MeteringBusController.cpp:283)
[2026-09-20 11:53:43.270] [DEBUG] [tid:2248] Metering TX: 06 03 00 0b 00 07 74 7d (C:\Qt_work\DialogG2\src\engine\MeteringBusController.cpp:283)
[2026-09-20 11:53:43.515] [DEBUG] [tid:2248] Metering TX: 02 03 00 c0 00 30 45 d1 (C:\Qt_work\DialogG2\src\engine\MeteringBusController.cpp:283)
[2026-09-20 11:53:43.765] [DEBUG] [tid:2248] Metering TX: 02 03 00 30 00 30 45 e2 (C:\Qt_work\DialogG2\src\engine\MeteringBusController.cpp:283)
[2026-09-20 11:53:44.021] [DEBUG] [tid:2248] Metering TX: 04 03 00 11 00 20 14 42 (C:\Qt_work\DialogG2\src\engine\MeteringBusController.cpp:283)
[2026-09-20 11:53:44.272] [DEBUG] [tid:2248] Metering TX: 06 03 00 0b 00 07 74 7d (C:\Qt_work\DialogG2\src\engine\MeteringBusController.cpp:283)
[2026-09-20 11:53:44.521] [DEBUG] [tid:2248] Metering TX: 02 03 00 c0 00 30 45 d1 (C:\Qt_work\DialogG2\src\engine\MeteringBusController.cpp:283)
[2026-09-20 11:53:44.772] [DEBUG] [tid:2248] Metering TX: 02 03 00 90 00 30 45 c0 (C:\Qt_work\DialogG2\src\engine\MeteringBusController.cpp:283)
[2026-09-20 11:53:45.022] [DEBUG] [tid:2248] Metering TX: dd a5 03 00 ff fd 77 (C:\Qt_work\DialogG2\src\engine\MeteringBusController.cpp:283)
[2026-09-20 11:53:45.117] [DEBUG] [tid:2248] Metering TX: 06 03 00 0b 00 07 74 7d (C:\Qt_work\DialogG2\src\engine\MeteringBusController.cpp:283)
[2026-09-20 11:53:45.373] [DEBUG] [tid:2248] Metering TX: 02 03 00 c0 00 30 45 d1 (C:\Qt_work\DialogG2\src\engine\MeteringBusController.cpp:283)
[2026-09-20 11:53:45.623] [DEBUG] [tid:2248] Metering TX: 02 03 00 30 00 30 45 e2 (C:\Qt_work\DialogG2\src\engine\MeteringBusController.cpp:283)
[2026-09-20 11:53:45.874] [DEBUG] [tid:2248] Metering TX: 04 03 00 11 00 20 14 42 (C:\Qt_work\DialogG2\src\engine\MeteringBusController.cpp:283)
[2026-09-20 11:53:46.120] [DEBUG] [tid:2248] Metering TX: 06 03 00 0b 00 07 74 7d (C:\Qt_work\DialogG2\src\engine\MeteringBusController.cpp:283)
[2026-09-20 11:53:46.374] [DEBUG] [tid:2248] Metering TX: 02 03 00 c0 00 30 45 d1 (C:\Qt_work\DialogG2\src\engine\MeteringBusController.cpp:283)
[2026-09-20 11:53:46.622] [DEBUG] [tid:2248] Metering TX: 02 03 00 90 00 30 45 c0 (C:\Qt_work\DialogG2\src\engine\MeteringBusController.cpp:283)
[2026-09-20 11:53:46.873] [DEBUG] [tid:2248] Metering TX: dd a5 03 00 ff fd 77 (C:\Qt_work\DialogG2\src\engine\MeteringBusController.cpp:283)
[2026-09-20 11:53:46.971] [DEBUG] [tid:2248] Metering TX: dd a5 04 00 ff fc 77 (C:\Qt_work\DialogG2\src\engine\MeteringBusController.cpp:283)
[2026-09-20 11:53:47.045] [DEBUG] [tid:2248] Metering TX: 06 03 00 0b 00 07 74 7d (C:\Qt_work\DialogG2\src\engine\MeteringBusController.cpp:283)
[2026-09-20 11:53:47.306] [DEBUG] [tid:2248] Metering TX: 02 03 00 c0 00 30 45 d1 (C:\Qt_work\DialogG2\src\engine\MeteringBusController.cpp:283)
[2026-09-20 11:53:47.573] [DEBUG] [tid:2248] Metering TX: 02 03 00 30 00 30 45 e2 (C:\Qt_work\DialogG2\src\engine\MeteringBusController.cpp:283)
[2026-09-20 11:53:47.827] [DEBUG] [tid:2248] Metering TX: 02 03 00 90 00 30 45 c0 (C:\Qt_work\DialogG2\src\engine\MeteringBusController.cpp:283)
[2026-09-20 11:53:48.076] [DEBUG] [tid:2248] Metering TX: 04 03 00 11 00 20 14 42 (C:\Qt_work\DialogG2\src\engine\MeteringBusController.cpp:283)
[2026-09-20 11:53:48.326] [DEBUG] [tid:2248] Metering TX: 05 03 03 00 00 02 c5 cb (C:\Qt_work\DialogG2\src\engine\MeteringBusController.cpp:283)
[2026-09-20 11:53:48.576] [DEBUG] [tid:2248] Metering TX: 06 03 00 0b 00 07 74 7d (C:\Qt_work\DialogG2\src\engine\MeteringBusController.cpp:283)
[2026-09-20 11:53:48.827] [DEBUG] [tid:2248] Metering TX: 02 03 00 c0 00 30 45 d1 (C:\Qt_work\DialogG2\src\engine\MeteringBusController.cpp:283)
[2026-09-20 11:53:49.076] [DEBUG] [tid:2248] Metering TX: 02 03 00 30 00 30 45 e2 (C:\Qt_work\DialogG2\src\engine\MeteringBusController.cpp:283)
[2026-09-20 11:53:49.327] [DEBUG] [tid:2248] Metering TX: dd a5 03 00 ff fd 77 (C:\Qt_work\DialogG2\src\engine\MeteringBusController.cpp:283)
[2026-09-20 11:53:49.425] [DEBUG] [tid:2248] Metering TX: 06 03 00 0b 00 07 74 7d (C:\Qt_work\DialogG2\src\engine\MeteringBusController.cpp:283)
[2026-09-20 11:53:49.677] [DEBUG] [tid:2248] Metering TX: 02 03 00 90 00 30 45 c0 (C:\Qt_work\DialogG2\src\engine\MeteringBusController.cpp:283)
[2026-09-20 11:53:49.928] [DEBUG] [tid:2248] Metering TX: 04 03 00 11 00 20 14 42 (C:\Qt_work\DialogG2\src\engine\MeteringBusController.cpp:283)
[2026-09-20 11:53:50.174] [DEBUG] [tid:2248] Metering TX: dd a5 03 00 ff fd 77 (C:\Qt_work\DialogG2\src\engine\MeteringBusController.cpp:283)
[2026-09-20 11:53:50.261] [DEBUG] [tid:2248] Metering TX: 06 03 00 0b 00 07 74 7d (C:\Qt_work\DialogG2\src\engine\MeteringBusController.cpp:283)
[2026-09-20 11:53:50.526] [DEBUG] [tid:2248] Metering TX: 02 03 00 c0 00 30 45 d1 (C:\Qt_work\DialogG2\src\engine\MeteringBusController.cpp:283)
[2026-09-20 11:53:50.778] [DEBUG] [tid:2248] Metering TX: 02 03 00 30 00 30 45 e2 (C:\Qt_work\DialogG2\src\engine\MeteringBusController.cpp:283)
[2026-09-20 11:53:51.027] [DEBUG] [tid:2248] Metering TX: 02 03 00 90 00 30 45 c0 (C:\Qt_work\DialogG2\src\engine\MeteringBusController.cpp:283)
[2026-09-20 11:53:51.278] [DEBUG] [tid:2248] Metering TX: 06 03 00 0b 00 07 74 7d (C:\Qt_work\DialogG2\src\engine\MeteringBusController.cpp:283)
[2026-09-20 11:53:51.527] [DEBUG] [tid:2248] Metering TX: 02 03 00 c0 00 30 45 d1 (C:\Qt_work\DialogG2\src\engine\MeteringBusController.cpp:283)
[2026-09-20 11:53:51.778] [DEBUG] [tid:2248] Metering TX: 04 03 00 11 00 20 14 42 (C:\Qt_work\DialogG2\src\engine\MeteringBusController.cpp:283)
[2026-09-20 11:53:52.029] [DEBUG] [tid:2248] Metering TX: dd a5 03 00 ff fd 77 (C:\Qt_work\DialogG2\src\engine\MeteringBusController.cpp:283)
[2026-09-20 11:53:52.115] [DEBUG] [tid:2248] Metering TX: 06 03 00 0b 00 07 74 7d (C:\Qt_work\DialogG2\src\engine\MeteringBusController.cpp:283)
[2026-09-20 11:53:52.362] [DEBUG] [tid:2248] Metering TX: 02 03 00 c0 00 30 45 d1 (C:\Qt_work\DialogG2\src\engine\MeteringBusController.cpp:283)
[2026-09-20 11:53:52.612] [DEBUG] [tid:2248] Metering TX: 02 03 00 30 00 30 45 e2 (C:\Qt_work\DialogG2\src\engine\MeteringBusController.cpp:283)
[2026-09-20 11:53:52.862] [DEBUG] [tid:2248] Metering TX: 02 03 00 90 00 30 45 c0 (C:\Qt_work\DialogG2\src\engine\MeteringBusController.cpp:283)
[2026-09-20 11:53:53.114] [DEBUG] [tid:2248] Metering TX: 05 03 03 00 00 02 c5 cb (C:\Qt_work\DialogG2\src\engine\MeteringBusController.cpp:283)
[2026-09-20 11:53:53.363] [DEBUG] [tid:2248] Metering TX: 06 03 00 0b 00 07 74 7d (C:\Qt_work\DialogG2\src\engine\MeteringBusController.cpp:283)
[2026-09-20 11:53:53.613] [DEBUG] [tid:2248] Metering TX: 02 03 00 c0 00 30 45 d1 (C:\Qt_work\DialogG2\src\engine\MeteringBusController.cpp:283)
[2026-09-20 11:53:53.864] [DEBUG] [tid:2248] Metering TX: 02 03 00 30 00 30 45 e2 (C:\Qt_work\DialogG2\src\engine\MeteringBusController.cpp:283)
[2026-09-20 11:53:54.113] [DEBUG] [tid:2248] Metering TX: 04 03 00 11 00 20 14 42 (C:\Qt_work\DialogG2\src\engine\MeteringBusController.cpp:283)
[2026-09-20 11:53:54.366] [DEBUG] [tid:2248] Metering TX: dd a5 03 00 ff fd 77 (C:\Qt_work\DialogG2\src\engine\MeteringBusController.cpp:283)
[2026-09-20 11:53:54.464] [DEBUG] [tid:2248] Metering TX: 06 03 00 0b 00 07 74 7d (C:\Qt_work\DialogG2\src\engine\MeteringBusController.cpp:283)
[2026-09-20 11:53:54.716] [DEBUG] [tid:2248] Metering TX: 02 03 00 c0 00 30 45 d1 (C:\Qt_work\DialogG2\src\engine\MeteringBusController.cpp:283)
[2026-09-20 11:53:54.964] [DEBUG] [tid:2248] Metering TX: 02 03 00 90 00 30 45 c0 (C:\Qt_work\DialogG2\src\engine\MeteringBusController.cpp:283)
[2026-09-20 11:53:55.215] [DEBUG] [tid:2248] Metering TX: 06 03 00 0b 00 07 74 7d (C:\Qt_work\DialogG2\src\engine\MeteringBusController.cpp:283)
[2026-09-20 11:53:55.466] [DEBUG] [tid:2248] Metering TX: 02 03 00 c0 00 30 45 d1 (C:\Qt_work\DialogG2\src\engine\MeteringBusController.cpp:283)
[2026-09-20 11:53:55.718] [DEBUG] [tid:2248] Metering TX: 02 03 00 30 00 30 45 e2 (C:\Qt_work\DialogG2\src\engine\MeteringBusController.cpp:283)
[2026-09-20 11:53:55.965] [DEBUG] [tid:2248] Metering TX: 04 03 00 11 00 20 14 42 (C:\Qt_work\DialogG2\src\engine\MeteringBusController.cpp:283)
[2026-09-20 11:53:56.218] [DEBUG] [tid:2248] Metering TX: dd a5 04 00 ff fc 77 (C:\Qt_work\DialogG2\src\engine\MeteringBusController.cpp:283)
[2026-09-20 11:53:56.282] [DEBUG] [tid:2248] Metering TX: dd a5 03 00 ff fd 77 (C:\Qt_work\DialogG2\src\engine\MeteringBusController.cpp:283)
[2026-09-20 11:53:56.383] [DEBUG] [tid:2248] Metering TX: 06 03 00 0b 00 07 74 7d (C:\Qt_work\DialogG2\src\engine\MeteringBusController.cpp:283)
[2026-09-20 11:53:56.649] [DEBUG] [tid:2248] Metering TX: 02 03 00 c0 00 30 45 d1 (C:\Qt_work\DialogG2\src\engine\MeteringBusController.cpp:283)
[2026-09-20 11:53:56.916] [DEBUG] [tid:2248] Metering TX: 02 03 00 30 00 30 45 e2 (C:\Qt_work\DialogG2\src\engine\MeteringBusController.cpp:283)
[2026-09-20 11:53:57.183] [DEBUG] [tid:2248] Metering TX: 02 03 00 90 00 30 45 c0 (C:\Qt_work\DialogG2\src\engine\MeteringBusController.cpp:283)
[2026-09-20 11:53:57.437] [DEBUG] [tid:2248] Metering TX: 06 03 00 0b 00 07 74 7d (C:\Qt_work\DialogG2\src\engine\MeteringBusController.cpp:283)
[2026-09-20 11:53:57.683] [DEBUG] [tid:2248] Metering TX: 02 03 00 c0 00 30 45 d1 (C:\Qt_work\DialogG2\src\engine\MeteringBusController.cpp:283)
[2026-09-20 11:53:57.935] [DEBUG] [tid:2248] Metering TX: 04 03 00 11 00 20 14 42 (C:\Qt_work\DialogG2\src\engine\MeteringBusController.cpp:283)
[2026-09-20 11:53:58.183] [DEBUG] [tid:2248] Metering TX: 05 03 03 00 00 02 c5 cb (C:\Qt_work\DialogG2\src\engine\MeteringBusController.cpp:283)
[2026-09-20 11:53:58.436] [DEBUG] [tid:2248] Metering TX: dd a5 03 00 ff fd 77 (C:\Qt_work\DialogG2\src\engine\MeteringBusController.cpp:283)
[2026-09-20 11:53:58.524] [DEBUG] [tid:2248] Metering TX: 06 03 00 0b 00 07 74 7d (C:\Qt_work\DialogG2\src\engine\MeteringBusController.cpp:283)
[2026-09-20 11:53:58.787] [DEBUG] [tid:2248] Metering TX: 02 03 00 c0 00 30 45 d1 (C:\Qt_work\DialogG2\src\engine\MeteringBusController.cpp:283)
[2026-09-20 11:53:59.037] [DEBUG] [tid:2248] Metering TX: 02 03 00 30 00 30 45 e2 (C:\Qt_work\DialogG2\src\engine\MeteringBusController.cpp:283)
[2026-09-20 11:53:59.288] [DEBUG] [tid:2248] Metering TX: 02 03 00 90 00 30 45 c0 (C:\Qt_work\DialogG2\src\engine\MeteringBusController.cpp:283)
[2026-09-20 11:53:59.536] [DEBUG] [tid:2248] Metering TX: 06 03 00 0b 00 07 74 7d (C:\Qt_work\DialogG2\src\engine\MeteringBusController.cpp:283)
[2026-09-20 11:53:59.779] [DEBUG] [tid:2248] Metering TX: 02 03 00 c0 00 30 45 d1 (C:\Qt_work\DialogG2\src\engine\MeteringBusController.cpp:283)
[2026-09-20 11:54:00.027] [DEBUG] [tid:2248] Metering TX: 04 03 00 11 00 20 14 42 (C:\Qt_work\DialogG2\src\engine\MeteringBusController.cpp:283)
[2026-09-20 11:54:00.276] [DEBUG] [tid:2248] Metering TX: dd a5 03 00 ff fd 77 (C:\Qt_work\DialogG2\src\engine\MeteringBusController.cpp:283)
[2026-09-20 11:54:00.377] [DEBUG] [tid:2248] Metering TX: 06 03 00 0b 00 07 74 7d (C:\Qt_work\DialogG2\src\engine\MeteringBusController.cpp:283)
[2026-09-20 11:54:00.618] [DEBUG] [tid:2248] Metering TX: 02 03 00 c0 00 30 45 d1 (C:\Qt_work\DialogG2\src\engine\MeteringBusController.cpp:283)
[2026-09-20 11:54:00.873] [DEBUG] [tid:2248] Metering TX: 02 03 00 30 00 30 45 e2 (C:\Qt_work\DialogG2\src\engine\MeteringBusController.cpp:283)
[2026-09-20 11:54:01.123] [DEBUG] [tid:2248] Metering TX: 02 03 00 90 00 30 45 c0 (C:\Qt_work\DialogG2\src\engine\MeteringBusController.cpp:283)
[2026-09-20 11:54:01.375] [DEBUG] [tid:2248] Metering TX: 06 03 00 0b 00 07 74 7d (C:\Qt_work\DialogG2\src\engine\MeteringBusController.cpp:283)
[2026-09-20 11:54:01.628] [DEBUG] [tid:2248] Metering TX: 02 03 00 c0 00 30 45 d1 (C:\Qt_work\DialogG2\src\engine\MeteringBusController.cpp:283)
[2026-09-20 11:54:01.880] [DEBUG] [tid:2248] Metering TX: 02 03 00 30 00 30 45 e2 (C:\Qt_work\DialogG2\src\engine\MeteringBusController.cpp:283)
[2026-09-20 11:54:02.128] [DEBUG] [tid:2248] Metering TX: 04 03 00 11 00 20 14 42 (C:\Qt_work\DialogG2\src\engine\MeteringBusController.cpp:283)
[2026-09-20 11:54:02.379] [DEBUG] [tid:2248] Metering TX: dd a5 03 00 ff fd 77 (C:\Qt_work\DialogG2\src\engine\MeteringBusController.cpp:283)
[2026-09-20 11:54:02.470] [DEBUG] [tid:2248] Metering TX: 06 03 00 0b 00 07 74 7d (C:\Qt_work\DialogG2\src\engine\MeteringBusController.cpp:283)
[2026-09-20 11:54:02.714] [DEBUG] [tid:2248] Metering TX: 02 03 00 c0 00 30 45 d1 (C:\Qt_work\DialogG2\src\engine\MeteringBusController.cpp:283)
[2026-09-20 11:54:02.970] [DEBUG] [tid:2248] Metering TX: 02 03 00 30 00 30 45 e2 (C:\Qt_work\DialogG2\src\engine\MeteringBusController.cpp:283)
[2026-09-20 11:54:03.217] [DEBUG] [tid:2248] Metering TX: 02 03 00 90 00 30 45 c0 (C:\Qt_work\DialogG2\src\engine\MeteringBusController.cpp:283)
[2026-09-20 11:54:03.466] [DEBUG] [tid:2248] Metering TX: 05 03 03 00 00 02 c5 cb (C:\Qt_work\DialogG2\src\engine\MeteringBusController.cpp:283)
[2026-09-20 11:54:03.717] [DEBUG] [tid:2248] Metering TX: 06 03 00 0b 00 07 74 7d (C:\Qt_work\DialogG2\src\engine\MeteringBusController.cpp:283)
[2026-09-20 11:54:03.968] [DEBUG] [tid:2248] Metering TX: 02 03 00 c0 00 30 45 d1 (C:\Qt_work\DialogG2\src\engine\MeteringBusController.cpp:283)
[2026-09-20 11:54:04.213] [DEBUG] [tid:2248] Metering TX: 02 03 00 30 00 30 45 e2 (C:\Qt_work\DialogG2\src\engine\MeteringBusController.cpp:283)
[2026-09-20 11:54:04.466] [DEBUG] [tid:2248] Metering TX: 04 03 00 11 00 20 14 42 (C:\Qt_work\DialogG2\src\engine\MeteringBusController.cpp:283)
[2026-09-20 11:54:04.730] [DEBUG] [tid:2248] Metering TX: dd a5 03 00 ff fd 77 (C:\Qt_work\DialogG2\src\engine\MeteringBusController.cpp:283)
[2026-09-20 11:54:04.820] [DEBUG] [tid:2248] Metering TX: 06 03 00 0b 00 07 74 7d (C:\Qt_work\DialogG2\src\engine\MeteringBusController.cpp:283)
[2026-09-20 11:54:05.075] [DEBUG] [tid:2248] Metering TX: 02 03 00 c0 00 30 45 d1 (C:\Qt_work\DialogG2\src\engine\MeteringBusController.cpp:283)
[2026-09-20 11:54:05.330] [DEBUG] [tid:2248] Metering TX: 02 03 00 90 00 30 45 c0 (C:\Qt_work\DialogG2\src\engine\MeteringBusController.cpp:283)
[2026-09-20 11:54:05.579] [DEBUG] [tid:2248] Metering TX: 06 03 00 0b 00 07 74 7d (C:\Qt_work\DialogG2\src\engine\MeteringBusController.cpp:283)
[2026-09-20 11:54:05.828] [DEBUG] [tid:2248] Metering TX: 02 03 00 c0 00 30 45 d1 (C:\Qt_work\DialogG2\src\engine\MeteringBusController.cpp:283)
[2026-09-20 11:54:06.075] [DEBUG] [tid:2248] Metering TX: 02 03 00 30 00 30 45 e2 (C:\Qt_work\DialogG2\src\engine\MeteringBusController.cpp:283)
[2026-09-20 11:54:06.328] [DEBUG] [tid:2248] Metering TX: 04 03 00 11 00 20 14 42 (C:\Qt_work\DialogG2\src\engine\MeteringBusController.cpp:283)
[2026-09-20 11:54:06.578] [DEBUG] [tid:2248] Metering TX: dd a5 04 00 ff fc 77 (C:\Qt_work\DialogG2\src\engine\MeteringBusController.cpp:283)
[2026-09-20 11:54:06.642] [DEBUG] [tid:2248] Metering TX: dd a5 03 00 ff fd 77 (C:\Qt_work\DialogG2\src\engine\MeteringBusController.cpp:283)
[2026-09-20 11:54:06.738] [DEBUG] [tid:2248] Metering TX: 06 03 00 0b 00 07 74 7d (C:\Qt_work\DialogG2\src\engine\MeteringBusController.cpp:283)
[2026-09-20 11:54:06.995] [DEBUG] [tid:2248] Metering TX: 02 03 00 c0 00 30 45 d1 (C:\Qt_work\DialogG2\src\engine\MeteringBusController.cpp:283)
[2026-09-20 11:54:07.262] [DEBUG] [tid:2248] Metering TX: 02 03 00 30 00 30 45 e2 (C:\Qt_work\DialogG2\src\engine\MeteringBusController.cpp:283)
[2026-09-20 11:54:07.512] [DEBUG] [tid:2248] Metering TX: 02 03 00 90 00 30 45 c0 (C:\Qt_work\DialogG2\src\engine\MeteringBusController.cpp:283)
[2026-09-20 11:54:07.761] [DEBUG] [tid:2248] Metering TX: 06 03 00 0b 00 07 74 7d (C:\Qt_work\DialogG2\src\engine\MeteringBusController.cpp:283)
[2026-09-20 11:54:08.012] [DEBUG] [tid:2248] Metering TX: 02 03 00 c0 00 30 45 d1 (C:\Qt_work\DialogG2\src\engine\MeteringBusController.cpp:283)
[2026-09-20 11:54:08.263] [DEBUG] [tid:2248] Metering TX: 04 03 00 11 00 20 14 42 (C:\Qt_work\DialogG2\src\engine\MeteringBusController.cpp:283)
[2026-09-20 11:54:08.513] [DEBUG] [tid:2248] Metering TX: 05 03 03 00 00 02 c5 cb (C:\Qt_work\DialogG2\src\engine\MeteringBusController.cpp:283)
[2026-09-20 11:54:08.763] [DEBUG] [tid:2248] Metering TX: dd a5 03 00 ff fd 77 (C:\Qt_work\DialogG2\src\engine\MeteringBusController.cpp:283)
[2026-09-20 11:54:08.880] [DEBUG] [tid:2248] Metering TX: 06 03 00 0b 00 07 74 7d (C:\Qt_work\DialogG2\src\engine\MeteringBusController.cpp:283)
[2026-09-20 11:54:09.129] [DEBUG] [tid:2248] Metering TX: 02 03 00 c0 00 30 45 d1 (C:\Qt_work\DialogG2\src\engine\MeteringBusController.cpp:283)
[2026-09-20 11:54:09.379] [DEBUG] [tid:2248] Metering TX: 02 03 00 30 00 30 45 e2 (C:\Qt_work\DialogG2\src\engine\MeteringBusController.cpp:283)
[2026-09-20 11:54:09.631] [DEBUG] [tid:2248] Metering TX: 02 03 00 90 00 30 45 c0 (C:\Qt_work\DialogG2\src\engine\MeteringBusController.cpp:283)
[2026-09-20 11:54:09.879] [DEBUG] [tid:2248] Metering TX: 06 03 00 0b 00 07 74 7d (C:\Qt_work\DialogG2\src\engine\MeteringBusController.cpp:283)
[2026-09-20 11:54:10.130] [DEBUG] [tid:2248] Metering TX: 02 03 00 c0 00 30 45 d1 (C:\Qt_work\DialogG2\src\engine\MeteringBusController.cpp:283)
[2026-09-20 11:54:10.382] [DEBUG] [tid:2248] Metering TX: 04 03 00 11 00 20 14 42 (C:\Qt_work\DialogG2\src\engine\MeteringBusController.cpp:283)
[2026-09-20 11:54:10.619] [DEBUG] [tid:2248] Metering TX: dd a5 03 00 ff fd 77 (C:\Qt_work\DialogG2\src\engine\MeteringBusController.cpp:283)
[2026-09-20 11:54:10.714] [DEBUG] [tid:2248] Metering TX: 06 03 00 0b 00 07 74 7d (C:\Qt_work\DialogG2\src\engine\MeteringBusController.cpp:283)
[2026-09-20 11:54:10.964] [DEBUG] [tid:2248] Metering TX: 02 03 00 c0 00 30 45 d1 (C:\Qt_work\DialogG2\src\engine\MeteringBusController.cpp:283)
[2026-09-20 11:54:11.215] [DEBUG] [tid:2248] Metering TX: 02 03 00 30 00 30 45 e2 (C:\Qt_work\DialogG2\src\engine\MeteringBusController.cpp:283)
[2026-09-20 11:54:11.464] [DEBUG] [tid:2248] Metering TX: 02 03 00 90 00 30 45 c0 (C:\Qt_work\DialogG2\src\engine\MeteringBusController.cpp:283)
[2026-09-20 11:54:11.731] [DEBUG] [tid:2248] Metering TX: 06 03 00 0b 00 07 74 7d (C:\Qt_work\DialogG2\src\engine\MeteringBusController.cpp:283)
[2026-09-20 11:54:11.981] [DEBUG] [tid:2248] Metering TX: 02 03 00 c0 00 30 45 d1 (C:\Qt_work\DialogG2\src\engine\MeteringBusController.cpp:283)
[2026-09-20 11:54:12.232] [DEBUG] [tid:2248] Metering TX: 04 03 00 11 00 20 14 42 (C:\Qt_work\DialogG2\src\engine\MeteringBusController.cpp:283)
[2026-09-20 11:54:12.499] [DEBUG] [tid:2248] Metering TX: dd a5 03 00 ff fd 77 (C:\Qt_work\DialogG2\src\engine\MeteringBusController.cpp:283)
[2026-09-20 11:54:12.600] [DEBUG] [tid:2248] Metering TX: 06 03 00 0b 00 07 74 7d (C:\Qt_work\DialogG2\src\engine\MeteringBusController.cpp:283)
[2026-09-20 11:54:12.850] [DEBUG] [tid:2248] Metering TX: 02 03 00 c0 00 30 45 d1 (C:\Qt_work\DialogG2\src\engine\MeteringBusController.cpp:283)
[2026-09-20 11:54:13.099] [DEBUG] [tid:2248] Metering TX: 02 03 00 30 00 30 45 e2 (C:\Qt_work\DialogG2\src\engine\MeteringBusController.cpp:283)
[2026-09-20 11:54:13.349] [DEBUG] [tid:2248] Metering TX: 02 03 00 90 00 30 45 c0 (C:\Qt_work\DialogG2\src\engine\MeteringBusController.cpp:283)
[2026-09-20 11:54:13.599] [DEBUG] [tid:2248] Metering TX: 04 03 00 11 00 20 14 42 (C:\Qt_work\DialogG2\src\engine\MeteringBusController.cpp:283)
[2026-09-20 11:54:13.851] [DEBUG] [tid:2248] Metering TX: 05 03 03 00 00 02 c5 cb (C:\Qt_work\DialogG2\src\engine\MeteringBusController.cpp:283)
[2026-09-20 11:54:14.117] [DEBUG] [tid:2248] Metering TX: 06 03 00 0b 00 07 74 7d (C:\Qt_work\DialogG2\src\engine\MeteringBusController.cpp:283)
[2026-09-20 11:54:14.385] [DEBUG] [tid:2248] Metering TX: 02 03 00 c0 00 30 45 d1 (C:\Qt_work\DialogG2\src\engine\MeteringBusController.cpp:283)
[2026-09-20 11:54:14.634] [DEBUG] [tid:2248] Metering TX: 02 03 00 30 00 30 45 e2 (C:\Qt_work\DialogG2\src\engine\MeteringBusController.cpp:283)
[2026-09-20 11:54:14.902] [DEBUG] [tid:2248] Metering TX: dd a5 03 00 ff fd 77 (C:\Qt_work\DialogG2\src\engine\MeteringBusController.cpp:283)
[2026-09-20 11:54:15.016] [DEBUG] [tid:2248] Metering TX: 06 03 00 0b 00 07 74 7d (C:\Qt_work\DialogG2\src\engine\MeteringBusController.cpp:283)
[2026-09-20 11:54:15.268] [DEBUG] [tid:2248] Metering TX: 02 03 00 90 00 30 45 c0 (C:\Qt_work\DialogG2\src\engine\MeteringBusController.cpp:283)
[2026-09-20 11:54:15.518] [DEBUG] [tid:2248] Metering TX: 04 03 00 11 00 20 14 42 (C:\Qt_work\DialogG2\src\engine\MeteringBusController.cpp:283)
[2026-09-20 11:54:15.768] [DEBUG] [tid:2248] Metering TX: 06 03 00 0b 00 07 74 7d (C:\Qt_work\DialogG2\src\engine\MeteringBusController.cpp:283)
[2026-09-20 11:54:16.020] [DEBUG] [tid:2248] Metering TX: 02 03 00 c0 00 30 45 d1 (C:\Qt_work\DialogG2\src\engine\MeteringBusController.cpp:283)
[2026-09-20 11:54:16.268] [DEBUG] [tid:2248] Metering TX: 02 03 00 30 00 30 45 e2 (C:\Qt_work\DialogG2\src\engine\MeteringBusController.cpp:283)
[2026-09-20 11:54:16.519] [DEBUG] [tid:2248] Metering TX: 02 03 00 90 00 30 45 c0 (C:\Qt_work\DialogG2\src\engine\MeteringBusController.cpp:283)
[2026-09-20 11:54:16.768] [DEBUG] [tid:2248] Metering TX: dd a5 04 00 ff fc 77 (C:\Qt_work\DialogG2\src\engine\MeteringBusController.cpp:283)
[2026-09-20 11:54:16.837] [DEBUG] [tid:2248] Metering TX: dd a5 03 00 ff fd 77 (C:\Qt_work\DialogG2\src\engine\MeteringBusController.cpp:283)
[2026-09-20 11:54:16.973] [DEBUG] [tid:2248] Metering TX: 06 03 00 0b 00 07 74 7d (C:\Qt_work\DialogG2\src\engine\MeteringBusController.cpp:283)
[2026-09-20 11:54:17.222] [DEBUG] [tid:2248] Metering TX: 02 03 00 c0 00 30 45 d1 (C:\Qt_work\DialogG2\src\engine\MeteringBusController.cpp:283)
[2026-09-20 11:54:17.470] [DEBUG] [tid:2248] Metering TX: 02 03 00 30 00 30 45 e2 (C:\Qt_work\DialogG2\src\engine\MeteringBusController.cpp:283)
[2026-09-20 11:54:17.723] [DEBUG] [tid:2248] Metering TX: 04 03 00 11 00 20 14 42 (C:\Qt_work\DialogG2\src\engine\MeteringBusController.cpp:283)
[2026-09-20 11:54:17.972] [DEBUG] [tid:2248] Metering TX: 05 03 03 00 00 02 c5 cb (C:\Qt_work\DialogG2\src\engine\MeteringBusController.cpp:283)
[2026-09-20 11:54:18.222] [DEBUG] [tid:2248] Metering TX: 06 03 00 0b 00 07 74 7d (C:\Qt_work\DialogG2\src\engine\MeteringBusController.cpp:283)
[2026-09-20 11:54:18.471] [DEBUG] [tid:2248] Metering TX: 02 03 00 c0 00 30 45 d1 (C:\Qt_work\DialogG2\src\engine\MeteringBusController.cpp:283)
[2026-09-20 11:54:18.722] [DEBUG] [tid:2248] Metering TX: 02 03 00 90 00 30 45 c0 (C:\Qt_work\DialogG2\src\engine\MeteringBusController.cpp:283)
[2026-09-20 11:54:18.971] [DEBUG] [tid:2248] Metering TX: dd a5 03 00 ff fd 77 (C:\Qt_work\DialogG2\src\engine\MeteringBusController.cpp:283)
[2026-09-20 11:54:19.058] [DEBUG] [tid:2248] Metering TX: 06 03 00 0b 00 07 74 7d (C:\Qt_work\DialogG2\src\engine\MeteringBusController.cpp:283)
[2026-09-20 11:54:19.305] [DEBUG] [tid:2248] Metering TX: 02 03 00 30 00 30 45 e2 (C:\Qt_work\DialogG2\src\engine\MeteringBusController.cpp:283)
[2026-09-20 11:54:19.571] [DEBUG] [tid:2248] Metering TX: 04 03 00 11 00 20 14 42 (C:\Qt_work\DialogG2\src\engine\MeteringBusController.cpp:283)
[2026-09-20 11:54:19.822] [DEBUG] [tid:2248] Metering TX: 06 03 00 0b 00 07 74 7d (C:\Qt_work\DialogG2\src\engine\MeteringBusController.cpp:283)
[2026-09-20 11:54:20.073] [DEBUG] [tid:2248] Metering TX: 02 03 00 c0 00 30 45 d1 (C:\Qt_work\DialogG2\src\engine\MeteringBusController.cpp:283)
[2026-09-20 11:54:20.322] [DEBUG] [tid:2248] Metering TX: 02 03 00 30 00 30 45 e2 (C:\Qt_work\DialogG2\src\engine\MeteringBusController.cpp:283)
[2026-09-20 11:54:20.573] [DEBUG] [tid:2248] Metering TX: 02 03 00 90 00 30 45 c0 (C:\Qt_work\DialogG2\src\engine\MeteringBusController.cpp:283)
[2026-09-20 11:54:20.840] [DEBUG] [tid:2248] Metering TX: dd a5 03 00 ff fd 77 (C:\Qt_work\DialogG2\src\engine\MeteringBusController.cpp:283)
[2026-09-20 11:54:20.973] [DEBUG] [tid:2248] Metering TX: 06 03 00 0b 00 07 74 7d (C:\Qt_work\DialogG2\src\engine\MeteringBusController.cpp:283)
[2026-09-20 11:54:21.226] [DEBUG] [tid:2248] Metering TX: 02 03 00 c0 00 30 45 d1 (C:\Qt_work\DialogG2\src\engine\MeteringBusController.cpp:283)
[2026-09-20 11:54:21.474] [DEBUG] [tid:2248] Metering TX: 02 03 00 30 00 30 45 e2 (C:\Qt_work\DialogG2\src\engine\MeteringBusController.cpp:283)
[2026-09-20 11:54:21.724] [DEBUG] [tid:2248] Metering TX: 04 03 00 11 00 20 14 42 (C:\Qt_work\DialogG2\src\engine\MeteringBusController.cpp:283)
[2026-09-20 11:54:21.976] [DEBUG] [tid:2248] Metering TX: 06 03 00 0b 00 07 74 7d (C:\Qt_work\DialogG2\src\engine\MeteringBusController.cpp:283)
[2026-09-20 11:54:22.241] [DEBUG] [tid:2248] Metering TX: 02 03 00 c0 00 30 45 d1 (C:\Qt_work\DialogG2\src\engine\MeteringBusController.cpp:283)
[2026-09-20 11:54:22.492] [DEBUG] [tid:2248] Metering TX: 02 03 00 30 00 30 45 e2 (C:\Qt_work\DialogG2\src\engine\MeteringBusController.cpp:283)
[2026-09-20 11:54:22.744] [DEBUG] [tid:2248] Metering TX: 02 03 00 90 00 30 45 c0 (C:\Qt_work\DialogG2\src\engine\MeteringBusController.cpp:283)
[2026-09-20 11:54:23.010] [DEBUG] [tid:2248] Metering TX: dd a5 03 00 ff fd 77 (C:\Qt_work\DialogG2\src\engine\MeteringBusController.cpp:283)
[2026-09-20 11:54:23.101] [DEBUG] [tid:2248] Metering TX: 05 03 03 00 00 02 c5 cb (C:\Qt_work\DialogG2\src\engine\MeteringBusController.cpp:283)
[2026-09-20 11:54:23.359] [DEBUG] [tid:2248] Metering TX: 06 03 00 0b 00 07 74 7d (C:\Qt_work\DialogG2\src\engine\MeteringBusController.cpp:283)
[2026-09-20 11:54:23.609] [DEBUG] [tid:2248] Metering TX: 02 03 00 c0 00 30 45 d1 (C:\Qt_work\DialogG2\src\engine\MeteringBusController.cpp:283)
[2026-09-20 11:54:23.863] [DEBUG] [tid:2248] Metering TX: 02 03 00 30 00 30 45 e2 (C:\Qt_work\DialogG2\src\engine\MeteringBusController.cpp:283)
[2026-09-20 11:54:24.110] [DEBUG] [tid:2248] Metering TX: 04 03 00 11 00 20 14 42 (C:\Qt_work\DialogG2\src\engine\MeteringBusController.cpp:283)
[2026-09-20 11:54:24.361] [DEBUG] [tid:2248] Metering TX: 06 03 00 0b 00 07 74 7d (C:\Qt_work\DialogG2\src\engine\MeteringBusController.cpp:283)
[2026-09-20 11:54:24.612] [DEBUG] [tid:2248] Metering TX: 02 03 00 90 00 30 45 c0 (C:\Qt_work\DialogG2\src\engine\MeteringBusController.cpp:283)
[2026-09-20 11:54:24.862] [DEBUG] [tid:2248] Metering TX: dd a5 03 00 ff fd 77 (C:\Qt_work\DialogG2\src\engine\MeteringBusController.cpp:283)
[2026-09-20 11:54:24.964] [DEBUG] [tid:2248] Metering TX: 06 03 00 0b 00 07 74 7d (C:\Qt_work\DialogG2\src\engine\MeteringBusController.cpp:283)
[2026-09-20 11:54:25.227] [DEBUG] [tid:2248] Metering TX: 02 03 00 c0 00 30 45 d1 (C:\Qt_work\DialogG2\src\engine\MeteringBusController.cpp:283)
[2026-09-20 11:54:25.481] [DEBUG] [tid:2248] Metering TX: 02 03 00 30 00 30 45 e2 (C:\Qt_work\DialogG2\src\engine\MeteringBusController.cpp:283)
[2026-09-20 11:54:25.728] [DEBUG] [tid:2248] Metering TX: 04 03 00 11 00 20 14 42 (C:\Qt_work\DialogG2\src\engine\MeteringBusController.cpp:283)
[2026-09-20 11:54:25.981] [DEBUG] [tid:2248] Metering TX: 06 03 00 0b 00 07 74 7d (C:\Qt_work\DialogG2\src\engine\MeteringBusController.cpp:283)
[2026-09-20 11:54:26.229] [DEBUG] [tid:2248] Metering TX: 02 03 00 c0 00 30 45 d1 (C:\Qt_work\DialogG2\src\engine\MeteringBusController.cpp:283)
[2026-09-20 11:54:26.497] [DEBUG] [tid:2248] Metering TX: 02 03 00 30 00 30 45 e2 (C:\Qt_work\DialogG2\src\engine\MeteringBusController.cpp:283)
[2026-09-20 11:54:26.746] [DEBUG] [tid:2248] Metering TX: 02 03 00 90 00 30 45 c0 (C:\Qt_work\DialogG2\src\engine\MeteringBusController.cpp:283)
[2026-09-20 11:54:26.998] [DEBUG] [tid:2248] Metering TX: dd a5 04 00 ff fc 77 (C:\Qt_work\DialogG2\src\engine\MeteringBusController.cpp:283)
[2026-09-20 11:54:27.064] [DEBUG] [tid:2248] Metering TX: dd a5 03 00 ff fd 77 (C:\Qt_work\DialogG2\src\engine\MeteringBusController.cpp:283)
[2026-09-20 11:54:27.146] [DEBUG] [tid:2248] Metering TX: 06 03 00 0b 00 07 74 7d (C:\Qt_work\DialogG2\src\engine\MeteringBusController.cpp:283)
[2026-09-20 11:54:27.413] [DEBUG] [tid:2248] Metering TX: 02 03 00 c0 00 30 45 d1 (C:\Qt_work\DialogG2\src\engine\MeteringBusController.cpp:283)
[2026-09-20 11:54:27.664] [DEBUG] [tid:2248] Metering TX: 02 03 00 30 00 30 45 e2 (C:\Qt_work\DialogG2\src\engine\MeteringBusController.cpp:283)
[2026-09-20 11:54:27.914] [DEBUG] [tid:2248] Metering TX: 04 03 00 11 00 20 14 42 (C:\Qt_work\DialogG2\src\engine\MeteringBusController.cpp:283)
[2026-09-20 11:54:28.164] [DEBUG] [tid:2248] Metering TX: 05 03 03 00 00 02 c5 cb (C:\Qt_work\DialogG2\src\engine\MeteringBusController.cpp:283)
[2026-09-20 11:54:28.433] [DEBUG] [tid:2248] Metering TX: 06 03 00 0b 00 07 74 7d (C:\Qt_work\DialogG2\src\engine\MeteringBusController.cpp:283)
[2026-09-20 11:54:28.698] [DEBUG] [tid:2248] Metering TX: 02 03 00 c0 00 30 45 d1 (C:\Qt_work\DialogG2\src\engine\MeteringBusController.cpp:283)
[2026-09-20 11:54:28.965] [DEBUG] [tid:2248] Metering TX: 02 03 00 90 00 30 45 c0 (C:\Qt_work\DialogG2\src\engine\MeteringBusController.cpp:283)
[2026-09-20 11:54:29.215] [DEBUG] [tid:2248] Metering TX: dd a5 03 00 ff fd 77 (C:\Qt_work\DialogG2\src\engine\MeteringBusController.cpp:283)
[2026-09-20 11:54:29.299] [DEBUG] [tid:2248] Metering TX: 06 03 00 0b 00 07 74 7d (C:\Qt_work\DialogG2\src\engine\MeteringBusController.cpp:283)
[2026-09-20 11:54:29.549] [DEBUG] [tid:2248] Metering TX: 02 03 00 30 00 30 45 e2 (C:\Qt_work\DialogG2\src\engine\MeteringBusController.cpp:283)
[2026-09-20 11:54:29.799] [DEBUG] [tid:2248] Metering TX: 04 03 00 11 00 20 14 42 (C:\Qt_work\DialogG2\src\engine\MeteringBusController.cpp:283)
[2026-09-20 11:54:30.050] [DEBUG] [tid:2248] Metering TX: 06 03 00 0b 00 07 74 7d (C:\Qt_work\DialogG2\src\engine\MeteringBusController.cpp:283)
[2026-09-20 11:54:30.300] [DEBUG] [tid:2248] Metering TX: 02 03 00 c0 00 30 45 d1 (C:\Qt_work\DialogG2\src\engine\MeteringBusController.cpp:283)
[2026-09-20 11:54:30.551] [DEBUG] [tid:2248] Metering TX: 02 03 00 30 00 30 45 e2 (C:\Qt_work\DialogG2\src\engine\MeteringBusController.cpp:283)
[2026-09-20 11:54:30.802] [DEBUG] [tid:2248] Metering TX: 02 03 00 90 00 30 45 c0 (C:\Qt_work\DialogG2\src\engine\MeteringBusController.cpp:283)
[2026-09-20 11:54:31.051] [DEBUG] [tid:2248] Metering TX: dd a5 03 00 ff fd 77 (C:\Qt_work\DialogG2\src\engine\MeteringBusController.cpp:283)
[2026-09-20 11:54:31.150] [DEBUG] [tid:2248] Metering TX: 06 03 00 0b 00 07 74 7d (C:\Qt_work\DialogG2\src\engine\MeteringBusController.cpp:283)
[2026-09-20 11:54:31.400] [DEBUG] [tid:2248] Metering TX: 02 03 00 c0 00 30 45 d1 (C:\Qt_work\DialogG2\src\engine\MeteringBusController.cpp:283)
[2026-09-20 11:54:31.651] [DEBUG] [tid:2248] Metering TX: 02 03 00 30 00 30 45 e2 (C:\Qt_work\DialogG2\src\engine\MeteringBusController.cpp:283)
[2026-09-20 11:54:31.903] [DEBUG] [tid:2248] Metering TX: 04 03 00 11 00 20 14 42 (C:\Qt_work\DialogG2\src\engine\MeteringBusController.cpp:283)
[2026-09-20 11:54:32.151] [DEBUG] [tid:2248] Metering TX: 06 03 00 0b 00 07 74 7d (C:\Qt_work\DialogG2\src\engine\MeteringBusController.cpp:283)
[2026-09-20 11:54:32.402] [DEBUG] [tid:2248] Metering TX: 02 03 00 c0 00 30 45 d1 (C:\Qt_work\DialogG2\src\engine\MeteringBusController.cpp:283)
[2026-09-20 11:54:32.652] [DEBUG] [tid:2248] Metering TX: 02 03 00 30 00 30 45 e2 (C:\Qt_work\DialogG2\src\engine\MeteringBusController.cpp:283)
[2026-09-20 11:54:32.904] [DEBUG] [tid:2248] Metering TX: 02 03 00 90 00 30 45 c0 (C:\Qt_work\DialogG2\src\engine\MeteringBusController.cpp:283)
[2026-09-20 11:54:33.154] [DEBUG] [tid:2248] Metering TX: 05 03 03 00 00 02 c5 cb (C:\Qt_work\DialogG2\src\engine\MeteringBusController.cpp:283)
[2026-09-20 11:54:33.405] [DEBUG] [tid:2248] Metering TX: dd a5 03 00 ff fd 77 (C:\Qt_work\DialogG2\src\engine\MeteringBusController.cpp:283)
[2026-09-20 11:54:33.502] [DEBUG] [tid:2248] Metering TX: 06 03 00 0b 00 07 74 7d (C:\Qt_work\DialogG2\src\engine\MeteringBusController.cpp:283)
[2026-09-20 11:54:33.755] [DEBUG] [tid:2248] Metering TX: 02 03 00 c0 00 30 45 d1 (C:\Qt_work\DialogG2\src\engine\MeteringBusController.cpp:283)
[2026-09-20 11:54:34.005] [DEBUG] [tid:2248] Metering TX: 02 03 00 30 00 30 45 e2 (C:\Qt_work\DialogG2\src\engine\MeteringBusController.cpp:283)
[2026-09-20 11:54:34.255] [DEBUG] [tid:2248] Metering TX: 04 03 00 11 00 20 14 42 (C:\Qt_work\DialogG2\src\engine\MeteringBusController.cpp:283)
[2026-09-20 11:54:34.505] [DEBUG] [tid:2248] Metering TX: 06 03 00 0b 00 07 74 7d (C:\Qt_work\DialogG2\src\engine\MeteringBusController.cpp:283)
[2026-09-20 11:54:34.756] [DEBUG] [tid:2248] Metering TX: 02 03 00 90 00 30 45 c0 (C:\Qt_work\DialogG2\src\engine\MeteringBusController.cpp:283)
[2026-09-20 11:54:35.006] [DEBUG] [tid:2248] Metering TX: dd a5 03 00 ff fd 77 (C:\Qt_work\DialogG2\src\engine\MeteringBusController.cpp:283)
[2026-09-20 11:54:35.103] [DEBUG] [tid:2248] Metering TX: 06 03 00 0b 00 07 74 7d (C:\Qt_work\DialogG2\src\engine\MeteringBusController.cpp:283)
[2026-09-20 11:54:35.357] [DEBUG] [tid:2248] Metering TX: 02 03 00 c0 00 30 45 d1 (C:\Qt_work\DialogG2\src\engine\MeteringBusController.cpp:283)
[2026-09-20 11:54:35.605] [DEBUG] [tid:2248] Metering TX: 02 03 00 30 00 30 45 e2 (C:\Qt_work\DialogG2\src\engine\MeteringBusController.cpp:283)
[2026-09-20 11:54:35.873] [DEBUG] [tid:2248] Metering TX: 04 03 00 11 00 20 14 42 (C:\Qt_work\DialogG2\src\engine\MeteringBusController.cpp:283)
[2026-09-20 11:54:36.123] [DEBUG] [tid:2248] Metering TX: 06 03 00 0b 00 07 74 7d (C:\Qt_work\DialogG2\src\engine\MeteringBusController.cpp:283)
[2026-09-20 11:54:36.373] [DEBUG] [tid:2248] Metering TX: 02 03 00 c0 00 30 45 d1 (C:\Qt_work\DialogG2\src\engine\MeteringBusController.cpp:283)
[2026-09-20 11:54:36.623] [DEBUG] [tid:2248] Metering TX: 02 03 00 30 00 30 45 e2 (C:\Qt_work\DialogG2\src\engine\MeteringBusController.cpp:283)
[2026-09-20 11:54:36.874] [DEBUG] [tid:2248] Metering TX: 02 03 00 90 00 30 45 c0 (C:\Qt_work\DialogG2\src\engine\MeteringBusController.cpp:283)
[2026-09-20 11:54:37.123] [DEBUG] [tid:2248] Metering TX: dd a5 04 00 ff fc 77 (C:\Qt_work\DialogG2\src\engine\MeteringBusController.cpp:283)
[2026-09-20 11:54:37.192] [DEBUG] [tid:2248] Metering TX: dd a5 03 00 ff fd 77 (C:\Qt_work\DialogG2\src\engine\MeteringBusController.cpp:283)
[2026-09-20 11:54:37.290] [DEBUG] [tid:2248] Metering TX: 06 03 00 0b 00 07 74 7d (C:\Qt_work\DialogG2\src\engine\MeteringBusController.cpp:283)
[2026-09-20 11:54:37.541] [DEBUG] [tid:2248] Metering TX: 02 03 00 c0 00 30 45 d1 (C:\Qt_work\DialogG2\src\engine\MeteringBusController.cpp:283)
[2026-09-20 11:54:37.791] [DEBUG] [tid:2248] Metering TX: 02 03 00 30 00 30 45 e2 (C:\Qt_work\DialogG2\src\engine\MeteringBusController.cpp:283)
[2026-09-20 11:54:38.041] [DEBUG] [tid:2248] Metering TX: 04 03 00 11 00 20 14 42 (C:\Qt_work\DialogG2\src\engine\MeteringBusController.cpp:283)
[2026-09-20 11:54:38.291] [DEBUG] [tid:2248] Metering TX: 05 03 03 00 00 02 c5 cb (C:\Qt_work\DialogG2\src\engine\MeteringBusController.cpp:283)
[2026-09-20 11:54:38.541] [DEBUG] [tid:2248] Metering TX: 06 03 00 0b 00 07 74 7d (C:\Qt_work\DialogG2\src\engine\MeteringBusController.cpp:283)
[2026-09-20 11:54:38.791] [DEBUG] [tid:2248] Metering TX: 02 03 00 c0 00 30 45 d1 (C:\Qt_work\DialogG2\src\engine\MeteringBusController.cpp:283)
[2026-09-20 11:54:39.042] [DEBUG] [tid:2248] Metering TX: 02 03 00 90 00 30 45 c0 (C:\Qt_work\DialogG2\src\engine\MeteringBusController.cpp:283)
[2026-09-20 11:54:39.292] [DEBUG] [tid:2248] Metering TX: dd a5 03 00 ff fd 77 (C:\Qt_work\DialogG2\src\engine\MeteringBusController.cpp:283)
[2026-09-20 11:54:39.385] [DEBUG] [tid:2248] Metering TX: 06 03 00 0b 00 07 74 7d (C:\Qt_work\DialogG2\src\engine\MeteringBusController.cpp:283)
[2026-09-20 11:54:39.642] [DEBUG] [tid:2248] Metering TX: 02 03 00 30 00 30 45 e2 (C:\Qt_work\DialogG2\src\engine\MeteringBusController.cpp:283)
[2026-09-20 11:54:39.895] [DEBUG] [tid:2248] Metering TX: 04 03 00 11 00 20 14 42 (C:\Qt_work\DialogG2\src\engine\MeteringBusController.cpp:283)
[2026-09-20 11:54:40.143] [DEBUG] [tid:2248] Metering TX: 06 03 00 0b 00 07 74 7d (C:\Qt_work\DialogG2\src\engine\MeteringBusController.cpp:283)
[2026-09-20 11:54:40.394] [DEBUG] [tid:2248] Metering TX: 02 03 00 c0 00 30 45 d1 (C:\Qt_work\DialogG2\src\engine\MeteringBusController.cpp:283)
[2026-09-20 11:54:40.644] [DEBUG] [tid:2248] Metering TX: 02 03 00 30 00 30 45 e2 (C:\Qt_work\DialogG2\src\engine\MeteringBusController.cpp:283)
[2026-09-20 11:54:40.896] [DEBUG] [tid:2248] Metering TX: 02 03 00 90 00 30 45 c0 (C:\Qt_work\DialogG2\src\engine\MeteringBusController.cpp:283)
[2026-09-20 11:54:41.144] [DEBUG] [tid:2248] Metering TX: dd a5 03 00 ff fd 77 (C:\Qt_work\DialogG2\src\engine\MeteringBusController.cpp:283)
[2026-09-20 11:54:41.246] [DEBUG] [tid:2248] Metering TX: 06 03 00 0b 00 07 74 7d (C:\Qt_work\DialogG2\src\engine\MeteringBusController.cpp:283)
[2026-09-20 11:54:41.494] [DEBUG] [tid:2248] Metering TX: 02 03 00 c0 00 30 45 d1 (C:\Qt_work\DialogG2\src\engine\MeteringBusController.cpp:283)
[2026-09-20 11:54:41.746] [DEBUG] [tid:2248] Metering TX: 02 03 00 30 00 30 45 e2 (C:\Qt_work\DialogG2\src\engine\MeteringBusController.cpp:283)
[2026-09-20 11:54:41.996] [DEBUG] [tid:2248] Metering TX: 04 03 00 11 00 20 14 42 (C:\Qt_work\DialogG2\src\engine\MeteringBusController.cpp:283)
[2026-09-20 11:54:42.246] [DEBUG] [tid:2248] Metering TX: 06 03 00 0b 00 07 74 7d (C:\Qt_work\DialogG2\src\engine\MeteringBusController.cpp:283)
[2026-09-20 11:54:42.497] [DEBUG] [tid:2248] Metering TX: 02 03 00 c0 00 30 45 d1 (C:\Qt_work\DialogG2\src\engine\MeteringBusController.cpp:283)
[2026-09-20 11:54:42.747] [DEBUG] [tid:2248] Metering TX: 02 03 00 30 00 30 45 e2 (C:\Qt_work\DialogG2\src\engine\MeteringBusController.cpp:283)
[2026-09-20 11:54:42.997] [DEBUG] [tid:2248] Metering TX: 02 03 00 90 00 30 45 c0 (C:\Qt_work\DialogG2\src\engine\MeteringBusController.cpp:283)
[2026-09-20 11:54:43.246] [DEBUG] [tid:2248] Metering TX: 05 03 03 00 00 02 c5 cb (C:\Qt_work\DialogG2\src\engine\MeteringBusController.cpp:283)
[2026-09-20 11:54:43.499] [DEBUG] [tid:2248] Metering TX: dd a5 03 00 ff fd 77 (C:\Qt_work\DialogG2\src\engine\MeteringBusController.cpp:283)
[2026-09-20 11:54:43.584] [DEBUG] [tid:2248] Metering TX: 06 03 00 0b 00 07 74 7d (C:\Qt_work\DialogG2\src\engine\MeteringBusController.cpp:283)
[2026-09-20 11:54:43.831] [DEBUG] [tid:2248] Metering TX: 02 03 00 c0 00 30 45 d1 (C:\Qt_work\DialogG2\src\engine\MeteringBusController.cpp:283)
[2026-09-20 11:54:44.081] [DEBUG] [tid:2248] Metering TX: 02 03 00 30 00 30 45 e2 (C:\Qt_work\DialogG2\src\engine\MeteringBusController.cpp:283)
[2026-09-20 11:54:44.330] [DEBUG] [tid:2248] Metering TX: 04 03 00 11 00 20 14 42 (C:\Qt_work\DialogG2\src\engine\MeteringBusController.cpp:283)
[2026-09-20 11:54:44.580] [DEBUG] [tid:2248] Metering TX: 06 03 00 0b 00 07 74 7d (C:\Qt_work\DialogG2\src\engine\MeteringBusController.cpp:283)
[2026-09-20 11:54:44.831] [DEBUG] [tid:2248] Metering TX: 02 03 00 c0 00 30 45 d1 (C:\Qt_work\DialogG2\src\engine\MeteringBusController.cpp:283)
[2026-09-20 11:54:45.083] [DEBUG] [tid:2248] Metering TX: 02 03 00 90 00 30 45 c0 (C:\Qt_work\DialogG2\src\engine\MeteringBusController.cpp:283)
[2026-09-20 11:54:45.334] [DEBUG] [tid:2248] Metering TX: dd a5 03 00 ff fd 77 (C:\Qt_work\DialogG2\src\engine\MeteringBusController.cpp:283)
[2026-09-20 11:54:45.440] [DEBUG] [tid:2248] Metering TX: 06 03 00 0b 00 07 74 7d (C:\Qt_work\DialogG2\src\engine\MeteringBusController.cpp:283)
[2026-09-20 11:54:45.683] [DEBUG] [tid:2248] Metering TX: 02 03 00 c0 00 30 45 d1 (C:\Qt_work\DialogG2\src\engine\MeteringBusController.cpp:283)
[2026-09-20 11:54:45.934] [DEBUG] [tid:2248] Metering TX: 02 03 00 30 00 30 45 e2 (C:\Qt_work\DialogG2\src\engine\MeteringBusController.cpp:283)
[2026-09-20 11:54:46.184] [DEBUG] [tid:2248] Metering TX: 04 03 00 11 00 20 14 42 (C:\Qt_work\DialogG2\src\engine\MeteringBusController.cpp:283)
[2026-09-20 11:54:46.435] [DEBUG] [tid:2248] Metering TX: dd a5 04 00 ff fc 77 (C:\Qt_work\DialogG2\src\engine\MeteringBusController.cpp:283)
[2026-09-20 11:54:46.533] [DEBUG] [tid:2248] Metering TX: 06 03 00 0b 00 07 74 7d (C:\Qt_work\DialogG2\src\engine\MeteringBusController.cpp:283)
[2026-09-20 11:54:46.783] [DEBUG] [tid:2248] Metering TX: 02 03 00 c0 00 30 45 d1 (C:\Qt_work\DialogG2\src\engine\MeteringBusController.cpp:283)
[2026-09-20 11:54:47.035] [DEBUG] [tid:2248] Metering TX: 02 03 00 90 00 30 45 c0 (C:\Qt_work\DialogG2\src\engine\MeteringBusController.cpp:283)
[2026-09-20 11:54:47.283] [DEBUG] [tid:2248] Metering TX: dd a5 03 00 ff fd 77 (C:\Qt_work\DialogG2\src\engine\MeteringBusController.cpp:283)
[2026-09-20 11:54:47.369] [DEBUG] [tid:2248] Metering TX: 06 03 00 0b 00 07 74 7d (C:\Qt_work\DialogG2\src\engine\MeteringBusController.cpp:283)
[2026-09-20 11:54:47.634] [DEBUG] [tid:2248] Metering TX: 02 03 00 c0 00 30 45 d1 (C:\Qt_work\DialogG2\src\engine\MeteringBusController.cpp:283)
[2026-09-20 11:54:47.903] [DEBUG] [tid:2248] Metering TX: 02 03 00 30 00 30 45 e2 (C:\Qt_work\DialogG2\src\engine\MeteringBusController.cpp:283)
[2026-09-20 11:54:48.151] [DEBUG] [tid:2248] Metering TX: 04 03 00 11 00 20 14 42 (C:\Qt_work\DialogG2\src\engine\MeteringBusController.cpp:283)
[2026-09-20 11:54:48.402] [DEBUG] [tid:2248] Metering TX: 05 03 03 00 00 02 c5 cb (C:\Qt_work\DialogG2\src\engine\MeteringBusController.cpp:283)
[2026-09-20 11:54:48.652] [DEBUG] [tid:2248] Metering TX: 06 03 00 0b 00 07 74 7d (C:\Qt_work\DialogG2\src\engine\MeteringBusController.cpp:283)
[2026-09-20 11:54:48.902] [DEBUG] [tid:2248] Metering TX: 02 03 00 c0 00 30 45 d1 (C:\Qt_work\DialogG2\src\engine\MeteringBusController.cpp:283)
[2026-09-20 11:54:49.153] [DEBUG] [tid:2248] Metering TX: 02 03 00 30 00 30 45 e2 (C:\Qt_work\DialogG2\src\engine\MeteringBusController.cpp:283)
[2026-09-20 11:54:49.402] [DEBUG] [tid:2248] Metering TX: 02 03 00 90 00 30 45 c0 (C:\Qt_work\DialogG2\src\engine\MeteringBusController.cpp:283)
[2026-09-20 11:54:49.652] [DEBUG] [tid:2248] Metering TX: dd a5 03 00 ff fd 77 (C:\Qt_work\DialogG2\src\engine\MeteringBusController.cpp:283)
[2026-09-20 11:54:49.769] [DEBUG] [tid:2248] Metering TX: 06 03 00 0b 00 07 74 7d (C:\Qt_work\DialogG2\src\engine\MeteringBusController.cpp:283)
[2026-09-20 11:54:50.021] [DEBUG] [tid:2248] Metering TX: 02 03 00 c0 00 30 45 d1 (C:\Qt_work\DialogG2\src\engine\MeteringBusController.cpp:283)
[2026-09-20 11:54:50.269] [DEBUG] [tid:2248] Metering TX: 04 03 00 11 00 20 14 42 (C:\Qt_work\DialogG2\src\engine\MeteringBusController.cpp:283)
[2026-09-20 11:54:50.520] [DEBUG] [tid:2248] Metering TX: 06 03 00 0b 00 07 74 7d (C:\Qt_work\DialogG2\src\engine\MeteringBusController.cpp:283)
[2026-09-20 11:54:50.790] [DEBUG] [tid:2248] Metering TX: 02 03 00 30 00 30 45 e2 (C:\Qt_work\DialogG2\src\engine\MeteringBusController.cpp:283)
[2026-09-20 11:54:51.040] [DEBUG] [tid:2248] Metering TX: 02 03 00 90 00 30 45 c0 (C:\Qt_work\DialogG2\src\engine\MeteringBusController.cpp:283)
[2026-09-20 11:54:51.304] [DEBUG] [tid:2248] Metering TX: dd a5 03 00 ff fd 77 (C:\Qt_work\DialogG2\src\engine\MeteringBusController.cpp:283)
[2026-09-20 11:54:51.395] [DEBUG] [tid:2248] Metering TX: 06 03 00 0b 00 07 74 7d (C:\Qt_work\DialogG2\src\engine\MeteringBusController.cpp:283)
[2026-09-20 11:54:51.654] [DEBUG] [tid:2248] Metering TX: 02 03 00 c0 00 30 45 d1 (C:\Qt_work\DialogG2\src\engine\MeteringBusController.cpp:283)
[2026-09-20 11:54:51.906] [DEBUG] [tid:2248] Metering TX: 02 03 00 30 00 30 45 e2 (C:\Qt_work\DialogG2\src\engine\MeteringBusController.cpp:283)
[2026-09-20 11:54:52.155] [DEBUG] [tid:2248] Metering TX: 04 03 00 11 00 20 14 42 (C:\Qt_work\DialogG2\src\engine\MeteringBusController.cpp:283)
[2026-09-20 11:54:52.407] [DEBUG] [tid:2248] Metering TX: 06 03 00 0b 00 07 74 7d (C:\Qt_work\DialogG2\src\engine\MeteringBusController.cpp:283)
[2026-09-20 11:54:52.655] [DEBUG] [tid:2248] Metering TX: 02 03 00 c0 00 30 45 d1 (C:\Qt_work\DialogG2\src\engine\MeteringBusController.cpp:283)
[2026-09-20 11:54:52.907] [DEBUG] [tid:2248] Metering TX: 02 03 00 30 00 30 45 e2 (C:\Qt_work\DialogG2\src\engine\MeteringBusController.cpp:283)
[2026-09-20 11:54:53.156] [DEBUG] [tid:2248] Metering TX: 02 03 00 90 00 30 45 c0 (C:\Qt_work\DialogG2\src\engine\MeteringBusController.cpp:283)
[2026-09-20 11:54:53.406] [DEBUG] [tid:2248] Metering TX: 05 03 03 00 00 02 c5 cb (C:\Qt_work\DialogG2\src\engine\MeteringBusController.cpp:283)
[2026-09-20 11:54:53.657] [DEBUG] [tid:2248] Metering TX: dd a5 03 00 ff fd 77 (C:\Qt_work\DialogG2\src\engine\MeteringBusController.cpp:283)
[2026-09-20 11:54:53.749] [DEBUG] [tid:2248] Metering TX: 06 03 00 0b 00 07 74 7d (C:\Qt_work\DialogG2\src\engine\MeteringBusController.cpp:283)
[2026-09-20 11:54:54.008] [DEBUG] [tid:2248] Metering TX: 02 03 00 c0 00 30 45 d1 (C:\Qt_work\DialogG2\src\engine\MeteringBusController.cpp:283)
[2026-09-20 11:54:54.274] [DEBUG] [tid:2248] Metering TX: 02 03 00 30 00 30 45 e2 (C:\Qt_work\DialogG2\src\engine\MeteringBusController.cpp:283)
[2026-09-20 11:54:54.540] [DEBUG] [tid:2248] Metering TX: 04 03 00 11 00 20 14 42 (C:\Qt_work\DialogG2\src\engine\MeteringBusController.cpp:283)
[2026-09-20 11:54:54.807] [DEBUG] [tid:2248] Metering TX: 06 03 00 0b 00 07 74 7d (C:\Qt_work\DialogG2\src\engine\MeteringBusController.cpp:283)
[2026-09-20 11:54:55.060] [DEBUG] [tid:2248] Metering TX: 02 03 00 c0 00 30 45 d1 (C:\Qt_work\DialogG2\src\engine\MeteringBusController.cpp:283)
[2026-09-20 11:54:55.308] [DEBUG] [tid:2248] Metering TX: 02 03 00 90 00 30 45 c0 (C:\Qt_work\DialogG2\src\engine\MeteringBusController.cpp:283)
[2026-09-20 11:54:55.558] [DEBUG] [tid:2248] Metering TX: dd a5 03 00 ff fd 77 (C:\Qt_work\DialogG2\src\engine\MeteringBusController.cpp:283)
[2026-09-20 11:54:55.653] [DEBUG] [tid:2248] Metering TX: 06 03 00 0b 00 07 74 7d (C:\Qt_work\DialogG2\src\engine\MeteringBusController.cpp:283)
[2026-09-20 11:54:55.908] [DEBUG] [tid:2248] Metering TX: 02 03 00 c0 00 30 45 d1 (C:\Qt_work\DialogG2\src\engine\MeteringBusController.cpp:283)
[2026-09-20 11:54:56.159] [DEBUG] [tid:2248] Metering TX: 02 03 00 30 00 30 45 e2 (C:\Qt_work\DialogG2\src\engine\MeteringBusController.cpp:283)
[2026-09-20 11:54:56.409] [DEBUG] [tid:2248] Metering TX: 04 03 00 11 00 20 14 42 (C:\Qt_work\DialogG2\src\engine\MeteringBusController.cpp:283)
[2026-09-20 11:54:56.659] [DEBUG] [tid:2248] Metering TX: dd a5 04 00 ff fc 77 (C:\Qt_work\DialogG2\src\engine\MeteringBusController.cpp:283)
[2026-09-20 11:54:56.716] [DEBUG] [tid:2248] Metering TX: 06 03 00 0b 00 07 74 7d (C:\Qt_work\DialogG2\src\engine\MeteringBusController.cpp:283)
[2026-09-20 11:54:56.976] [DEBUG] [tid:2248] Metering TX: 02 03 00 c0 00 30 45 d1 (C:\Qt_work\DialogG2\src\engine\MeteringBusController.cpp:283)
[2026-09-20 11:54:57.243] [DEBUG] [tid:2248] Metering TX: 02 03 00 90 00 30 45 c0 (C:\Qt_work\DialogG2\src\engine\MeteringBusController.cpp:283)
[2026-09-20 11:54:57.511] [DEBUG] [tid:2248] Metering TX: dd a5 03 00 ff fd 77 (C:\Qt_work\DialogG2\src\engine\MeteringBusController.cpp:283)
[2026-09-20 11:54:57.610] [DEBUG] [tid:2248] Metering TX: 06 03 00 0b 00 07 74 7d (C:\Qt_work\DialogG2\src\engine\MeteringBusController.cpp:283)
[2026-09-20 11:54:57.861] [DEBUG] [tid:2248] Metering TX: 02 03 00 c0 00 30 45 d1 (C:\Qt_work\DialogG2\src\engine\MeteringBusController.cpp:283)
[2026-09-20 11:54:58.129] [DEBUG] [tid:2248] Metering TX: 02 03 00 30 00 30 45 e2 (C:\Qt_work\DialogG2\src\engine\MeteringBusController.cpp:283)
[2026-09-20 11:54:58.377] [DEBUG] [tid:2248] Metering TX: 04 03 00 11 00 20 14 42 (C:\Qt_work\DialogG2\src\engine\MeteringBusController.cpp:283)
[2026-09-20 11:54:58.630] [DEBUG] [tid:2248] Metering TX: 05 03 03 00 00 02 c5 cb (C:\Qt_work\DialogG2\src\engine\MeteringBusController.cpp:283)
[2026-09-20 11:54:58.880] [DEBUG] [tid:2248] Metering TX: 06 03 00 0b 00 07 74 7d (C:\Qt_work\DialogG2\src\engine\MeteringBusController.cpp:283)
[2026-09-20 11:54:59.129] [DEBUG] [tid:2248] Metering TX: 02 03 00 c0 00 30 45 d1 (C:\Qt_work\DialogG2\src\engine\MeteringBusController.cpp:283)
[2026-09-20 11:54:59.380] [DEBUG] [tid:2248] Metering TX: 02 03 00 30 00 30 45 e2 (C:\Qt_work\DialogG2\src\engine\MeteringBusController.cpp:283)
[2026-09-20 11:54:59.629] [DEBUG] [tid:2248] Metering TX: 02 03 00 90 00 30 45 c0 (C:\Qt_work\DialogG2\src\engine\MeteringBusController.cpp:283)
[2026-09-20 11:54:59.880] [DEBUG] [tid:2248] Metering TX: dd a5 03 00 ff fd 77 (C:\Qt_work\DialogG2\src\engine\MeteringBusController.cpp:283)
[2026-09-20 11:54:59.980] [DEBUG] [tid:2248] Metering TX: 06 03 00 0b 00 07 74 7d (C:\Qt_work\DialogG2\src\engine\MeteringBusController.cpp:283)
[2026-09-20 11:55:00.229] [DEBUG] [tid:2248] Metering TX: 02 03 00 c0 00 30 45 d1 (C:\Qt_work\DialogG2\src\engine\MeteringBusController.cpp:283)
[2026-09-20 11:55:00.482] [DEBUG] [tid:2248] Metering TX: 04 03 00 11 00 20 14 42 (C:\Qt_work\DialogG2\src\engine\MeteringBusController.cpp:283)
[2026-09-20 11:55:00.731] [DEBUG] [tid:2248] Metering TX: 06 03 00 0b 00 07 74 7d (C:\Qt_work\DialogG2\src\engine\MeteringBusController.cpp:283)
[2026-09-20 11:55:00.980] [DEBUG] [tid:2248] Metering TX: 02 03 00 30 00 30 45 e2 (C:\Qt_work\DialogG2\src\engine\MeteringBusController.cpp:283)
[2026-09-20 11:55:01.230] [DEBUG] [tid:2248] Metering TX: 02 03 00 90 00 30 45 c0 (C:\Qt_work\DialogG2\src\engine\MeteringBusController.cpp:283)
[2026-09-20 11:55:01.481] [DEBUG] [tid:2248] Metering TX: dd a5 03 00 ff fd 77 (C:\Qt_work\DialogG2\src\engine\MeteringBusController.cpp:283)
[2026-09-20 11:55:01.581] [DEBUG] [tid:2248] Metering TX: 06 03 00 0b 00 07 74 7d (C:\Qt_work\DialogG2\src\engine\MeteringBusController.cpp:283)
[2026-09-20 11:55:01.832] [DEBUG] [tid:2248] Metering TX: 02 03 00 c0 00 30 45 d1 (C:\Qt_work\DialogG2\src\engine\MeteringBusController.cpp:283)
[2026-09-20 11:55:02.082] [DEBUG] [tid:2248] Metering TX: 02 03 00 30 00 30 45 e2 (C:\Qt_work\DialogG2\src\engine\MeteringBusController.cpp:283)
[2026-09-20 11:55:02.333] [DEBUG] [tid:2248] Metering TX: 04 03 00 11 00 20 14 42 (C:\Qt_work\DialogG2\src\engine\MeteringBusController.cpp:283)
[2026-09-20 11:55:02.584] [DEBUG] [tid:2248] Metering TX: 06 03 00 0b 00 07 74 7d (C:\Qt_work\DialogG2\src\engine\MeteringBusController.cpp:283)
[2026-09-20 11:55:02.833] [DEBUG] [tid:2248] Metering TX: 02 03 00 c0 00 30 45 d1 (C:\Qt_work\DialogG2\src\engine\MeteringBusController.cpp:283)
[2026-09-20 11:55:03.084] [DEBUG] [tid:2248] Metering TX: 02 03 00 30 00 30 45 e2 (C:\Qt_work\DialogG2\src\engine\MeteringBusController.cpp:283)
[2026-09-20 11:55:03.335] [DEBUG] [tid:2248] Metering TX: 02 03 00 90 00 30 45 c0 (C:\Qt_work\DialogG2\src\engine\MeteringBusController.cpp:283)
[2026-09-20 11:55:03.583] [DEBUG] [tid:2248] Metering TX: 05 03 03 00 00 02 c5 cb (C:\Qt_work\DialogG2\src\engine\MeteringBusController.cpp:283)
[2026-09-20 11:55:03.833] [DEBUG] [tid:2248] Metering TX: dd a5 03 00 ff fd 77 (C:\Qt_work\DialogG2\src\engine\MeteringBusController.cpp:283)
[2026-09-20 11:55:03.946] [DEBUG] [tid:2248] Metering TX: 06 03 00 0b 00 07 74 7d (C:\Qt_work\DialogG2\src\engine\MeteringBusController.cpp:283)
[2026-09-20 11:55:04.200] [DEBUG] [tid:2248] Metering TX: 02 03 00 c0 00 30 45 d1 (C:\Qt_work\DialogG2\src\engine\MeteringBusController.cpp:283)
[2026-09-20 11:55:04.450] [DEBUG] [tid:2248] Metering TX: 02 03 00 30 00 30 45 e2 (C:\Qt_work\DialogG2\src\engine\MeteringBusController.cpp:283)
[2026-09-20 11:55:04.700] [DEBUG] [tid:2248] Metering TX: 04 03 00 11 00 20 14 42 (C:\Qt_work\DialogG2\src\engine\MeteringBusController.cpp:283)
[2026-09-20 11:55:04.953] [DEBUG] [tid:2248] Metering TX: 06 03 00 0b 00 07 74 7d (C:\Qt_work\DialogG2\src\engine\MeteringBusController.cpp:283)
[2026-09-20 11:55:05.201] [DEBUG] [tid:2248] Metering TX: 02 03 00 90 00 30 45 c0 (C:\Qt_work\DialogG2\src\engine\MeteringBusController.cpp:283)
[2026-09-20 11:55:05.452] [DEBUG] [tid:2248] Metering TX: dd a5 03 00 ff fd 77 (C:\Qt_work\DialogG2\src\engine\MeteringBusController.cpp:283)
[2026-09-20 11:55:05.571] [DEBUG] [tid:2248] Metering TX: 06 03 00 0b 00 07 74 7d (C:\Qt_work\DialogG2\src\engine\MeteringBusController.cpp:283)
[2026-09-20 11:55:05.835] [DEBUG] [tid:2248] Metering TX: 02 03 00 c0 00 30 45 d1 (C:\Qt_work\DialogG2\src\engine\MeteringBusController.cpp:283)
[2026-09-20 11:55:06.086] [DEBUG] [tid:2248] Metering TX: 02 03 00 30 00 30 45 e2 (C:\Qt_work\DialogG2\src\engine\MeteringBusController.cpp:283)
[2026-09-20 11:55:06.355] [DEBUG] [tid:2248] Metering TX: 02 03 00 90 00 30 45 c0 (C:\Qt_work\DialogG2\src\engine\MeteringBusController.cpp:283)
[2026-09-20 11:55:06.603] [DEBUG] [tid:2248] Metering TX: 04 03 00 11 00 20 14 42 (C:\Qt_work\DialogG2\src\engine\MeteringBusController.cpp:283)
[2026-09-20 11:55:06.853] [DEBUG] [tid:2248] Metering TX: dd a5 04 00 ff fc 77 (C:\Qt_work\DialogG2\src\engine\MeteringBusController.cpp:283)
[2026-09-20 11:55:06.919] [DEBUG] [tid:2248] Metering TX: 06 03 00 0b 00 07 74 7d (C:\Qt_work\DialogG2\src\engine\MeteringBusController.cpp:283)
[2026-09-20 11:55:07.170] [DEBUG] [tid:2248] Metering TX: 02 03 00 c0 00 30 45 d1 (C:\Qt_work\DialogG2\src\engine\MeteringBusController.cpp:283)
[2026-09-20 11:55:07.420] [DEBUG] [tid:2248] Metering TX: 02 03 00 30 00 30 45 e2 (C:\Qt_work\DialogG2\src\engine\MeteringBusController.cpp:283)
[2026-09-20 11:55:07.670] [DEBUG] [tid:2248] Metering TX: dd a5 03 00 ff fd 77 (C:\Qt_work\DialogG2\src\engine\MeteringBusController.cpp:283)
[2026-09-20 11:55:07.764] [DEBUG] [tid:2248] Metering TX: 06 03 00 0b 00 07 74 7d (C:\Qt_work\DialogG2\src\engine\MeteringBusController.cpp:283)
[2026-09-20 11:55:08.023] [DEBUG] [tid:2248] Metering TX: 02 03 00 c0 00 30 45 d1 (C:\Qt_work\DialogG2\src\engine\MeteringBusController.cpp:283)
[2026-09-20 11:55:08.272] [DEBUG] [tid:2248] Metering TX: 02 03 00 90 00 30 45 c0 (C:\Qt_work\DialogG2\src\engine\MeteringBusController.cpp:283)
[2026-09-20 11:55:08.524] [DEBUG] [tid:2248] Metering TX: 04 03 00 11 00 20 14 42 (C:\Qt_work\DialogG2\src\engine\MeteringBusController.cpp:283)
[2026-09-20 11:55:08.788] [DEBUG] [tid:2248] Metering TX: 05 03 03 00 00 02 c5 cb (C:\Qt_work\DialogG2\src\engine\MeteringBusController.cpp:283)
[2026-09-20 11:55:09.058] [DEBUG] [tid:2248] Metering TX: 06 03 00 0b 00 07 74 7d (C:\Qt_work\DialogG2\src\engine\MeteringBusController.cpp:283)
[2026-09-20 11:55:09.323] [DEBUG] [tid:2248] Metering TX: 02 03 00 c0 00 30 45 d1 (C:\Qt_work\DialogG2\src\engine\MeteringBusController.cpp:283)
[2026-09-20 11:55:09.572] [DEBUG] [tid:2248] Metering TX: 02 03 00 30 00 30 45 e2 (C:\Qt_work\DialogG2\src\engine\MeteringBusController.cpp:283)
[2026-09-20 11:55:09.824] [DEBUG] [tid:2248] Metering TX: dd a5 03 00 ff fd 77 (C:\Qt_work\DialogG2\src\engine\MeteringBusController.cpp:283)
[2026-09-20 11:55:09.923] [DEBUG] [tid:2248] Metering TX: 06 03 00 0b 00 07 74 7d (C:\Qt_work\DialogG2\src\engine\MeteringBusController.cpp:283)
[2026-09-20 11:55:10.173] [DEBUG] [tid:2248] Metering TX: 02 03 00 90 00 30 45 c0 (C:\Qt_work\DialogG2\src\engine\MeteringBusController.cpp:283)
[2026-09-20 11:55:10.423] [DEBUG] [tid:2248] Metering TX: 04 03 00 11 00 20 14 42 (C:\Qt_work\DialogG2\src\engine\MeteringBusController.cpp:283)
[2026-09-20 11:55:10.675] [DEBUG] [tid:2248] Metering TX: 06 03 00 0b 00 07 74 7d (C:\Qt_work\DialogG2\src\engine\MeteringBusController.cpp:283)
[2026-09-20 11:55:10.924] [DEBUG] [tid:2248] Metering TX: 02 03 00 c0 00 30 45 d1 (C:\Qt_work\DialogG2\src\engine\MeteringBusController.cpp:283)
[2026-09-20 11:55:11.173] [DEBUG] [tid:2248] Metering TX: 02 03 00 30 00 30 45 e2 (C:\Qt_work\DialogG2\src\engine\MeteringBusController.cpp:283)
[2026-09-20 11:55:11.425] [DEBUG] [tid:2248] Metering TX: 02 03 00 90 00 30 45 c0 (C:\Qt_work\DialogG2\src\engine\MeteringBusController.cpp:283)
[2026-09-20 11:55:11.674] [DEBUG] [tid:2248] Metering TX: dd a5 03 00 ff fd 77 (C:\Qt_work\DialogG2\src\engine\MeteringBusController.cpp:283)
[2026-09-20 11:55:11.760] [DEBUG] [tid:2248] Metering TX: 06 03 00 0b 00 07 74 7d (C:\Qt_work\DialogG2\src\engine\MeteringBusController.cpp:283)
[2026-09-20 11:55:12.027] [DEBUG] [tid:2248] Metering TX: 02 03 00 c0 00 30 45 d1 (C:\Qt_work\DialogG2\src\engine\MeteringBusController.cpp:283)
[2026-09-20 11:55:12.291] [DEBUG] [tid:2248] Metering TX: 02 03 00 30 00 30 45 e2 (C:\Qt_work\DialogG2\src\engine\MeteringBusController.cpp:283)
[2026-09-20 11:55:12.543] [DEBUG] [tid:2248] Metering TX: 04 03 00 11 00 20 14 42 (C:\Qt_work\DialogG2\src\engine\MeteringBusController.cpp:283)
[2026-09-20 11:55:12.792] [DEBUG] [tid:2248] Metering TX: 06 03 00 0b 00 07 74 7d (C:\Qt_work\DialogG2\src\engine\MeteringBusController.cpp:283)
[2026-09-20 11:55:13.043] [DEBUG] [tid:2248] Metering TX: 02 03 00 c0 00 30 45 d1 (C:\Qt_work\DialogG2\src\engine\MeteringBusController.cpp:283)
[2026-09-20 11:55:13.292] [DEBUG] [tid:2248] Metering TX: 02 03 00 30 00 30 45 e2 (C:\Qt_work\DialogG2\src\engine\MeteringBusController.cpp:283)
[2026-09-20 11:55:13.544] [DEBUG] [tid:2248] Metering TX: 02 03 00 90 00 30 45 c0 (C:\Qt_work\DialogG2\src\engine\MeteringBusController.cpp:283)
[2026-09-20 11:55:13.793] [DEBUG] [tid:2248] Metering TX: 05 03 03 00 00 02 c5 cb (C:\Qt_work\DialogG2\src\engine\MeteringBusController.cpp:283)
[2026-09-20 11:55:14.046] [DEBUG] [tid:2248] Metering TX: dd a5 03 00 ff fd 77 (C:\Qt_work\DialogG2\src\engine\MeteringBusController.cpp:283)
[2026-09-20 11:55:14.168] [DEBUG] [tid:2248] Metering TX: 06 03 00 0b 00 07 74 7d (C:\Qt_work\DialogG2\src\engine\MeteringBusController.cpp:283)
[2026-09-20 11:55:14.418] [DEBUG] [tid:2248] Metering TX: 02 03 00 c0 00 30 45 d1 (C:\Qt_work\DialogG2\src\engine\MeteringBusController.cpp:283)
[2026-09-20 11:55:14.677] [DEBUG] [tid:2248] Metering TX: 02 03 00 30 00 30 45 e2 (C:\Qt_work\DialogG2\src\engine\MeteringBusController.cpp:283)
[2026-09-20 11:55:14.929] [DEBUG] [tid:2248] Metering TX: 04 03 00 11 00 20 14 42 (C:\Qt_work\DialogG2\src\engine\MeteringBusController.cpp:283)
[2026-09-20 11:55:15.185] [DEBUG] [tid:2248] Metering TX: 06 03 00 0b 00 07 74 7d (C:\Qt_work\DialogG2\src\engine\MeteringBusController.cpp:283)
[2026-09-20 11:55:15.447] [DEBUG] [tid:2248] Metering TX: 02 03 00 90 00 30 45 c0 (C:\Qt_work\DialogG2\src\engine\MeteringBusController.cpp:283)
[2026-09-20 11:55:15.700] [DEBUG] [tid:2248] Metering TX: dd a5 03 00 ff fd 77 (C:\Qt_work\DialogG2\src\engine\MeteringBusController.cpp:283)
[2026-09-20 11:55:15.778] [DEBUG] [tid:2248] Metering TX: 06 03 00 0b 00 07 74 7d (C:\Qt_work\DialogG2\src\engine\MeteringBusController.cpp:283)
[2026-09-20 11:55:16.030] [DEBUG] [tid:2248] Metering TX: 02 03 00 c0 00 30 45 d1 (C:\Qt_work\DialogG2\src\engine\MeteringBusController.cpp:283)
[2026-09-20 11:55:16.280] [DEBUG] [tid:2248] Metering TX: 02 03 00 30 00 30 45 e2 (C:\Qt_work\DialogG2\src\engine\MeteringBusController.cpp:283)
[2026-09-20 11:55:16.531] [DEBUG] [tid:2248] Metering TX: 04 03 00 11 00 20 14 42 (C:\Qt_work\DialogG2\src\engine\MeteringBusController.cpp:283)
[2026-09-20 11:55:16.776] [DEBUG] [tid:2248] Metering TX: dd a5 04 00 ff fc 77 (C:\Qt_work\DialogG2\src\engine\MeteringBusController.cpp:283)
[2026-09-20 11:55:16.838] [DEBUG] [tid:2248] Metering TX: 06 03 00 0b 00 07 74 7d (C:\Qt_work\DialogG2\src\engine\MeteringBusController.cpp:283)
[2026-09-20 11:55:17.097] [DEBUG] [tid:2248] Metering TX: 02 03 00 c0 00 30 45 d1 (C:\Qt_work\DialogG2\src\engine\MeteringBusController.cpp:283)
[2026-09-20 11:55:17.359] [DEBUG] [tid:2248] Metering TX: 02 03 00 30 00 30 45 e2 (C:\Qt_work\DialogG2\src\engine\MeteringBusController.cpp:283)
[2026-09-20 11:55:17.610] [DEBUG] [tid:2248] Metering TX: 02 03 00 90 00 30 45 c0 (C:\Qt_work\DialogG2\src\engine\MeteringBusController.cpp:283)
[2026-09-20 11:55:17.863] [DEBUG] [tid:2248] Metering TX: dd a5 03 00 ff fd 77 (C:\Qt_work\DialogG2\src\engine\MeteringBusController.cpp:283)
[2026-09-20 11:55:17.956] [DEBUG] [tid:2248] Metering TX: 06 03 00 0b 00 07 74 7d (C:\Qt_work\DialogG2\src\engine\MeteringBusController.cpp:283)
[2026-09-20 11:55:18.214] [DEBUG] [tid:2248] Metering TX: 02 03 00 c0 00 30 45 d1 (C:\Qt_work\DialogG2\src\engine\MeteringBusController.cpp:283)
[2026-09-20 11:55:18.481] [DEBUG] [tid:2248] Metering TX: 02 03 00 30 00 30 45 e2 (C:\Qt_work\DialogG2\src\engine\MeteringBusController.cpp:283)
[2026-09-20 11:55:18.731] [DEBUG] [tid:2248] Metering TX: 04 03 00 11 00 20 14 42 (C:\Qt_work\DialogG2\src\engine\MeteringBusController.cpp:283)
[2026-09-20 11:55:18.981] [DEBUG] [tid:2248] Metering TX: 05 03 03 00 00 02 c5 cb (C:\Qt_work\DialogG2\src\engine\MeteringBusController.cpp:283)
[2026-09-20 11:55:19.232] [DEBUG] [tid:2248] Metering TX: 06 03 00 0b 00 07 74 7d (C:\Qt_work\DialogG2\src\engine\MeteringBusController.cpp:283)
[2026-09-20 11:55:19.483] [DEBUG] [tid:2248] Metering TX: 02 03 00 c0 00 30 45 d1 (C:\Qt_work\DialogG2\src\engine\MeteringBusController.cpp:283)
[2026-09-20 11:55:19.749] [DEBUG] [tid:2248] Metering TX: 02 03 00 90 00 30 45 c0 (C:\Qt_work\DialogG2\src\engine\MeteringBusController.cpp:283)
[2026-09-20 11:55:20.001] [DEBUG] [tid:2248] Metering TX: dd a5 03 00 ff fd 77 (C:\Qt_work\DialogG2\src\engine\MeteringBusController.cpp:283)
[2026-09-20 11:55:20.101] [DEBUG] [tid:2248] Metering TX: 06 03 00 0b 00 07 74 7d (C:\Qt_work\DialogG2\src\engine\MeteringBusController.cpp:283)
[2026-09-20 11:55:20.353] [DEBUG] [tid:2248] Metering TX: 02 03 00 30 00 30 45 e2 (C:\Qt_work\DialogG2\src\engine\MeteringBusController.cpp:283)
[2026-09-20 11:55:20.617] [DEBUG] [tid:2248] Metering TX: 04 03 00 11 00 20 14 42 (C:\Qt_work\DialogG2\src\engine\MeteringBusController.cpp:283)
[2026-09-20 11:55:20.867] [DEBUG] [tid:2248] Metering TX: 06 03 00 0b 00 07 74 7d (C:\Qt_work\DialogG2\src\engine\MeteringBusController.cpp:283)
[2026-09-20 11:55:21.135] [DEBUG] [tid:2248] Metering TX: 02 03 00 c0 00 30 45 d1 (C:\Qt_work\DialogG2\src\engine\MeteringBusController.cpp:283)
[2026-09-20 11:55:21.400] [DEBUG] [tid:2248] Metering TX: 02 03 00 30 00 30 45 e2 (C:\Qt_work\DialogG2\src\engine\MeteringBusController.cpp:283)
[2026-09-20 11:55:21.653] [DEBUG] [tid:2248] Metering TX: 02 03 00 90 00 30 45 c0 (C:\Qt_work\DialogG2\src\engine\MeteringBusController.cpp:283)
[2026-09-20 11:55:21.919] [DEBUG] [tid:2248] Metering TX: dd a5 03 00 ff fd 77 (C:\Qt_work\DialogG2\src\engine\MeteringBusController.cpp:283)
[2026-09-20 11:55:22.003] [DEBUG] [tid:2248] Metering TX: 06 03 00 0b 00 07 74 7d (C:\Qt_work\DialogG2\src\engine\MeteringBusController.cpp:283)
[2026-09-20 11:55:22.252] [DEBUG] [tid:2248] Metering TX: 02 03 00 c0 00 30 45 d1 (C:\Qt_work\DialogG2\src\engine\MeteringBusController.cpp:283)
[2026-09-20 11:55:22.502] [DEBUG] [tid:2248] Metering TX: 02 03 00 30 00 30 45 e2 (C:\Qt_work\DialogG2\src\engine\MeteringBusController.cpp:283)
[2026-09-20 11:55:22.752] [DEBUG] [tid:2248] Metering TX: 04 03 00 11 00 20 14 42 (C:\Qt_work\DialogG2\src\engine\MeteringBusController.cpp:283)
[2026-09-20 11:55:23.004] [DEBUG] [tid:2248] Metering TX: 06 03 00 0b 00 07 74 7d (C:\Qt_work\DialogG2\src\engine\MeteringBusController.cpp:283)
[2026-09-20 11:55:23.251] [DEBUG] [tid:2248] Metering TX: 02 03 00 c0 00 30 45 d1 (C:\Qt_work\DialogG2\src\engine\MeteringBusController.cpp:283)
[2026-09-20 11:55:23.504] [DEBUG] [tid:2248] Metering TX: 02 03 00 90 00 30 45 c0 (C:\Qt_work\DialogG2\src\engine\MeteringBusController.cpp:283)
[2026-09-20 11:55:23.753] [DEBUG] [tid:2248] Metering TX: 05 03 03 00 00 02 c5 cb (C:\Qt_work\DialogG2\src\engine\MeteringBusController.cpp:283)
[2026-09-20 11:55:24.003] [DEBUG] [tid:2248] Metering TX: dd a5 03 00 ff fd 77 (C:\Qt_work\DialogG2\src\engine\MeteringBusController.cpp:283)
[2026-09-20 11:55:24.095] [DEBUG] [tid:2248] Metering TX: 06 03 00 0b 00 07 74 7d (C:\Qt_work\DialogG2\src\engine\MeteringBusController.cpp:283)
[2026-09-20 11:55:24.353] [DEBUG] [tid:2248] Metering TX: 02 03 00 c0 00 30 45 d1 (C:\Qt_work\DialogG2\src\engine\MeteringBusController.cpp:283)
[2026-09-20 11:55:24.602] [DEBUG] [tid:2248] Metering TX: 02 03 00 30 00 30 45 e2 (C:\Qt_work\DialogG2\src\engine\MeteringBusController.cpp:283)
[2026-09-20 11:55:24.871] [DEBUG] [tid:2248] Metering TX: 04 03 00 11 00 20 14 42 (C:\Qt_work\DialogG2\src\engine\MeteringBusController.cpp:283)
[2026-09-20 11:55:25.122] [DEBUG] [tid:2248] Metering TX: 06 03 00 0b 00 07 74 7d (C:\Qt_work\DialogG2\src\engine\MeteringBusController.cpp:283)
[2026-09-20 11:55:25.388] [DEBUG] [tid:2248] Metering TX: 02 03 00 c0 00 30 45 d1 (C:\Qt_work\DialogG2\src\engine\MeteringBusController.cpp:283)
[2026-09-20 11:55:25.640] [DEBUG] [tid:2248] Metering TX: 02 03 00 90 00 30 45 c0 (C:\Qt_work\DialogG2\src\engine\MeteringBusController.cpp:283)
[2026-09-20 11:55:25.890] [DEBUG] [tid:2248] Metering TX: dd a5 03 00 ff fd 77 (C:\Qt_work\DialogG2\src\engine\MeteringBusController.cpp:283)
[2026-09-20 11:55:25.980] [DEBUG] [tid:2248] Metering TX: 06 03 00 0b 00 07 74 7d (C:\Qt_work\DialogG2\src\engine\MeteringBusController.cpp:283)
[2026-09-20 11:55:26.240] [DEBUG] [tid:2248] Metering TX: 02 03 00 c0 00 30 45 d1 (C:\Qt_work\DialogG2\src\engine\MeteringBusController.cpp:283)
[2026-09-20 11:55:26.483] [DEBUG] [tid:2248] Metering TX: 02 03 00 30 00 30 45 e2 (C:\Qt_work\DialogG2\src\engine\MeteringBusController.cpp:283)
[2026-09-20 11:55:26.739] [DEBUG] [tid:2248] Metering TX: 04 03 00 11 00 20 14 42 (C:\Qt_work\DialogG2\src\engine\MeteringBusController.cpp:283)
[2026-09-20 11:55:26.990] [DEBUG] [tid:2248] Metering TX: dd a5 04 00 ff fc 77 (C:\Qt_work\DialogG2\src\engine\MeteringBusController.cpp:283)
[2026-09-20 11:55:27.060] [DEBUG] [tid:2248] Metering TX: 06 03 00 0b 00 07 74 7d (C:\Qt_work\DialogG2\src\engine\MeteringBusController.cpp:283)
[2026-09-20 11:55:27.308] [DEBUG] [tid:2248] Metering TX: 02 03 00 c0 00 30 45 d1 (C:\Qt_work\DialogG2\src\engine\MeteringBusController.cpp:283)
[2026-09-20 11:55:27.557] [DEBUG] [tid:2248] Metering TX: 02 03 00 30 00 30 45 e2 (C:\Qt_work\DialogG2\src\engine\MeteringBusController.cpp:283)
[2026-09-20 11:55:27.807] [DEBUG] [tid:2248] Metering TX: 02 03 00 90 00 30 45 c0 (C:\Qt_work\DialogG2\src\engine\MeteringBusController.cpp:283)
[2026-09-20 11:55:28.060] [DEBUG] [tid:2248] Metering TX: dd a5 03 00 ff fd 77 (C:\Qt_work\DialogG2\src\engine\MeteringBusController.cpp:283)
[2026-09-20 11:55:28.181] [DEBUG] [tid:2248] Metering TX: 06 03 00 0b 00 07 74 7d (C:\Qt_work\DialogG2\src\engine\MeteringBusController.cpp:283)
[2026-09-20 11:55:28.441] [DEBUG] [tid:2248] Metering TX: 02 03 00 c0 00 30 45 d1 (C:\Qt_work\DialogG2\src\engine\MeteringBusController.cpp:283)
[2026-09-20 11:55:28.692] [DEBUG] [tid:2248] Metering TX: 02 03 00 30 00 30 45 e2 (C:\Qt_work\DialogG2\src\engine\MeteringBusController.cpp:283)
[2026-09-20 11:55:28.944] [DEBUG] [tid:2248] Metering TX: 04 03 00 11 00 20 14 42 (C:\Qt_work\DialogG2\src\engine\MeteringBusController.cpp:283)
[2026-09-20 11:55:29.191] [DEBUG] [tid:2248] Metering TX: 05 03 03 00 00 02 c5 cb (C:\Qt_work\DialogG2\src\engine\MeteringBusController.cpp:283)
[2026-09-20 11:55:29.442] [DEBUG] [tid:2248] Metering TX: 06 03 00 0b 00 07 74 7d (C:\Qt_work\DialogG2\src\engine\MeteringBusController.cpp:283)
[2026-09-20 11:55:29.692] [DEBUG] [tid:2248] Metering TX: 02 03 00 c0 00 30 45 d1 (C:\Qt_work\DialogG2\src\engine\MeteringBusController.cpp:283)
[2026-09-20 11:55:29.943] [DEBUG] [tid:2248] Metering TX: 02 03 00 90 00 30 45 c0 (C:\Qt_work\DialogG2\src\engine\MeteringBusController.cpp:283)
[2026-09-20 11:55:30.192] [DEBUG] [tid:2248] Metering TX: dd a5 03 00 ff fd 77 (C:\Qt_work\DialogG2\src\engine\MeteringBusController.cpp:283)
[2026-09-20 11:55:30.276] [DEBUG] [tid:2248] Metering TX: 06 03 00 0b 00 07 74 7d (C:\Qt_work\DialogG2\src\engine\MeteringBusController.cpp:283)
[2026-09-20 11:55:30.543] [DEBUG] [tid:2248] Metering TX: 02 03 00 30 00 30 45 e2 (C:\Qt_work\DialogG2\src\engine\MeteringBusController.cpp:283)
[2026-09-20 11:55:30.793] [DEBUG] [tid:2248] Metering TX: 04 03 00 11 00 20 14 42 (C:\Qt_work\DialogG2\src\engine\MeteringBusController.cpp:283)
[2026-09-20 11:55:31.045] [DEBUG] [tid:2248] Metering TX: 06 03 00 0b 00 07 74 7d (C:\Qt_work\DialogG2\src\engine\MeteringBusController.cpp:283)
[2026-09-20 11:55:31.293] [DEBUG] [tid:2248] Metering TX: 02 03 00 c0 00 30 45 d1 (C:\Qt_work\DialogG2\src\engine\MeteringBusController.cpp:283)
[2026-09-20 11:55:31.547] [DEBUG] [tid:2248] Metering TX: 02 03 00 30 00 30 45 e2 (C:\Qt_work\DialogG2\src\engine\MeteringBusController.cpp:283)
[2026-09-20 11:55:31.791] [DEBUG] [tid:2248] Metering TX: 02 03 00 90 00 30 45 c0 (C:\Qt_work\DialogG2\src\engine\MeteringBusController.cpp:283)
[2026-09-20 11:55:32.057] [DEBUG] [tid:2248] Metering TX: dd a5 03 00 ff fd 77 (C:\Qt_work\DialogG2\src\engine\MeteringBusController.cpp:283)
[2026-09-20 11:55:32.150] [DEBUG] [tid:2248] Metering TX: 06 03 00 0b 00 07 74 7d (C:\Qt_work\DialogG2\src\engine\MeteringBusController.cpp:283)
[2026-09-20 11:55:32.403] [DEBUG] [tid:2248] Metering TX: 02 03 00 c0 00 30 45 d1 (C:\Qt_work\DialogG2\src\engine\MeteringBusController.cpp:283)
[2026-09-20 11:55:32.654] [DEBUG] [tid:2248] Metering TX: 02 03 00 30 00 30 45 e2 (C:\Qt_work\DialogG2\src\engine\MeteringBusController.cpp:283)
[2026-09-20 11:55:32.920] [DEBUG] [tid:2248] Metering TX: 04 03 00 11 00 20 14 42 (C:\Qt_work\DialogG2\src\engine\MeteringBusController.cpp:283)
[2026-09-20 11:55:33.184] [DEBUG] [tid:2248] Metering TX: 05 03 03 00 00 02 c5 cb (C:\Qt_work\DialogG2\src\engine\MeteringBusController.cpp:283)
[2026-09-20 11:55:33.433] [DEBUG] [tid:2248] Metering TX: 06 03 00 0b 00 07 74 7d (C:\Qt_work\DialogG2\src\engine\MeteringBusController.cpp:283)
[2026-09-20 11:55:33.684] [DEBUG] [tid:2248] Metering TX: 02 03 00 c0 00 30 45 d1 (C:\Qt_work\DialogG2\src\engine\MeteringBusController.cpp:283)
[2026-09-20 11:55:33.936] [DEBUG] [tid:2248] Metering TX: 02 03 00 90 00 30 45 c0 (C:\Qt_work\DialogG2\src\engine\MeteringBusController.cpp:283)
[2026-09-20 11:55:34.185] [DEBUG] [tid:2248] Metering TX: dd a5 03 00 ff fd 77 (C:\Qt_work\DialogG2\src\engine\MeteringBusController.cpp:283)
[2026-09-20 11:55:34.292] [DEBUG] [tid:2248] Metering TX: 06 03 00 0b 00 07 74 7d (C:\Qt_work\DialogG2\src\engine\MeteringBusController.cpp:283)
[2026-09-20 11:55:34.547] [DEBUG] [tid:2248] Metering TX: 02 03 00 30 00 30 45 e2 (C:\Qt_work\DialogG2\src\engine\MeteringBusController.cpp:283)
[2026-09-20 11:55:34.811] [DEBUG] [tid:2248] Metering TX: 04 03 00 11 00 20 14 42 (C:\Qt_work\DialogG2\src\engine\MeteringBusController.cpp:283)
[2026-09-20 11:55:35.060] [DEBUG] [tid:2248] Metering TX: 06 03 00 0b 00 07 74 7d (C:\Qt_work\DialogG2\src\engine\MeteringBusController.cpp:283)
[2026-09-20 11:55:35.316] [DEBUG] [tid:2248] Metering TX: 02 03 00 c0 00 30 45 d1 (C:\Qt_work\DialogG2\src\engine\MeteringBusController.cpp:283)
[2026-09-20 11:55:35.566] [DEBUG] [tid:2248] Metering TX: 02 03 00 30 00 30 45 e2 (C:\Qt_work\DialogG2\src\engine\MeteringBusController.cpp:283)
[2026-09-20 11:55:35.815] [DEBUG] [tid:2248] Metering TX: 02 03 00 90 00 30 45 c0 (C:\Qt_work\DialogG2\src\engine\MeteringBusController.cpp:283)
[2026-09-20 11:55:36.066] [DEBUG] [tid:2248] Metering TX: dd a5 03 00 ff fd 77 (C:\Qt_work\DialogG2\src\engine\MeteringBusController.cpp:283)
[2026-09-20 11:55:36.158] [DEBUG] [tid:2248] Metering TX: 06 03 00 0b 00 07 74 7d (C:\Qt_work\DialogG2\src\engine\MeteringBusController.cpp:283)
[2026-09-20 11:55:36.399] [DEBUG] [tid:2248] Metering TX: 02 03 00 c0 00 30 45 d1 (C:\Qt_work\DialogG2\src\engine\MeteringBusController.cpp:283)
[2026-09-20 11:55:36.668] [DEBUG] [tid:2248] Metering TX: 02 03 00 30 00 30 45 e2 (C:\Qt_work\DialogG2\src\engine\MeteringBusController.cpp:283)
[2026-09-20 11:55:36.935] [DEBUG] [tid:2248] Metering TX: 04 03 00 11 00 20 14 42 (C:\Qt_work\DialogG2\src\engine\MeteringBusController.cpp:283)
[2026-09-20 11:55:37.183] [DEBUG] [tid:2248] Metering TX: dd a5 04 00 ff fc 77 (C:\Qt_work\DialogG2\src\engine\MeteringBusController.cpp:283)
[2026-09-20 11:55:37.265] [DEBUG] [tid:2248] Metering TX: 06 03 00 0b 00 07 74 7d (C:\Qt_work\DialogG2\src\engine\MeteringBusController.cpp:283)
[2026-09-20 11:55:37.516] [DEBUG] [tid:2248] Metering TX: 02 03 00 c0 00 30 45 d1 (C:\Qt_work\DialogG2\src\engine\MeteringBusController.cpp:283)
[2026-09-20 11:55:37.767] [DEBUG] [tid:2248] Metering TX: 02 03 00 90 00 30 45 c0 (C:\Qt_work\DialogG2\src\engine\MeteringBusController.cpp:283)
[2026-09-20 11:55:38.018] [DEBUG] [tid:2248] Metering TX: dd a5 03 00 ff fd 77 (C:\Qt_work\DialogG2\src\engine\MeteringBusController.cpp:283)
[2026-09-20 11:55:38.110] [DEBUG] [tid:2248] Metering TX: 05 03 03 00 00 02 c5 cb (C:\Qt_work\DialogG2\src\engine\MeteringBusController.cpp:283)
[2026-09-20 11:55:38.368] [DEBUG] [tid:2248] Metering TX: 06 03 00 0b 00 07 74 7d (C:\Qt_work\DialogG2\src\engine\MeteringBusController.cpp:283)
[2026-09-20 11:55:38.634] [DEBUG] [tid:2248] Metering TX: 02 03 00 c0 00 30 45 d1 (C:\Qt_work\DialogG2\src\engine\MeteringBusController.cpp:283)
[2026-09-20 11:55:38.885] [DEBUG] [tid:2248] Metering TX: 02 03 00 30 00 30 45 e2 (C:\Qt_work\DialogG2\src\engine\MeteringBusController.cpp:283)
[2026-09-20 11:55:39.135] [DEBUG] [tid:2248] Metering TX: 04 03 00 11 00 20 14 42 (C:\Qt_work\DialogG2\src\engine\MeteringBusController.cpp:283)
[2026-09-20 11:55:39.387] [DEBUG] [tid:2248] Metering TX: 06 03 00 0b 00 07 74 7d (C:\Qt_work\DialogG2\src\engine\MeteringBusController.cpp:283)
[2026-09-20 11:55:39.636] [DEBUG] [tid:2248] Metering TX: 02 03 00 c0 00 30 45 d1 (C:\Qt_work\DialogG2\src\engine\MeteringBusController.cpp:283)
[2026-09-20 11:55:39.886] [DEBUG] [tid:2248] Metering TX: 02 03 00 90 00 30 45 c0 (C:\Qt_work\DialogG2\src\engine\MeteringBusController.cpp:283)
[2026-09-20 11:55:40.136] [DEBUG] [tid:2248] Metering TX: dd a5 03 00 ff fd 77 (C:\Qt_work\DialogG2\src\engine\MeteringBusController.cpp:283)
[2026-09-20 11:55:40.269] [DEBUG] [tid:2248] Metering TX: 06 03 00 0b 00 07 74 7d (C:\Qt_work\DialogG2\src\engine\MeteringBusController.cpp:283)
[2026-09-20 11:55:40.519] [DEBUG] [tid:2248] Metering TX: 02 03 00 c0 00 30 45 d1 (C:\Qt_work\DialogG2\src\engine\MeteringBusController.cpp:283)
[2026-09-20 11:55:40.772] [DEBUG] [tid:2248] Metering TX: 02 03 00 30 00 30 45 e2 (C:\Qt_work\DialogG2\src\engine\MeteringBusController.cpp:283)
[2026-09-20 11:55:41.023] [DEBUG] [tid:2248] Metering TX: 04 03 00 11 00 20 14 42 (C:\Qt_work\DialogG2\src\engine\MeteringBusController.cpp:283)
[2026-09-20 11:55:41.273] [DEBUG] [tid:2248] Metering TX: 06 03 00 0b 00 07 74 7d (C:\Qt_work\DialogG2\src\engine\MeteringBusController.cpp:283)
[2026-09-20 11:55:41.522] [DEBUG] [tid:2248] Metering TX: 02 03 00 c0 00 30 45 d1 (C:\Qt_work\DialogG2\src\engine\MeteringBusController.cpp:283)
[2026-09-20 11:55:41.773] [DEBUG] [tid:2248] Metering TX: 02 03 00 90 00 30 45 c0 (C:\Qt_work\DialogG2\src\engine\MeteringBusController.cpp:283)
[2026-09-20 11:55:42.039] [DEBUG] [tid:2248] Metering TX: dd a5 03 00 ff fd 77 (C:\Qt_work\DialogG2\src\engine\MeteringBusController.cpp:283)
[2026-09-20 11:55:42.138] [DEBUG] [tid:2248] Metering TX: 06 03 00 0b 00 07 74 7d (C:\Qt_work\DialogG2\src\engine\MeteringBusController.cpp:283)
[2026-09-20 11:55:42.389] [DEBUG] [tid:2248] Metering TX: 02 03 00 c0 00 30 45 d1 (C:\Qt_work\DialogG2\src\engine\MeteringBusController.cpp:283)
[2026-09-20 11:55:42.640] [DEBUG] [tid:2248] Metering TX: 02 03 00 30 00 30 45 e2 (C:\Qt_work\DialogG2\src\engine\MeteringBusController.cpp:283)
[2026-09-20 11:55:42.889] [DEBUG] [tid:2248] Metering TX: 02 03 00 90 00 30 45 c0 (C:\Qt_work\DialogG2\src\engine\MeteringBusController.cpp:283)
[2026-09-20 11:55:43.139] [DEBUG] [tid:2248] Metering TX: 04 03 00 11 00 20 14 42 (C:\Qt_work\DialogG2\src\engine\MeteringBusController.cpp:283)
[2026-09-20 11:55:43.389] [DEBUG] [tid:2248] Metering TX: 05 03 03 00 00 02 c5 cb (C:\Qt_work\DialogG2\src\engine\MeteringBusController.cpp:283)
[2026-09-20 11:55:43.642] [DEBUG] [tid:2248] Metering TX: 06 03 00 0b 00 07 74 7d (C:\Qt_work\DialogG2\src\engine\MeteringBusController.cpp:283)
[2026-09-20 11:55:43.890] [DEBUG] [tid:2248] Metering TX: 02 03 00 c0 00 30 45 d1 (C:\Qt_work\DialogG2\src\engine\MeteringBusController.cpp:283)
[2026-09-20 11:55:44.141] [DEBUG] [tid:2248] Metering TX: 02 03 00 30 00 30 45 e2 (C:\Qt_work\DialogG2\src\engine\MeteringBusController.cpp:283)
[2026-09-20 11:55:44.390] [DEBUG] [tid:2248] Metering TX: dd a5 03 00 ff fd 77 (C:\Qt_work\DialogG2\src\engine\MeteringBusController.cpp:283)
[2026-09-20 11:55:44.487] [DEBUG] [tid:2248] Metering TX: 06 03 00 0b 00 07 74 7d (C:\Qt_work\DialogG2\src\engine\MeteringBusController.cpp:283)
[2026-09-20 11:55:44.742] [DEBUG] [tid:2248] Metering TX: 02 03 00 90 00 30 45 c0 (C:\Qt_work\DialogG2\src\engine\MeteringBusController.cpp:283)
[2026-09-20 11:55:45.009] [DEBUG] [tid:2248] Metering TX: 04 03 00 11 00 20 14 42 (C:\Qt_work\DialogG2\src\engine\MeteringBusController.cpp:283)
[2026-09-20 11:55:45.275] [DEBUG] [tid:2248] Metering TX: 06 03 00 0b 00 07 74 7d (C:\Qt_work\DialogG2\src\engine\MeteringBusController.cpp:283)
[2026-09-20 11:55:45.542] [DEBUG] [tid:2248] Metering TX: 02 03 00 c0 00 30 45 d1 (C:\Qt_work\DialogG2\src\engine\MeteringBusController.cpp:283)
[2026-09-20 11:55:45.796] [DEBUG] [tid:2248] Metering TX: 02 03 00 30 00 30 45 e2 (C:\Qt_work\DialogG2\src\engine\MeteringBusController.cpp:283)
[2026-09-20 11:55:46.045] [DEBUG] [tid:2248] Metering TX: 02 03 00 90 00 30 45 c0 (C:\Qt_work\DialogG2\src\engine\MeteringBusController.cpp:283)
[2026-09-20 11:55:46.291] [DEBUG] [tid:2248] Metering TX: dd a5 03 00 ff fd 77 (C:\Qt_work\DialogG2\src\engine\MeteringBusController.cpp:283)
[2026-09-20 11:55:46.389] [DEBUG] [tid:2248] Metering TX: 06 03 00 0b 00 07 74 7d (C:\Qt_work\DialogG2\src\engine\MeteringBusController.cpp:283)
[2026-09-20 11:55:46.642] [DEBUG] [tid:2248] Metering TX: 02 03 00 c0 00 30 45 d1 (C:\Qt_work\DialogG2\src\engine\MeteringBusController.cpp:283)
[2026-09-20 11:55:46.890] [DEBUG] [tid:2248] Metering TX: 02 03 00 30 00 30 45 e2 (C:\Qt_work\DialogG2\src\engine\MeteringBusController.cpp:283)
[2026-09-20 11:55:47.144] [DEBUG] [tid:2248] Metering TX: 04 03 00 11 00 20 14 42 (C:\Qt_work\DialogG2\src\engine\MeteringBusController.cpp:283)
[2026-09-20 11:55:47.393] [DEBUG] [tid:2248] Metering TX: dd a5 04 00 ff fc 77 (C:\Qt_work\DialogG2\src\engine\MeteringBusController.cpp:283)
[2026-09-20 11:55:47.460] [DEBUG] [tid:2248] Metering TX: 06 03 00 0b 00 07 74 7d (C:\Qt_work\DialogG2\src\engine\MeteringBusController.cpp:283)
[2026-09-20 11:55:47.726] [DEBUG] [tid:2248] Metering TX: 02 03 00 c0 00 30 45 d1 (C:\Qt_work\DialogG2\src\engine\MeteringBusController.cpp:283)
[2026-09-20 11:55:47.977] [DEBUG] [tid:2248] Metering TX: 02 03 00 30 00 30 45 e2 (C:\Qt_work\DialogG2\src\engine\MeteringBusController.cpp:283)
[2026-09-20 11:55:48.227] [DEBUG] [tid:2248] Metering TX: 02 03 00 90 00 30 45 c0 (C:\Qt_work\DialogG2\src\engine\MeteringBusController.cpp:283)
[2026-09-20 11:55:48.494] [DEBUG] [tid:2248] Metering TX: dd a5 03 00 ff fd 77 (C:\Qt_work\DialogG2\src\engine\MeteringBusController.cpp:283)
[2026-09-20 11:55:48.594] [DEBUG] [tid:2248] Metering TX: 05 03 03 00 00 02 c5 cb (C:\Qt_work\DialogG2\src\engine\MeteringBusController.cpp:283)
[2026-09-20 11:55:48.845] [DEBUG] [tid:2248] Metering TX: 06 03 00 0b 00 07 74 7d (C:\Qt_work\DialogG2\src\engine\MeteringBusController.cpp:283)
[2026-09-20 11:55:49.097] [DEBUG] [tid:2248] Metering TX: 02 03 00 c0 00 30 45 d1 (C:\Qt_work\DialogG2\src\engine\MeteringBusController.cpp:283)
[2026-09-20 11:55:49.348] [DEBUG] [tid:2248] Metering TX: 02 03 00 30 00 30 45 e2 (C:\Qt_work\DialogG2\src\engine\MeteringBusController.cpp:283)
[2026-09-20 11:55:49.596] [DEBUG] [tid:2248] Metering TX: 04 03 00 11 00 20 14 42 (C:\Qt_work\DialogG2\src\engine\MeteringBusController.cpp:283)
[2026-09-20 11:55:49.846] [DEBUG] [tid:2248] Metering TX: 06 03 00 0b 00 07 74 7d (C:\Qt_work\DialogG2\src\engine\MeteringBusController.cpp:283)
[2026-09-20 11:55:50.098] [DEBUG] [tid:2248] Metering TX: 02 03 00 90 00 30 45 c0 (C:\Qt_work\DialogG2\src\engine\MeteringBusController.cpp:283)
[2026-09-20 11:55:50.348] [DEBUG] [tid:2248] Metering TX: dd a5 03 00 ff fd 77 (C:\Qt_work\DialogG2\src\engine\MeteringBusController.cpp:283)
[2026-09-20 11:55:50.447] [DEBUG] [tid:2248] Metering TX: 06 03 00 0b 00 07 74 7d (C:\Qt_work\DialogG2\src\engine\MeteringBusController.cpp:283)
[2026-09-20 11:55:50.699] [DEBUG] [tid:2248] Metering TX: 02 03 00 c0 00 30 45 d1 (C:\Qt_work\DialogG2\src\engine\MeteringBusController.cpp:283)
[2026-09-20 11:55:50.966] [DEBUG] [tid:2248] Metering TX: 02 03 00 30 00 30 45 e2 (C:\Qt_work\DialogG2\src\engine\MeteringBusController.cpp:283)
[2026-09-20 11:55:51.214] [DEBUG] [tid:2248] Metering TX: 04 03 00 11 00 20 14 42 (C:\Qt_work\DialogG2\src\engine\MeteringBusController.cpp:283)
[2026-09-20 11:55:51.464] [DEBUG] [tid:2248] Metering TX: 06 03 00 0b 00 07 74 7d (C:\Qt_work\DialogG2\src\engine\MeteringBusController.cpp:283)
[2026-09-20 11:55:51.716] [DEBUG] [tid:2248] Metering TX: 02 03 00 c0 00 30 45 d1 (C:\Qt_work\DialogG2\src\engine\MeteringBusController.cpp:283)
[2026-09-20 11:55:51.967] [DEBUG] [tid:2248] Metering TX: 02 03 00 30 00 30 45 e2 (C:\Qt_work\DialogG2\src\engine\MeteringBusController.cpp:283)
[2026-09-20 11:55:52.215] [DEBUG] [tid:2248] Metering TX: 02 03 00 90 00 30 45 c0 (C:\Qt_work\DialogG2\src\engine\MeteringBusController.cpp:283)
[2026-09-20 11:55:52.466] [DEBUG] [tid:2248] Metering TX: dd a5 03 00 ff fd 77 (C:\Qt_work\DialogG2\src\engine\MeteringBusController.cpp:283)
[2026-09-20 11:55:52.557] [DEBUG] [tid:2248] Metering TX: 06 03 00 0b 00 07 74 7d (C:\Qt_work\DialogG2\src\engine\MeteringBusController.cpp:283)
[2026-09-20 11:55:52.815] [DEBUG] [tid:2248] Metering TX: 02 03 00 c0 00 30 45 d1 (C:\Qt_work\DialogG2\src\engine\MeteringBusController.cpp:283)
[2026-09-20 11:55:53.067] [DEBUG] [tid:2248] Metering TX: 02 03 00 30 00 30 45 e2 (C:\Qt_work\DialogG2\src\engine\MeteringBusController.cpp:283)
[2026-09-20 11:55:53.316] [DEBUG] [tid:2248] Metering TX: 04 03 00 11 00 20 14 42 (C:\Qt_work\DialogG2\src\engine\MeteringBusController.cpp:283)
[2026-09-20 11:55:53.566] [DEBUG] [tid:2248] Metering TX: 05 03 03 00 00 02 c5 cb (C:\Qt_work\DialogG2\src\engine\MeteringBusController.cpp:283)
[2026-09-20 11:55:53.813] [DEBUG] [tid:2248] Metering TX: 06 03 00 0b 00 07 74 7d (C:\Qt_work\DialogG2\src\engine\MeteringBusController.cpp:283)
[2026-09-20 11:55:54.069] [DEBUG] [tid:2248] Metering TX: 02 03 00 c0 00 30 45 d1 (C:\Qt_work\DialogG2\src\engine\MeteringBusController.cpp:283)
[2026-09-20 11:55:54.317] [DEBUG] [tid:2248] Metering TX: 02 03 00 30 00 30 45 e2 (C:\Qt_work\DialogG2\src\engine\MeteringBusController.cpp:283)
[2026-09-20 11:55:54.569] [DEBUG] [tid:2248] Metering TX: 02 03 00 90 00 30 45 c0 (C:\Qt_work\DialogG2\src\engine\MeteringBusController.cpp:283)
[2026-09-20 11:55:54.818] [DEBUG] [tid:2248] Metering TX: dd a5 03 00 ff fd 77 (C:\Qt_work\DialogG2\src\engine\MeteringBusController.cpp:283)
[2026-09-20 11:55:54.903] [DEBUG] [tid:2248] Metering TX: 06 03 00 0b 00 07 74 7d (C:\Qt_work\DialogG2\src\engine\MeteringBusController.cpp:283)
[2026-09-20 11:55:55.170] [DEBUG] [tid:2248] Metering TX: 02 03 00 c0 00 30 45 d1 (C:\Qt_work\DialogG2\src\engine\MeteringBusController.cpp:283)
[2026-09-20 11:55:55.420] [DEBUG] [tid:2248] Metering TX: 04 03 00 11 00 20 14 42 (C:\Qt_work\DialogG2\src\engine\MeteringBusController.cpp:283)
[2026-09-20 11:55:55.669] [DEBUG] [tid:2248] Metering TX: 06 03 00 0b 00 07 74 7d (C:\Qt_work\DialogG2\src\engine\MeteringBusController.cpp:283)
[2026-09-20 11:55:55.919] [DEBUG] [tid:2248] Metering TX: 02 03 00 c0 00 30 45 d1 (C:\Qt_work\DialogG2\src\engine\MeteringBusController.cpp:283)
[2026-09-20 11:55:56.168] [DEBUG] [tid:2248] Metering TX: 02 03 00 30 00 30 45 e2 (C:\Qt_work\DialogG2\src\engine\MeteringBusController.cpp:283)
[2026-09-20 11:55:56.419] [DEBUG] [tid:2248] Metering TX: 02 03 00 90 00 30 45 c0 (C:\Qt_work\DialogG2\src\engine\MeteringBusController.cpp:283)
[2026-09-20 11:55:56.669] [DEBUG] [tid:2248] Metering TX: dd a5 03 00 ff fd 77 (C:\Qt_work\DialogG2\src\engine\MeteringBusController.cpp:283)
[2026-09-20 11:55:56.759] [DEBUG] [tid:2248] Metering TX: dd a5 04 00 ff fc 77 (C:\Qt_work\DialogG2\src\engine\MeteringBusController.cpp:283)
[2026-09-20 11:55:56.822] [DEBUG] [tid:2248] Metering TX: 06 03 00 0b 00 07 74 7d (C:\Qt_work\DialogG2\src\engine\MeteringBusController.cpp:283)
[2026-09-20 11:55:57.088] [DEBUG] [tid:2248] Metering TX: 02 03 00 c0 00 30 45 d1 (C:\Qt_work\DialogG2\src\engine\MeteringBusController.cpp:283)
[2026-09-20 11:55:57.337] [DEBUG] [tid:2248] Metering TX: 02 03 00 30 00 30 45 e2 (C:\Qt_work\DialogG2\src\engine\MeteringBusController.cpp:283)
[2026-09-20 11:55:57.587] [DEBUG] [tid:2248] Metering TX: 04 03 00 11 00 20 14 42 (C:\Qt_work\DialogG2\src\engine\MeteringBusController.cpp:283)
[2026-09-20 11:55:57.838] [DEBUG] [tid:2248] Metering TX: 06 03 00 0b 00 07 74 7d (C:\Qt_work\DialogG2\src\engine\MeteringBusController.cpp:283)
[2026-09-20 11:55:58.091] [DEBUG] [tid:2248] Metering TX: 02 03 00 c0 00 30 45 d1 (C:\Qt_work\DialogG2\src\engine\MeteringBusController.cpp:283)
[2026-09-20 11:55:58.345] [DEBUG] [tid:2248] Metering TX: 02 03 00 90 00 30 45 c0 (C:\Qt_work\DialogG2\src\engine\MeteringBusController.cpp:283)
[2026-09-20 11:55:58.588] [DEBUG] [tid:2248] Metering TX: dd a5 03 00 ff fd 77 (C:\Qt_work\DialogG2\src\engine\MeteringBusController.cpp:283)
[2026-09-20 11:55:58.677] [DEBUG] [tid:2248] Metering TX: 05 03 03 00 00 02 c5 cb (C:\Qt_work\DialogG2\src\engine\MeteringBusController.cpp:283)
[2026-09-20 11:55:58.923] [DEBUG] [tid:2248] Metering TX: 06 03 00 0b 00 07 74 7d (C:\Qt_work\DialogG2\src\engine\MeteringBusController.cpp:283)
[2026-09-20 11:55:59.176] [DEBUG] [tid:2248] Metering TX: 02 03 00 c0 00 30 45 d1 (C:\Qt_work\DialogG2\src\engine\MeteringBusController.cpp:283)
[2026-09-20 11:55:59.425] [DEBUG] [tid:2248] Metering TX: 02 03 00 30 00 30 45 e2 (C:\Qt_work\DialogG2\src\engine\MeteringBusController.cpp:283)
[2026-09-20 11:55:59.677] [DEBUG] [tid:2248] Metering TX: 04 03 00 11 00 20 14 42 (C:\Qt_work\DialogG2\src\engine\MeteringBusController.cpp:283)
[2026-09-20 11:55:59.927] [DEBUG] [tid:2248] Metering TX: 06 03 00 0b 00 07 74 7d (C:\Qt_work\DialogG2\src\engine\MeteringBusController.cpp:283)
[2026-09-20 11:56:00.179] [DEBUG] [tid:2248] Metering TX: 02 03 00 c0 00 30 45 d1 (C:\Qt_work\DialogG2\src\engine\MeteringBusController.cpp:283)
[2026-09-20 11:56:00.436] [DEBUG] [tid:2248] Metering TX: 02 03 00 90 00 30 45 c0 (C:\Qt_work\DialogG2\src\engine\MeteringBusController.cpp:283)
[2026-09-20 11:56:00.681] [DEBUG] [tid:2248] Metering TX: dd a5 03 00 ff fd 77 (C:\Qt_work\DialogG2\src\engine\MeteringBusController.cpp:283)
[2026-09-20 11:56:00.786] [DEBUG] [tid:2248] Metering TX: 06 03 00 0b 00 07 74 7d (C:\Qt_work\DialogG2\src\engine\MeteringBusController.cpp:283)
[2026-09-20 11:56:01.026] [DEBUG] [tid:2248] Metering TX: 02 03 00 c0 00 30 45 d1 (C:\Qt_work\DialogG2\src\engine\MeteringBusController.cpp:283)
[2026-09-20 11:56:01.291] [DEBUG] [tid:2248] Metering TX: 02 03 00 30 00 30 45 e2 (C:\Qt_work\DialogG2\src\engine\MeteringBusController.cpp:283)
[2026-09-20 11:56:01.540] [DEBUG] [tid:2248] Metering TX: 04 03 00 11 00 20 14 42 (C:\Qt_work\DialogG2\src\engine\MeteringBusController.cpp:283)
[2026-09-20 11:56:01.791] [DEBUG] [tid:2248] Metering TX: 06 03 00 0b 00 07 74 7d (C:\Qt_work\DialogG2\src\engine\MeteringBusController.cpp:283)
[2026-09-20 11:56:02.043] [DEBUG] [tid:2248] Metering TX: 02 03 00 c0 00 30 45 d1 (C:\Qt_work\DialogG2\src\engine\MeteringBusController.cpp:283)
[2026-09-20 11:56:02.291] [DEBUG] [tid:2248] Metering TX: 02 03 00 30 00 30 45 e2 (C:\Qt_work\DialogG2\src\engine\MeteringBusController.cpp:283)
[2026-09-20 11:56:02.543] [DEBUG] [tid:2248] Metering TX: 02 03 00 90 00 30 45 c0 (C:\Qt_work\DialogG2\src\engine\MeteringBusController.cpp:283)
[2026-09-20 11:56:02.792] [DEBUG] [tid:2248] Metering TX: dd a5 03 00 ff fd 77 (C:\Qt_work\DialogG2\src\engine\MeteringBusController.cpp:283)
[2026-09-20 11:56:02.879] [DEBUG] [tid:2248] Metering TX: 06 03 00 0b 00 07 74 7d (C:\Qt_work\DialogG2\src\engine\MeteringBusController.cpp:283)
[2026-09-20 11:56:03.126] [DEBUG] [tid:2248] Metering TX: 02 03 00 c0 00 30 45 d1 (C:\Qt_work\DialogG2\src\engine\MeteringBusController.cpp:283)
[2026-09-20 11:56:03.376] [DEBUG] [tid:2248] Metering TX: 02 03 00 30 00 30 45 e2 (C:\Qt_work\DialogG2\src\engine\MeteringBusController.cpp:283)
[2026-09-20 11:56:03.627] [DEBUG] [tid:2248] Metering TX: 04 03 00 11 00 20 14 42 (C:\Qt_work\DialogG2\src\engine\MeteringBusController.cpp:283)
[2026-09-20 11:56:03.876] [DEBUG] [tid:2248] Metering TX: 05 03 03 00 00 02 c5 cb (C:\Qt_work\DialogG2\src\engine\MeteringBusController.cpp:283)
[2026-09-20 11:56:04.127] [DEBUG] [tid:2248] Metering TX: 06 03 00 0b 00 07 74 7d (C:\Qt_work\DialogG2\src\engine\MeteringBusController.cpp:283)
[2026-09-20 11:56:04.377] [DEBUG] [tid:2248] Metering TX: 02 03 00 c0 00 30 45 d1 (C:\Qt_work\DialogG2\src\engine\MeteringBusController.cpp:283)
[2026-09-20 11:56:04.629] [DEBUG] [tid:2248] Metering TX: 02 03 00 90 00 30 45 c0 (C:\Qt_work\DialogG2\src\engine\MeteringBusController.cpp:283)
[2026-09-20 11:56:04.877] [DEBUG] [tid:2248] Metering TX: dd a5 03 00 ff fd 77 (C:\Qt_work\DialogG2\src\engine\MeteringBusController.cpp:283)
[2026-09-20 11:56:04.973] [DEBUG] [tid:2248] Metering TX: 06 03 00 0b 00 07 74 7d (C:\Qt_work\DialogG2\src\engine\MeteringBusController.cpp:283)
[2026-09-20 11:56:05.228] [DEBUG] [tid:2248] Metering TX: 02 03 00 c0 00 30 45 d1 (C:\Qt_work\DialogG2\src\engine\MeteringBusController.cpp:283)
[2026-09-20 11:56:05.491] [DEBUG] [tid:2248] Metering TX: 02 03 00 30 00 30 45 e2 (C:\Qt_work\DialogG2\src\engine\MeteringBusController.cpp:283)
[2026-09-20 11:56:05.745] [DEBUG] [tid:2248] Metering TX: 04 03 00 11 00 20 14 42 (C:\Qt_work\DialogG2\src\engine\MeteringBusController.cpp:283)
[2026-09-20 11:56:05.996] [DEBUG] [tid:2248] Metering TX: 06 03 00 0b 00 07 74 7d (C:\Qt_work\DialogG2\src\engine\MeteringBusController.cpp:283)
[2026-09-20 11:56:06.246] [DEBUG] [tid:2248] Metering TX: 02 03 00 c0 00 30 45 d1 (C:\Qt_work\DialogG2\src\engine\MeteringBusController.cpp:283)
[2026-09-20 11:56:06.494] [DEBUG] [tid:2248] Metering TX: 02 03 00 90 00 30 45 c0 (C:\Qt_work\DialogG2\src\engine\MeteringBusController.cpp:283)
[2026-09-20 11:56:06.747] [DEBUG] [tid:2248] Metering TX: dd a5 03 00 ff fd 77 (C:\Qt_work\DialogG2\src\engine\MeteringBusController.cpp:283)
[2026-09-20 11:56:06.857] [DEBUG] [tid:2248] Metering TX: dd a5 04 00 ff fc 77 (C:\Qt_work\DialogG2\src\engine\MeteringBusController.cpp:283)
[2026-09-20 11:56:06.920] [DEBUG] [tid:2248] Metering TX: 06 03 00 0b 00 07 74 7d (C:\Qt_work\DialogG2\src\engine\MeteringBusController.cpp:283)
[2026-09-20 11:56:07.180] [DEBUG] [tid:2248] Metering TX: 02 03 00 c0 00 30 45 d1 (C:\Qt_work\DialogG2\src\engine\MeteringBusController.cpp:283)
[2026-09-20 11:56:07.431] [DEBUG] [tid:2248] Metering TX: 02 03 00 30 00 30 45 e2 (C:\Qt_work\DialogG2\src\engine\MeteringBusController.cpp:283)
[2026-09-20 11:56:07.698] [DEBUG] [tid:2248] Metering TX: 04 03 00 11 00 20 14 42 (C:\Qt_work\DialogG2\src\engine\MeteringBusController.cpp:283)
[2026-09-20 11:56:07.948] [DEBUG] [tid:2248] Metering TX: 06 03 00 0b 00 07 74 7d (C:\Qt_work\DialogG2\src\engine\MeteringBusController.cpp:283)
[2026-09-20 11:56:08.197] [DEBUG] [tid:2248] Metering TX: 02 03 00 c0 00 30 45 d1 (C:\Qt_work\DialogG2\src\engine\MeteringBusController.cpp:283)
[2026-09-20 11:56:08.448] [DEBUG] [tid:2248] Metering TX: 02 03 00 30 00 30 45 e2 (C:\Qt_work\DialogG2\src\engine\MeteringBusController.cpp:283)
[2026-09-20 11:56:08.700] [DEBUG] [tid:2248] Metering TX: 02 03 00 90 00 30 45 c0 (C:\Qt_work\DialogG2\src\engine\MeteringBusController.cpp:283)
[2026-09-20 11:56:08.949] [DEBUG] [tid:2248] Metering TX: dd a5 03 00 ff fd 77 (C:\Qt_work\DialogG2\src\engine\MeteringBusController.cpp:283)
[2026-09-20 11:56:09.058] [DEBUG] [tid:2248] Metering TX: 05 03 03 00 00 02 c5 cb (C:\Qt_work\DialogG2\src\engine\MeteringBusController.cpp:283)
[2026-09-20 11:56:09.316] [DEBUG] [tid:2248] Metering TX: 06 03 00 0b 00 07 74 7d (C:\Qt_work\DialogG2\src\engine\MeteringBusController.cpp:283)
[2026-09-20 11:56:09.566] [DEBUG] [tid:2248] Metering TX: 02 03 00 c0 00 30 45 d1 (C:\Qt_work\DialogG2\src\engine\MeteringBusController.cpp:283)
[2026-09-20 11:56:09.831] [DEBUG] [tid:2248] Metering TX: 02 03 00 30 00 30 45 e2 (C:\Qt_work\DialogG2\src\engine\MeteringBusController.cpp:283)
[2026-09-20 11:56:10.084] [DEBUG] [tid:2248] Metering TX: 04 03 00 11 00 20 14 42 (C:\Qt_work\DialogG2\src\engine\MeteringBusController.cpp:283)
[2026-09-20 11:56:10.349] [DEBUG] [tid:2248] Metering TX: 06 03 00 0b 00 07 74 7d (C:\Qt_work\DialogG2\src\engine\MeteringBusController.cpp:283)
[2026-09-20 11:56:10.600] [DEBUG] [tid:2248] Metering TX: 02 03 00 90 00 30 45 c0 (C:\Qt_work\DialogG2\src\engine\MeteringBusController.cpp:283)
[2026-09-20 11:56:10.852] [DEBUG] [tid:2248] Metering TX: dd a5 03 00 ff fd 77 (C:\Qt_work\DialogG2\src\engine\MeteringBusController.cpp:283)
[2026-09-20 11:56:10.949] [DEBUG] [tid:2248] Metering TX: 06 03 00 0b 00 07 74 7d (C:\Qt_work\DialogG2\src\engine\MeteringBusController.cpp:283)
[2026-09-20 11:56:11.201] [DEBUG] [tid:2248] Metering TX: 02 03 00 c0 00 30 45 d1 (C:\Qt_work\DialogG2\src\engine\MeteringBusController.cpp:283)
[2026-09-20 11:56:11.465] [DEBUG] [tid:2248] Metering TX: 02 03 00 30 00 30 45 e2 (C:\Qt_work\DialogG2\src\engine\MeteringBusController.cpp:283)
[2026-09-20 11:56:11.717] [DEBUG] [tid:2248] Metering TX: 04 03 00 11 00 20 14 42 (C:\Qt_work\DialogG2\src\engine\MeteringBusController.cpp:283)
[2026-09-20 11:56:11.969] [DEBUG] [tid:2248] Metering TX: 06 03 00 0b 00 07 74 7d (C:\Qt_work\DialogG2\src\engine\MeteringBusController.cpp:283)
[2026-09-20 11:56:12.218] [DEBUG] [tid:2248] Metering TX: 02 03 00 c0 00 30 45 d1 (C:\Qt_work\DialogG2\src\engine\MeteringBusController.cpp:283)
[2026-09-20 11:56:12.469] [DEBUG] [tid:2248] Metering TX: 02 03 00 30 00 30 45 e2 (C:\Qt_work\DialogG2\src\engine\MeteringBusController.cpp:283)
[2026-09-20 11:56:12.718] [DEBUG] [tid:2248] Metering TX: 02 03 00 90 00 30 45 c0 (C:\Qt_work\DialogG2\src\engine\MeteringBusController.cpp:283)
[2026-09-20 11:56:12.971] [DEBUG] [tid:2248] Metering TX: dd a5 03 00 ff fd 77 (C:\Qt_work\DialogG2\src\engine\MeteringBusController.cpp:283)
[2026-09-20 11:56:13.053] [DEBUG] [tid:2248] Metering TX: 06 03 00 0b 00 07 74 7d (C:\Qt_work\DialogG2\src\engine\MeteringBusController.cpp:283)
[2026-09-20 11:56:13.295] [DEBUG] [tid:2248] Metering TX: 02 03 00 c0 00 30 45 d1 (C:\Qt_work\DialogG2\src\engine\MeteringBusController.cpp:283)
[2026-09-20 11:56:13.543] [DEBUG] [tid:2248] Metering TX: 02 03 00 30 00 30 45 e2 (C:\Qt_work\DialogG2\src\engine\MeteringBusController.cpp:283)
[2026-09-20 11:56:13.793] [DEBUG] [tid:2248] Metering TX: 04 03 00 11 00 20 14 42 (C:\Qt_work\DialogG2\src\engine\MeteringBusController.cpp:283)
[2026-09-20 11:56:14.045] [DEBUG] [tid:2248] Metering TX: 05 03 03 00 00 02 c5 cb (C:\Qt_work\DialogG2\src\engine\MeteringBusController.cpp:283)
[2026-09-20 11:56:14.296] [DEBUG] [tid:2248] Metering TX: 06 03 00 0b 00 07 74 7d (C:\Qt_work\DialogG2\src\engine\MeteringBusController.cpp:283)
[2026-09-20 11:56:14.546] [DEBUG] [tid:2248] Metering TX: 02 03 00 c0 00 30 45 d1 (C:\Qt_work\DialogG2\src\engine\MeteringBusController.cpp:283)
[2026-09-20 11:56:14.797] [DEBUG] [tid:2248] Metering TX: 02 03 00 30 00 30 45 e2 (C:\Qt_work\DialogG2\src\engine\MeteringBusController.cpp:283)
[2026-09-20 11:56:15.048] [DEBUG] [tid:2248] Metering TX: 02 03 00 90 00 30 45 c0 (C:\Qt_work\DialogG2\src\engine\MeteringBusController.cpp:283)
[2026-09-20 11:56:15.294] [DEBUG] [tid:2248] Metering TX: dd a5 03 00 ff fd 77 (C:\Qt_work\DialogG2\src\engine\MeteringBusController.cpp:283)
[2026-09-20 11:56:15.391] [DEBUG] [tid:2248] Metering TX: 06 03 00 0b 00 07 74 7d (C:\Qt_work\DialogG2\src\engine\MeteringBusController.cpp:283)
[2026-09-20 11:56:15.637] [DEBUG] [tid:2248] Metering TX: 02 03 00 c0 00 30 45 d1 (C:\Qt_work\DialogG2\src\engine\MeteringBusController.cpp:283)
[2026-09-20 11:56:15.887] [DEBUG] [tid:2248] Metering TX: 04 03 00 11 00 20 14 42 (C:\Qt_work\DialogG2\src\engine\MeteringBusController.cpp:283)
[2026-09-20 11:56:16.134] [DEBUG] [tid:2248] Metering TX: 06 03 00 0b 00 07 74 7d (C:\Qt_work\DialogG2\src\engine\MeteringBusController.cpp:283)
[2026-09-20 11:56:16.384] [DEBUG] [tid:2248] Metering TX: 02 03 00 c0 00 30 45 d1 (C:\Qt_work\DialogG2\src\engine\MeteringBusController.cpp:283)
[2026-09-20 11:56:16.634] [DEBUG] [tid:2248] Metering TX: 02 03 00 30 00 30 45 e2 (C:\Qt_work\DialogG2\src\engine\MeteringBusController.cpp:283)
[2026-09-20 11:56:16.886] [DEBUG] [tid:2248] Metering TX: 02 03 00 90 00 30 45 c0 (C:\Qt_work\DialogG2\src\engine\MeteringBusController.cpp:283)
[2026-09-20 11:56:17.137] [DEBUG] [tid:2248] Metering TX: dd a5 03 00 ff fd 77 (C:\Qt_work\DialogG2\src\engine\MeteringBusController.cpp:283)
[2026-09-20 11:56:17.242] [DEBUG] [tid:2248] Metering TX: dd a5 04 00 ff fc 77 (C:\Qt_work\DialogG2\src\engine\MeteringBusController.cpp:283)
[2026-09-20 11:56:17.342] [DEBUG] [tid:2248] Metering TX: 06 03 00 0b 00 07 74 7d (C:\Qt_work\DialogG2\src\engine\MeteringBusController.cpp:283)
[2026-09-20 11:56:17.588] [DEBUG] [tid:2248] Metering TX: 02 03 00 c0 00 30 45 d1 (C:\Qt_work\DialogG2\src\engine\MeteringBusController.cpp:283)
[2026-09-20 11:56:17.840] [DEBUG] [tid:2248] Metering TX: 02 03 00 30 00 30 45 e2 (C:\Qt_work\DialogG2\src\engine\MeteringBusController.cpp:283)
[2026-09-20 11:56:18.092] [DEBUG] [tid:2248] Metering TX: 04 03 00 11 00 20 14 42 (C:\Qt_work\DialogG2\src\engine\MeteringBusController.cpp:283)
[2026-09-20 11:56:18.343] [DEBUG] [tid:2248] Metering TX: 06 03 00 0b 00 07 74 7d (C:\Qt_work\DialogG2\src\engine\MeteringBusController.cpp:283)
[2026-09-20 11:56:18.592] [DEBUG] [tid:2248] Metering TX: 02 03 00 c0 00 30 45 d1 (C:\Qt_work\DialogG2\src\engine\MeteringBusController.cpp:283)
[2026-09-20 11:56:18.843] [DEBUG] [tid:2248] Metering TX: 02 03 00 90 00 30 45 c0 (C:\Qt_work\DialogG2\src\engine\MeteringBusController.cpp:283)
[2026-09-20 11:56:19.093] [DEBUG] [tid:2248] Metering TX: dd a5 03 00 ff fd 77 (C:\Qt_work\DialogG2\src\engine\MeteringBusController.cpp:283)
[2026-09-20 11:56:19.175] [DEBUG] [tid:2248] Metering TX: 05 03 03 00 00 02 c5 cb (C:\Qt_work\DialogG2\src\engine\MeteringBusController.cpp:283)
[2026-09-20 11:56:19.424] [DEBUG] [tid:2248] Metering TX: 06 03 00 0b 00 07 74 7d (C:\Qt_work\DialogG2\src\engine\MeteringBusController.cpp:283)
[2026-09-20 11:56:19.677] [DEBUG] [tid:2248] Metering TX: 02 03 00 c0 00 30 45 d1 (C:\Qt_work\DialogG2\src\engine\MeteringBusController.cpp:283)
[2026-09-20 11:56:19.926] [DEBUG] [tid:2248] Metering TX: 02 03 00 30 00 30 45 e2 (C:\Qt_work\DialogG2\src\engine\MeteringBusController.cpp:283)
[2026-09-20 11:56:20.176] [DEBUG] [tid:2248] Metering TX: 04 03 00 11 00 20 14 42 (C:\Qt_work\DialogG2\src\engine\MeteringBusController.cpp:283)
[2026-09-20 11:56:20.427] [DEBUG] [tid:2248] Metering TX: 06 03 00 0b 00 07 74 7d (C:\Qt_work\DialogG2\src\engine\MeteringBusController.cpp:283)
[2026-09-20 11:56:20.678] [DEBUG] [tid:2248] Metering TX: 02 03 00 c0 00 30 45 d1 (C:\Qt_work\DialogG2\src\engine\MeteringBusController.cpp:283)
[2026-09-20 11:56:20.944] [DEBUG] [tid:2248] Metering TX: 02 03 00 90 00 30 45 c0 (C:\Qt_work\DialogG2\src\engine\MeteringBusController.cpp:283)
[2026-09-20 11:56:21.190] [DEBUG] [tid:2248] Metering TX: dd a5 03 00 ff fd 77 (C:\Qt_work\DialogG2\src\engine\MeteringBusController.cpp:283)
[2026-09-20 11:56:21.289] [DEBUG] [tid:2248] Metering TX: 06 03 00 0b 00 07 74 7d (C:\Qt_work\DialogG2\src\engine\MeteringBusController.cpp:283)
[2026-09-20 11:56:21.544] [DEBUG] [tid:2248] Metering TX: 02 03 00 c0 00 30 45 d1 (C:\Qt_work\DialogG2\src\engine\MeteringBusController.cpp:283)
[2026-09-20 11:56:21.794] [DEBUG] [tid:2248] Metering TX: 02 03 00 30 00 30 45 e2 (C:\Qt_work\DialogG2\src\engine\MeteringBusController.cpp:283)
[2026-09-20 11:56:22.046] [DEBUG] [tid:2248] Metering TX: 04 03 00 11 00 20 14 42 (C:\Qt_work\DialogG2\src\engine\MeteringBusController.cpp:283)
[2026-09-20 11:56:22.297] [DEBUG] [tid:2248] Metering TX: 06 03 00 0b 00 07 74 7d (C:\Qt_work\DialogG2\src\engine\MeteringBusController.cpp:283)
[2026-09-20 11:56:22.544] [DEBUG] [tid:2248] Metering TX: 02 03 00 c0 00 30 45 d1 (C:\Qt_work\DialogG2\src\engine\MeteringBusController.cpp:283)
[2026-09-20 11:56:22.798] [DEBUG] [tid:2248] Metering TX: 02 03 00 30 00 30 45 e2 (C:\Qt_work\DialogG2\src\engine\MeteringBusController.cpp:283)
[2026-09-20 11:56:23.048] [DEBUG] [tid:2248] Metering TX: 02 03 00 90 00 30 45 c0 (C:\Qt_work\DialogG2\src\engine\MeteringBusController.cpp:283)
[2026-09-20 11:56:23.299] [DEBUG] [tid:2248] Metering TX: dd a5 03 00 ff fd 77 (C:\Qt_work\DialogG2\src\engine\MeteringBusController.cpp:283)
[2026-09-20 11:56:23.397] [DEBUG] [tid:2248] Metering TX: 06 03 00 0b 00 07 74 7d (C:\Qt_work\DialogG2\src\engine\MeteringBusController.cpp:283)
[2026-09-20 11:56:23.663] [DEBUG] [tid:2248] Metering TX: 02 03 00 c0 00 30 45 d1 (C:\Qt_work\DialogG2\src\engine\MeteringBusController.cpp:283)
[2026-09-20 11:56:23.914] [DEBUG] [tid:2248] Metering TX: 02 03 00 30 00 30 45 e2 (C:\Qt_work\DialogG2\src\engine\MeteringBusController.cpp:283)
[2026-09-20 11:56:24.168] [DEBUG] [tid:2248] Metering TX: 04 03 00 11 00 20 14 42 (C:\Qt_work\DialogG2\src\engine\MeteringBusController.cpp:283)
[2026-09-20 11:56:24.430] [DEBUG] [tid:2248] Metering TX: 05 03 03 00 00 02 c5 cb (C:\Qt_work\DialogG2\src\engine\MeteringBusController.cpp:283)
[2026-09-20 11:56:24.698] [DEBUG] [tid:2248] Metering TX: 06 03 00 0b 00 07 74 7d (C:\Qt_work\DialogG2\src\engine\MeteringBusController.cpp:283)
[2026-09-20 11:56:24.947] [DEBUG] [tid:2248] Metering TX: 02 03 00 c0 00 30 45 d1 (C:\Qt_work\DialogG2\src\engine\MeteringBusController.cpp:283)
[2026-09-20 11:56:25.197] [DEBUG] [tid:2248] Metering TX: 02 03 00 90 00 30 45 c0 (C:\Qt_work\DialogG2\src\engine\MeteringBusController.cpp:283)
[2026-09-20 11:56:25.465] [DEBUG] [tid:2248] Metering TX: dd a5 03 00 ff fd 77 (C:\Qt_work\DialogG2\src\engine\MeteringBusController.cpp:283)
[2026-09-20 11:56:25.548] [DEBUG] [tid:2248] Metering TX: 06 03 00 0b 00 07 74 7d (C:\Qt_work\DialogG2\src\engine\MeteringBusController.cpp:283)
[2026-09-20 11:56:25.797] [DEBUG] [tid:2248] Metering TX: 02 03 00 30 00 30 45 e2 (C:\Qt_work\DialogG2\src\engine\MeteringBusController.cpp:283)
[2026-09-20 11:56:26.049] [DEBUG] [tid:2248] Metering TX: 04 03 00 11 00 20 14 42 (C:\Qt_work\DialogG2\src\engine\MeteringBusController.cpp:283)
[2026-09-20 11:56:26.302] [DEBUG] [tid:2248] Metering TX: 06 03 00 0b 00 07 74 7d (C:\Qt_work\DialogG2\src\engine\MeteringBusController.cpp:283)
[2026-09-20 11:56:26.550] [DEBUG] [tid:2248] Metering TX: 02 03 00 c0 00 30 45 d1 (C:\Qt_work\DialogG2\src\engine\MeteringBusController.cpp:283)
[2026-09-20 11:56:26.799] [DEBUG] [tid:2248] Metering TX: 02 03 00 30 00 30 45 e2 (C:\Qt_work\DialogG2\src\engine\MeteringBusController.cpp:283)
[2026-09-20 11:56:27.051] [DEBUG] [tid:2248] Metering TX: 02 03 00 90 00 30 45 c0 (C:\Qt_work\DialogG2\src\engine\MeteringBusController.cpp:283)
[2026-09-20 11:56:27.300] [DEBUG] [tid:2248] Metering TX: dd a5 03 00 ff fd 77 (C:\Qt_work\DialogG2\src\engine\MeteringBusController.cpp:283)
[2026-09-20 11:56:27.392] [DEBUG] [tid:2248] Metering TX: dd a5 04 00 ff fc 77 (C:\Qt_work\DialogG2\src\engine\MeteringBusController.cpp:283)
[2026-09-20 11:56:27.456] [DEBUG] [tid:2248] Metering TX: 06 03 00 0b 00 07 74 7d (C:\Qt_work\DialogG2\src\engine\MeteringBusController.cpp:283)
[2026-09-20 11:56:27.717] [DEBUG] [tid:2248] Metering TX: 02 03 00 c0 00 30 45 d1 (C:\Qt_work\DialogG2\src\engine\MeteringBusController.cpp:283)
[2026-09-20 11:56:27.966] [DEBUG] [tid:2248] Metering TX: 02 03 00 30 00 30 45 e2 (C:\Qt_work\DialogG2\src\engine\MeteringBusController.cpp:283)
[2026-09-20 11:56:28.216] [DEBUG] [tid:2248] Metering TX: 04 03 00 11 00 20 14 42 (C:\Qt_work\DialogG2\src\engine\MeteringBusController.cpp:283)
[2026-09-20 11:56:28.467] [DEBUG] [tid:2248] Metering TX: 06 03 00 0b 00 07 74 7d (C:\Qt_work\DialogG2\src\engine\MeteringBusController.cpp:283)
[2026-09-20 11:56:28.718] [DEBUG] [tid:2248] Metering TX: 02 03 00 c0 00 30 45 d1 (C:\Qt_work\DialogG2\src\engine\MeteringBusController.cpp:283)
[2026-09-20 11:56:28.969] [DEBUG] [tid:2248] Metering TX: 02 03 00 90 00 30 45 c0 (C:\Qt_work\DialogG2\src\engine\MeteringBusController.cpp:283)
[2026-09-20 11:56:29.218] [DEBUG] [tid:2248] Metering TX: 05 03 03 00 00 02 c5 cb (C:\Qt_work\DialogG2\src\engine\MeteringBusController.cpp:283)
[2026-09-20 11:56:29.468] [DEBUG] [tid:2248] Metering TX: dd a5 03 00 ff fd 77 (C:\Qt_work\DialogG2\src\engine\MeteringBusController.cpp:283)
[2026-09-20 11:56:29.567] [DEBUG] [tid:2248] Metering TX: 06 03 00 0b 00 07 74 7d (C:\Qt_work\DialogG2\src\engine\MeteringBusController.cpp:283)
[2026-09-20 11:56:29.819] [DEBUG] [tid:2248] Metering TX: 02 03 00 c0 00 30 45 d1 (C:\Qt_work\DialogG2\src\engine\MeteringBusController.cpp:283)
[2026-09-20 11:56:30.073] [DEBUG] [tid:2248] Metering TX: 02 03 00 30 00 30 45 e2 (C:\Qt_work\DialogG2\src\engine\MeteringBusController.cpp:283)
[2026-09-20 11:56:30.336] [DEBUG] [tid:2248] Metering TX: 02 03 00 90 00 30 45 c0 (C:\Qt_work\DialogG2\src\engine\MeteringBusController.cpp:283)
[2026-09-20 11:56:30.603] [DEBUG] [tid:2248] Metering TX: 04 03 00 11 00 20 14 42 (C:\Qt_work\DialogG2\src\engine\MeteringBusController.cpp:283)
[2026-09-20 11:56:30.870] [DEBUG] [tid:2248] Metering TX: dd a5 03 00 ff fd 77 (C:\Qt_work\DialogG2\src\engine\MeteringBusController.cpp:283)
[2026-09-20 11:56:30.956] [DEBUG] [tid:2248] Metering TX: 06 03 00 0b 00 07 74 7d (C:\Qt_work\DialogG2\src\engine\MeteringBusController.cpp:283)
[2026-09-20 11:56:31.206] [DEBUG] [tid:2248] Metering TX: 02 03 00 c0 00 30 45 d1 (C:\Qt_work\DialogG2\src\engine\MeteringBusController.cpp:283)
[2026-09-20 11:56:31.454] [DEBUG] [tid:2248] Metering TX: 06 03 00 0b 00 07 74 7d (C:\Qt_work\DialogG2\src\engine\MeteringBusController.cpp:283)
[2026-09-20 11:56:31.707] [DEBUG] [tid:2248] Metering TX: 02 03 00 30 00 30 45 e2 (C:\Qt_work\DialogG2\src\engine\MeteringBusController.cpp:283)
[2026-09-20 11:56:31.954] [DEBUG] [tid:2248] Metering TX: 02 03 00 90 00 30 45 c0 (C:\Qt_work\DialogG2\src\engine\MeteringBusController.cpp:283)
[2026-09-20 11:56:32.206] [DEBUG] [tid:2248] Metering TX: 04 03 00 11 00 20 14 42 (C:\Qt_work\DialogG2\src\engine\MeteringBusController.cpp:283)
[2026-09-20 11:56:32.456] [DEBUG] [tid:2248] Metering TX: dd a5 03 00 ff fd 77 (C:\Qt_work\DialogG2\src\engine\MeteringBusController.cpp:283)
[2026-09-20 11:56:32.554] [DEBUG] [tid:2248] Metering TX: 06 03 00 0b 00 07 74 7d (C:\Qt_work\DialogG2\src\engine\MeteringBusController.cpp:283)
[2026-09-20 11:56:32.807] [DEBUG] [tid:2248] Metering TX: 02 03 00 c0 00 30 45 d1 (C:\Qt_work\DialogG2\src\engine\MeteringBusController.cpp:283)
[2026-09-20 11:56:33.059] [DEBUG] [tid:2248] Metering TX: 02 03 00 30 00 30 45 e2 (C:\Qt_work\DialogG2\src\engine\MeteringBusController.cpp:283)
[2026-09-20 11:56:33.308] [DEBUG] [tid:2248] Metering TX: 02 03 00 90 00 30 45 c0 (C:\Qt_work\DialogG2\src\engine\MeteringBusController.cpp:283)
[2026-09-20 11:56:33.556] [DEBUG] [tid:2248] Metering TX: 05 03 03 00 00 02 c5 cb (C:\Qt_work\DialogG2\src\engine\MeteringBusController.cpp:283)
[2026-09-20 11:56:33.806] [DEBUG] [tid:2248] Metering TX: 06 03 00 0b 00 07 74 7d (C:\Qt_work\DialogG2\src\engine\MeteringBusController.cpp:283)
[2026-09-20 11:56:34.060] [DEBUG] [tid:2248] Metering TX: 02 03 00 c0 00 30 45 d1 (C:\Qt_work\DialogG2\src\engine\MeteringBusController.cpp:283)
[2026-09-20 11:56:34.307] [DEBUG] [tid:2248] Metering TX: 02 03 00 30 00 30 45 e2 (C:\Qt_work\DialogG2\src\engine\MeteringBusController.cpp:283)
[2026-09-20 11:56:34.574] [DEBUG] [tid:2248] Metering TX: 04 03 00 11 00 20 14 42 (C:\Qt_work\DialogG2\src\engine\MeteringBusController.cpp:283)
[2026-09-20 11:56:34.826] [DEBUG] [tid:2248] Metering TX: dd a5 03 00 ff fd 77 (C:\Qt_work\DialogG2\src\engine\MeteringBusController.cpp:283)
[2026-09-20 11:56:34.967] [DEBUG] [tid:2248] Metering TX: 06 03 00 0b 00 07 74 7d (C:\Qt_work\DialogG2\src\engine\MeteringBusController.cpp:283)
[2026-09-20 11:56:35.226] [DEBUG] [tid:2248] Metering TX: 02 03 00 c0 00 30 45 d1 (C:\Qt_work\DialogG2\src\engine\MeteringBusController.cpp:283)
[2026-09-20 11:56:35.475] [DEBUG] [tid:2248] Metering TX: 02 03 00 90 00 30 45 c0 (C:\Qt_work\DialogG2\src\engine\MeteringBusController.cpp:283)
[2026-09-20 11:56:35.728] [DEBUG] [tid:2248] Metering TX: 06 03 00 0b 00 07 74 7d (C:\Qt_work\DialogG2\src\engine\MeteringBusController.cpp:283)
[2026-09-20 11:56:35.993] [DEBUG] [tid:2248] Metering TX: 02 03 00 30 00 30 45 e2 (C:\Qt_work\DialogG2\src\engine\MeteringBusController.cpp:283)
[2026-09-20 11:56:36.259] [DEBUG] [tid:2248] Metering TX: 04 03 00 11 00 20 14 42 (C:\Qt_work\DialogG2\src\engine\MeteringBusController.cpp:283)
[2026-09-20 11:56:36.510] [DEBUG] [tid:2248] Metering TX: dd a5 03 00 ff fd 77 (C:\Qt_work\DialogG2\src\engine\MeteringBusController.cpp:283)
[2026-09-20 11:56:36.597] [DEBUG] [tid:2248] Metering TX: 06 03 00 0b 00 07 74 7d (C:\Qt_work\DialogG2\src\engine\MeteringBusController.cpp:283)
[2026-09-20 11:56:36.842] [DEBUG] [tid:2248] Metering TX: 02 03 00 c0 00 30 45 d1 (C:\Qt_work\DialogG2\src\engine\MeteringBusController.cpp:283)
[2026-09-20 11:56:37.093] [DEBUG] [tid:2248] Metering TX: 02 03 00 30 00 30 45 e2 (C:\Qt_work\DialogG2\src\engine\MeteringBusController.cpp:283)
[2026-09-20 11:56:37.339] [DEBUG] [tid:2248] Metering TX: 02 03 00 90 00 30 45 c0 (C:\Qt_work\DialogG2\src\engine\MeteringBusController.cpp:283)
[2026-09-20 11:56:37.593] [DEBUG] [tid:2248] Metering TX: dd a5 04 00 ff fc 77 (C:\Qt_work\DialogG2\src\engine\MeteringBusController.cpp:283)
[2026-09-20 11:56:37.668] [DEBUG] [tid:2248] Metering TX: 06 03 00 0b 00 07 74 7d (C:\Qt_work\DialogG2\src\engine\MeteringBusController.cpp:283)
[2026-09-20 11:56:37.927] [DEBUG] [tid:2248] Metering TX: 02 03 00 c0 00 30 45 d1 (C:\Qt_work\DialogG2\src\engine\MeteringBusController.cpp:283)
[2026-09-20 11:56:38.175] [DEBUG] [tid:2248] Metering TX: 02 03 00 30 00 30 45 e2 (C:\Qt_work\DialogG2\src\engine\MeteringBusController.cpp:283)
[2026-09-20 11:56:38.427] [DEBUG] [tid:2248] Metering TX: 04 03 00 11 00 20 14 42 (C:\Qt_work\DialogG2\src\engine\MeteringBusController.cpp:283)
[2026-09-20 11:56:38.676] [DEBUG] [tid:2248] Metering TX: 05 03 03 00 00 02 c5 cb (C:\Qt_work\DialogG2\src\engine\MeteringBusController.cpp:283)
[2026-09-20 11:56:38.917] [DEBUG] [tid:2248] Metering TX: dd a5 03 00 ff fd 77 (C:\Qt_work\DialogG2\src\engine\MeteringBusController.cpp:283)
[2026-09-20 11:56:39.010] [DEBUG] [tid:2248] Metering TX: 06 03 00 0b 00 07 74 7d (C:\Qt_work\DialogG2\src\engine\MeteringBusController.cpp:283)
[2026-09-20 11:56:39.262] [DEBUG] [tid:2248] Metering TX: 02 03 00 c0 00 30 45 d1 (C:\Qt_work\DialogG2\src\engine\MeteringBusController.cpp:283)
[2026-09-20 11:56:39.513] [DEBUG] [tid:2248] Metering TX: 02 03 00 30 00 30 45 e2 (C:\Qt_work\DialogG2\src\engine\MeteringBusController.cpp:283)
[2026-09-20 11:56:39.764] [DEBUG] [tid:2248] Metering TX: 02 03 00 90 00 30 45 c0 (C:\Qt_work\DialogG2\src\engine\MeteringBusController.cpp:283)
[2026-09-20 11:56:40.015] [DEBUG] [tid:2248] Metering TX: 06 03 00 0b 00 07 74 7d (C:\Qt_work\DialogG2\src\engine\MeteringBusController.cpp:283)
[2026-09-20 11:56:40.261] [DEBUG] [tid:2248] Metering TX: 02 03 00 c0 00 30 45 d1 (C:\Qt_work\DialogG2\src\engine\MeteringBusController.cpp:283)
[2026-09-20 11:56:40.513] [DEBUG] [tid:2248] Metering TX: 04 03 00 11 00 20 14 42 (C:\Qt_work\DialogG2\src\engine\MeteringBusController.cpp:283)
[2026-09-20 11:56:40.763] [DEBUG] [tid:2248] Metering TX: dd a5 03 00 ff fd 77 (C:\Qt_work\DialogG2\src\engine\MeteringBusController.cpp:283)
[2026-09-20 11:56:40.848] [DEBUG] [tid:2248] Metering TX: 06 03 00 0b 00 07 74 7d (C:\Qt_work\DialogG2\src\engine\MeteringBusController.cpp:283)
[2026-09-20 11:56:41.098] [DEBUG] [tid:2248] Metering TX: 02 03 00 c0 00 30 45 d1 (C:\Qt_work\DialogG2\src\engine\MeteringBusController.cpp:283)
[2026-09-20 11:56:41.350] [DEBUG] [tid:2248] Metering TX: 02 03 00 30 00 30 45 e2 (C:\Qt_work\DialogG2\src\engine\MeteringBusController.cpp:283)
[2026-09-20 11:56:41.600] [DEBUG] [tid:2248] Metering TX: 02 03 00 90 00 30 45 c0 (C:\Qt_work\DialogG2\src\engine\MeteringBusController.cpp:283)
[2026-09-20 11:56:41.848] [DEBUG] [tid:2248] Metering TX: 06 03 00 0b 00 07 74 7d (C:\Qt_work\DialogG2\src\engine\MeteringBusController.cpp:283)
[2026-09-20 11:56:42.100] [DEBUG] [tid:2248] Metering TX: 02 03 00 c0 00 30 45 d1 (C:\Qt_work\DialogG2\src\engine\MeteringBusController.cpp:283)
[2026-09-20 11:56:42.349] [DEBUG] [tid:2248] Metering TX: 04 03 00 11 00 20 14 42 (C:\Qt_work\DialogG2\src\engine\MeteringBusController.cpp:283)
[2026-09-20 11:56:42.593] [DEBUG] [tid:2248] Metering TX: dd a5 03 00 ff fd 77 (C:\Qt_work\DialogG2\src\engine\MeteringBusController.cpp:283)
[2026-09-20 11:56:42.683] [DEBUG] [tid:2248] Metering TX: 06 03 00 0b 00 07 74 7d (C:\Qt_work\DialogG2\src\engine\MeteringBusController.cpp:283)
[2026-09-20 11:56:42.945] [DEBUG] [tid:2248] Metering TX: 02 03 00 c0 00 30 45 d1 (C:\Qt_work\DialogG2\src\engine\MeteringBusController.cpp:283)
[2026-09-20 11:56:43.200] [DEBUG] [tid:2248] Metering TX: 02 03 00 30 00 30 45 e2 (C:\Qt_work\DialogG2\src\engine\MeteringBusController.cpp:283)
[2026-09-20 11:56:43.450] [DEBUG] [tid:2248] Metering TX: 02 03 00 90 00 30 45 c0 (C:\Qt_work\DialogG2\src\engine\MeteringBusController.cpp:283)
[2026-09-20 11:56:43.717] [DEBUG] [tid:2248] Metering TX: 05 03 03 00 00 02 c5 cb (C:\Qt_work\DialogG2\src\engine\MeteringBusController.cpp:283)
[2026-09-20 11:56:43.966] [DEBUG] [tid:2248] Metering TX: 06 03 00 0b 00 07 74 7d (C:\Qt_work\DialogG2\src\engine\MeteringBusController.cpp:283)
[2026-09-20 11:56:44.218] [DEBUG] [tid:2248] Metering TX: 02 03 00 c0 00 30 45 d1 (C:\Qt_work\DialogG2\src\engine\MeteringBusController.cpp:283)
[2026-09-20 11:56:44.467] [DEBUG] [tid:2248] Metering TX: 02 03 00 30 00 30 45 e2 (C:\Qt_work\DialogG2\src\engine\MeteringBusController.cpp:283)
[2026-09-20 11:56:44.717] [DEBUG] [tid:2248] Metering TX: 04 03 00 11 00 20 14 42 (C:\Qt_work\DialogG2\src\engine\MeteringBusController.cpp:283)
[2026-09-20 11:56:44.967] [DEBUG] [tid:2248] Metering TX: dd a5 03 00 ff fd 77 (C:\Qt_work\DialogG2\src\engine\MeteringBusController.cpp:283)
[2026-09-20 11:56:45.066] [DEBUG] [tid:2248] Metering TX: 06 03 00 0b 00 07 74 7d (C:\Qt_work\DialogG2\src\engine\MeteringBusController.cpp:283)
[2026-09-20 11:56:45.319] [DEBUG] [tid:2248] Metering TX: 02 03 00 c0 00 30 45 d1 (C:\Qt_work\DialogG2\src\engine\MeteringBusController.cpp:283)
[2026-09-20 11:56:45.569] [DEBUG] [tid:2248] Metering TX: 02 03 00 90 00 30 45 c0 (C:\Qt_work\DialogG2\src\engine\MeteringBusController.cpp:283)
[2026-09-20 11:56:45.817] [DEBUG] [tid:2248] Metering TX: 06 03 00 0b 00 07 74 7d (C:\Qt_work\DialogG2\src\engine\MeteringBusController.cpp:283)
[2026-09-20 11:56:46.069] [DEBUG] [tid:2248] Metering TX: 02 03 00 c0 00 30 45 d1 (C:\Qt_work\DialogG2\src\engine\MeteringBusController.cpp:283)
[2026-09-20 11:56:46.320] [DEBUG] [tid:2248] Metering TX: 02 03 00 30 00 30 45 e2 (C:\Qt_work\DialogG2\src\engine\MeteringBusController.cpp:283)
[2026-09-20 11:56:46.569] [DEBUG] [tid:2248] Metering TX: 04 03 00 11 00 20 14 42 (C:\Qt_work\DialogG2\src\engine\MeteringBusController.cpp:283)
[2026-09-20 11:56:46.835] [DEBUG] [tid:2248] Metering TX: dd a5 03 00 ff fd 77 (C:\Qt_work\DialogG2\src\engine\MeteringBusController.cpp:283)
[2026-09-20 11:56:46.969] [DEBUG] [tid:2248] Metering TX: dd a5 04 00 ff fc 77 (C:\Qt_work\DialogG2\src\engine\MeteringBusController.cpp:283)
[2026-09-20 11:56:47.032] [DEBUG] [tid:2248] Metering TX: 06 03 00 0b 00 07 74 7d (C:\Qt_work\DialogG2\src\engine\MeteringBusController.cpp:283)
[2026-09-20 11:56:47.287] [DEBUG] [tid:2248] Metering TX: 02 03 00 c0 00 30 45 d1 (C:\Qt_work\DialogG2\src\engine\MeteringBusController.cpp:283)
[2026-09-20 11:56:47.536] [DEBUG] [tid:2248] Metering TX: 02 03 00 30 00 30 45 e2 (C:\Qt_work\DialogG2\src\engine\MeteringBusController.cpp:283)
[2026-09-20 11:56:47.788] [DEBUG] [tid:2248] Metering TX: 02 03 00 90 00 30 45 c0 (C:\Qt_work\DialogG2\src\engine\MeteringBusController.cpp:283)
[2026-09-20 11:56:48.037] [DEBUG] [tid:2248] Metering TX: 06 03 00 0b 00 07 74 7d (C:\Qt_work\DialogG2\src\engine\MeteringBusController.cpp:283)
[2026-09-20 11:56:48.289] [DEBUG] [tid:2248] Metering TX: 02 03 00 c0 00 30 45 d1 (C:\Qt_work\DialogG2\src\engine\MeteringBusController.cpp:283)
[2026-09-20 11:56:48.554] [DEBUG] [tid:2248] Metering TX: 04 03 00 11 00 20 14 42 (C:\Qt_work\DialogG2\src\engine\MeteringBusController.cpp:283)
[2026-09-20 11:56:48.806] [DEBUG] [tid:2248] Metering TX: 05 03 03 00 00 02 c5 cb (C:\Qt_work\DialogG2\src\engine\MeteringBusController.cpp:283)
[2026-09-20 11:56:49.072] [DEBUG] [tid:2248] Metering TX: dd a5 03 00 ff fd 77 (C:\Qt_work\DialogG2\src\engine\MeteringBusController.cpp:283)
[2026-09-20 11:56:49.157] [DEBUG] [tid:2248] Metering TX: 06 03 00 0b 00 07 74 7d (C:\Qt_work\DialogG2\src\engine\MeteringBusController.cpp:283)
[2026-09-20 11:56:49.405] [DEBUG] [tid:2248] Metering TX: 02 03 00 c0 00 30 45 d1 (C:\Qt_work\DialogG2\src\engine\MeteringBusController.cpp:283)
[2026-09-20 11:56:49.655] [DEBUG] [tid:2248] Metering TX: 02 03 00 30 00 30 45 e2 (C:\Qt_work\DialogG2\src\engine\MeteringBusController.cpp:283)
[2026-09-20 11:56:49.909] [DEBUG] [tid:2248] Metering TX: 02 03 00 90 00 30 45 c0 (C:\Qt_work\DialogG2\src\engine\MeteringBusController.cpp:283)
[2026-09-20 11:56:50.157] [DEBUG] [tid:2248] Metering TX: 06 03 00 0b 00 07 74 7d (C:\Qt_work\DialogG2\src\engine\MeteringBusController.cpp:283)
[2026-09-20 11:56:50.407] [DEBUG] [tid:2248] Metering TX: 02 03 00 c0 00 30 45 d1 (C:\Qt_work\DialogG2\src\engine\MeteringBusController.cpp:283)
[2026-09-20 11:56:50.656] [DEBUG] [tid:2248] Metering TX: 04 03 00 11 00 20 14 42 (C:\Qt_work\DialogG2\src\engine\MeteringBusController.cpp:283)
[2026-09-20 11:56:50.907] [DEBUG] [tid:2248] Metering TX: dd a5 03 00 ff fd 77 (C:\Qt_work\DialogG2\src\engine\MeteringBusController.cpp:283)
[2026-09-20 11:56:50.995] [DEBUG] [tid:2248] Metering TX: 06 03 00 0b 00 07 74 7d (C:\Qt_work\DialogG2\src\engine\MeteringBusController.cpp:283)
[2026-09-20 11:56:51.258] [DEBUG] [tid:2248] Metering TX: 02 03 00 c0 00 30 45 d1 (C:\Qt_work\DialogG2\src\engine\MeteringBusController.cpp:283)
[2026-09-20 11:56:51.524] [DEBUG] [tid:2248] Metering TX: 02 03 00 30 00 30 45 e2 (C:\Qt_work\DialogG2\src\engine\MeteringBusController.cpp:283)
[2026-09-20 11:56:51.793] [DEBUG] [tid:2248] Metering TX: 02 03 00 90 00 30 45 c0 (C:\Qt_work\DialogG2\src\engine\MeteringBusController.cpp:283)
[2026-09-20 11:56:52.042] [DEBUG] [tid:2248] Metering TX: 06 03 00 0b 00 07 74 7d (C:\Qt_work\DialogG2\src\engine\MeteringBusController.cpp:283)
[2026-09-20 11:56:52.293] [DEBUG] [tid:2248] Metering TX: 02 03 00 c0 00 30 45 d1 (C:\Qt_work\DialogG2\src\engine\MeteringBusController.cpp:283)
[2026-09-20 11:56:52.542] [DEBUG] [tid:2248] Metering TX: 02 03 00 30 00 30 45 e2 (C:\Qt_work\DialogG2\src\engine\MeteringBusController.cpp:283)
[2026-09-20 11:56:52.793] [DEBUG] [tid:2248] Metering TX: 04 03 00 11 00 20 14 42 (C:\Qt_work\DialogG2\src\engine\MeteringBusController.cpp:283)
[2026-09-20 11:56:53.044] [DEBUG] [tid:2248] Metering TX: dd a5 03 00 ff fd 77 (C:\Qt_work\DialogG2\src\engine\MeteringBusController.cpp:283)
[2026-09-20 11:56:53.124] [DEBUG] [tid:2248] Metering TX: 06 03 00 0b 00 07 74 7d (C:\Qt_work\DialogG2\src\engine\MeteringBusController.cpp:283)
[2026-09-20 11:56:53.394] [DEBUG] [tid:2248] Metering TX: 02 03 00 c0 00 30 45 d1 (C:\Qt_work\DialogG2\src\engine\MeteringBusController.cpp:283)
[2026-09-20 11:56:53.650] [DEBUG] [tid:2248] Metering TX: 02 03 00 30 00 30 45 e2 (C:\Qt_work\DialogG2\src\engine\MeteringBusController.cpp:283)
[2026-09-20 11:56:53.912] [DEBUG] [tid:2248] Metering TX: 02 03 00 90 00 30 45 c0 (C:\Qt_work\DialogG2\src\engine\MeteringBusController.cpp:283)
[2026-09-20 11:56:54.160] [DEBUG] [tid:2248] Metering TX: 05 03 03 00 00 02 c5 cb (C:\Qt_work\DialogG2\src\engine\MeteringBusController.cpp:283)
[2026-09-20 11:56:54.409] [DEBUG] [tid:2248] Metering TX: 06 03 00 0b 00 07 74 7d (C:\Qt_work\DialogG2\src\engine\MeteringBusController.cpp:283)
[2026-09-20 11:56:54.662] [DEBUG] [tid:2248] Metering TX: 02 03 00 c0 00 30 45 d1 (C:\Qt_work\DialogG2\src\engine\MeteringBusController.cpp:283)
[2026-09-20 11:56:54.912] [DEBUG] [tid:2248] Metering TX: 04 03 00 11 00 20 14 42 (C:\Qt_work\DialogG2\src\engine\MeteringBusController.cpp:283)
[2026-09-20 11:56:55.162] [DEBUG] [tid:2248] Metering TX: dd a5 03 00 ff fd 77 (C:\Qt_work\DialogG2\src\engine\MeteringBusController.cpp:283)
[2026-09-20 11:56:55.262] [DEBUG] [tid:2248] Metering TX: 06 03 00 0b 00 07 74 7d (C:\Qt_work\DialogG2\src\engine\MeteringBusController.cpp:283)
[2026-09-20 11:56:55.512] [DEBUG] [tid:2248] Metering TX: 02 03 00 30 00 30 45 e2 (C:\Qt_work\DialogG2\src\engine\MeteringBusController.cpp:283)
[2026-09-20 11:56:55.762] [DEBUG] [tid:2248] Metering TX: 02 03 00 90 00 30 45 c0 (C:\Qt_work\DialogG2\src\engine\MeteringBusController.cpp:283)
[2026-09-20 11:56:56.012] [DEBUG] [tid:2248] Metering TX: 06 03 00 0b 00 07 74 7d (C:\Qt_work\DialogG2\src\engine\MeteringBusController.cpp:283)
[2026-09-20 11:56:56.266] [DEBUG] [tid:2248] Metering TX: 02 03 00 c0 00 30 45 d1 (C:\Qt_work\DialogG2\src\engine\MeteringBusController.cpp:283)
[2026-09-20 11:56:56.513] [DEBUG] [tid:2248] Metering TX: 02 03 00 30 00 30 45 e2 (C:\Qt_work\DialogG2\src\engine\MeteringBusController.cpp:283)
[2026-09-20 11:56:56.766] [DEBUG] [tid:2248] Metering TX: 04 03 00 11 00 20 14 42 (C:\Qt_work\DialogG2\src\engine\MeteringBusController.cpp:283)
[2026-09-20 11:56:57.016] [DEBUG] [tid:2248] Metering TX: dd a5 04 00 ff fc 77 (C:\Qt_work\DialogG2\src\engine\MeteringBusController.cpp:283)
[2026-09-20 11:56:57.084] [DEBUG] [tid:2248] Metering TX: dd a5 03 00 ff fd 77 (C:\Qt_work\DialogG2\src\engine\MeteringBusController.cpp:283)
[2026-09-20 11:56:57.179] [DEBUG] [tid:2248] Metering TX: 06 03 00 0b 00 07 74 7d (C:\Qt_work\DialogG2\src\engine\MeteringBusController.cpp:283)
[2026-09-20 11:56:57.448] [DEBUG] [tid:2248] Metering TX: 02 03 00 c0 00 30 45 d1 (C:\Qt_work\DialogG2\src\engine\MeteringBusController.cpp:283)
[2026-09-20 11:56:57.713] [DEBUG] [tid:2248] Metering TX: 02 03 00 30 00 30 45 e2 (C:\Qt_work\DialogG2\src\engine\MeteringBusController.cpp:283)
[2026-09-20 11:56:57.964] [DEBUG] [tid:2248] Metering TX: 02 03 00 90 00 30 45 c0 (C:\Qt_work\DialogG2\src\engine\MeteringBusController.cpp:283)
[2026-09-20 11:56:58.214] [DEBUG] [tid:2248] Metering TX: 06 03 00 0b 00 07 74 7d (C:\Qt_work\DialogG2\src\engine\MeteringBusController.cpp:283)
[2026-09-20 11:56:58.464] [DEBUG] [tid:2248] Metering TX: 02 03 00 c0 00 30 45 d1 (C:\Qt_work\DialogG2\src\engine\MeteringBusController.cpp:283)
[2026-09-20 11:56:58.718] [DEBUG] [tid:2248] Metering TX: 04 03 00 11 00 20 14 42 (C:\Qt_work\DialogG2\src\engine\MeteringBusController.cpp:283)
[2026-09-20 11:56:58.965] [DEBUG] [tid:2248] Metering TX: 05 03 03 00 00 02 c5 cb (C:\Qt_work\DialogG2\src\engine\MeteringBusController.cpp:283)
[2026-09-20 11:56:59.216] [DEBUG] [tid:2248] Metering TX: dd a5 03 00 ff fd 77 (C:\Qt_work\DialogG2\src\engine\MeteringBusController.cpp:283)
[2026-09-20 11:56:59.305] [DEBUG] [tid:2248] Metering TX: 06 03 00 0b 00 07 74 7d (C:\Qt_work\DialogG2\src\engine\MeteringBusController.cpp:283)
[2026-09-20 11:56:59.566] [DEBUG] [tid:2248] Metering TX: 02 03 00 c0 00 30 45 d1 (C:\Qt_work\DialogG2\src\engine\MeteringBusController.cpp:283)
[2026-09-20 11:56:59.817] [DEBUG] [tid:2248] Metering TX: 02 03 00 30 00 30 45 e2 (C:\Qt_work\DialogG2\src\engine\MeteringBusController.cpp:283)
[2026-09-20 11:57:00.067] [DEBUG] [tid:2248] Metering TX: 02 03 00 90 00 30 45 c0 (C:\Qt_work\DialogG2\src\engine\MeteringBusController.cpp:283)
[2026-09-20 11:57:00.316] [DEBUG] [tid:2248] Metering TX: 06 03 00 0b 00 07 74 7d (C:\Qt_work\DialogG2\src\engine\MeteringBusController.cpp:283)
[2026-09-20 11:57:00.563] [DEBUG] [tid:2248] Metering TX: 02 03 00 c0 00 30 45 d1 (C:\Qt_work\DialogG2\src\engine\MeteringBusController.cpp:283)
[2026-09-20 11:57:00.812] [DEBUG] [tid:2248] Metering TX: 04 03 00 11 00 20 14 42 (C:\Qt_work\DialogG2\src\engine\MeteringBusController.cpp:283)
[2026-09-20 11:57:01.060] [DEBUG] [tid:2248] Metering TX: dd a5 03 00 ff fd 77 (C:\Qt_work\DialogG2\src\engine\MeteringBusController.cpp:283)
[2026-09-20 11:57:01.158] [DEBUG] [tid:2248] Metering TX: 06 03 00 0b 00 07 74 7d (C:\Qt_work\DialogG2\src\engine\MeteringBusController.cpp:283)
[2026-09-20 11:57:01.417] [DEBUG] [tid:2248] Metering TX: 02 03 00 c0 00 30 45 d1 (C:\Qt_work\DialogG2\src\engine\MeteringBusController.cpp:283)
[2026-09-20 11:57:01.684] [DEBUG] [tid:2248] Metering TX: 02 03 00 30 00 30 45 e2 (C:\Qt_work\DialogG2\src\engine\MeteringBusController.cpp:283)
[2026-09-20 11:57:01.934] [DEBUG] [tid:2248] Metering TX: 02 03 00 90 00 30 45 c0 (C:\Qt_work\DialogG2\src\engine\MeteringBusController.cpp:283)
[2026-09-20 11:57:02.185] [DEBUG] [tid:2248] Metering TX: 06 03 00 0b 00 07 74 7d (C:\Qt_work\DialogG2\src\engine\MeteringBusController.cpp:283)
[2026-09-20 11:57:02.434] [DEBUG] [tid:2248] Metering TX: 02 03 00 c0 00 30 45 d1 (C:\Qt_work\DialogG2\src\engine\MeteringBusController.cpp:283)
[2026-09-20 11:57:02.683] [DEBUG] [tid:2248] Metering TX: 02 03 00 30 00 30 45 e2 (C:\Qt_work\DialogG2\src\engine\MeteringBusController.cpp:283)
[2026-09-20 11:57:02.936] [DEBUG] [tid:2248] Metering TX: 04 03 00 11 00 20 14 42 (C:\Qt_work\DialogG2\src\engine\MeteringBusController.cpp:283)
[2026-09-20 11:57:03.187] [DEBUG] [tid:2248] Metering TX: dd a5 03 00 ff fd 77 (C:\Qt_work\DialogG2\src\engine\MeteringBusController.cpp:283)
[2026-09-20 11:57:03.283] [DEBUG] [tid:2248] Metering TX: 06 03 00 0b 00 07 74 7d (C:\Qt_work\DialogG2\src\engine\MeteringBusController.cpp:283)
[2026-09-20 11:57:03.535] [DEBUG] [tid:2248] Metering TX: 02 03 00 c0 00 30 45 d1 (C:\Qt_work\DialogG2\src\engine\MeteringBusController.cpp:283)
[2026-09-20 11:57:03.776] [DEBUG] [tid:2248] Metering TX: 02 03 00 30 00 30 45 e2 (C:\Qt_work\DialogG2\src\engine\MeteringBusController.cpp:283)
[2026-09-20 11:57:04.030] [DEBUG] [tid:2248] Metering TX: 02 03 00 90 00 30 45 c0 (C:\Qt_work\DialogG2\src\engine\MeteringBusController.cpp:283)
[2026-09-20 11:57:04.274] [DEBUG] [tid:2248] Metering TX: 05 03 03 00 00 02 c5 cb (C:\Qt_work\DialogG2\src\engine\MeteringBusController.cpp:283)
[2026-09-20 11:57:04.525] [DEBUG] [tid:2248] Metering TX: 06 03 00 0b 00 07 74 7d (C:\Qt_work\DialogG2\src\engine\MeteringBusController.cpp:283)
[2026-09-20 11:57:04.776] [DEBUG] [tid:2248] Metering TX: 02 03 00 c0 00 30 45 d1 (C:\Qt_work\DialogG2\src\engine\MeteringBusController.cpp:283)
[2026-09-20 11:57:05.027] [DEBUG] [tid:2248] Metering TX: 02 03 00 30 00 30 45 e2 (C:\Qt_work\DialogG2\src\engine\MeteringBusController.cpp:283)
[2026-09-20 11:57:05.279] [DEBUG] [tid:2248] Metering TX: 04 03 00 11 00 20 14 42 (C:\Qt_work\DialogG2\src\engine\MeteringBusController.cpp:283)
[2026-09-20 11:57:05.528] [DEBUG] [tid:2248] Metering TX: dd a5 03 00 ff fd 77 (C:\Qt_work\DialogG2\src\engine\MeteringBusController.cpp:283)
[2026-09-20 11:57:05.632] [DEBUG] [tid:2248] Metering TX: 06 03 00 0b 00 07 74 7d (C:\Qt_work\DialogG2\src\engine\MeteringBusController.cpp:283)
[2026-09-20 11:57:05.900] [DEBUG] [tid:2248] Metering TX: 02 03 00 c0 00 30 45 d1 (C:\Qt_work\DialogG2\src\engine\MeteringBusController.cpp:283)
[2026-09-20 11:57:06.150] [DEBUG] [tid:2248] Metering TX: 02 03 00 90 00 30 45 c0 (C:\Qt_work\DialogG2\src\engine\MeteringBusController.cpp:283)
[2026-09-20 11:57:06.401] [DEBUG] [tid:2248] Metering TX: 06 03 00 0b 00 07 74 7d (C:\Qt_work\DialogG2\src\engine\MeteringBusController.cpp:283)
[2026-09-20 11:57:06.650] [DEBUG] [tid:2248] Metering TX: 02 03 00 30 00 30 45 e2 (C:\Qt_work\DialogG2\src\engine\MeteringBusController.cpp:283)
[2026-09-20 11:57:06.913] [DEBUG] [tid:2248] Metering TX: 04 03 00 11 00 20 14 42 (C:\Qt_work\DialogG2\src\engine\MeteringBusController.cpp:283)
[2026-09-20 11:57:07.164] [DEBUG] [tid:2248] Metering TX: dd a5 04 00 ff fc 77 (C:\Qt_work\DialogG2\src\engine\MeteringBusController.cpp:283)
[2026-09-20 11:57:07.231] [DEBUG] [tid:2248] Metering TX: dd a5 03 00 ff fd 77 (C:\Qt_work\DialogG2\src\engine\MeteringBusController.cpp:283)
[2026-09-20 11:57:07.359] [DEBUG] [tid:2248] Metering TX: 06 03 00 0b 00 07 74 7d (C:\Qt_work\DialogG2\src\engine\MeteringBusController.cpp:283)
[2026-09-20 11:57:07.618] [DEBUG] [tid:2248] Metering TX: 02 03 00 c0 00 30 45 d1 (C:\Qt_work\DialogG2\src\engine\MeteringBusController.cpp:283)
[2026-09-20 11:57:07.868] [DEBUG] [tid:2248] Metering TX: 02 03 00 30 00 30 45 e2 (C:\Qt_work\DialogG2\src\engine\MeteringBusController.cpp:283)
[2026-09-20 11:57:08.123] [DEBUG] [tid:2248] Metering TX: 02 03 00 90 00 30 45 c0 (C:\Qt_work\DialogG2\src\engine\MeteringBusController.cpp:283)
[2026-09-20 11:57:08.376] [DEBUG] [tid:2248] Metering TX: 06 03 00 0b 00 07 74 7d (C:\Qt_work\DialogG2\src\engine\MeteringBusController.cpp:283)
[2026-09-20 11:57:08.626] [DEBUG] [tid:2248] Metering TX: 02 03 00 c0 00 30 45 d1 (C:\Qt_work\DialogG2\src\engine\MeteringBusController.cpp:283)
[2026-09-20 11:57:08.876] [DEBUG] [tid:2248] Metering TX: 02 03 00 30 00 30 45 e2 (C:\Qt_work\DialogG2\src\engine\MeteringBusController.cpp:283)
[2026-09-20 11:57:09.126] [DEBUG] [tid:2248] Metering TX: 04 03 00 11 00 20 14 42 (C:\Qt_work\DialogG2\src\engine\MeteringBusController.cpp:283)
[2026-09-20 11:57:09.376] [DEBUG] [tid:2248] Metering TX: 05 03 03 00 00 02 c5 cb (C:\Qt_work\DialogG2\src\engine\MeteringBusController.cpp:283)
[2026-09-20 11:57:09.628] [DEBUG] [tid:2248] Metering TX: dd a5 03 00 ff fd 77 (C:\Qt_work\DialogG2\src\engine\MeteringBusController.cpp:283)
[2026-09-20 11:57:09.740] [DEBUG] [tid:2248] Metering TX: 06 03 00 0b 00 07 74 7d (C:\Qt_work\DialogG2\src\engine\MeteringBusController.cpp:283)
[2026-09-20 11:57:09.992] [DEBUG] [tid:2248] Metering TX: 02 03 00 c0 00 30 45 d1 (C:\Qt_work\DialogG2\src\engine\MeteringBusController.cpp:283)
[2026-09-20 11:57:10.259] [DEBUG] [tid:2248] Metering TX: 02 03 00 30 00 30 45 e2 (C:\Qt_work\DialogG2\src\engine\MeteringBusController.cpp:283)
[2026-09-20 11:57:10.526] [DEBUG] [tid:2248] Metering TX: 02 03 00 90 00 30 45 c0 (C:\Qt_work\DialogG2\src\engine\MeteringBusController.cpp:283)
[2026-09-20 11:57:10.792] [DEBUG] [tid:2248] Metering TX: 06 03 00 0b 00 07 74 7d (C:\Qt_work\DialogG2\src\engine\MeteringBusController.cpp:283)
[2026-09-20 11:57:11.060] [DEBUG] [tid:2248] Metering TX: 04 03 00 11 00 20 14 42 (C:\Qt_work\DialogG2\src\engine\MeteringBusController.cpp:283)
[2026-09-20 11:57:11.305] [DEBUG] [tid:2248] Metering TX: dd a5 03 00 ff fd 77 (C:\Qt_work\DialogG2\src\engine\MeteringBusController.cpp:283)
[2026-09-20 11:57:11.401] [DEBUG] [tid:2248] Metering TX: 06 03 00 0b 00 07 74 7d (C:\Qt_work\DialogG2\src\engine\MeteringBusController.cpp:283)
[2026-09-20 11:57:11.677] [DEBUG] [tid:2248] Metering TX: 02 03 00 c0 00 30 45 d1 (C:\Qt_work\DialogG2\src\engine\MeteringBusController.cpp:283)
[2026-09-20 11:57:11.928] [DEBUG] [tid:2248] Metering TX: 02 03 00 30 00 30 45 e2 (C:\Qt_work\DialogG2\src\engine\MeteringBusController.cpp:283)
[2026-09-20 11:57:12.178] [DEBUG] [tid:2248] Metering TX: 02 03 00 90 00 30 45 c0 (C:\Qt_work\DialogG2\src\engine\MeteringBusController.cpp:283)
[2026-09-20 11:57:12.429] [DEBUG] [tid:2248] Metering TX: 06 03 00 0b 00 07 74 7d (C:\Qt_work\DialogG2\src\engine\MeteringBusController.cpp:283)
[2026-09-20 11:57:12.696] [DEBUG] [tid:2248] Metering TX: 02 03 00 c0 00 30 45 d1 (C:\Qt_work\DialogG2\src\engine\MeteringBusController.cpp:283)
[2026-09-20 11:57:12.961] [DEBUG] [tid:2248] Metering TX: 02 03 00 30 00 30 45 e2 (C:\Qt_work\DialogG2\src\engine\MeteringBusController.cpp:283)
[2026-09-20 11:57:13.229] [DEBUG] [tid:2248] Metering TX: 04 03 00 11 00 20 14 42 (C:\Qt_work\DialogG2\src\engine\MeteringBusController.cpp:283)
[2026-09-20 11:57:13.479] [DEBUG] [tid:2248] Metering TX: dd a5 03 00 ff fd 77 (C:\Qt_work\DialogG2\src\engine\MeteringBusController.cpp:283)
[2026-09-20 11:57:13.567] [DEBUG] [tid:2248] Metering TX: 06 03 00 0b 00 07 74 7d (C:\Qt_work\DialogG2\src\engine\MeteringBusController.cpp:283)
[2026-09-20 11:57:13.830] [DEBUG] [tid:2248] Metering TX: 02 03 00 c0 00 30 45 d1 (C:\Qt_work\DialogG2\src\engine\MeteringBusController.cpp:283)
[2026-09-20 11:57:14.081] [DEBUG] [tid:2248] Metering TX: 02 03 00 30 00 30 45 e2 (C:\Qt_work\DialogG2\src\engine\MeteringBusController.cpp:283)
[2026-09-20 11:57:14.330] [DEBUG] [tid:2248] Metering TX: 02 03 00 90 00 30 45 c0 (C:\Qt_work\DialogG2\src\engine\MeteringBusController.cpp:283)
[2026-09-20 11:57:14.574] [DEBUG] [tid:2248] Metering TX: 05 03 03 00 00 02 c5 cb (C:\Qt_work\DialogG2\src\engine\MeteringBusController.cpp:283)
[2026-09-20 11:57:14.831] [DEBUG] [tid:2248] Metering TX: 06 03 00 0b 00 07 74 7d (C:\Qt_work\DialogG2\src\engine\MeteringBusController.cpp:283)
[2026-09-20 11:57:15.081] [DEBUG] [tid:2248] Metering TX: 02 03 00 c0 00 30 45 d1 (C:\Qt_work\DialogG2\src\engine\MeteringBusController.cpp:283)
[2026-09-20 11:57:15.333] [DEBUG] [tid:2248] Metering TX: 04 03 00 11 00 20 14 42 (C:\Qt_work\DialogG2\src\engine\MeteringBusController.cpp:283)
[2026-09-20 11:57:15.596] [DEBUG] [tid:2248] Metering TX: dd a5 03 00 ff fd 77 (C:\Qt_work\DialogG2\src\engine\MeteringBusController.cpp:283)
[2026-09-20 11:57:15.684] [DEBUG] [tid:2248] Metering TX: 06 03 00 0b 00 07 74 7d (C:\Qt_work\DialogG2\src\engine\MeteringBusController.cpp:283)
[2026-09-20 11:57:15.948] [DEBUG] [tid:2248] Metering TX: 02 03 00 c0 00 30 45 d1 (C:\Qt_work\DialogG2\src\engine\MeteringBusController.cpp:283)
[2026-09-20 11:57:16.216] [DEBUG] [tid:2248] Metering TX: 02 03 00 30 00 30 45 e2 (C:\Qt_work\DialogG2\src\engine\MeteringBusController.cpp:283)
[2026-09-20 11:57:16.467] [DEBUG] [tid:2248] Metering TX: 02 03 00 90 00 30 45 c0 (C:\Qt_work\DialogG2\src\engine\MeteringBusController.cpp:283)
[2026-09-20 11:57:16.716] [DEBUG] [tid:2248] Metering TX: 06 03 00 0b 00 07 74 7d (C:\Qt_work\DialogG2\src\engine\MeteringBusController.cpp:283)
[2026-09-20 11:57:16.965] [DEBUG] [tid:2248] Metering TX: 02 03 00 c0 00 30 45 d1 (C:\Qt_work\DialogG2\src\engine\MeteringBusController.cpp:283)
[2026-09-20 11:57:17.216] [DEBUG] [tid:2248] Metering TX: 04 03 00 11 00 20 14 42 (C:\Qt_work\DialogG2\src\engine\MeteringBusController.cpp:283)
[2026-09-20 11:57:17.466] [DEBUG] [tid:2248] Metering TX: dd a5 04 00 ff fc 77 (C:\Qt_work\DialogG2\src\engine\MeteringBusController.cpp:283)
[2026-09-20 11:57:17.535] [DEBUG] [tid:2248] Metering TX: dd a5 03 00 ff fd 77 (C:\Qt_work\DialogG2\src\engine\MeteringBusController.cpp:283)
[2026-09-20 11:57:17.645] [DEBUG] [tid:2248] Metering TX: 06 03 00 0b 00 07 74 7d (C:\Qt_work\DialogG2\src\engine\MeteringBusController.cpp:283)
[2026-09-20 11:57:17.912] [DEBUG] [tid:2248] Metering TX: 02 03 00 c0 00 30 45 d1 (C:\Qt_work\DialogG2\src\engine\MeteringBusController.cpp:283)
[2026-09-20 11:57:18.151] [DEBUG] [tid:2248] Metering TX: 02 03 00 30 00 30 45 e2 (C:\Qt_work\DialogG2\src\engine\MeteringBusController.cpp:283)
[2026-09-20 11:57:18.398] [DEBUG] [tid:2248] Metering TX: 02 03 00 90 00 30 45 c0 (C:\Qt_work\DialogG2\src\engine\MeteringBusController.cpp:283)
[2026-09-20 11:57:18.651] [DEBUG] [tid:2248] Metering TX: 06 03 00 0b 00 07 74 7d (C:\Qt_work\DialogG2\src\engine\MeteringBusController.cpp:283)
[2026-09-20 11:57:18.901] [DEBUG] [tid:2248] Metering TX: 02 03 00 c0 00 30 45 d1 (C:\Qt_work\DialogG2\src\engine\MeteringBusController.cpp:283)
[2026-09-20 11:57:19.167] [DEBUG] [tid:2248] Metering TX: 04 03 00 11 00 20 14 42 (C:\Qt_work\DialogG2\src\engine\MeteringBusController.cpp:283)
[2026-09-20 11:57:19.420] [DEBUG] [tid:2248] Metering TX: 05 03 03 00 00 02 c5 cb (C:\Qt_work\DialogG2\src\engine\MeteringBusController.cpp:283)
[2026-09-20 11:57:19.668] [DEBUG] [tid:2248] Metering TX: dd a5 03 00 ff fd 77 (C:\Qt_work\DialogG2\src\engine\MeteringBusController.cpp:283)
[2026-09-20 11:57:19.775] [DEBUG] [tid:2248] Metering TX: 06 03 00 0b 00 07 74 7d (C:\Qt_work\DialogG2\src\engine\MeteringBusController.cpp:283)
[2026-09-20 11:57:20.050] [DEBUG] [tid:2248] Metering TX: 02 03 00 c0 00 30 45 d1 (C:\Qt_work\DialogG2\src\engine\MeteringBusController.cpp:283)
[2026-09-20 11:57:20.302] [DEBUG] [tid:2248] Metering TX: 02 03 00 30 00 30 45 e2 (C:\Qt_work\DialogG2\src\engine\MeteringBusController.cpp:283)
[2026-09-20 11:57:20.552] [DEBUG] [tid:2248] Metering TX: 02 03 00 90 00 30 45 c0 (C:\Qt_work\DialogG2\src\engine\MeteringBusController.cpp:283)
[2026-09-20 11:57:20.804] [DEBUG] [tid:2248] Metering TX: 04 03 00 11 00 20 14 42 (C:\Qt_work\DialogG2\src\engine\MeteringBusController.cpp:283)
[2026-09-20 11:57:21.072] [DEBUG] [tid:2248] Metering TX: 06 03 00 0b 00 07 74 7d (C:\Qt_work\DialogG2\src\engine\MeteringBusController.cpp:283)
[2026-09-20 11:57:21.338] [DEBUG] [tid:2248] Metering TX: 02 03 00 c0 00 30 45 d1 (C:\Qt_work\DialogG2\src\engine\MeteringBusController.cpp:283)
[2026-09-20 11:57:21.588] [DEBUG] [tid:2248] Metering TX: dd a5 03 00 ff fd 77 (C:\Qt_work\DialogG2\src\engine\MeteringBusController.cpp:283)
[2026-09-20 11:57:21.673] [DEBUG] [tid:2248] Metering TX: 06 03 00 0b 00 07 74 7d (C:\Qt_work\DialogG2\src\engine\MeteringBusController.cpp:283)
[2026-09-20 11:57:21.923] [DEBUG] [tid:2248] Metering TX: 02 03 00 30 00 30 45 e2 (C:\Qt_work\DialogG2\src\engine\MeteringBusController.cpp:283)
[2026-09-20 11:57:22.172] [DEBUG] [tid:2248] Metering TX: 02 03 00 90 00 30 45 c0 (C:\Qt_work\DialogG2\src\engine\MeteringBusController.cpp:283)
[2026-09-20 11:57:22.421] [DEBUG] [tid:2248] Metering TX: 04 03 00 11 00 20 14 42 (C:\Qt_work\DialogG2\src\engine\MeteringBusController.cpp:283)
[2026-09-20 11:57:22.672] [DEBUG] [tid:2248] Metering TX: 06 03 00 0b 00 07 74 7d (C:\Qt_work\DialogG2\src\engine\MeteringBusController.cpp:283)
[2026-09-20 11:57:22.923] [DEBUG] [tid:2248] Metering TX: 02 03 00 c0 00 30 45 d1 (C:\Qt_work\DialogG2\src\engine\MeteringBusController.cpp:283)
