jom: parallel job execution disabled for Makefile
[  2%] Running qmlimportscanner for dialog-g2-hmi
[  6%] Built target generate_qmlls_build_ini_file
[  8%] Built target dialog-g2-hmi_copy_res
[  4%] Copying dialog-g2-hmi qml sources into build dir
[  8%] Built target dialog-g2-hmi_copy_qml
[  8%] Built target dialog-g2-hmi_qmlimportscan
[  8%] Built target dialog-g2-hmi_autogen_timestamp_deps
[ 11%] Automatic MOC and UIC for target dialog-g2-hmi
[ 11%] Built target dialog-g2-hmi_autogen
[ 13%] Running rcc for resource dialog-g2-hmi_raw_qml_0
[ 15%] Running AUTOMOC file extraction for target dialog-g2-hmi
[ 17%] Running moc --collect-json for target dialog-g2-hmi
[ 20%] Generating meta_types/qt6dialog-g2-hmi_metatypes.json
[ 22%] Generating .rcc/qmlcache/dialog-g2-hmi_qml/pages/LinesPage_qml.cpp, .rcc/qmlcache/dialog-g2-hmi_qml/pages/LinesPage_qml.cpp.aotstats
[ 24%] Generating .rcc/qmlcache/dialog-g2-hmi_qml/pages/SettingsPage_qml.cpp, .rcc/qmlcache/dialog-g2-hmi_qml/pages/SettingsPage_qml.cpp.aotstats
[ 26%] Building CXX object CMakeFiles/dialog-g2-hmi.dir/build/Desktop_Qt_6_10_3_MSVC2022_64bit-Debug/.qt/rcc/qrc_dialog-g2-hmi_raw_qml_0.cpp.obj
[ 26%] Generating meta_types/qt6dialog-g2-hmi_metatypes.json
[ 28%] Building CXX object CMakeFiles/dialog-g2-hmi.dir/build/Desktop_Qt_6_10_3_MSVC2022_64bit-Debug/.rcc/qmlcache/dialog-g2-hmi_qml/pages/SettingsPage_qml.cpp.obj
qrc_dialog-g2-hmi_raw_qml_0.cpp
[ 31%] Building CXX object CMakeFiles/dialog-g2-hmi.dir/build/Desktop_Qt_6_10_3_MSVC2022_64bit-Debug/.rcc/qmlcache/dialog-g2-hmi_qml/pages/LinesPage_qml.cpp.obj
SettingsPage_qml.cpp
╨Я╤А╨╕╨╝╨╡╤З╨░╨╜╨╕╨╡: ╨▓╨║╨╗╤О╤З╨╡╨╜╨╕╨╡ ╤Д╨░╨╣╨╗╨░:  C:\Qt\6.10.3\msvc2022_64\include\QtQml/qqmlprivate.h
╨Я╤А╨╕╨╝╨╡╤З╨░╨╜╨╕╨╡: ╨▓╨║╨╗╤О╤З╨╡╨╜╨╕╨╡ ╤Д╨░╨╣╨╗╨░:   C:\Qt\6.10.3\msvc2022_64\include\QtQml/qjsprimitivevalue.h
╨Я╤А╨╕╨╝╨╡╤З╨░╨╜╨╕╨╡: ╨▓╨║╨╗╤О╤З╨╡╨╜╨╕╨╡ ╤Д╨░╨╣╨╗╨░:    C:\Qt\6.10.3\msvc2022_64\include\QtQml/qtqmlglobal.h
╨Я╤А╨╕╨╝╨╡╤З╨░╨╜╨╕╨╡: ╨▓╨║╨╗╤О╤З╨╡╨╜╨╕╨╡ ╤Д╨░╨╣╨╗╨░:     C:\Qt\6.10.3\msvc2022_64\include\QtCore/qglobal.h
╨Я╤А╨╕╨╝╨╡╤З╨░╨╜╨╕╨╡: ╨▓╨║╨╗╤О╤З╨╡╨╜╨╕╨╡ ╤Д╨░╨╣╨╗╨░:      C:\Program Files\Microsoft Visual Studio\18\Community\VC\Tools\MSVC\14.51.36231\include\type_traits
╨Я╤А╨╕╨╝╨╡╤З╨░╨╜╨╕╨╡: ╨▓╨║╨╗╤О╤З╨╡╨╜╨╕╨╡ ╤Д╨░╨╣╨╗╨░:       C:\Program Files\Microsoft Visual Studio\18\Community\VC\Tools\MSVC\14.51.36231\include\yvals_core.h
╨Я╤А╨╕╨╝╨╡╤З╨░╨╜╨╕╨╡: ╨▓╨║╨╗╤О╤З╨╡╨╜╨╕╨╡ ╤Д╨░╨╣╨╗╨░:        C:\Program Files\Microsoft Visual Studio\18\Community\VC\Tools\MSVC\14.51.36231\include\vcruntime.h
╨Я╤А╨╕╨╝╨╡╤З╨░╨╜╨╕╨╡: ╨▓╨║╨╗╤О╤З╨╡╨╜╨╕╨╡ ╤Д╨░╨╣╨╗╨░:         C:\Program Files\Microsoft Visual Studio\18\Community\VC\Tools\MSVC\14.51.36231\include\sal.h
╨Я╤А╨╕╨╝╨╡╤З╨░╨╜╨╕╨╡: ╨▓╨║╨╗╤О╤З╨╡╨╜╨╕╨╡ ╤Д╨░╨╣╨╗╨░:          C:\Program Files\Microsoft Visual Studio\18\Community\VC\Tools\MSVC\14.51.36231\include\concurrencysal.h
╨Я╤А╨╕╨╝╨╡╤З╨░╨╜╨╕╨╡: ╨▓╨║╨╗╤О╤З╨╡╨╜╨╕╨╡ ╤Д╨░╨╣╨╗╨░:         C:\Program Files\Microsoft Visual Studio\18\Community\VC\Tools\MSVC\14.51.36231\include\vadefs.h
╨Я╤А╨╕╨╝╨╡╤З╨░╨╜╨╕╨╡: ╨▓╨║╨╗╤О╤З╨╡╨╜╨╕╨╡ ╤Д╨░╨╣╨╗╨░:        C:\Program Files\Microsoft Visual Studio\18\Community\VC\Tools\MSVC\14.51.36231\include\xkeycheck.h
╨Я╤А╨╕╨╝╨╡╤З╨░╨╜╨╕╨╡: ╨▓╨║╨╗╤О╤З╨╡╨╜╨╕╨╡ ╤Д╨░╨╣╨╗╨░:       C:\Program Files\Microsoft Visual Studio\18\Community\VC\Tools\MSVC\14.51.36231\include\cstddef
╨Я╤А╨╕╨╝╨╡╤З╨░╨╜╨╕╨╡: ╨▓╨║╨╗╤О╤З╨╡╨╜╨╕╨╡ ╤Д╨░╨╣╨╗╨░:        C:\Program Files (x86)\Windows Kits\10\include\10.0.26100.0\ucrt\stddef.h
╨Я╤А╨╕╨╝╨╡╤З╨░╨╜╨╕╨╡: ╨▓╨║╨╗╤О╤З╨╡╨╜╨╕╨╡ ╤Д╨░╨╣╨╗╨░:         C:\Program Files (x86)\Windows Kits\10\include\10.0.26100.0\ucrt\corecrt.h
╨Я╤А╨╕╨╝╨╡╤З╨░╨╜╨╕╨╡: ╨▓╨║╨╗╤О╤З╨╡╨╜╨╕╨╡ ╤Д╨░╨╣╨╗╨░:        C:\Program Files\Microsoft Visual Studio\18\Community\VC\Tools\MSVC\14.51.36231\include\xtr1common
╨Я╤А╨╕╨╝╨╡╤З╨░╨╜╨╕╨╡: ╨▓╨║╨╗╤О╤З╨╡╨╜╨╕╨╡ ╤Д╨░╨╣╨╗╨░:       C:\Program Files\Microsoft Visual Studio\18\Community\VC\Tools\MSVC\14.51.36231\include\cstdint
╨Я╤А╨╕╨╝╨╡╤З╨░╨╜╨╕╨╡: ╨▓╨║╨╗╤О╤З╨╡╨╜╨╕╨╡ ╤Д╨░╨╣╨╗╨░:        C:\Program Files\Microsoft Visual Studio\18\Community\VC\Tools\MSVC\14.51.36231\include\stdint.h
LinesPage_qml.cpp
╨Я╤А╨╕╨╝╨╡╤З╨░╨╜╨╕╨╡: ╨▓╨║╨╗╤О╤З╨╡╨╜╨╕╨╡ ╤Д╨░╨╣╨╗╨░:  C:\Qt\6.10.3\msvc2022_64\include\QtQml/qqmlprivate.h
╨Я╤А╨╕╨╝╨╡╤З╨░╨╜╨╕╨╡: ╨▓╨║╨╗╤О╤З╨╡╨╜╨╕╨╡ ╤Д╨░╨╣╨╗╨░:   C:\Qt\6.10.3\msvc2022_64\include\QtQml/qjsprimitivevalue.h
╨Я╤А╨╕╨╝╨╡╤З╨░╨╜╨╕╨╡: ╨▓╨║╨╗╤О╤З╨╡╨╜╨╕╨╡ ╤Д╨░╨╣╨╗╨░:    C:\Qt\6.10.3\msvc2022_64\include\QtQml/qtqmlglobal.h
╨Я╤А╨╕╨╝╨╡╤З╨░╨╜╨╕╨╡: ╨▓╨║╨╗╤О╤З╨╡╨╜╨╕╨╡ ╤Д╨░╨╣╨╗╨░:     C:\Qt\6.10.3\msvc2022_64\include\QtCore/qglobal.h
╨Я╤А╨╕╨╝╨╡╤З╨░╨╜╨╕╨╡: ╨▓╨║╨╗╤О╤З╨╡╨╜╨╕╨╡ ╤Д╨░╨╣╨╗╨░:      C:\Program Files\Microsoft Visual Studio\18\Community\VC\Tools\MSVC\14.51.36231\include\type_traits
╨Я╤А╨╕╨╝╨╡╤З╨░╨╜╨╕╨╡: ╨▓╨║╨╗╤О╤З╨╡╨╜╨╕╨╡ ╤Д╨░╨╣╨╗╨░:       C:\Program Files\Microsoft Visual Studio\18\Community\VC\Tools\MSVC\14.51.36231\include\yvals_core.h
╨Я╤А╨╕╨╝╨╡╤З╨░╨╜╨╕╨╡: ╨▓╨║╨╗╤О╤З╨╡╨╜╨╕╨╡ ╤Д╨░╨╣╨╗╨░:        C:\Program Files\Microsoft Visual Studio\18\Community\VC\Tools\MSVC\14.51.36231\include\vcruntime.h
╨Я╤А╨╕╨╝╨╡╤З╨░╨╜╨╕╨╡: ╨▓╨║╨╗╤О╤З╨╡╨╜╨╕╨╡ ╤Д╨░╨╣╨╗╨░:         C:\Program Files\Microsoft Visual Studio\18\Community\VC\Tools\MSVC\14.51.36231\include\sal.h
╨Я╤А╨╕╨╝╨╡╤З╨░╨╜╨╕╨╡: ╨▓╨║╨╗╤О╤З╨╡╨╜╨╕╨╡ ╤Д╨░╨╣╨╗╨░:          C:\Program Files\Microsoft Visual Studio\18\Community\VC\Tools\MSVC\14.51.36231\include\concurrencysal.h
╨Я╤А╨╕╨╝╨╡╤З╨░╨╜╨╕╨╡: ╨▓╨║╨╗╤О╤З╨╡╨╜╨╕╨╡ ╤Д╨░╨╣╨╗╨░:         C:\Program Files\Microsoft Visual Studio\18\Community\VC\Tools\MSVC\14.51.36231\include\vadefs.h
╨Я╤А╨╕╨╝╨╡╤З╨░╨╜╨╕╨╡: ╨▓╨║╨╗╤О╤З╨╡╨╜╨╕╨╡ ╤Д╨░╨╣╨╗╨░:        C:\Program Files\Microsoft Visual Studio\18\Community\VC\Tools\MSVC\14.51.36231\include\xkeycheck.h
╨Я╤А╨╕╨╝╨╡╤З╨░╨╜╨╕╨╡: ╨▓╨║╨╗╤О╤З╨╡╨╜╨╕╨╡ ╤Д╨░╨╣╨╗╨░:       C:\Program Files\Microsoft Visual Studio\18\Community\VC\Tools\MSVC\14.51.36231\include\cstddef
╨Я╤А╨╕╨╝╨╡╤З╨░╨╜╨╕╨╡: ╨▓╨║╨╗╤О╤З╨╡╨╜╨╕╨╡ ╤Д╨░╨╣╨╗╨░:        C:\Program Files (x86)\Windows Kits\10\include\10.0.26100.0\ucrt\stddef.h
╨Я╤А╨╕╨╝╨╡╤З╨░╨╜╨╕╨╡: ╨▓╨║╨╗╤О╤З╨╡╨╜╨╕╨╡ ╤Д╨░╨╣╨╗╨░:         C:\Program Files (x86)\Windows Kits\10\include\10.0.26100.0\ucrt\corecrt.h
╨Я╤А╨╕╨╝╨╡╤З╨░╨╜╨╕╨╡: ╨▓╨║╨╗╤О╤З╨╡╨╜╨╕╨╡ ╤Д╨░╨╣╨╗╨░:        C:\Program Files\Microsoft Visual Studio\18\Community\VC\Tools\MSVC\14.51.36231\include\xtr1common
╨Я╤А╨╕╨╝╨╡╤З╨░╨╜╨╕╨╡: ╨▓╨║╨╗╤О╤З╨╡╨╜╨╕╨╡ ╤Д╨░╨╣╨╗╨░:       C:\Program Files\Microsoft Visual Studio\18\Community\VC\Tools\MSVC\14.51.36231\include\cstdint
╨Я╤А╨╕╨╝╨╡╤З╨░╨╜╨╕╨╡: ╨▓╨║╨╗╤О╤З╨╡╨╜╨╕╨╡ ╤Д╨░╨╣╨╗╨░:        C:\Program Files\Microsoft Visual Studio\18\Community\VC\Tools\MSVC\14.51.36231\include\stdint.h
╨Я╤А╨╕╨╝╨╡╤З╨░╨╜╨╕╨╡: ╨▓╨║╨╗╤О╤З╨╡╨╜╨╕╨╡ ╤Д╨░╨╣╨╗╨░:      C:\Program Files\Microsoft Visual Studio\18\Community\VC\Tools\MSVC\14.51.36231\include\utility
╨Я╤А╨╕╨╝╨╡╤З╨░╨╜╨╕╨╡: ╨▓╨║╨╗╤О╤З╨╡╨╜╨╕╨╡ ╤Д╨░╨╣╨╗╨░:       C:\Program Files\Microsoft Visual Studio\18\Community\VC\Tools\MSVC\14.51.36231\include\__msvc_doom_core.hpp
╨Я╤А╨╕╨╝╨╡╤З╨░╨╜╨╕╨╡: ╨▓╨║╨╗╤О╤З╨╡╨╜╨╕╨╡ ╤Д╨░╨╣╨╗╨░:       C:\Program Files\Microsoft Visual Studio\18\Community\VC\Tools\MSVC\14.51.36231\include\initializer_list
╨Я╤А╨╕╨╝╨╡╤З╨░╨╜╨╕╨╡: ╨▓╨║╨╗╤О╤З╨╡╨╜╨╕╨╡ ╤Д╨░╨╣╨╗╨░:      C:\Program Files\Microsoft Visual Studio\18\Community\VC\Tools\MSVC\14.51.36231\include\utility
╨Я╤А╨╕╨╝╨╡╤З╨░╨╜╨╕╨╡: ╨▓╨║╨╗╤О╤З╨╡╨╜╨╕╨╡ ╤Д╨░╨╣╨╗╨░:       C:\Program Files\Microsoft Visual Studio\18\Community\VC\Tools\MSVC\14.51.36231\include\__msvc_doom_core.hpp
╨Я╤А╨╕╨╝╨╡╤З╨░╨╜╨╕╨╡: ╨▓╨║╨╗╤О╤З╨╡╨╜╨╕╨╡ ╤Д╨░╨╣╨╗╨░:       C:\Program Files\Microsoft Visual Studio\18\Community\VC\Tools\MSVC\14.51.36231\include\initializer_list
╨Я╤А╨╕╨╝╨╡╤З╨░╨╜╨╕╨╡: ╨▓╨║╨╗╤О╤З╨╡╨╜╨╕╨╡ ╤Д╨░╨╣╨╗╨░:      C:\Program Files (x86)\Windows Kits\10\include\10.0.26100.0\ucrt\assert.h
╨Я╤А╨╕╨╝╨╡╤З╨░╨╜╨╕╨╡: ╨▓╨║╨╗╤О╤З╨╡╨╜╨╕╨╡ ╤Д╨░╨╣╨╗╨░:      C:\Program Files\Microsoft Visual Studio\18\Community\VC\Tools\MSVC\14.51.36231\include\stdbool.h
╨Я╤А╨╕╨╝╨╡╤З╨░╨╜╨╕╨╡: ╨▓╨║╨╗╤О╤З╨╡╨╜╨╕╨╡ ╤Д╨░╨╣╨╗╨░:      C:\Qt\6.10.3\msvc2022_64\include\QtCore/qtcoreglobal.h
╨Я╤А╨╕╨╝╨╡╤З╨░╨╜╨╕╨╡: ╨▓╨║╨╗╤О╤З╨╡╨╜╨╕╨╡ ╤Д╨░╨╣╨╗╨░:       C:\Qt\6.10.3\msvc2022_64\include\QtCore/qtversionchecks.h
╨Я╤А╨╕╨╝╨╡╤З╨░╨╜╨╕╨╡: ╨▓╨║╨╗╤О╤З╨╡╨╜╨╕╨╡ ╤Д╨░╨╣╨╗╨░:        C:\Qt\6.10.3\msvc2022_64\include\QtCore/qtconfiginclude.h
╨Я╤А╨╕╨╝╨╡╤З╨░╨╜╨╕╨╡: ╨▓╨║╨╗╤О╤З╨╡╨╜╨╕╨╡ ╤Д╨░╨╣╨╗╨░:         C:\Program Files\Microsoft Visual Studio\18\Community\VC\Tools\MSVC\14.51.36231\include\version
╨Я╤А╨╕╨╝╨╡╤З╨░╨╜╨╕╨╡: ╨▓╨║╨╗╤О╤З╨╡╨╜╨╕╨╡ ╤Д╨░╨╣╨╗╨░:         C:\Qt\6.10.3\msvc2022_64\include\QtCore/qconfig.h
╨Я╤А╨╕╨╝╨╡╤З╨░╨╜╨╕╨╡: ╨▓╨║╨╗╤О╤З╨╡╨╜╨╕╨╡ ╤Д╨░╨╣╨╗╨░:         C:\Qt\6.10.3\msvc2022_64\include\QtCore/qtcore-config.h
╨Я╤А╨╕╨╝╨╡╤З╨░╨╜╨╕╨╡: ╨▓╨║╨╗╤О╤З╨╡╨╜╨╕╨╡ ╤Д╨░╨╣╨╗╨░:       C:\Qt\6.10.3\msvc2022_64\include\QtCore/qtconfigmacros.h
╨Я╤А╨╕╨╝╨╡╤З╨░╨╜╨╕╨╡: ╨▓╨║╨╗╤О╤З╨╡╨╜╨╕╨╡ ╤Д╨░╨╣╨╗╨░:        C:\Qt\6.10.3\msvc2022_64\include\QtCore/qtdeprecationdefinitions.h
╨Я╤А╨╕╨╝╨╡╤З╨░╨╜╨╕╨╡: ╨▓╨║╨╗╤О╤З╨╡╨╜╨╕╨╡ ╤Д╨░╨╣╨╗╨░:         C:\Qt\6.10.3\msvc2022_64\include\QtCore/qcompilerdetection.h
╨Я╤А╨╕╨╝╨╡╤З╨░╨╜╨╕╨╡: ╨▓╨║╨╗╤О╤З╨╡╨╜╨╕╨╡ ╤Д╨░╨╣╨╗╨░:          C:\Qt\6.10.3\msvc2022_64\include\QtCore/qprocessordetection.h
╨Я╤А╨╕╨╝╨╡╤З╨░╨╜╨╕╨╡: ╨▓╨║╨╗╤О╤З╨╡╨╜╨╕╨╡ ╤Д╨░╨╣╨╗╨░:      C:\Program Files (x86)\Windows Kits\10\include\10.0.26100.0\ucrt\assert.h
╨Я╤А╨╕╨╝╨╡╤З╨░╨╜╨╕╨╡: ╨▓╨║╨╗╤О╤З╨╡╨╜╨╕╨╡ ╤Д╨░╨╣╨╗╨░:          C:\Qt\6.10.3\msvc2022_64\include\QtCore/qsystemdetection.h
╨Я╤А╨╕╨╝╨╡╤З╨░╨╜╨╕╨╡: ╨▓╨║╨╗╤О╤З╨╡╨╜╨╕╨╡ ╤Д╨░╨╣╨╗╨░:      C:\Program Files\Microsoft Visual Studio\18\Community\VC\Tools\MSVC\14.51.36231\include\stdbool.h
╨Я╤А╨╕╨╝╨╡╤З╨░╨╜╨╕╨╡: ╨▓╨║╨╗╤О╤З╨╡╨╜╨╕╨╡ ╤Д╨░╨╣╨╗╨░:      C:\Qt\6.10.3\msvc2022_64\include\QtCore/qtcoreglobal.h
╨Я╤А╨╕╨╝╨╡╤З╨░╨╜╨╕╨╡: ╨▓╨║╨╗╤О╤З╨╡╨╜╨╕╨╡ ╤Д╨░╨╣╨╗╨░:       C:\Qt\6.10.3\msvc2022_64\include\QtCore/qtversionchecks.h
╨Я╤А╨╕╨╝╨╡╤З╨░╨╜╨╕╨╡: ╨▓╨║╨╗╤О╤З╨╡╨╜╨╕╨╡ ╤Д╨░╨╣╨╗╨░:        C:\Qt\6.10.3\msvc2022_64\include\QtCore/qtconfiginclude.h
╨Я╤А╨╕╨╝╨╡╤З╨░╨╜╨╕╨╡: ╨▓╨║╨╗╤О╤З╨╡╨╜╨╕╨╡ ╤Д╨░╨╣╨╗╨░:         C:\Program Files\Microsoft Visual Studio\18\Community\VC\Tools\MSVC\14.51.36231\include\version
╨Я╤А╨╕╨╝╨╡╤З╨░╨╜╨╕╨╡: ╨▓╨║╨╗╤О╤З╨╡╨╜╨╕╨╡ ╤Д╨░╨╣╨╗╨░:        C:\Program Files (x86)\Windows Kits\10\include\10.0.26100.0\ucrt\assert.h
╨Я╤А╨╕╨╝╨╡╤З╨░╨╜╨╕╨╡: ╨▓╨║╨╗╤О╤З╨╡╨╜╨╕╨╡ ╤Д╨░╨╣╨╗╨░:         C:\Qt\6.10.3\msvc2022_64\include\QtCore/qconfig.h
╨Я╤А╨╕╨╝╨╡╤З╨░╨╜╨╕╨╡: ╨▓╨║╨╗╤О╤З╨╡╨╜╨╕╨╡ ╤Д╨░╨╣╨╗╨░:       C:\Qt\6.10.3\msvc2022_64\include\QtCore/qtcoreexports.h
╨Я╤А╨╕╨╝╨╡╤З╨░╨╜╨╕╨╡: ╨▓╨║╨╗╤О╤З╨╡╨╜╨╕╨╡ ╤Д╨░╨╣╨╗╨░:        C:\Qt\6.10.3\msvc2022_64\include\QtCore/qcompilerdetection.h
╨Я╤А╨╕╨╝╨╡╤З╨░╨╜╨╕╨╡: ╨▓╨║╨╗╤О╤З╨╡╨╜╨╕╨╡ ╤Д╨░╨╣╨╗╨░:         C:\Qt\6.10.3\msvc2022_64\include\QtCore/qtcore-config.h
╨Я╤А╨╕╨╝╨╡╤З╨░╨╜╨╕╨╡: ╨▓╨║╨╗╤О╤З╨╡╨╜╨╕╨╡ ╤Д╨░╨╣╨╗╨░:       C:\Qt\6.10.3\msvc2022_64\include\QtCore/qtconfigmacros.h
╨Я╤А╨╕╨╝╨╡╤З╨░╨╜╨╕╨╡: ╨▓╨║╨╗╤О╤З╨╡╨╜╨╕╨╡ ╤Д╨░╨╣╨╗╨░:        C:\Qt\6.10.3\msvc2022_64\include\QtCore/qtdeprecationdefinitions.h
╨Я╤А╨╕╨╝╨╡╤З╨░╨╜╨╕╨╡: ╨▓╨║╨╗╤О╤З╨╡╨╜╨╕╨╡ ╤Д╨░╨╣╨╗╨░:         C:\Qt\6.10.3\msvc2022_64\include\QtCore/qcompilerdetection.h
╨Я╤А╨╕╨╝╨╡╤З╨░╨╜╨╕╨╡: ╨▓╨║╨╗╤О╤З╨╡╨╜╨╕╨╡ ╤Д╨░╨╣╨╗╨░:        C:\Qt\6.10.3\msvc2022_64\include\QtCore/qtdeprecationmarkers.h
╨Я╤А╨╕╨╝╨╡╤З╨░╨╜╨╕╨╡: ╨▓╨║╨╗╤О╤З╨╡╨╜╨╕╨╡ ╤Д╨░╨╣╨╗╨░:          C:\Qt\6.10.3\msvc2022_64\include\QtCore/qprocessordetection.h
╨Я╤А╨╕╨╝╨╡╤З╨░╨╜╨╕╨╡: ╨▓╨║╨╗╤О╤З╨╡╨╜╨╕╨╡ ╤Д╨░╨╣╨╗╨░:         C:\Qt\6.10.3\msvc2022_64\include\QtCore/qtclasshelpermacros.h
╨Я╤А╨╕╨╝╨╡╤З╨░╨╜╨╕╨╡: ╨▓╨║╨╗╤О╤З╨╡╨╜╨╕╨╡ ╤Д╨░╨╣╨╗╨░:          C:\Qt\6.10.3\msvc2022_64\include\QtCore/qsystemdetection.h
╨Я╤А╨╕╨╝╨╡╤З╨░╨╜╨╕╨╡: ╨▓╨║╨╗╤О╤З╨╡╨╜╨╕╨╡ ╤Д╨░╨╣╨╗╨░:         C:\Qt\6.10.3\msvc2022_64\include\QtCore/qcompilerdetection.h
╨Я╤А╨╕╨╝╨╡╤З╨░╨╜╨╕╨╡: ╨▓╨║╨╗╤О╤З╨╡╨╜╨╕╨╡ ╤Д╨░╨╣╨╗╨░:        C:\Program Files (x86)\Windows Kits\10\include\10.0.26100.0\ucrt\assert.h
╨Я╤А╨╕╨╝╨╡╤З╨░╨╜╨╕╨╡: ╨▓╨║╨╗╤О╤З╨╡╨╜╨╕╨╡ ╤Д╨░╨╣╨╗╨░:      C:\Qt\6.10.3\msvc2022_64\include\QtCore/qtpreprocessorsupport.h
╨Я╤А╨╕╨╝╨╡╤З╨░╨╜╨╕╨╡: ╨▓╨║╨╗╤О╤З╨╡╨╜╨╕╨╡ ╤Д╨░╨╣╨╗╨░:       C:\Qt\6.10.3\msvc2022_64\include\QtCore/qtcoreexports.h
╨Я╤А╨╕╨╝╨╡╤З╨░╨╜╨╕╨╡: ╨▓╨║╨╗╤О╤З╨╡╨╜╨╕╨╡ ╤Д╨░╨╣╨╗╨░:      C:\Qt\6.10.3\msvc2022_64\include\QtCore/qsystemdetection.h
╨Я╤А╨╕╨╝╨╡╤З╨░╨╜╨╕╨╡: ╨▓╨║╨╗╤О╤З╨╡╨╜╨╕╨╡ ╤Д╨░╨╣╨╗╨░:        C:\Qt\6.10.3\msvc2022_64\include\QtCore/qcompilerdetection.h
╨Я╤А╨╕╨╝╨╡╤З╨░╨╜╨╕╨╡: ╨▓╨║╨╗╤О╤З╨╡╨╜╨╕╨╡ ╤Д╨░╨╣╨╗╨░:      C:\Qt\6.10.3\msvc2022_64\include\QtCore/qprocessordetection.h
╨Я╤А╨╕╨╝╨╡╤З╨░╨╜╨╕╨╡: ╨▓╨║╨╗╤О╤З╨╡╨╜╨╕╨╡ ╤Д╨░╨╣╨╗╨░:      C:\Qt\6.10.3\msvc2022_64\include\QtCore/qcompilerdetection.h
╨Я╤А╨╕╨╝╨╡╤З╨░╨╜╨╕╨╡: ╨▓╨║╨╗╤О╤З╨╡╨╜╨╕╨╡ ╤Д╨░╨╣╨╗╨░:        C:\Qt\6.10.3\msvc2022_64\include\QtCore/qtdeprecationmarkers.h
╨Я╤А╨╕╨╝╨╡╤З╨░╨╜╨╕╨╡: ╨▓╨║╨╗╤О╤З╨╡╨╜╨╕╨╡ ╤Д╨░╨╣╨╗╨░:      C:\Qt\6.10.3\msvc2022_64\include\QtCore/qassert.h
╨Я╤А╨╕╨╝╨╡╤З╨░╨╜╨╕╨╡: ╨▓╨║╨╗╤О╤З╨╡╨╜╨╕╨╡ ╤Д╨░╨╣╨╗╨░:         C:\Qt\6.10.3\msvc2022_64\include\QtCore/qtclasshelpermacros.h
╨Я╤А╨╕╨╝╨╡╤З╨░╨╜╨╕╨╡: ╨▓╨║╨╗╤О╤З╨╡╨╜╨╕╨╡ ╤Д╨░╨╣╨╗╨░:       C:\Qt\6.10.3\msvc2022_64\include\QtCore/qcompilerdetection.h
╨Я╤А╨╕╨╝╨╡╤З╨░╨╜╨╕╨╡: ╨▓╨║╨╗╤О╤З╨╡╨╜╨╕╨╡ ╤Д╨░╨╣╨╗╨░:       C:\Qt\6.10.3\msvc2022_64\include\QtCore/qtnoop.h
╨Я╤А╨╕╨╝╨╡╤З╨░╨╜╨╕╨╡: ╨▓╨║╨╗╤О╤З╨╡╨╜╨╕╨╡ ╤Д╨░╨╣╨╗╨░:         C:\Qt\6.10.3\msvc2022_64\include\QtCore/qcompilerdetection.h
╨Я╤А╨╕╨╝╨╡╤З╨░╨╜╨╕╨╡: ╨▓╨║╨╗╤О╤З╨╡╨╜╨╕╨╡ ╤Д╨░╨╣╨╗╨░:      C:\Qt\6.10.3\msvc2022_64\include\QtCore/qtypes.h
╨Я╤А╨╕╨╝╨╡╤З╨░╨╜╨╕╨╡: ╨▓╨║╨╗╤О╤З╨╡╨╜╨╕╨╡ ╤Д╨░╨╣╨╗╨░:       C:\Qt\6.10.3\msvc2022_64\include\QtCore/qprocessordetection.h
╨Я╤А╨╕╨╝╨╡╤З╨░╨╜╨╕╨╡: ╨▓╨║╨╗╤О╤З╨╡╨╜╨╕╨╡ ╤Д╨░╨╣╨╗╨░:       C:\Qt\6.10.3\msvc2022_64\include\QtCore/qsystemdetection.h
╨Я╤А╨╕╨╝╨╡╤З╨░╨╜╨╕╨╡: ╨▓╨║╨╗╤О╤З╨╡╨╜╨╕╨╡ ╤Д╨░╨╣╨╗╨░:      C:\Qt\6.10.3\msvc2022_64\include\QtCore/qtpreprocessorsupport.h
╨Я╤А╨╕╨╝╨╡╤З╨░╨╜╨╕╨╡: ╨▓╨║╨╗╤О╤З╨╡╨╜╨╕╨╡ ╤Д╨░╨╣╨╗╨░:      C:\Qt\6.10.3\msvc2022_64\include\QtCore/qsystemdetection.h
╨Я╤А╨╕╨╝╨╡╤З╨░╨╜╨╕╨╡: ╨▓╨║╨╗╤О╤З╨╡╨╜╨╕╨╡ ╤Д╨░╨╣╨╗╨░:      C:\Qt\6.10.3\msvc2022_64\include\QtCore/qprocessordetection.h
╨Я╤А╨╕╨╝╨╡╤З╨░╨╜╨╕╨╡: ╨▓╨║╨╗╤О╤З╨╡╨╜╨╕╨╡ ╤Д╨░╨╣╨╗╨░:      C:\Qt\6.10.3\msvc2022_64\include\QtCore/qcompilerdetection.h
╨Я╤А╨╕╨╝╨╡╤З╨░╨╜╨╕╨╡: ╨▓╨║╨╗╤О╤З╨╡╨╜╨╕╨╡ ╤Д╨░╨╣╨╗╨░:      C:\Qt\6.10.3\msvc2022_64\include\QtCore/qtversion.h
╨Я╤А╨╕╨╝╨╡╤З╨░╨╜╨╕╨╡: ╨▓╨║╨╗╤О╤З╨╡╨╜╨╕╨╡ ╤Д╨░╨╣╨╗╨░:       C:\Qt\6.10.3\msvc2022_64\include\QtCore/qcompilerdetection.h
╨Я╤А╨╕╨╝╨╡╤З╨░╨╜╨╕╨╡: ╨▓╨║╨╗╤О╤З╨╡╨╜╨╕╨╡ ╤Д╨░╨╣╨╗╨░:      C:\Qt\6.10.3\msvc2022_64\include\QtCore/qassert.h
╨Я╤А╨╕╨╝╨╡╤З╨░╨╜╨╕╨╡: ╨▓╨║╨╗╤О╤З╨╡╨╜╨╕╨╡ ╤Д╨░╨╣╨╗╨░:       C:\Qt\6.10.3\msvc2022_64\include\QtCore/qcompilerdetection.h
╨Я╤А╨╕╨╝╨╡╤З╨░╨╜╨╕╨╡: ╨▓╨║╨╗╤О╤З╨╡╨╜╨╕╨╡ ╤Д╨░╨╣╨╗╨░:      C:\Qt\6.10.3\msvc2022_64\include\QtCore/qtypeinfo.h
╨Я╤А╨╕╨╝╨╡╤З╨░╨╜╨╕╨╡: ╨▓╨║╨╗╤О╤З╨╡╨╜╨╕╨╡ ╤Д╨░╨╣╨╗╨░:       C:\Qt\6.10.3\msvc2022_64\include\QtCore/qtnoop.h
╨Я╤А╨╕╨╝╨╡╤З╨░╨╜╨╕╨╡: ╨▓╨║╨╗╤О╤З╨╡╨╜╨╕╨╡ ╤Д╨░╨╣╨╗╨░:       C:\Qt\6.10.3\msvc2022_64\include\QtCore/qcompilerdetection.h
╨Я╤А╨╕╨╝╨╡╤З╨░╨╜╨╕╨╡: ╨▓╨║╨╗╤О╤З╨╡╨╜╨╕╨╡ ╤Д╨░╨╣╨╗╨░:      C:\Qt\6.10.3\msvc2022_64\include\QtCore/qtypes.h
╨Я╤А╨╕╨╝╨╡╤З╨░╨╜╨╕╨╡: ╨▓╨║╨╗╤О╤З╨╡╨╜╨╕╨╡ ╤Д╨░╨╣╨╗╨░:       C:\Qt\6.10.3\msvc2022_64\include\QtCore/qcontainerfwd.h
╨Я╤А╨╕╨╝╨╡╤З╨░╨╜╨╕╨╡: ╨▓╨║╨╗╤О╤З╨╡╨╜╨╕╨╡ ╤Д╨░╨╣╨╗╨░:       C:\Qt\6.10.3\msvc2022_64\include\QtCore/qprocessordetection.h
╨Я╤А╨╕╨╝╨╡╤З╨░╨╜╨╕╨╡: ╨▓╨║╨╗╤О╤З╨╡╨╜╨╕╨╡ ╤Д╨░╨╣╨╗╨░:        C:\Program Files\Microsoft Visual Studio\18\Community\VC\Tools\MSVC\14.51.36231\include\limits
╨Я╤А╨╕╨╝╨╡╤З╨░╨╜╨╕╨╡: ╨▓╨║╨╗╤О╤З╨╡╨╜╨╕╨╡ ╤Д╨░╨╣╨╗╨░:       C:\Qt\6.10.3\msvc2022_64\include\QtCore/qsystemdetection.h
╨Я╤А╨╕╨╝╨╡╤З╨░╨╜╨╕╨╡: ╨▓╨║╨╗╤О╤З╨╡╨╜╨╕╨╡ ╤Д╨░╨╣╨╗╨░:         C:\Program Files\Microsoft Visual Studio\18\Community\VC\Tools\MSVC\14.51.36231\include\cfloat
╨Я╤А╨╕╨╝╨╡╤З╨░╨╜╨╕╨╡: ╨▓╨║╨╗╤О╤З╨╡╨╜╨╕╨╡ ╤Д╨░╨╣╨╗╨░:          C:\Program Files (x86)\Windows Kits\10\include\10.0.26100.0\ucrt\float.h
╨Я╤А╨╕╨╝╨╡╤З╨░╨╜╨╕╨╡: ╨▓╨║╨╗╤О╤З╨╡╨╜╨╕╨╡ ╤Д╨░╨╣╨╗╨░:         C:\Program Files\Microsoft Visual Studio\18\Community\VC\Tools\MSVC\14.51.36231\include\climits
╨Я╤А╨╕╨╝╨╡╤З╨░╨╜╨╕╨╡: ╨▓╨║╨╗╤О╤З╨╡╨╜╨╕╨╡ ╤Д╨░╨╣╨╗╨░:          C:\Program Files\Microsoft Visual Studio\18\Community\VC\Tools\MSVC\14.51.36231\include\limits.h
╨Я╤А╨╕╨╝╨╡╤З╨░╨╜╨╕╨╡: ╨▓╨║╨╗╤О╤З╨╡╨╜╨╕╨╡ ╤Д╨░╨╣╨╗╨░:      C:\Qt\6.10.3\msvc2022_64\include\QtCore/qtversion.h
╨Я╤А╨╕╨╝╨╡╤З╨░╨╜╨╕╨╡: ╨▓╨║╨╗╤О╤З╨╡╨╜╨╕╨╡ ╤Д╨░╨╣╨╗╨░:       C:\Qt\6.10.3\msvc2022_64\include\QtCore/qcompilerdetection.h
╨Я╤А╨╕╨╝╨╡╤З╨░╨╜╨╕╨╡: ╨▓╨║╨╗╤О╤З╨╡╨╜╨╕╨╡ ╤Д╨░╨╣╨╗╨░:         C:\Program Files\Microsoft Visual Studio\18\Community\VC\Tools\MSVC\14.51.36231\include\cwchar
╨Я╤А╨╕╨╝╨╡╤З╨░╨╜╨╕╨╡: ╨▓╨║╨╗╤О╤З╨╡╨╜╨╕╨╡ ╤Д╨░╨╣╨╗╨░:          C:\Program Files\Microsoft Visual Studio\18\Community\VC\Tools\MSVC\14.51.36231\include\cstdio
╨Я╤А╨╕╨╝╨╡╤З╨░╨╜╨╕╨╡: ╨▓╨║╨╗╤О╤З╨╡╨╜╨╕╨╡ ╤Д╨░╨╣╨╗╨░:           C:\Program Files (x86)\Windows Kits\10\include\10.0.26100.0\ucrt\stdio.h
╨Я╤А╨╕╨╝╨╡╤З╨░╨╜╨╕╨╡: ╨▓╨║╨╗╤О╤З╨╡╨╜╨╕╨╡ ╤Д╨░╨╣╨╗╨░:            C:\Program Files (x86)\Windows Kits\10\include\10.0.26100.0\ucrt\corecrt_wstdio.h
╨Я╤А╨╕╨╝╨╡╤З╨░╨╜╨╕╨╡: ╨▓╨║╨╗╤О╤З╨╡╨╜╨╕╨╡ ╤Д╨░╨╣╨╗╨░:      C:\Qt\6.10.3\msvc2022_64\include\QtCore/qtypeinfo.h
╨Я╤А╨╕╨╝╨╡╤З╨░╨╜╨╕╨╡: ╨▓╨║╨╗╤О╤З╨╡╨╜╨╕╨╡ ╤Д╨░╨╣╨╗╨░:       C:\Qt\6.10.3\msvc2022_64\include\QtCore/qcompilerdetection.h
╨Я╤А╨╕╨╝╨╡╤З╨░╨╜╨╕╨╡: ╨▓╨║╨╗╤О╤З╨╡╨╜╨╕╨╡ ╤Д╨░╨╣╨╗╨░:             C:\Program Files (x86)\Windows Kits\10\include\10.0.26100.0\ucrt\corecrt_stdio_config.h
╨Я╤А╨╕╨╝╨╡╤З╨░╨╜╨╕╨╡: ╨▓╨║╨╗╤О╤З╨╡╨╜╨╕╨╡ ╤Д╨░╨╣╨╗╨░:       C:\Qt\6.10.3\msvc2022_64\include\QtCore/qcontainerfwd.h
╨Я╤А╨╕╨╝╨╡╤З╨░╨╜╨╕╨╡: ╨▓╨║╨╗╤О╤З╨╡╨╜╨╕╨╡ ╤Д╨░╨╣╨╗╨░:        C:\Program Files\Microsoft Visual Studio\18\Community\VC\Tools\MSVC\14.51.36231\include\limits
╨Я╤А╨╕╨╝╨╡╤З╨░╨╜╨╕╨╡: ╨▓╨║╨╗╤О╤З╨╡╨╜╨╕╨╡ ╤Д╨░╨╣╨╗╨░:         C:\Program Files\Microsoft Visual Studio\18\Community\VC\Tools\MSVC\14.51.36231\include\cfloat
╨Я╤А╨╕╨╝╨╡╤З╨░╨╜╨╕╨╡: ╨▓╨║╨╗╤О╤З╨╡╨╜╨╕╨╡ ╤Д╨░╨╣╨╗╨░:          C:\Program Files (x86)\Windows Kits\10\include\10.0.26100.0\ucrt\float.h
╨Я╤А╨╕╨╝╨╡╤З╨░╨╜╨╕╨╡: ╨▓╨║╨╗╤О╤З╨╡╨╜╨╕╨╡ ╤Д╨░╨╣╨╗╨░:         C:\Program Files\Microsoft Visual Studio\18\Community\VC\Tools\MSVC\14.51.36231\include\climits
╨Я╤А╨╕╨╝╨╡╤З╨░╨╜╨╕╨╡: ╨▓╨║╨╗╤О╤З╨╡╨╜╨╕╨╡ ╤Д╨░╨╣╨╗╨░:          C:\Program Files\Microsoft Visual Studio\18\Community\VC\Tools\MSVC\14.51.36231\include\limits.h
╨Я╤А╨╕╨╝╨╡╤З╨░╨╜╨╕╨╡: ╨▓╨║╨╗╤О╤З╨╡╨╜╨╕╨╡ ╤Д╨░╨╣╨╗╨░:         C:\Program Files\Microsoft Visual Studio\18\Community\VC\Tools\MSVC\14.51.36231\include\cwchar
╨Я╤А╨╕╨╝╨╡╤З╨░╨╜╨╕╨╡: ╨▓╨║╨╗╤О╤З╨╡╨╜╨╕╨╡ ╤Д╨░╨╣╨╗╨░:          C:\Program Files\Microsoft Visual Studio\18\Community\VC\Tools\MSVC\14.51.36231\include\cstdio
╨Я╤А╨╕╨╝╨╡╤З╨░╨╜╨╕╨╡: ╨▓╨║╨╗╤О╤З╨╡╨╜╨╕╨╡ ╤Д╨░╨╣╨╗╨░:           C:\Program Files (x86)\Windows Kits\10\include\10.0.26100.0\ucrt\stdio.h
╨Я╤А╨╕╨╝╨╡╤З╨░╨╜╨╕╨╡: ╨▓╨║╨╗╤О╤З╨╡╨╜╨╕╨╡ ╤Д╨░╨╣╨╗╨░:            C:\Program Files (x86)\Windows Kits\10\include\10.0.26100.0\ucrt\corecrt_wstdio.h
╨Я╤А╨╕╨╝╨╡╤З╨░╨╜╨╕╨╡: ╨▓╨║╨╗╤О╤З╨╡╨╜╨╕╨╡ ╤Д╨░╨╣╨╗╨░:             C:\Program Files (x86)\Windows Kits\10\include\10.0.26100.0\ucrt\corecrt_stdio_config.h
╨Я╤А╨╕╨╝╨╡╤З╨░╨╜╨╕╨╡: ╨▓╨║╨╗╤О╤З╨╡╨╜╨╕╨╡ ╤Д╨░╨╣╨╗╨░:          C:\Program Files (x86)\Windows Kits\10\include\10.0.26100.0\ucrt\wchar.h
╨Я╤А╨╕╨╝╨╡╤З╨░╨╜╨╕╨╡: ╨▓╨║╨╗╤О╤З╨╡╨╜╨╕╨╡ ╤Д╨░╨╣╨╗╨░:           C:\Program Files (x86)\Windows Kits\10\include\10.0.26100.0\ucrt\corecrt_memcpy_s.h
╨Я╤А╨╕╨╝╨╡╤З╨░╨╜╨╕╨╡: ╨▓╨║╨╗╤О╤З╨╡╨╜╨╕╨╡ ╤Д╨░╨╣╨╗╨░:            C:\Program Files (x86)\Windows Kits\10\include\10.0.26100.0\ucrt\errno.h
╨Я╤А╨╕╨╝╨╡╤З╨░╨╜╨╕╨╡: ╨▓╨║╨╗╤О╤З╨╡╨╜╨╕╨╡ ╤Д╨░╨╣╨╗╨░:            C:\Program Files\Microsoft Visual Studio\18\Community\VC\Tools\MSVC\14.51.36231\include\vcruntime_string.h
╨Я╤А╨╕╨╝╨╡╤З╨░╨╜╨╕╨╡: ╨▓╨║╨╗╤О╤З╨╡╨╜╨╕╨╡ ╤Д╨░╨╣╨╗╨░:           C:\Program Files (x86)\Windows Kits\10\include\10.0.26100.0\ucrt\corecrt_wconio.h
╨Я╤А╨╕╨╝╨╡╤З╨░╨╜╨╕╨╡: ╨▓╨║╨╗╤О╤З╨╡╨╜╨╕╨╡ ╤Д╨░╨╣╨╗╨░:          C:\Program Files (x86)\Windows Kits\10\include\10.0.26100.0\ucrt\wchar.h
╨Я╤А╨╕╨╝╨╡╤З╨░╨╜╨╕╨╡: ╨▓╨║╨╗╤О╤З╨╡╨╜╨╕╨╡ ╤Д╨░╨╣╨╗╨░:           C:\Program Files (x86)\Windows Kits\10\include\10.0.26100.0\ucrt\corecrt_memcpy_s.h
╨Я╤А╨╕╨╝╨╡╤З╨░╨╜╨╕╨╡: ╨▓╨║╨╗╤О╤З╨╡╨╜╨╕╨╡ ╤Д╨░╨╣╨╗╨░:            C:\Program Files (x86)\Windows Kits\10\include\10.0.26100.0\ucrt\errno.h
╨Я╤А╨╕╨╝╨╡╤З╨░╨╜╨╕╨╡: ╨▓╨║╨╗╤О╤З╨╡╨╜╨╕╨╡ ╤Д╨░╨╣╨╗╨░:            C:\Program Files\Microsoft Visual Studio\18\Community\VC\Tools\MSVC\14.51.36231\include\vcruntime_string.h
╨Я╤А╨╕╨╝╨╡╤З╨░╨╜╨╕╨╡: ╨▓╨║╨╗╤О╤З╨╡╨╜╨╕╨╡ ╤Д╨░╨╣╨╗╨░:           C:\Program Files (x86)\Windows Kits\10\include\10.0.26100.0\ucrt\corecrt_wctype.h
╨Я╤А╨╕╨╝╨╡╤З╨░╨╜╨╕╨╡: ╨▓╨║╨╗╤О╤З╨╡╨╜╨╕╨╡ ╤Д╨░╨╣╨╗╨░:           C:\Program Files (x86)\Windows Kits\10\include\10.0.26100.0\ucrt\corecrt_wconio.h
╨Я╤А╨╕╨╝╨╡╤З╨░╨╜╨╕╨╡: ╨▓╨║╨╗╤О╤З╨╡╨╜╨╕╨╡ ╤Д╨░╨╣╨╗╨░:           C:\Program Files (x86)\Windows Kits\10\include\10.0.26100.0\ucrt\corecrt_wdirect.h
╨Я╤А╨╕╨╝╨╡╤З╨░╨╜╨╕╨╡: ╨▓╨║╨╗╤О╤З╨╡╨╜╨╕╨╡ ╤Д╨░╨╣╨╗╨░:           C:\Program Files (x86)\Windows Kits\10\include\10.0.26100.0\ucrt\corecrt_wio.h
╨Я╤А╨╕╨╝╨╡╤З╨░╨╜╨╕╨╡: ╨▓╨║╨╗╤О╤З╨╡╨╜╨╕╨╡ ╤Д╨░╨╣╨╗╨░:            C:\Program Files (x86)\Windows Kits\10\include\10.0.26100.0\ucrt\corecrt_share.h
╨Я╤А╨╕╨╝╨╡╤З╨░╨╜╨╕╨╡: ╨▓╨║╨╗╤О╤З╨╡╨╜╨╕╨╡ ╤Д╨░╨╣╨╗╨░:           C:\Program Files (x86)\Windows Kits\10\include\10.0.26100.0\ucrt\corecrt_wprocess.h
╨Я╤А╨╕╨╝╨╡╤З╨░╨╜╨╕╨╡: ╨▓╨║╨╗╤О╤З╨╡╨╜╨╕╨╡ ╤Д╨░╨╣╨╗╨░:           C:\Program Files (x86)\Windows Kits\10\include\10.0.26100.0\ucrt\corecrt_wctype.h
╨Я╤А╨╕╨╝╨╡╤З╨░╨╜╨╕╨╡: ╨▓╨║╨╗╤О╤З╨╡╨╜╨╕╨╡ ╤Д╨░╨╣╨╗╨░:           C:\Program Files (x86)\Windows Kits\10\include\10.0.26100.0\ucrt\corecrt_wstdlib.h
╨Я╤А╨╕╨╝╨╡╤З╨░╨╜╨╕╨╡: ╨▓╨║╨╗╤О╤З╨╡╨╜╨╕╨╡ ╤Д╨░╨╣╨╗╨░:           C:\Program Files (x86)\Windows Kits\10\include\10.0.26100.0\ucrt\corecrt_wdirect.h
╨Я╤А╨╕╨╝╨╡╤З╨░╨╜╨╕╨╡: ╨▓╨║╨╗╤О╤З╨╡╨╜╨╕╨╡ ╤Д╨░╨╣╨╗╨░:           C:\Program Files (x86)\Windows Kits\10\include\10.0.26100.0\ucrt\corecrt_wio.h
╨Я╤А╨╕╨╝╨╡╤З╨░╨╜╨╕╨╡: ╨▓╨║╨╗╤О╤З╨╡╨╜╨╕╨╡ ╤Д╨░╨╣╨╗╨░:            C:\Program Files (x86)\Windows Kits\10\include\10.0.26100.0\ucrt\corecrt_share.h
╨Я╤А╨╕╨╝╨╡╤З╨░╨╜╨╕╨╡: ╨▓╨║╨╗╤О╤З╨╡╨╜╨╕╨╡ ╤Д╨░╨╣╨╗╨░:           C:\Program Files (x86)\Windows Kits\10\include\10.0.26100.0\ucrt\corecrt_wstring.h
╨Я╤А╨╕╨╝╨╡╤З╨░╨╜╨╕╨╡: ╨▓╨║╨╗╤О╤З╨╡╨╜╨╕╨╡ ╤Д╨░╨╣╨╗╨░:           C:\Program Files (x86)\Windows Kits\10\include\10.0.26100.0\ucrt\corecrt_wprocess.h
╨Я╤А╨╕╨╝╨╡╤З╨░╨╜╨╕╨╡: ╨▓╨║╨╗╤О╤З╨╡╨╜╨╕╨╡ ╤Д╨░╨╣╨╗╨░:           C:\Program Files (x86)\Windows Kits\10\include\10.0.26100.0\ucrt\corecrt_wstdlib.h
╨Я╤А╨╕╨╝╨╡╤З╨░╨╜╨╕╨╡: ╨▓╨║╨╗╤О╤З╨╡╨╜╨╕╨╡ ╤Д╨░╨╣╨╗╨░:           C:\Program Files (x86)\Windows Kits\10\include\10.0.26100.0\ucrt\corecrt_wstring.h
╨Я╤А╨╕╨╝╨╡╤З╨░╨╜╨╕╨╡: ╨▓╨║╨╗╤О╤З╨╡╨╜╨╕╨╡ ╤Д╨░╨╣╨╗╨░:           C:\Program Files (x86)\Windows Kits\10\include\10.0.26100.0\ucrt\corecrt_wtime.h
╨Я╤А╨╕╨╝╨╡╤З╨░╨╜╨╕╨╡: ╨▓╨║╨╗╤О╤З╨╡╨╜╨╕╨╡ ╤Д╨░╨╣╨╗╨░:           C:\Program Files (x86)\Windows Kits\10\include\10.0.26100.0\ucrt\sys/stat.h
╨Я╤А╨╕╨╝╨╡╤З╨░╨╜╨╕╨╡: ╨▓╨║╨╗╤О╤З╨╡╨╜╨╕╨╡ ╤Д╨░╨╣╨╗╨░:            C:\Program Files (x86)\Windows Kits\10\include\10.0.26100.0\ucrt\sys/types.h
╨Я╤А╨╕╨╝╨╡╤З╨░╨╜╨╕╨╡: ╨▓╨║╨╗╤О╤З╨╡╨╜╨╕╨╡ ╤Д╨░╨╣╨╗╨░:           C:\Program Files\Microsoft Visual Studio\18\Community\VC\Tools\MSVC\14.51.36231\include\intrin.h
╨Я╤А╨╕╨╝╨╡╤З╨░╨╜╨╕╨╡: ╨▓╨║╨╗╤О╤З╨╡╨╜╨╕╨╡ ╤Д╨░╨╣╨╗╨░:           C:\Program Files (x86)\Windows Kits\10\include\10.0.26100.0\ucrt\corecrt_wtime.h
╨Я╤А╨╕╨╝╨╡╤З╨░╨╜╨╕╨╡: ╨▓╨║╨╗╤О╤З╨╡╨╜╨╕╨╡ ╤Д╨░╨╣╨╗╨░:            C:\Program Files\Microsoft Visual Studio\18\Community\VC\Tools\MSVC\14.51.36231\include\intrin0.inl.h
╨Я╤А╨╕╨╝╨╡╤З╨░╨╜╨╕╨╡: ╨▓╨║╨╗╤О╤З╨╡╨╜╨╕╨╡ ╤Д╨░╨╣╨╗╨░:            C:\Program Files\Microsoft Visual Studio\18\Community\VC\Tools\MSVC\14.51.36231\include\setjmp.h
╨Я╤А╨╕╨╝╨╡╤З╨░╨╜╨╕╨╡: ╨▓╨║╨╗╤О╤З╨╡╨╜╨╕╨╡ ╤Д╨░╨╣╨╗╨░:           C:\Program Files (x86)\Windows Kits\10\include\10.0.26100.0\ucrt\sys/stat.h
╨Я╤А╨╕╨╝╨╡╤З╨░╨╜╨╕╨╡: ╨▓╨║╨╗╤О╤З╨╡╨╜╨╕╨╡ ╤Д╨░╨╣╨╗╨░:            C:\Program Files (x86)\Windows Kits\10\include\10.0.26100.0\ucrt\sys/types.h
╨Я╤А╨╕╨╝╨╡╤З╨░╨╜╨╕╨╡: ╨▓╨║╨╗╤О╤З╨╡╨╜╨╕╨╡ ╤Д╨░╨╣╨╗╨░:            C:\Program Files\Microsoft Visual Studio\18\Community\VC\Tools\MSVC\14.51.36231\include\immintrin.h
╨Я╤А╨╕╨╝╨╡╤З╨░╨╜╨╕╨╡: ╨▓╨║╨╗╤О╤З╨╡╨╜╨╕╨╡ ╤Д╨░╨╣╨╗╨░:             C:\Program Files\Microsoft Visual Studio\18\Community\VC\Tools\MSVC\14.51.36231\include\wmmintrin.h
╨Я╤А╨╕╨╝╨╡╤З╨░╨╜╨╕╨╡: ╨▓╨║╨╗╤О╤З╨╡╨╜╨╕╨╡ ╤Д╨░╨╣╨╗╨░:              C:\Program Files\Microsoft Visual Studio\18\Community\VC\Tools\MSVC\14.51.36231\include\nmmintrin.h
╨Я╤А╨╕╨╝╨╡╤З╨░╨╜╨╕╨╡: ╨▓╨║╨╗╤О╤З╨╡╨╜╨╕╨╡ ╤Д╨░╨╣╨╗╨░:               C:\Program Files\Microsoft Visual Studio\18\Community\VC\Tools\MSVC\14.51.36231\include\smmintrin.h
╨Я╤А╨╕╨╝╨╡╤З╨░╨╜╨╕╨╡: ╨▓╨║╨╗╤О╤З╨╡╨╜╨╕╨╡ ╤Д╨░╨╣╨╗╨░:                C:\Program Files\Microsoft Visual Studio\18\Community\VC\Tools\MSVC\14.51.36231\include\tmmintrin.h
╨Я╤А╨╕╨╝╨╡╤З╨░╨╜╨╕╨╡: ╨▓╨║╨╗╤О╤З╨╡╨╜╨╕╨╡ ╤Д╨░╨╣╨╗╨░:                 C:\Program Files\Microsoft Visual Studio\18\Community\VC\Tools\MSVC\14.51.36231\include\pmmintrin.h
╨Я╤А╨╕╨╝╨╡╤З╨░╨╜╨╕╨╡: ╨▓╨║╨╗╤О╤З╨╡╨╜╨╕╨╡ ╤Д╨░╨╣╨╗╨░:           C:\Program Files\Microsoft Visual Studio\18\Community\VC\Tools\MSVC\14.51.36231\include\intrin.h
╨Я╤А╨╕╨╝╨╡╤З╨░╨╜╨╕╨╡: ╨▓╨║╨╗╤О╤З╨╡╨╜╨╕╨╡ ╤Д╨░╨╣╨╗╨░:                  C:\Program Files\Microsoft Visual Studio\18\Community\VC\Tools\MSVC\14.51.36231\include\emmintrin.h
╨Я╤А╨╕╨╝╨╡╤З╨░╨╜╨╕╨╡: ╨▓╨║╨╗╤О╤З╨╡╨╜╨╕╨╡ ╤Д╨░╨╣╨╗╨░:                   C:\Program Files\Microsoft Visual Studio\18\Community\VC\Tools\MSVC\14.51.36231\include\xmmintrin.h
╨Я╤А╨╕╨╝╨╡╤З╨░╨╜╨╕╨╡: ╨▓╨║╨╗╤О╤З╨╡╨╜╨╕╨╡ ╤Д╨░╨╣╨╗╨░:            C:\Program Files\Microsoft Visual Studio\18\Community\VC\Tools\MSVC\14.51.36231\include\intrin0.inl.h
╨Я╤А╨╕╨╝╨╡╤З╨░╨╜╨╕╨╡: ╨▓╨║╨╗╤О╤З╨╡╨╜╨╕╨╡ ╤Д╨░╨╣╨╗╨░:                    C:\Program Files\Microsoft Visual Studio\18\Community\VC\Tools\MSVC\14.51.36231\include\mmintrin.h
╨Я╤А╨╕╨╝╨╡╤З╨░╨╜╨╕╨╡: ╨▓╨║╨╗╤О╤З╨╡╨╜╨╕╨╡ ╤Д╨░╨╣╨╗╨░:                    C:\Program Files (x86)\Windows Kits\10\include\10.0.26100.0\ucrt\malloc.h
╨Я╤А╨╕╨╝╨╡╤З╨░╨╜╨╕╨╡: ╨▓╨║╨╗╤О╤З╨╡╨╜╨╕╨╡ ╤Д╨░╨╣╨╗╨░:                     C:\Program Files (x86)\Windows Kits\10\include\10.0.26100.0\ucrt\corecrt_malloc.h
╨Я╤А╨╕╨╝╨╡╤З╨░╨╜╨╕╨╡: ╨▓╨║╨╗╤О╤З╨╡╨╜╨╕╨╡ ╤Д╨░╨╣╨╗╨░:            C:\Program Files\Microsoft Visual Studio\18\Community\VC\Tools\MSVC\14.51.36231\include\setjmp.h
╨Я╤А╨╕╨╝╨╡╤З╨░╨╜╨╕╨╡: ╨▓╨║╨╗╤О╤З╨╡╨╜╨╕╨╡ ╤Д╨░╨╣╨╗╨░:            C:\Program Files\Microsoft Visual Studio\18\Community\VC\Tools\MSVC\14.51.36231\include\immintrin.h
╨Я╤А╨╕╨╝╨╡╤З╨░╨╜╨╕╨╡: ╨▓╨║╨╗╤О╤З╨╡╨╜╨╕╨╡ ╤Д╨░╨╣╨╗╨░:             C:\Program Files\Microsoft Visual Studio\18\Community\VC\Tools\MSVC\14.51.36231\include\wmmintrin.h
╨Я╤А╨╕╨╝╨╡╤З╨░╨╜╨╕╨╡: ╨▓╨║╨╗╤О╤З╨╡╨╜╨╕╨╡ ╤Д╨░╨╣╨╗╨░:              C:\Program Files\Microsoft Visual Studio\18\Community\VC\Tools\MSVC\14.51.36231\include\nmmintrin.h
╨Я╤А╨╕╨╝╨╡╤З╨░╨╜╨╕╨╡: ╨▓╨║╨╗╤О╤З╨╡╨╜╨╕╨╡ ╤Д╨░╨╣╨╗╨░:               C:\Program Files\Microsoft Visual Studio\18\Community\VC\Tools\MSVC\14.51.36231\include\smmintrin.h
╨Я╤А╨╕╨╝╨╡╤З╨░╨╜╨╕╨╡: ╨▓╨║╨╗╤О╤З╨╡╨╜╨╕╨╡ ╤Д╨░╨╣╨╗╨░:                C:\Program Files\Microsoft Visual Studio\18\Community\VC\Tools\MSVC\14.51.36231\include\tmmintrin.h
╨Я╤А╨╕╨╝╨╡╤З╨░╨╜╨╕╨╡: ╨▓╨║╨╗╤О╤З╨╡╨╜╨╕╨╡ ╤Д╨░╨╣╨╗╨░:                 C:\Program Files\Microsoft Visual Studio\18\Community\VC\Tools\MSVC\14.51.36231\include\pmmintrin.h
╨Я╤А╨╕╨╝╨╡╤З╨░╨╜╨╕╨╡: ╨▓╨║╨╗╤О╤З╨╡╨╜╨╕╨╡ ╤Д╨░╨╣╨╗╨░:                  C:\Program Files\Microsoft Visual Studio\18\Community\VC\Tools\MSVC\14.51.36231\include\emmintrin.h
╨Я╤А╨╕╨╝╨╡╤З╨░╨╜╨╕╨╡: ╨▓╨║╨╗╤О╤З╨╡╨╜╨╕╨╡ ╤Д╨░╨╣╨╗╨░:                   C:\Program Files\Microsoft Visual Studio\18\Community\VC\Tools\MSVC\14.51.36231\include\xmmintrin.h
╨Я╤А╨╕╨╝╨╡╤З╨░╨╜╨╕╨╡: ╨▓╨║╨╗╤О╤З╨╡╨╜╨╕╨╡ ╤Д╨░╨╣╨╗╨░:                    C:\Program Files\Microsoft Visual Studio\18\Community\VC\Tools\MSVC\14.51.36231\include\mmintrin.h
╨Я╤А╨╕╨╝╨╡╤З╨░╨╜╨╕╨╡: ╨▓╨║╨╗╤О╤З╨╡╨╜╨╕╨╡ ╤Д╨░╨╣╨╗╨░:                    C:\Program Files (x86)\Windows Kits\10\include\10.0.26100.0\ucrt\malloc.h
╨Я╤А╨╕╨╝╨╡╤З╨░╨╜╨╕╨╡: ╨▓╨║╨╗╤О╤З╨╡╨╜╨╕╨╡ ╤Д╨░╨╣╨╗╨░:                     C:\Program Files (x86)\Windows Kits\10\include\10.0.26100.0\ucrt\corecrt_malloc.h
╨Я╤А╨╕╨╝╨╡╤З╨░╨╜╨╕╨╡: ╨▓╨║╨╗╤О╤З╨╡╨╜╨╕╨╡ ╤Д╨░╨╣╨╗╨░:             C:\Program Files\Microsoft Visual Studio\18\Community\VC\Tools\MSVC\14.51.36231\include\zmmintrin.h
╨Я╤А╨╕╨╝╨╡╤З╨░╨╜╨╕╨╡: ╨▓╨║╨╗╤О╤З╨╡╨╜╨╕╨╡ ╤Д╨░╨╣╨╗╨░:             C:\Program Files\Microsoft Visual Studio\18\Community\VC\Tools\MSVC\14.51.36231\include\zmmintrin.h
╨Я╤А╨╕╨╝╨╡╤З╨░╨╜╨╕╨╡: ╨▓╨║╨╗╤О╤З╨╡╨╜╨╕╨╡ ╤Д╨░╨╣╨╗╨░:            C:\Program Files\Microsoft Visual Studio\18\Community\VC\Tools\MSVC\14.51.36231\include\ammintrin.h
╨Я╤А╨╕╨╝╨╡╤З╨░╨╜╨╕╨╡: ╨▓╨║╨╗╤О╤З╨╡╨╜╨╕╨╡ ╤Д╨░╨╣╨╗╨░:            C:\Program Files\Microsoft Visual Studio\18\Community\VC\Tools\MSVC\14.51.36231\include\ammintrin.h
╨Я╤А╨╕╨╝╨╡╤З╨░╨╜╨╕╨╡: ╨▓╨║╨╗╤О╤З╨╡╨╜╨╕╨╡ ╤Д╨░╨╣╨╗╨░:         C:\Program Files\Microsoft Visual Studio\18\Community\VC\Tools\MSVC\14.51.36231\include\intrin0.h
╨Я╤А╨╕╨╝╨╡╤З╨░╨╜╨╕╨╡: ╨▓╨║╨╗╤О╤З╨╡╨╜╨╕╨╡ ╤Д╨░╨╣╨╗╨░:         C:\Program Files\Microsoft Visual Studio\18\Community\VC\Tools\MSVC\14.51.36231\include\intrin0.h
╨Я╤А╨╕╨╝╨╡╤З╨░╨╜╨╕╨╡: ╨▓╨║╨╗╤О╤З╨╡╨╜╨╕╨╡ ╤Д╨░╨╣╨╗╨░:      C:\Qt\6.10.3\msvc2022_64\include\QtCore/qsysinfo.h
╨Я╤А╨╕╨╝╨╡╤З╨░╨╜╨╕╨╡: ╨▓╨║╨╗╤О╤З╨╡╨╜╨╕╨╡ ╤Д╨░╨╣╨╗╨░:       C:\Qt\6.10.3\msvc2022_64\include\QtCore/qprocessordetection.h
╨Я╤А╨╕╨╝╨╡╤З╨░╨╜╨╕╨╡: ╨▓╨║╨╗╤О╤З╨╡╨╜╨╕╨╡ ╤Д╨░╨╣╨╗╨░:      C:\Qt\6.10.3\msvc2022_64\include\QtCore/qlogging.h
╨Я╤А╨╕╨╝╨╡╤З╨░╨╜╨╕╨╡: ╨▓╨║╨╗╤О╤З╨╡╨╜╨╕╨╡ ╤Д╨░╨╣╨╗╨░:      C:\Qt\6.10.3\msvc2022_64\include\QtCore/qflags.h
╨Я╤А╨╕╨╝╨╡╤З╨░╨╜╨╕╨╡: ╨▓╨║╨╗╤О╤З╨╡╨╜╨╕╨╡ ╤Д╨░╨╣╨╗╨░:       C:\Qt\6.10.3\msvc2022_64\include\QtCore/qcompare_impl.h
╨Я╤А╨╕╨╝╨╡╤З╨░╨╜╨╕╨╡: ╨▓╨║╨╗╤О╤З╨╡╨╜╨╕╨╡ ╤Д╨░╨╣╨╗╨░:        C:\Qt\6.10.3\msvc2022_64\include\QtCore/qcompilerdetection.h
╨Я╤А╨╕╨╝╨╡╤З╨░╨╜╨╕╨╡: ╨▓╨║╨╗╤О╤З╨╡╨╜╨╕╨╡ ╤Д╨░╨╣╨╗╨░:       C:\Program Files\Microsoft Visual Studio\18\Community\VC\Tools\MSVC\14.51.36231\include\algorithm
╨Я╤А╨╕╨╝╨╡╤З╨░╨╜╨╕╨╡: ╨▓╨║╨╗╤О╤З╨╡╨╜╨╕╨╡ ╤Д╨░╨╣╨╗╨░:        C:\Program Files\Microsoft Visual Studio\18\Community\VC\Tools\MSVC\14.51.36231\include\__msvc_heap_algorithms.hpp
╨Я╤А╨╕╨╝╨╡╤З╨░╨╜╨╕╨╡: ╨▓╨║╨╗╤О╤З╨╡╨╜╨╕╨╡ ╤Д╨░╨╣╨╗╨░:         C:\Program Files\Microsoft Visual Studio\18\Community\VC\Tools\MSVC\14.51.36231\include\xutility
╨Я╤А╨╕╨╝╨╡╤З╨░╨╜╨╕╨╡: ╨▓╨║╨╗╤О╤З╨╡╨╜╨╕╨╡ ╤Д╨░╨╣╨╗╨░:          C:\Program Files\Microsoft Visual Studio\18\Community\VC\Tools\MSVC\14.51.36231\include\yvals.h
╨Я╤А╨╕╨╝╨╡╤З╨░╨╜╨╕╨╡: ╨▓╨║╨╗╤О╤З╨╡╨╜╨╕╨╡ ╤Д╨░╨╣╨╗╨░:           C:\Program Files (x86)\Windows Kits\10\include\10.0.26100.0\ucrt\crtdbg.h
╨Я╤А╨╕╨╝╨╡╤З╨░╨╜╨╕╨╡: ╨▓╨║╨╗╤О╤З╨╡╨╜╨╕╨╡ ╤Д╨░╨╣╨╗╨░:            C:\Program Files\Microsoft Visual Studio\18\Community\VC\Tools\MSVC\14.51.36231\include\vcruntime_new_debug.h
╨Я╤А╨╕╨╝╨╡╤З╨░╨╜╨╕╨╡: ╨▓╨║╨╗╤О╤З╨╡╨╜╨╕╨╡ ╤Д╨░╨╣╨╗╨░:      C:\Qt\6.10.3\msvc2022_64\include\QtCore/qsysinfo.h
╨Я╤А╨╕╨╝╨╡╤З╨░╨╜╨╕╨╡: ╨▓╨║╨╗╤О╤З╨╡╨╜╨╕╨╡ ╤Д╨░╨╣╨╗╨░:       C:\Qt\6.10.3\msvc2022_64\include\QtCore/qprocessordetection.h
╨Я╤А╨╕╨╝╨╡╤З╨░╨╜╨╕╨╡: ╨▓╨║╨╗╤О╤З╨╡╨╜╨╕╨╡ ╤Д╨░╨╣╨╗╨░:             C:\Program Files\Microsoft Visual Studio\18\Community\VC\Tools\MSVC\14.51.36231\include\vcruntime_new.h
╨Я╤А╨╕╨╝╨╡╤З╨░╨╜╨╕╨╡: ╨▓╨║╨╗╤О╤З╨╡╨╜╨╕╨╡ ╤Д╨░╨╣╨╗╨░:      C:\Qt\6.10.3\msvc2022_64\include\QtCore/qlogging.h
╨Я╤А╨╕╨╝╨╡╤З╨░╨╜╨╕╨╡: ╨▓╨║╨╗╤О╤З╨╡╨╜╨╕╨╡ ╤Д╨░╨╣╨╗╨░:      C:\Qt\6.10.3\msvc2022_64\include\QtCore/qflags.h
╨Я╤А╨╕╨╝╨╡╤З╨░╨╜╨╕╨╡: ╨▓╨║╨╗╤О╤З╨╡╨╜╨╕╨╡ ╤Д╨░╨╣╨╗╨░:       C:\Qt\6.10.3\msvc2022_64\include\QtCore/qcompare_impl.h
╨Я╤А╨╕╨╝╨╡╤З╨░╨╜╨╕╨╡: ╨▓╨║╨╗╤О╤З╨╡╨╜╨╕╨╡ ╤Д╨░╨╣╨╗╨░:        C:\Qt\6.10.3\msvc2022_64\include\QtCore/qcompilerdetection.h
╨Я╤А╨╕╨╝╨╡╤З╨░╨╜╨╕╨╡: ╨▓╨║╨╗╤О╤З╨╡╨╜╨╕╨╡ ╤Д╨░╨╣╨╗╨░:           C:\Program Files\Microsoft Visual Studio\18\Community\VC\Tools\MSVC\14.51.36231\include\crtdefs.h
╨Я╤А╨╕╨╝╨╡╤З╨░╨╜╨╕╨╡: ╨▓╨║╨╗╤О╤З╨╡╨╜╨╕╨╡ ╤Д╨░╨╣╨╗╨░:       C:\Program Files\Microsoft Visual Studio\18\Community\VC\Tools\MSVC\14.51.36231\include\algorithm
╨Я╤А╨╕╨╝╨╡╤З╨░╨╜╨╕╨╡: ╨▓╨║╨╗╤О╤З╨╡╨╜╨╕╨╡ ╤Д╨░╨╣╨╗╨░:           C:\Program Files\Microsoft Visual Studio\18\Community\VC\Tools\MSVC\14.51.36231\include\use_ansi.h
╨Я╤А╨╕╨╝╨╡╤З╨░╨╜╨╕╨╡: ╨▓╨║╨╗╤О╤З╨╡╨╜╨╕╨╡ ╤Д╨░╨╣╨╗╨░:        C:\Program Files\Microsoft Visual Studio\18\Community\VC\Tools\MSVC\14.51.36231\include\__msvc_heap_algorithms.hpp
╨Я╤А╨╕╨╝╨╡╤З╨░╨╜╨╕╨╡: ╨▓╨║╨╗╤О╤З╨╡╨╜╨╕╨╡ ╤Д╨░╨╣╨╗╨░:         C:\Program Files\Microsoft Visual Studio\18\Community\VC\Tools\MSVC\14.51.36231\include\xutility
╨Я╤А╨╕╨╝╨╡╤З╨░╨╜╨╕╨╡: ╨▓╨║╨╗╤О╤З╨╡╨╜╨╕╨╡ ╤Д╨░╨╣╨╗╨░:          C:\Program Files\Microsoft Visual Studio\18\Community\VC\Tools\MSVC\14.51.36231\include\yvals.h
╨Я╤А╨╕╨╝╨╡╤З╨░╨╜╨╕╨╡: ╨▓╨║╨╗╤О╤З╨╡╨╜╨╕╨╡ ╤Д╨░╨╣╨╗╨░:          C:\Program Files\Microsoft Visual Studio\18\Community\VC\Tools\MSVC\14.51.36231\include\__msvc_iter_core.hpp
╨Я╤А╨╕╨╝╨╡╤З╨░╨╜╨╕╨╡: ╨▓╨║╨╗╤О╤З╨╡╨╜╨╕╨╡ ╤Д╨░╨╣╨╗╨░:           C:\Program Files (x86)\Windows Kits\10\include\10.0.26100.0\ucrt\crtdbg.h
╨Я╤А╨╕╨╝╨╡╤З╨░╨╜╨╕╨╡: ╨▓╨║╨╗╤О╤З╨╡╨╜╨╕╨╡ ╤Д╨░╨╣╨╗╨░:            C:\Program Files\Microsoft Visual Studio\18\Community\VC\Tools\MSVC\14.51.36231\include\vcruntime_new_debug.h
╨Я╤А╨╕╨╝╨╡╤З╨░╨╜╨╕╨╡: ╨▓╨║╨╗╤О╤З╨╡╨╜╨╕╨╡ ╤Д╨░╨╣╨╗╨░:             C:\Program Files\Microsoft Visual Studio\18\Community\VC\Tools\MSVC\14.51.36231\include\vcruntime_new.h
╨Я╤А╨╕╨╝╨╡╤З╨░╨╜╨╕╨╡: ╨▓╨║╨╗╤О╤З╨╡╨╜╨╕╨╡ ╤Д╨░╨╣╨╗╨░:          C:\Program Files\Microsoft Visual Studio\18\Community\VC\Tools\MSVC\14.51.36231\include\cstdlib
╨Я╤А╨╕╨╝╨╡╤З╨░╨╜╨╕╨╡: ╨▓╨║╨╗╤О╤З╨╡╨╜╨╕╨╡ ╤Д╨░╨╣╨╗╨░:           C:\Program Files (x86)\Windows Kits\10\include\10.0.26100.0\ucrt\math.h
╨Я╤А╨╕╨╝╨╡╤З╨░╨╜╨╕╨╡: ╨▓╨║╨╗╤О╤З╨╡╨╜╨╕╨╡ ╤Д╨░╨╣╨╗╨░:            C:\Program Files (x86)\Windows Kits\10\include\10.0.26100.0\ucrt\corecrt_math.h
╨Я╤А╨╕╨╝╨╡╤З╨░╨╜╨╕╨╡: ╨▓╨║╨╗╤О╤З╨╡╨╜╨╕╨╡ ╤Д╨░╨╣╨╗╨░:           C:\Program Files\Microsoft Visual Studio\18\Community\VC\Tools\MSVC\14.51.36231\include\crtdefs.h
╨Я╤А╨╕╨╝╨╡╤З╨░╨╜╨╕╨╡: ╨▓╨║╨╗╤О╤З╨╡╨╜╨╕╨╡ ╤Д╨░╨╣╨╗╨░:           C:\Program Files\Microsoft Visual Studio\18\Community\VC\Tools\MSVC\14.51.36231\include\use_ansi.h
╨Я╤А╨╕╨╝╨╡╤З╨░╨╜╨╕╨╡: ╨▓╨║╨╗╤О╤З╨╡╨╜╨╕╨╡ ╤Д╨░╨╣╨╗╨░:          C:\Program Files\Microsoft Visual Studio\18\Community\VC\Tools\MSVC\14.51.36231\include\__msvc_iter_core.hpp
╨Я╤А╨╕╨╝╨╡╤З╨░╨╜╨╕╨╡: ╨▓╨║╨╗╤О╤З╨╡╨╜╨╕╨╡ ╤Д╨░╨╣╨╗╨░:          C:\Program Files\Microsoft Visual Studio\18\Community\VC\Tools\MSVC\14.51.36231\include\cstdlib
╨Я╤А╨╕╨╝╨╡╤З╨░╨╜╨╕╨╡: ╨▓╨║╨╗╤О╤З╨╡╨╜╨╕╨╡ ╤Д╨░╨╣╨╗╨░:           C:\Program Files (x86)\Windows Kits\10\include\10.0.26100.0\ucrt\math.h
╨Я╤А╨╕╨╝╨╡╤З╨░╨╜╨╕╨╡: ╨▓╨║╨╗╤О╤З╨╡╨╜╨╕╨╡ ╤Д╨░╨╣╨╗╨░:            C:\Program Files (x86)\Windows Kits\10\include\10.0.26100.0\ucrt\corecrt_math.h
╨Я╤А╨╕╨╝╨╡╤З╨░╨╜╨╕╨╡: ╨▓╨║╨╗╤О╤З╨╡╨╜╨╕╨╡ ╤Д╨░╨╣╨╗╨░:           C:\Program Files (x86)\Windows Kits\10\include\10.0.26100.0\ucrt\stdlib.h
╨Я╤А╨╕╨╝╨╡╤З╨░╨╜╨╕╨╡: ╨▓╨║╨╗╤О╤З╨╡╨╜╨╕╨╡ ╤Д╨░╨╣╨╗╨░:            C:\Program Files (x86)\Windows Kits\10\include\10.0.26100.0\ucrt\corecrt_search.h
╨Я╤А╨╕╨╝╨╡╤З╨░╨╜╨╕╨╡: ╨▓╨║╨╗╤О╤З╨╡╨╜╨╕╨╡ ╤Д╨░╨╣╨╗╨░:           C:\Program Files (x86)\Windows Kits\10\include\10.0.26100.0\ucrt\stdlib.h
╨Я╤А╨╕╨╝╨╡╤З╨░╨╜╨╕╨╡: ╨▓╨║╨╗╤О╤З╨╡╨╜╨╕╨╡ ╤Д╨░╨╣╨╗╨░:            C:\Program Files (x86)\Windows Kits\10\include\10.0.26100.0\ucrt\corecrt_search.h
╨Я╤А╨╕╨╝╨╡╤З╨░╨╜╨╕╨╡: ╨▓╨║╨╗╤О╤З╨╡╨╜╨╕╨╡ ╤Д╨░╨╣╨╗╨░:          C:\Program Files\Microsoft Visual Studio\18\Community\VC\Tools\MSVC\14.51.36231\include\cstring
╨Я╤А╨╕╨╝╨╡╤З╨░╨╜╨╕╨╡: ╨▓╨║╨╗╤О╤З╨╡╨╜╨╕╨╡ ╤Д╨░╨╣╨╗╨░:           C:\Program Files (x86)\Windows Kits\10\include\10.0.26100.0\ucrt\string.h
╨Я╤А╨╕╨╝╨╡╤З╨░╨╜╨╕╨╡: ╨▓╨║╨╗╤О╤З╨╡╨╜╨╕╨╡ ╤Д╨░╨╣╨╗╨░:            C:\Program Files (x86)\Windows Kits\10\include\10.0.26100.0\ucrt\corecrt_memory.h
╨Я╤А╨╕╨╝╨╡╤З╨░╨╜╨╕╨╡: ╨▓╨║╨╗╤О╤З╨╡╨╜╨╕╨╡ ╤Д╨░╨╣╨╗╨░:          C:\Program Files\Microsoft Visual Studio\18\Community\VC\Tools\MSVC\14.51.36231\include\cstring
╨Я╤А╨╕╨╝╨╡╤З╨░╨╜╨╕╨╡: ╨▓╨║╨╗╤О╤З╨╡╨╜╨╕╨╡ ╤Д╨░╨╣╨╗╨░:           C:\Program Files (x86)\Windows Kits\10\include\10.0.26100.0\ucrt\string.h
╨Я╤А╨╕╨╝╨╡╤З╨░╨╜╨╕╨╡: ╨▓╨║╨╗╤О╤З╨╡╨╜╨╕╨╡ ╤Д╨░╨╣╨╗╨░:            C:\Program Files (x86)\Windows Kits\10\include\10.0.26100.0\ucrt\corecrt_memory.h
╨Я╤А╨╕╨╝╨╡╤З╨░╨╜╨╕╨╡: ╨▓╨║╨╗╤О╤З╨╡╨╜╨╕╨╡ ╤Д╨░╨╣╨╗╨░:        C:\Program Files\Microsoft Visual Studio\18\Community\VC\Tools\MSVC\14.51.36231\include\__msvc_int128.hpp
╨Я╤А╨╕╨╝╨╡╤З╨░╨╜╨╕╨╡: ╨▓╨║╨╗╤О╤З╨╡╨╜╨╕╨╡ ╤Д╨░╨╣╨╗╨░:         C:\Program Files\Microsoft Visual Studio\18\Community\VC\Tools\MSVC\14.51.36231\include\__msvc_bit_utils.hpp
╨Я╤А╨╕╨╝╨╡╤З╨░╨╜╨╕╨╡: ╨▓╨║╨╗╤О╤З╨╡╨╜╨╕╨╡ ╤Д╨░╨╣╨╗╨░:        C:\Program Files\Microsoft Visual Studio\18\Community\VC\Tools\MSVC\14.51.36231\include\__msvc_int128.hpp
╨Я╤А╨╕╨╝╨╡╤З╨░╨╜╨╕╨╡: ╨▓╨║╨╗╤О╤З╨╡╨╜╨╕╨╡ ╤Д╨░╨╣╨╗╨░:         C:\Program Files\Microsoft Visual Studio\18\Community\VC\Tools\MSVC\14.51.36231\include\__msvc_bit_utils.hpp
╨Я╤А╨╕╨╝╨╡╤З╨░╨╜╨╕╨╡: ╨▓╨║╨╗╤О╤З╨╡╨╜╨╕╨╡ ╤Д╨░╨╣╨╗╨░:        C:\Program Files\Microsoft Visual Studio\18\Community\VC\Tools\MSVC\14.51.36231\include\__msvc_minmax.hpp
╨Я╤А╨╕╨╝╨╡╤З╨░╨╜╨╕╨╡: ╨▓╨║╨╗╤О╤З╨╡╨╜╨╕╨╡ ╤Д╨░╨╣╨╗╨░:        C:\Program Files\Microsoft Visual Studio\18\Community\VC\Tools\MSVC\14.51.36231\include\xmemory
╨Я╤А╨╕╨╝╨╡╤З╨░╨╜╨╕╨╡: ╨▓╨║╨╗╤О╤З╨╡╨╜╨╕╨╡ ╤Д╨░╨╣╨╗╨░:         C:\Program Files\Microsoft Visual Studio\18\Community\VC\Tools\MSVC\14.51.36231\include\new
╨Я╤А╨╕╨╝╨╡╤З╨░╨╜╨╕╨╡: ╨▓╨║╨╗╤О╤З╨╡╨╜╨╕╨╡ ╤Д╨░╨╣╨╗╨░:          C:\Program Files\Microsoft Visual Studio\18\Community\VC\Tools\MSVC\14.51.36231\include\exception
╨Я╤А╨╕╨╝╨╡╤З╨░╨╜╨╕╨╡: ╨▓╨║╨╗╤О╤З╨╡╨╜╨╕╨╡ ╤Д╨░╨╣╨╗╨░:           C:\Program Files\Microsoft Visual Studio\18\Community\VC\Tools\MSVC\14.51.36231\include\vcruntime_exception.h
╨Я╤А╨╕╨╝╨╡╤З╨░╨╜╨╕╨╡: ╨▓╨║╨╗╤О╤З╨╡╨╜╨╕╨╡ ╤Д╨░╨╣╨╗╨░:            C:\Program Files\Microsoft Visual Studio\18\Community\VC\Tools\MSVC\14.51.36231\include\eh.h
╨Я╤А╨╕╨╝╨╡╤З╨░╨╜╨╕╨╡: ╨▓╨║╨╗╤О╤З╨╡╨╜╨╕╨╡ ╤Д╨░╨╣╨╗╨░:             C:\Program Files (x86)\Windows Kits\10\include\10.0.26100.0\ucrt\corecrt_terminate.h
╨Я╤А╨╕╨╝╨╡╤З╨░╨╜╨╕╨╡: ╨▓╨║╨╗╤О╤З╨╡╨╜╨╕╨╡ ╤Д╨░╨╣╨╗╨░:        C:\Program Files\Microsoft Visual Studio\18\Community\VC\Tools\MSVC\14.51.36231\include\__msvc_minmax.hpp
╨Я╤А╨╕╨╝╨╡╤З╨░╨╜╨╕╨╡: ╨▓╨║╨╗╤О╤З╨╡╨╜╨╕╨╡ ╤Д╨░╨╣╨╗╨░:        C:\Program Files\Microsoft Visual Studio\18\Community\VC\Tools\MSVC\14.51.36231\include\xmemory
╨Я╤А╨╕╨╝╨╡╤З╨░╨╜╨╕╨╡: ╨▓╨║╨╗╤О╤З╨╡╨╜╨╕╨╡ ╤Д╨░╨╣╨╗╨░:         C:\Program Files\Microsoft Visual Studio\18\Community\VC\Tools\MSVC\14.51.36231\include\new
╨Я╤А╨╕╨╝╨╡╤З╨░╨╜╨╕╨╡: ╨▓╨║╨╗╤О╤З╨╡╨╜╨╕╨╡ ╤Д╨░╨╣╨╗╨░:          C:\Program Files\Microsoft Visual Studio\18\Community\VC\Tools\MSVC\14.51.36231\include\exception
╨Я╤А╨╕╨╝╨╡╤З╨░╨╜╨╕╨╡: ╨▓╨║╨╗╤О╤З╨╡╨╜╨╕╨╡ ╤Д╨░╨╣╨╗╨░:           C:\Program Files\Microsoft Visual Studio\18\Community\VC\Tools\MSVC\14.51.36231\include\vcruntime_exception.h
╨Я╤А╨╕╨╝╨╡╤З╨░╨╜╨╕╨╡: ╨▓╨║╨╗╤О╤З╨╡╨╜╨╕╨╡ ╤Д╨░╨╣╨╗╨░:            C:\Program Files\Microsoft Visual Studio\18\Community\VC\Tools\MSVC\14.51.36231\include\eh.h
╨Я╤А╨╕╨╝╨╡╤З╨░╨╜╨╕╨╡: ╨▓╨║╨╗╤О╤З╨╡╨╜╨╕╨╡ ╤Д╨░╨╣╨╗╨░:             C:\Program Files (x86)\Windows Kits\10\include\10.0.26100.0\ucrt\corecrt_terminate.h
╨Я╤А╨╕╨╝╨╡╤З╨░╨╜╨╕╨╡: ╨▓╨║╨╗╤О╤З╨╡╨╜╨╕╨╡ ╤Д╨░╨╣╨╗╨░:         C:\Program Files\Microsoft Visual Studio\18\Community\VC\Tools\MSVC\14.51.36231\include\xatomic.h
╨Я╤А╨╕╨╝╨╡╤З╨░╨╜╨╕╨╡: ╨▓╨║╨╗╤О╤З╨╡╨╜╨╕╨╡ ╤Д╨░╨╣╨╗╨░:         C:\Program Files\Microsoft Visual Studio\18\Community\VC\Tools\MSVC\14.51.36231\include\xatomic.h
╨Я╤А╨╕╨╝╨╡╤З╨░╨╜╨╕╨╡: ╨▓╨║╨╗╤О╤З╨╡╨╜╨╕╨╡ ╤Д╨░╨╣╨╗╨░:      C:\Qt\6.10.3\msvc2022_64\include\QtCore/qatomic.h
╨Я╤А╨╕╨╝╨╡╤З╨░╨╜╨╕╨╡: ╨▓╨║╨╗╤О╤З╨╡╨╜╨╕╨╡ ╤Д╨░╨╣╨╗╨░:       C:\Qt\6.10.3\msvc2022_64\include\QtCore/qbasicatomic.h
╨Я╤А╨╕╨╝╨╡╤З╨░╨╜╨╕╨╡: ╨▓╨║╨╗╤О╤З╨╡╨╜╨╕╨╡ ╤Д╨░╨╣╨╗╨░:        C:\Qt\6.10.3\msvc2022_64\include\QtCore/qatomic_cxx11.h
╨Я╤А╨╕╨╝╨╡╤З╨░╨╜╨╕╨╡: ╨▓╨║╨╗╤О╤З╨╡╨╜╨╕╨╡ ╤Д╨░╨╣╨╗╨░:         C:\Qt\6.10.3\msvc2022_64\include\QtCore/qgenericatomic.h
╨Я╤А╨╕╨╝╨╡╤З╨░╨╜╨╕╨╡: ╨▓╨║╨╗╤О╤З╨╡╨╜╨╕╨╡ ╤Д╨░╨╣╨╗╨░:          C:\Qt\6.10.3\msvc2022_64\include\QtCore/qcompilerdetection.h
╨Я╤А╨╕╨╝╨╡╤З╨░╨╜╨╕╨╡: ╨▓╨║╨╗╤О╤З╨╡╨╜╨╕╨╡ ╤Д╨░╨╣╨╗╨░:      C:\Qt\6.10.3\msvc2022_64\include\QtCore/qatomic.h
╨Я╤А╨╕╨╝╨╡╤З╨░╨╜╨╕╨╡: ╨▓╨║╨╗╤О╤З╨╡╨╜╨╕╨╡ ╤Д╨░╨╣╨╗╨░:       C:\Qt\6.10.3\msvc2022_64\include\QtCore/qbasicatomic.h
╨Я╤А╨╕╨╝╨╡╤З╨░╨╜╨╕╨╡: ╨▓╨║╨╗╤О╤З╨╡╨╜╨╕╨╡ ╤Д╨░╨╣╨╗╨░:         C:\Qt\6.10.3\msvc2022_64\include\QtCore/qyieldcpu.h
╨Я╤А╨╕╨╝╨╡╤З╨░╨╜╨╕╨╡: ╨▓╨║╨╗╤О╤З╨╡╨╜╨╕╨╡ ╤Д╨░╨╣╨╗╨░:          C:\Qt\6.10.3\msvc2022_64\include\QtCore/qcompilerdetection.h
╨Я╤А╨╕╨╝╨╡╤З╨░╨╜╨╕╨╡: ╨▓╨║╨╗╤О╤З╨╡╨╜╨╕╨╡ ╤Д╨░╨╣╨╗╨░:        C:\Qt\6.10.3\msvc2022_64\include\QtCore/qatomic_cxx11.h
╨Я╤А╨╕╨╝╨╡╤З╨░╨╜╨╕╨╡: ╨▓╨║╨╗╤О╤З╨╡╨╜╨╕╨╡ ╤Д╨░╨╣╨╗╨░:         C:\Qt\6.10.3\msvc2022_64\include\QtCore/qgenericatomic.h
╨Я╤А╨╕╨╝╨╡╤З╨░╨╜╨╕╨╡: ╨▓╨║╨╗╤О╤З╨╡╨╜╨╕╨╡ ╤Д╨░╨╣╨╗╨░:          C:\Qt\6.10.3\msvc2022_64\include\QtCore/qcompilerdetection.h
╨Я╤А╨╕╨╝╨╡╤З╨░╨╜╨╕╨╡: ╨▓╨║╨╗╤О╤З╨╡╨╜╨╕╨╡ ╤Д╨░╨╣╨╗╨░:          C:\Qt\6.10.3\msvc2022_64\include\QtCore/qprocessordetection.h
╨Я╤А╨╕╨╝╨╡╤З╨░╨╜╨╕╨╡: ╨▓╨║╨╗╤О╤З╨╡╨╜╨╕╨╡ ╤Д╨░╨╣╨╗╨░:          C:\Program Files\Microsoft Visual Studio\18\Community\VC\Tools\MSVC\14.51.36231\include\atomic
╨Я╤А╨╕╨╝╨╡╤З╨░╨╜╨╕╨╡: ╨▓╨║╨╗╤О╤З╨╡╨╜╨╕╨╡ ╤Д╨░╨╣╨╗╨░:         C:\Qt\6.10.3\msvc2022_64\include\QtCore/qyieldcpu.h
╨Я╤А╨╕╨╝╨╡╤З╨░╨╜╨╕╨╡: ╨▓╨║╨╗╤О╤З╨╡╨╜╨╕╨╡ ╤Д╨░╨╣╨╗╨░:          C:\Qt\6.10.3\msvc2022_64\include\QtCore/qcompilerdetection.h
╨Я╤А╨╕╨╝╨╡╤З╨░╨╜╨╕╨╡: ╨▓╨║╨╗╤О╤З╨╡╨╜╨╕╨╡ ╤Д╨░╨╣╨╗╨░:           C:\Program Files\Microsoft Visual Studio\18\Community\VC\Tools\MSVC\14.51.36231\include\xthreads.h
╨Я╤А╨╕╨╝╨╡╤З╨░╨╜╨╕╨╡: ╨▓╨║╨╗╤О╤З╨╡╨╜╨╕╨╡ ╤Д╨░╨╣╨╗╨░:            C:\Program Files\Microsoft Visual Studio\18\Community\VC\Tools\MSVC\14.51.36231\include\__msvc_threads_core.hpp
╨Я╤А╨╕╨╝╨╡╤З╨░╨╜╨╕╨╡: ╨▓╨║╨╗╤О╤З╨╡╨╜╨╕╨╡ ╤Д╨░╨╣╨╗╨░:          C:\Qt\6.10.3\msvc2022_64\include\QtCore/qprocessordetection.h
╨Я╤А╨╕╨╝╨╡╤З╨░╨╜╨╕╨╡: ╨▓╨║╨╗╤О╤З╨╡╨╜╨╕╨╡ ╤Д╨░╨╣╨╗╨░:          C:\Program Files\Microsoft Visual Studio\18\Community\VC\Tools\MSVC\14.51.36231\include\atomic
╨Я╤А╨╕╨╝╨╡╤З╨░╨╜╨╕╨╡: ╨▓╨║╨╗╤О╤З╨╡╨╜╨╕╨╡ ╤Д╨░╨╣╨╗╨░:           C:\Program Files\Microsoft Visual Studio\18\Community\VC\Tools\MSVC\14.51.36231\include\xthreads.h
╨Я╤А╨╕╨╝╨╡╤З╨░╨╜╨╕╨╡: ╨▓╨║╨╗╤О╤З╨╡╨╜╨╕╨╡ ╤Д╨░╨╣╨╗╨░:            C:\Program Files\Microsoft Visual Studio\18\Community\VC\Tools\MSVC\14.51.36231\include\__msvc_threads_core.hpp
╨Я╤А╨╕╨╝╨╡╤З╨░╨╜╨╕╨╡: ╨▓╨║╨╗╤О╤З╨╡╨╜╨╕╨╡ ╤Д╨░╨╣╨╗╨░:            C:\Program Files\Microsoft Visual Studio\18\Community\VC\Tools\MSVC\14.51.36231\include\xtimec.h
╨Я╤А╨╕╨╝╨╡╤З╨░╨╜╨╕╨╡: ╨▓╨║╨╗╤О╤З╨╡╨╜╨╕╨╡ ╤Д╨░╨╣╨╗╨░:             C:\Program Files\Microsoft Visual Studio\18\Community\VC\Tools\MSVC\14.51.36231\include\ctime
╨Я╤А╨╕╨╝╨╡╤З╨░╨╜╨╕╨╡: ╨▓╨║╨╗╤О╤З╨╡╨╜╨╕╨╡ ╤Д╨░╨╣╨╗╨░:              C:\Program Files (x86)\Windows Kits\10\include\10.0.26100.0\ucrt\time.h
╨Я╤А╨╕╨╝╨╡╤З╨░╨╜╨╕╨╡: ╨▓╨║╨╗╤О╤З╨╡╨╜╨╕╨╡ ╤Д╨░╨╣╨╗╨░:            C:\Program Files\Microsoft Visual Studio\18\Community\VC\Tools\MSVC\14.51.36231\include\xtimec.h
╨Я╤А╨╕╨╝╨╡╤З╨░╨╜╨╕╨╡: ╨▓╨║╨╗╤О╤З╨╡╨╜╨╕╨╡ ╤Д╨░╨╣╨╗╨░:             C:\Program Files\Microsoft Visual Studio\18\Community\VC\Tools\MSVC\14.51.36231\include\ctime
╨Я╤А╨╕╨╝╨╡╤З╨░╨╜╨╕╨╡: ╨▓╨║╨╗╤О╤З╨╡╨╜╨╕╨╡ ╤Д╨░╨╣╨╗╨░:              C:\Program Files (x86)\Windows Kits\10\include\10.0.26100.0\ucrt\time.h
╨Я╤А╨╕╨╝╨╡╤З╨░╨╜╨╕╨╡: ╨▓╨║╨╗╤О╤З╨╡╨╜╨╕╨╡ ╤Д╨░╨╣╨╗╨░:      C:\Qt\6.10.3\msvc2022_64\include\QtCore/qconstructormacros.h
╨Я╤А╨╕╨╝╨╡╤З╨░╨╜╨╕╨╡: ╨▓╨║╨╗╤О╤З╨╡╨╜╨╕╨╡ ╤Д╨░╨╣╨╗╨░:      C:\Qt\6.10.3\msvc2022_64\include\QtCore/qdarwinhelpers.h
╨Я╤А╨╕╨╝╨╡╤З╨░╨╜╨╕╨╡: ╨▓╨║╨╗╤О╤З╨╡╨╜╨╕╨╡ ╤Д╨░╨╣╨╗╨░:      C:\Qt\6.10.3\msvc2022_64\include\QtCore/qexceptionhandling.h
╨Я╤А╨╕╨╝╨╡╤З╨░╨╜╨╕╨╡: ╨▓╨║╨╗╤О╤З╨╡╨╜╨╕╨╡ ╤Д╨░╨╣╨╗╨░:       C:\Qt\6.10.3\msvc2022_64\include\QtCore/qcompilerdetection.h
╨Я╤А╨╕╨╝╨╡╤З╨░╨╜╨╕╨╡: ╨▓╨║╨╗╤О╤З╨╡╨╜╨╕╨╡ ╤Д╨░╨╣╨╗╨░:      C:\Qt\6.10.3\msvc2022_64\include\QtCore/qforeach.h
╨Я╤А╨╕╨╝╨╡╤З╨░╨╜╨╕╨╡: ╨▓╨║╨╗╤О╤З╨╡╨╜╨╕╨╡ ╤Д╨░╨╣╨╗╨░:      C:\Qt\6.10.3\msvc2022_64\include\QtCore/qconstructormacros.h
╨Я╤А╨╕╨╝╨╡╤З╨░╨╜╨╕╨╡: ╨▓╨║╨╗╤О╤З╨╡╨╜╨╕╨╡ ╤Д╨░╨╣╨╗╨░:       C:\Qt\6.10.3\msvc2022_64\include\QtCore/qttypetraits.h
╨Я╤А╨╕╨╝╨╡╤З╨░╨╜╨╕╨╡: ╨▓╨║╨╗╤О╤З╨╡╨╜╨╕╨╡ ╤Д╨░╨╣╨╗╨░:      C:\Qt\6.10.3\msvc2022_64\include\QtCore/qdarwinhelpers.h
╨Я╤А╨╕╨╝╨╡╤З╨░╨╜╨╕╨╡: ╨▓╨║╨╗╤О╤З╨╡╨╜╨╕╨╡ ╤Д╨░╨╣╨╗╨░:        C:\Program Files\Microsoft Visual Studio\18\Community\VC\Tools\MSVC\14.51.36231\include\optional
╨Я╤А╨╕╨╝╨╡╤З╨░╨╜╨╕╨╡: ╨▓╨║╨╗╤О╤З╨╡╨╜╨╕╨╡ ╤Д╨░╨╣╨╗╨░:      C:\Qt\6.10.3\msvc2022_64\include\QtCore/qexceptionhandling.h
╨Я╤А╨╕╨╝╨╡╤З╨░╨╜╨╕╨╡: ╨▓╨║╨╗╤О╤З╨╡╨╜╨╕╨╡ ╤Д╨░╨╣╨╗╨░:       C:\Qt\6.10.3\msvc2022_64\include\QtCore/qcompilerdetection.h
╨Я╤А╨╕╨╝╨╡╤З╨░╨╜╨╕╨╡: ╨▓╨║╨╗╤О╤З╨╡╨╜╨╕╨╡ ╤Д╨░╨╣╨╗╨░:         C:\Program Files\Microsoft Visual Studio\18\Community\VC\Tools\MSVC\14.51.36231\include\__msvc_sanitizer_annotate_container.hpp
╨Я╤А╨╕╨╝╨╡╤З╨░╨╜╨╕╨╡: ╨▓╨║╨╗╤О╤З╨╡╨╜╨╕╨╡ ╤Д╨░╨╣╨╗╨░:         C:\Program Files\Microsoft Visual Studio\18\Community\VC\Tools\MSVC\14.51.36231\include\xsmf_control.h
╨Я╤А╨╕╨╝╨╡╤З╨░╨╜╨╕╨╡: ╨▓╨║╨╗╤О╤З╨╡╨╜╨╕╨╡ ╤Д╨░╨╣╨╗╨░:      C:\Qt\6.10.3\msvc2022_64\include\QtCore/qforeach.h
╨Я╤А╨╕╨╝╨╡╤З╨░╨╜╨╕╨╡: ╨▓╨║╨╗╤О╤З╨╡╨╜╨╕╨╡ ╤Д╨░╨╣╨╗╨░:       C:\Qt\6.10.3\msvc2022_64\include\QtCore/qttypetraits.h
╨Я╤А╨╕╨╝╨╡╤З╨░╨╜╨╕╨╡: ╨▓╨║╨╗╤О╤З╨╡╨╜╨╕╨╡ ╤Д╨░╨╣╨╗╨░:        C:\Program Files\Microsoft Visual Studio\18\Community\VC\Tools\MSVC\14.51.36231\include\optional
╨Я╤А╨╕╨╝╨╡╤З╨░╨╜╨╕╨╡: ╨▓╨║╨╗╤О╤З╨╡╨╜╨╕╨╡ ╤Д╨░╨╣╨╗╨░:         C:\Program Files\Microsoft Visual Studio\18\Community\VC\Tools\MSVC\14.51.36231\include\__msvc_sanitizer_annotate_container.hpp
╨Я╤А╨╕╨╝╨╡╤З╨░╨╜╨╕╨╡: ╨▓╨║╨╗╤О╤З╨╡╨╜╨╕╨╡ ╤Д╨░╨╣╨╗╨░:         C:\Program Files\Microsoft Visual Studio\18\Community\VC\Tools\MSVC\14.51.36231\include\xsmf_control.h
╨Я╤А╨╕╨╝╨╡╤З╨░╨╜╨╕╨╡: ╨▓╨║╨╗╤О╤З╨╡╨╜╨╕╨╡ ╤Д╨░╨╣╨╗╨░:        C:\Program Files\Microsoft Visual Studio\18\Community\VC\Tools\MSVC\14.51.36231\include\tuple
╨Я╤А╨╕╨╝╨╡╤З╨░╨╜╨╕╨╡: ╨▓╨║╨╗╤О╤З╨╡╨╜╨╕╨╡ ╤Д╨░╨╣╨╗╨░:        C:\Program Files\Microsoft Visual Studio\18\Community\VC\Tools\MSVC\14.51.36231\include\tuple
╨Я╤А╨╕╨╝╨╡╤З╨░╨╜╨╕╨╡: ╨▓╨║╨╗╤О╤З╨╡╨╜╨╕╨╡ ╤Д╨░╨╣╨╗╨░:        C:\Program Files\Microsoft Visual Studio\18\Community\VC\Tools\MSVC\14.51.36231\include\variant
╨Я╤А╨╕╨╝╨╡╤З╨░╨╜╨╕╨╡: ╨▓╨║╨╗╤О╤З╨╡╨╜╨╕╨╡ ╤Д╨░╨╣╨╗╨░:        C:\Program Files\Microsoft Visual Studio\18\Community\VC\Tools\MSVC\14.51.36231\include\variant
╨Я╤А╨╕╨╝╨╡╤З╨░╨╜╨╕╨╡: ╨▓╨║╨╗╤О╤З╨╡╨╜╨╕╨╡ ╤Д╨░╨╣╨╗╨░:      C:\Qt\6.10.3\msvc2022_64\include\QtCore/qfunctionpointer.h
╨Я╤А╨╕╨╝╨╡╤З╨░╨╜╨╕╨╡: ╨▓╨║╨╗╤О╤З╨╡╨╜╨╕╨╡ ╤Д╨░╨╣╨╗╨░:      C:\Qt\6.10.3\msvc2022_64\include\QtCore/qglobalstatic.h
╨Я╤А╨╕╨╝╨╡╤З╨░╨╜╨╕╨╡: ╨▓╨║╨╗╤О╤З╨╡╨╜╨╕╨╡ ╤Д╨░╨╣╨╗╨░:      C:\Qt\6.10.3\msvc2022_64\include\QtCore/qfunctionpointer.h
╨Я╤А╨╕╨╝╨╡╤З╨░╨╜╨╕╨╡: ╨▓╨║╨╗╤О╤З╨╡╨╜╨╕╨╡ ╤Д╨░╨╣╨╗╨░:      C:\Qt\6.10.3\msvc2022_64\include\QtCore/qglobalstatic.h
╨Я╤А╨╕╨╝╨╡╤З╨░╨╜╨╕╨╡: ╨▓╨║╨╗╤О╤З╨╡╨╜╨╕╨╡ ╤Д╨░╨╣╨╗╨░:      C:\Qt\6.10.3\msvc2022_64\include\QtCore/qmalloc.h
╨Я╤А╨╕╨╝╨╡╤З╨░╨╜╨╕╨╡: ╨▓╨║╨╗╤О╤З╨╡╨╜╨╕╨╡ ╤Д╨░╨╣╨╗╨░:       C:\Qt\6.10.3\msvc2022_64\include\QtCore/qcompilerdetection.h
╨Я╤А╨╕╨╝╨╡╤З╨░╨╜╨╕╨╡: ╨▓╨║╨╗╤О╤З╨╡╨╜╨╕╨╡ ╤Д╨░╨╣╨╗╨░:      C:\Qt\6.10.3\msvc2022_64\include\QtCore/qminmax.h
╨Я╤А╨╕╨╝╨╡╤З╨░╨╜╨╕╨╡: ╨▓╨║╨╗╤О╤З╨╡╨╜╨╕╨╡ ╤Д╨░╨╣╨╗╨░:      C:\Qt\6.10.3\msvc2022_64\include\QtCore/qnumeric.h
╨Я╤А╨╕╨╝╨╡╤З╨░╨╜╨╕╨╡: ╨▓╨║╨╗╤О╤З╨╡╨╜╨╕╨╡ ╤Д╨░╨╣╨╗╨░:       C:\Program Files\Microsoft Visual Studio\18\Community\VC\Tools\MSVC\14.51.36231\include\cmath
╨Я╤А╨╕╨╝╨╡╤З╨░╨╜╨╕╨╡: ╨▓╨║╨╗╤О╤З╨╡╨╜╨╕╨╡ ╤Д╨░╨╣╨╗╨░:      C:\Qt\6.10.3\msvc2022_64\include\QtCore/qmalloc.h
╨Я╤А╨╕╨╝╨╡╤З╨░╨╜╨╕╨╡: ╨▓╨║╨╗╤О╤З╨╡╨╜╨╕╨╡ ╤Д╨░╨╣╨╗╨░:       C:\Qt\6.10.3\msvc2022_64\include\QtCore/qcompilerdetection.h
╨Я╤А╨╕╨╝╨╡╤З╨░╨╜╨╕╨╡: ╨▓╨║╨╗╤О╤З╨╡╨╜╨╕╨╡ ╤Д╨░╨╣╨╗╨░:      C:\Qt\6.10.3\msvc2022_64\include\QtCore/qminmax.h
╨Я╤А╨╕╨╝╨╡╤З╨░╨╜╨╕╨╡: ╨▓╨║╨╗╤О╤З╨╡╨╜╨╕╨╡ ╤Д╨░╨╣╨╗╨░:      C:\Qt\6.10.3\msvc2022_64\include\QtCore/qnumeric.h
╨Я╤А╨╕╨╝╨╡╤З╨░╨╜╨╕╨╡: ╨▓╨║╨╗╤О╤З╨╡╨╜╨╕╨╡ ╤Д╨░╨╣╨╗╨░:       C:\Program Files\Microsoft Visual Studio\18\Community\VC\Tools\MSVC\14.51.36231\include\cmath
╨Я╤А╨╕╨╝╨╡╤З╨░╨╜╨╕╨╡: ╨▓╨║╨╗╤О╤З╨╡╨╜╨╕╨╡ ╤Д╨░╨╣╨╗╨░:       C:\Qt\6.10.3\msvc2022_64\include\QtCore/q20type_traits.h
╨Я╤А╨╕╨╝╨╡╤З╨░╨╜╨╕╨╡: ╨▓╨║╨╗╤О╤З╨╡╨╜╨╕╨╡ ╤Д╨░╨╣╨╗╨░:        C:\Qt\6.10.3\msvc2022_64\include\QtCore/qcompilerdetection.h
╨Я╤А╨╕╨╝╨╡╤З╨░╨╜╨╕╨╡: ╨▓╨║╨╗╤О╤З╨╡╨╜╨╕╨╡ ╤Д╨░╨╣╨╗╨░:        C:\Qt\6.10.3\msvc2022_64\include\QtCore/qsystemdetection.h
╨Я╤А╨╕╨╝╨╡╤З╨░╨╜╨╕╨╡: ╨▓╨║╨╗╤О╤З╨╡╨╜╨╕╨╡ ╤Д╨░╨╣╨╗╨░:       C:\Qt\6.10.3\msvc2022_64\include\QtCore/q20type_traits.h
╨Я╤А╨╕╨╝╨╡╤З╨░╨╜╨╕╨╡: ╨▓╨║╨╗╤О╤З╨╡╨╜╨╕╨╡ ╤Д╨░╨╣╨╗╨░:        C:\Qt\6.10.3\msvc2022_64\include\QtCore/qcompilerdetection.h
╨Я╤А╨╕╨╝╨╡╤З╨░╨╜╨╕╨╡: ╨▓╨║╨╗╤О╤З╨╡╨╜╨╕╨╡ ╤Д╨░╨╣╨╗╨░:        C:\Qt\6.10.3\msvc2022_64\include\QtCore/qsystemdetection.h
╨Я╤А╨╕╨╝╨╡╤З╨░╨╜╨╕╨╡: ╨▓╨║╨╗╤О╤З╨╡╨╜╨╕╨╡ ╤Д╨░╨╣╨╗╨░:      C:\Qt\6.10.3\msvc2022_64\include\QtCore/qoverload.h
╨Я╤А╨╕╨╝╨╡╤З╨░╨╜╨╕╨╡: ╨▓╨║╨╗╤О╤З╨╡╨╜╨╕╨╡ ╤Д╨░╨╣╨╗╨░:      C:\Qt\6.10.3\msvc2022_64\include\QtCore/qswap.h
╨Я╤А╨╕╨╝╨╡╤З╨░╨╜╨╕╨╡: ╨▓╨║╨╗╤О╤З╨╡╨╜╨╕╨╡ ╤Д╨░╨╣╨╗╨░:      C:\Qt\6.10.3\msvc2022_64\include\QtCore/qtenvironmentvariables.h
╨Я╤А╨╕╨╝╨╡╤З╨░╨╜╨╕╨╡: ╨▓╨║╨╗╤О╤З╨╡╨╜╨╕╨╡ ╤Д╨░╨╣╨╗╨░:      C:\Qt\6.10.3\msvc2022_64\include\QtCore/qtresource.h
╨Я╤А╨╕╨╝╨╡╤З╨░╨╜╨╕╨╡: ╨▓╨║╨╗╤О╤З╨╡╨╜╨╕╨╡ ╤Д╨░╨╣╨╗╨░:      C:\Qt\6.10.3\msvc2022_64\include\QtCore/qttranslation.h
╨Я╤А╨╕╨╝╨╡╤З╨░╨╜╨╕╨╡: ╨▓╨║╨╗╤О╤З╨╡╨╜╨╕╨╡ ╤Д╨░╨╣╨╗╨░:      C:\Qt\6.10.3\msvc2022_64\include\QtCore/qversiontagging.h
╨Я╤А╨╕╨╝╨╡╤З╨░╨╜╨╕╨╡: ╨▓╨║╨╗╤О╤З╨╡╨╜╨╕╨╡ ╤Д╨░╨╣╨╗╨░:       C:\Qt\6.10.3\msvc2022_64\include\QtCore/qcompilerdetection.h
╨Я╤А╨╕╨╝╨╡╤З╨░╨╜╨╕╨╡: ╨▓╨║╨╗╤О╤З╨╡╨╜╨╕╨╡ ╤Д╨░╨╣╨╗╨░:     C:\Qt\6.10.3\msvc2022_64\include\QtQml/qtqml-config.h
╨Я╤А╨╕╨╝╨╡╤З╨░╨╜╨╕╨╡: ╨▓╨║╨╗╤О╤З╨╡╨╜╨╕╨╡ ╤Д╨░╨╣╨╗╨░:     C:\Qt\6.10.3\msvc2022_64\include\QtNetwork/qtnetworkglobal.h
╨Я╤А╨╕╨╝╨╡╤З╨░╨╜╨╕╨╡: ╨▓╨║╨╗╤О╤З╨╡╨╜╨╕╨╡ ╤Д╨░╨╣╨╗╨░:      C:\Qt\6.10.3\msvc2022_64\include\QtCore/qtcoreglobal.h
╨Я╤А╨╕╨╝╨╡╤З╨░╨╜╨╕╨╡: ╨▓╨║╨╗╤О╤З╨╡╨╜╨╕╨╡ ╤Д╨░╨╣╨╗╨░:      C:\Qt\6.10.3\msvc2022_64\include\QtNetwork/qtnetwork-config.h
╨Я╤А╨╕╨╝╨╡╤З╨░╨╜╨╕╨╡: ╨▓╨║╨╗╤О╤З╨╡╨╜╨╕╨╡ ╤Д╨░╨╣╨╗╨░:      C:\Qt\6.10.3\msvc2022_64\include\QtNetwork/qtnetworkexports.h
╨Я╤А╨╕╨╝╨╡╤З╨░╨╜╨╕╨╡: ╨▓╨║╨╗╤О╤З╨╡╨╜╨╕╨╡ ╤Д╨░╨╣╨╗╨░:       C:\Qt\6.10.3\msvc2022_64\include\QtCore/qcompilerdetection.h
╨Я╤А╨╕╨╝╨╡╤З╨░╨╜╨╕╨╡: ╨▓╨║╨╗╤О╤З╨╡╨╜╨╕╨╡ ╤Д╨░╨╣╨╗╨░:     C:\Qt\6.10.3\msvc2022_64\include\QtQml/qtqmlexports.h
╨Я╤А╨╕╨╝╨╡╤З╨░╨╜╨╕╨╡: ╨▓╨║╨╗╤О╤З╨╡╨╜╨╕╨╡ ╤Д╨░╨╣╨╗╨░:      C:\Qt\6.10.3\msvc2022_64\include\QtCore/qcompilerdetection.h
╨Я╤А╨╕╨╝╨╡╤З╨░╨╜╨╕╨╡: ╨▓╨║╨╗╤О╤З╨╡╨╜╨╕╨╡ ╤Д╨░╨╣╨╗╨░:    C:\Qt\6.10.3\msvc2022_64\include\QtQml/qjsnumbercoercion.h
╨Я╤А╨╕╨╝╨╡╤З╨░╨╜╨╕╨╡: ╨▓╨║╨╗╤О╤З╨╡╨╜╨╕╨╡ ╤Д╨░╨╣╨╗╨░:      C:\Qt\6.10.3\msvc2022_64\include\QtCore/qoverload.h
╨Я╤А╨╕╨╝╨╡╤З╨░╨╜╨╕╨╡: ╨▓╨║╨╗╤О╤З╨╡╨╜╨╕╨╡ ╤Д╨░╨╣╨╗╨░:      C:\Qt\6.10.3\msvc2022_64\include\QtCore/qswap.h
╨Я╤А╨╕╨╝╨╡╤З╨░╨╜╨╕╨╡: ╨▓╨║╨╗╤О╤З╨╡╨╜╨╕╨╡ ╤Д╨░╨╣╨╗╨░:    C:\Qt\6.10.3\msvc2022_64\include\QtCore/qstring.h
╨Я╤А╨╕╨╝╨╡╤З╨░╨╜╨╕╨╡: ╨▓╨║╨╗╤О╤З╨╡╨╜╨╕╨╡ ╤Д╨░╨╣╨╗╨░:      C:\Qt\6.10.3\msvc2022_64\include\QtCore/qtenvironmentvariables.h
╨Я╤А╨╕╨╝╨╡╤З╨░╨╜╨╕╨╡: ╨▓╨║╨╗╤О╤З╨╡╨╜╨╕╨╡ ╤Д╨░╨╣╨╗╨░:     C:\Qt\6.10.3\msvc2022_64\include\QtCore/qchar.h
╨Я╤А╨╕╨╝╨╡╤З╨░╨╜╨╕╨╡: ╨▓╨║╨╗╤О╤З╨╡╨╜╨╕╨╡ ╤Д╨░╨╣╨╗╨░:      C:\Qt\6.10.3\msvc2022_64\include\QtCore/qcompare.h
╨Я╤А╨╕╨╝╨╡╤З╨░╨╜╨╕╨╡: ╨▓╨║╨╗╤О╤З╨╡╨╜╨╕╨╡ ╤Д╨░╨╣╨╗╨░:       C:\Qt\6.10.3\msvc2022_64\include\QtCore/qstdlibdetection.h
╨Я╤А╨╕╨╝╨╡╤З╨░╨╜╨╕╨╡: ╨▓╨║╨╗╤О╤З╨╡╨╜╨╕╨╡ ╤Д╨░╨╣╨╗╨░:      C:\Qt\6.10.3\msvc2022_64\include\QtCore/qtresource.h
╨Я╤А╨╕╨╝╨╡╤З╨░╨╜╨╕╨╡: ╨▓╨║╨╗╤О╤З╨╡╨╜╨╕╨╡ ╤Д╨░╨╣╨╗╨░:      C:\Qt\6.10.3\msvc2022_64\include\QtCore/qttranslation.h
╨Я╤А╨╕╨╝╨╡╤З╨░╨╜╨╕╨╡: ╨▓╨║╨╗╤О╤З╨╡╨╜╨╕╨╡ ╤Д╨░╨╣╨╗╨░:      C:\Qt\6.10.3\msvc2022_64\include\QtCore/qversiontagging.h
╨Я╤А╨╕╨╝╨╡╤З╨░╨╜╨╕╨╡: ╨▓╨║╨╗╤О╤З╨╡╨╜╨╕╨╡ ╤Д╨░╨╣╨╗╨░:       C:\Qt\6.10.3\msvc2022_64\include\QtCore/qcompilerdetection.h
╨Я╤А╨╕╨╝╨╡╤З╨░╨╜╨╕╨╡: ╨▓╨║╨╗╤О╤З╨╡╨╜╨╕╨╡ ╤Д╨░╨╣╨╗╨░:     C:\Qt\6.10.3\msvc2022_64\include\QtQml/qtqml-config.h
╨Я╤А╨╕╨╝╨╡╤З╨░╨╜╨╕╨╡: ╨▓╨║╨╗╤О╤З╨╡╨╜╨╕╨╡ ╤Д╨░╨╣╨╗╨░:     C:\Qt\6.10.3\msvc2022_64\include\QtNetwork/qtnetworkglobal.h
╨Я╤А╨╕╨╝╨╡╤З╨░╨╜╨╕╨╡: ╨▓╨║╨╗╤О╤З╨╡╨╜╨╕╨╡ ╤Д╨░╨╣╨╗╨░:      C:\Qt\6.10.3\msvc2022_64\include\QtCore/qtcoreglobal.h
╨Я╤А╨╕╨╝╨╡╤З╨░╨╜╨╕╨╡: ╨▓╨║╨╗╤О╤З╨╡╨╜╨╕╨╡ ╤Д╨░╨╣╨╗╨░:      C:\Qt\6.10.3\msvc2022_64\include\QtNetwork/qtnetwork-config.h
╨Я╤А╨╕╨╝╨╡╤З╨░╨╜╨╕╨╡: ╨▓╨║╨╗╤О╤З╨╡╨╜╨╕╨╡ ╤Д╨░╨╣╨╗╨░:      C:\Qt\6.10.3\msvc2022_64\include\QtNetwork/qtnetworkexports.h
╨Я╤А╨╕╨╝╨╡╤З╨░╨╜╨╕╨╡: ╨▓╨║╨╗╤О╤З╨╡╨╜╨╕╨╡ ╤Д╨░╨╣╨╗╨░:       C:\Qt\6.10.3\msvc2022_64\include\QtCore/qcompilerdetection.h
╨Я╤А╨╕╨╝╨╡╤З╨░╨╜╨╕╨╡: ╨▓╨║╨╗╤О╤З╨╡╨╜╨╕╨╡ ╤Д╨░╨╣╨╗╨░:     C:\Qt\6.10.3\msvc2022_64\include\QtQml/qtqmlexports.h
╨Я╤А╨╕╨╝╨╡╤З╨░╨╜╨╕╨╡: ╨▓╨║╨╗╤О╤З╨╡╨╜╨╕╨╡ ╤Д╨░╨╣╨╗╨░:      C:\Qt\6.10.3\msvc2022_64\include\QtCore/qcompilerdetection.h
╨Я╤А╨╕╨╝╨╡╤З╨░╨╜╨╕╨╡: ╨▓╨║╨╗╤О╤З╨╡╨╜╨╕╨╡ ╤Д╨░╨╣╨╗╨░:    C:\Qt\6.10.3\msvc2022_64\include\QtQml/qjsnumbercoercion.h
╨Я╤А╨╕╨╝╨╡╤З╨░╨╜╨╕╨╡: ╨▓╨║╨╗╤О╤З╨╡╨╜╨╕╨╡ ╤Д╨░╨╣╨╗╨░:    C:\Qt\6.10.3\msvc2022_64\include\QtCore/qstring.h
╨Я╤А╨╕╨╝╨╡╤З╨░╨╜╨╕╨╡: ╨▓╨║╨╗╤О╤З╨╡╨╜╨╕╨╡ ╤Д╨░╨╣╨╗╨░:     C:\Qt\6.10.3\msvc2022_64\include\QtCore/qchar.h
╨Я╤А╨╕╨╝╨╡╤З╨░╨╜╨╕╨╡: ╨▓╨║╨╗╤О╤З╨╡╨╜╨╕╨╡ ╤Д╨░╨╣╨╗╨░:      C:\Qt\6.10.3\msvc2022_64\include\QtCore/qcompare.h
╨Я╤А╨╕╨╝╨╡╤З╨░╨╜╨╕╨╡: ╨▓╨║╨╗╤О╤З╨╡╨╜╨╕╨╡ ╤Д╨░╨╣╨╗╨░:       C:\Qt\6.10.3\msvc2022_64\include\QtCore/qstdlibdetection.h
╨Я╤А╨╕╨╝╨╡╤З╨░╨╜╨╕╨╡: ╨▓╨║╨╗╤О╤З╨╡╨╜╨╕╨╡ ╤Д╨░╨╣╨╗╨░:       C:\Qt\6.10.3\msvc2022_64\include\QtCore/qcomparehelpers.h
╨Я╤А╨╕╨╝╨╡╤З╨░╨╜╨╕╨╡: ╨▓╨║╨╗╤О╤З╨╡╨╜╨╕╨╡ ╤Д╨░╨╣╨╗╨░:        C:\Program Files\Microsoft Visual Studio\18\Community\VC\Tools\MSVC\14.51.36231\include\functional
╨Я╤А╨╕╨╝╨╡╤З╨░╨╜╨╕╨╡: ╨▓╨║╨╗╤О╤З╨╡╨╜╨╕╨╡ ╤Д╨░╨╣╨╗╨░:         C:\Program Files\Microsoft Visual Studio\18\Community\VC\Tools\MSVC\14.51.36231\include\typeinfo
╨Я╤А╨╕╨╝╨╡╤З╨░╨╜╨╕╨╡: ╨▓╨║╨╗╤О╤З╨╡╨╜╨╕╨╡ ╤Д╨░╨╣╨╗╨░:          C:\Program Files\Microsoft Visual Studio\18\Community\VC\Tools\MSVC\14.51.36231\include\vcruntime_typeinfo.h
╨Я╤А╨╕╨╝╨╡╤З╨░╨╜╨╕╨╡: ╨▓╨║╨╗╤О╤З╨╡╨╜╨╕╨╡ ╤Д╨░╨╣╨╗╨░:         C:\Program Files\Microsoft Visual Studio\18\Community\VC\Tools\MSVC\14.51.36231\include\unordered_map
╨Я╤А╨╕╨╝╨╡╤З╨░╨╜╨╕╨╡: ╨▓╨║╨╗╤О╤З╨╡╨╜╨╕╨╡ ╤Д╨░╨╣╨╗╨░:          C:\Program Files\Microsoft Visual Studio\18\Community\VC\Tools\MSVC\14.51.36231\include\xhash
╨Я╤А╨╕╨╝╨╡╤З╨░╨╜╨╕╨╡: ╨▓╨║╨╗╤О╤З╨╡╨╜╨╕╨╡ ╤Д╨░╨╣╨╗╨░:           C:\Program Files\Microsoft Visual Studio\18\Community\VC\Tools\MSVC\14.51.36231\include\list
╨Я╤А╨╕╨╝╨╡╤З╨░╨╜╨╕╨╡: ╨▓╨║╨╗╤О╤З╨╡╨╜╨╕╨╡ ╤Д╨░╨╣╨╗╨░:            C:\Program Files\Microsoft Visual Studio\18\Community\VC\Tools\MSVC\14.51.36231\include\xpolymorphic_allocator.h
╨Я╤А╨╕╨╝╨╡╤З╨░╨╜╨╕╨╡: ╨▓╨║╨╗╤О╤З╨╡╨╜╨╕╨╡ ╤Д╨░╨╣╨╗╨░:       C:\Qt\6.10.3\msvc2022_64\include\QtCore/qcomparehelpers.h
╨Я╤А╨╕╨╝╨╡╤З╨░╨╜╨╕╨╡: ╨▓╨║╨╗╤О╤З╨╡╨╜╨╕╨╡ ╤Д╨░╨╣╨╗╨░:        C:\Program Files\Microsoft Visual Studio\18\Community\VC\Tools\MSVC\14.51.36231\include\functional
╨Я╤А╨╕╨╝╨╡╤З╨░╨╜╨╕╨╡: ╨▓╨║╨╗╤О╤З╨╡╨╜╨╕╨╡ ╤Д╨░╨╣╨╗╨░:         C:\Program Files\Microsoft Visual Studio\18\Community\VC\Tools\MSVC\14.51.36231\include\typeinfo
╨Я╤А╨╕╨╝╨╡╤З╨░╨╜╨╕╨╡: ╨▓╨║╨╗╤О╤З╨╡╨╜╨╕╨╡ ╤Д╨░╨╣╨╗╨░:          C:\Program Files\Microsoft Visual Studio\18\Community\VC\Tools\MSVC\14.51.36231\include\vcruntime_typeinfo.h
╨Я╤А╨╕╨╝╨╡╤З╨░╨╜╨╕╨╡: ╨▓╨║╨╗╤О╤З╨╡╨╜╨╕╨╡ ╤Д╨░╨╣╨╗╨░:         C:\Program Files\Microsoft Visual Studio\18\Community\VC\Tools\MSVC\14.51.36231\include\unordered_map
╨Я╤А╨╕╨╝╨╡╤З╨░╨╜╨╕╨╡: ╨▓╨║╨╗╤О╤З╨╡╨╜╨╕╨╡ ╤Д╨░╨╣╨╗╨░:          C:\Program Files\Microsoft Visual Studio\18\Community\VC\Tools\MSVC\14.51.36231\include\xhash
╨Я╤А╨╕╨╝╨╡╤З╨░╨╜╨╕╨╡: ╨▓╨║╨╗╤О╤З╨╡╨╜╨╕╨╡ ╤Д╨░╨╣╨╗╨░:           C:\Program Files\Microsoft Visual Studio\18\Community\VC\Tools\MSVC\14.51.36231\include\list
╨Я╤А╨╕╨╝╨╡╤З╨░╨╜╨╕╨╡: ╨▓╨║╨╗╤О╤З╨╡╨╜╨╕╨╡ ╤Д╨░╨╣╨╗╨░:            C:\Program Files\Microsoft Visual Studio\18\Community\VC\Tools\MSVC\14.51.36231\include\xpolymorphic_allocator.h
╨Я╤А╨╕╨╝╨╡╤З╨░╨╜╨╕╨╡: ╨▓╨║╨╗╤О╤З╨╡╨╜╨╕╨╡ ╤Д╨░╨╣╨╗╨░:           C:\Program Files\Microsoft Visual Studio\18\Community\VC\Tools\MSVC\14.51.36231\include\vector
╨Я╤А╨╕╨╝╨╡╤З╨░╨╜╨╕╨╡: ╨▓╨║╨╗╤О╤З╨╡╨╜╨╕╨╡ ╤Д╨░╨╣╨╗╨░:           C:\Program Files\Microsoft Visual Studio\18\Community\VC\Tools\MSVC\14.51.36231\include\vector
╨Я╤А╨╕╨╝╨╡╤З╨░╨╜╨╕╨╡: ╨▓╨║╨╗╤О╤З╨╡╨╜╨╕╨╡ ╤Д╨░╨╣╨╗╨░:           C:\Program Files\Microsoft Visual Studio\18\Community\VC\Tools\MSVC\14.51.36231\include\xbit_ops.h
╨Я╤А╨╕╨╝╨╡╤З╨░╨╜╨╕╨╡: ╨▓╨║╨╗╤О╤З╨╡╨╜╨╕╨╡ ╤Д╨░╨╣╨╗╨░:           C:\Program Files\Microsoft Visual Studio\18\Community\VC\Tools\MSVC\14.51.36231\include\xnode_handle.h
╨Я╤А╨╕╨╝╨╡╤З╨░╨╜╨╕╨╡: ╨▓╨║╨╗╤О╤З╨╡╨╜╨╕╨╡ ╤Д╨░╨╣╨╗╨░:           C:\Program Files\Microsoft Visual Studio\18\Community\VC\Tools\MSVC\14.51.36231\include\xbit_ops.h
╨Я╤А╨╕╨╝╨╡╤З╨░╨╜╨╕╨╡: ╨▓╨║╨╗╤О╤З╨╡╨╜╨╕╨╡ ╤Д╨░╨╣╨╗╨░:           C:\Program Files\Microsoft Visual Studio\18\Community\VC\Tools\MSVC\14.51.36231\include\xnode_handle.h
╨Я╤А╨╕╨╝╨╡╤З╨░╨╜╨╕╨╡: ╨▓╨║╨╗╤О╤З╨╡╨╜╨╕╨╡ ╤Д╨░╨╣╨╗╨░:      C:\Qt\6.10.3\msvc2022_64\include\QtCore/qstringview.h
╨Я╤А╨╕╨╝╨╡╤З╨░╨╜╨╕╨╡: ╨▓╨║╨╗╤О╤З╨╡╨╜╨╕╨╡ ╤Д╨░╨╣╨╗╨░:       C:\Qt\6.10.3\msvc2022_64\include\QtCore/qchar.h
╨Я╤А╨╕╨╝╨╡╤З╨░╨╜╨╕╨╡: ╨▓╨║╨╗╤О╤З╨╡╨╜╨╕╨╡ ╤Д╨░╨╣╨╗╨░:        C:\Qt\6.10.3\msvc2022_64\include\QtCore/qstringview.h
╨Я╤А╨╕╨╝╨╡╤З╨░╨╜╨╕╨╡: ╨▓╨║╨╗╤О╤З╨╡╨╜╨╕╨╡ ╤Д╨░╨╣╨╗╨░:       C:\Qt\6.10.3\msvc2022_64\include\QtCore/qbytearray.h
╨Я╤А╨╕╨╝╨╡╤З╨░╨╜╨╕╨╡: ╨▓╨║╨╗╤О╤З╨╡╨╜╨╕╨╡ ╤Д╨░╨╣╨╗╨░:        C:\Qt\6.10.3\msvc2022_64\include\QtCore/qrefcount.h
╨Я╤А╨╕╨╝╨╡╤З╨░╨╜╨╕╨╡: ╨▓╨║╨╗╤О╤З╨╡╨╜╨╕╨╡ ╤Д╨░╨╣╨╗╨░:        C:\Qt\6.10.3\msvc2022_64\include\QtCore/qnamespace.h
╨Я╤А╨╕╨╝╨╡╤З╨░╨╜╨╕╨╡: ╨▓╨║╨╗╤О╤З╨╡╨╜╨╕╨╡ ╤Д╨░╨╣╨╗╨░:         C:\Qt\6.10.3\msvc2022_64\include\QtCore/qtmetamacros.h
╨Я╤А╨╕╨╝╨╡╤З╨░╨╜╨╕╨╡: ╨▓╨║╨╗╤О╤З╨╡╨╜╨╕╨╡ ╤Д╨░╨╣╨╗╨░:      C:\Qt\6.10.3\msvc2022_64\include\QtCore/qstringview.h
╨Я╤А╨╕╨╝╨╡╤З╨░╨╜╨╕╨╡: ╨▓╨║╨╗╤О╤З╨╡╨╜╨╕╨╡ ╤Д╨░╨╣╨╗╨░:       C:\Qt\6.10.3\msvc2022_64\include\QtCore/qchar.h
╨Я╤А╨╕╨╝╨╡╤З╨░╨╜╨╕╨╡: ╨▓╨║╨╗╤О╤З╨╡╨╜╨╕╨╡ ╤Д╨░╨╣╨╗╨░:        C:\Qt\6.10.3\msvc2022_64\include\QtCore/qstringview.h
╨Я╤А╨╕╨╝╨╡╤З╨░╨╜╨╕╨╡: ╨▓╨║╨╗╤О╤З╨╡╨╜╨╕╨╡ ╤Д╨░╨╣╨╗╨░:       C:\Qt\6.10.3\msvc2022_64\include\QtCore/qbytearray.h
╨Я╤А╨╕╨╝╨╡╤З╨░╨╜╨╕╨╡: ╨▓╨║╨╗╤О╤З╨╡╨╜╨╕╨╡ ╤Д╨░╨╣╨╗╨░:        C:\Qt\6.10.3\msvc2022_64\include\QtCore/qrefcount.h
╨Я╤А╨╕╨╝╨╡╤З╨░╨╜╨╕╨╡: ╨▓╨║╨╗╤О╤З╨╡╨╜╨╕╨╡ ╤Д╨░╨╣╨╗╨░:        C:\Qt\6.10.3\msvc2022_64\include\QtCore/qnamespace.h
╨Я╤А╨╕╨╝╨╡╤З╨░╨╜╨╕╨╡: ╨▓╨║╨╗╤О╤З╨╡╨╜╨╕╨╡ ╤Д╨░╨╣╨╗╨░:         C:\Qt\6.10.3\msvc2022_64\include\QtCore/qtmetamacros.h
╨Я╤А╨╕╨╝╨╡╤З╨░╨╜╨╕╨╡: ╨▓╨║╨╗╤О╤З╨╡╨╜╨╕╨╡ ╤Д╨░╨╣╨╗╨░:        C:\Qt\6.10.3\msvc2022_64\include\QtCore/qarraydata.h
╨Я╤А╨╕╨╝╨╡╤З╨░╨╜╨╕╨╡: ╨▓╨║╨╗╤О╤З╨╡╨╜╨╕╨╡ ╤Д╨░╨╣╨╗╨░:         C:\Qt\6.10.3\msvc2022_64\include\QtCore/qpair.h
╨Я╤А╨╕╨╝╨╡╤З╨░╨╜╨╕╨╡: ╨▓╨║╨╗╤О╤З╨╡╨╜╨╕╨╡ ╤Д╨░╨╣╨╗╨░:        C:\Qt\6.10.3\msvc2022_64\include\QtCore/qarraydatapointer.h
╨Я╤А╨╕╨╝╨╡╤З╨░╨╜╨╕╨╡: ╨▓╨║╨╗╤О╤З╨╡╨╜╨╕╨╡ ╤Д╨░╨╣╨╗╨░:         C:\Qt\6.10.3\msvc2022_64\include\QtCore/qarraydataops.h
╨Я╤А╨╕╨╝╨╡╤З╨░╨╜╨╕╨╡: ╨▓╨║╨╗╤О╤З╨╡╨╜╨╕╨╡ ╤Д╨░╨╣╨╗╨░:          C:\Qt\6.10.3\msvc2022_64\include\QtCore/qcontainertools_impl.h
╨Я╤А╨╕╨╝╨╡╤З╨░╨╜╨╕╨╡: ╨▓╨║╨╗╤О╤З╨╡╨╜╨╕╨╡ ╤Д╨░╨╣╨╗╨░:           C:\Qt\6.10.3\msvc2022_64\include\QtCore/qxptype_traits.h
╨Я╤А╨╕╨╝╨╡╤З╨░╨╜╨╕╨╡: ╨▓╨║╨╗╤О╤З╨╡╨╜╨╕╨╡ ╤Д╨░╨╣╨╗╨░:            C:\Qt\6.10.3\msvc2022_64\include\QtCore/qcompilerdetection.h
╨Я╤А╨╕╨╝╨╡╤З╨░╨╜╨╕╨╡: ╨▓╨║╨╗╤О╤З╨╡╨╜╨╕╨╡ ╤Д╨░╨╣╨╗╨░:            C:\Qt\6.10.3\msvc2022_64\include\QtCore/q23type_traits.h
╨Я╤А╨╕╨╝╨╡╤З╨░╨╜╨╕╨╡: ╨▓╨║╨╗╤О╤З╨╡╨╜╨╕╨╡ ╤Д╨░╨╣╨╗╨░:        C:\Qt\6.10.3\msvc2022_64\include\QtCore/qarraydata.h
╨Я╤А╨╕╨╝╨╡╤З╨░╨╜╨╕╨╡: ╨▓╨║╨╗╤О╤З╨╡╨╜╨╕╨╡ ╤Д╨░╨╣╨╗╨░:           C:\Program Files\Microsoft Visual Studio\18\Community\VC\Tools\MSVC\14.51.36231\include\iterator
╨Я╤А╨╕╨╝╨╡╤З╨░╨╜╨╕╨╡: ╨▓╨║╨╗╤О╤З╨╡╨╜╨╕╨╡ ╤Д╨░╨╣╨╗╨░:         C:\Qt\6.10.3\msvc2022_64\include\QtCore/qpair.h
╨Я╤А╨╕╨╝╨╡╤З╨░╨╜╨╕╨╡: ╨▓╨║╨╗╤О╤З╨╡╨╜╨╕╨╡ ╤Д╨░╨╣╨╗╨░:            C:\Program Files\Microsoft Visual Studio\18\Community\VC\Tools\MSVC\14.51.36231\include\iosfwd
╨Я╤А╨╕╨╝╨╡╤З╨░╨╜╨╕╨╡: ╨▓╨║╨╗╤О╤З╨╡╨╜╨╕╨╡ ╤Д╨░╨╣╨╗╨░:        C:\Qt\6.10.3\msvc2022_64\include\QtCore/qarraydatapointer.h
╨Я╤А╨╕╨╝╨╡╤З╨░╨╜╨╕╨╡: ╨▓╨║╨╗╤О╤З╨╡╨╜╨╕╨╡ ╤Д╨░╨╣╨╗╨░:         C:\Qt\6.10.3\msvc2022_64\include\QtCore/qarraydataops.h
╨Я╤А╨╕╨╝╨╡╤З╨░╨╜╨╕╨╡: ╨▓╨║╨╗╤О╤З╨╡╨╜╨╕╨╡ ╤Д╨░╨╣╨╗╨░:          C:\Qt\6.10.3\msvc2022_64\include\QtCore/qcontainertools_impl.h
╨Я╤А╨╕╨╝╨╡╤З╨░╨╜╨╕╨╡: ╨▓╨║╨╗╤О╤З╨╡╨╜╨╕╨╡ ╤Д╨░╨╣╨╗╨░:           C:\Qt\6.10.3\msvc2022_64\include\QtCore/qxptype_traits.h
╨Я╤А╨╕╨╝╨╡╤З╨░╨╜╨╕╨╡: ╨▓╨║╨╗╤О╤З╨╡╨╜╨╕╨╡ ╤Д╨░╨╣╨╗╨░:            C:\Qt\6.10.3\msvc2022_64\include\QtCore/qcompilerdetection.h
╨Я╤А╨╕╨╝╨╡╤З╨░╨╜╨╕╨╡: ╨▓╨║╨╗╤О╤З╨╡╨╜╨╕╨╡ ╤Д╨░╨╣╨╗╨░:            C:\Qt\6.10.3\msvc2022_64\include\QtCore/q23type_traits.h
╨Я╤А╨╕╨╝╨╡╤З╨░╨╜╨╕╨╡: ╨▓╨║╨╗╤О╤З╨╡╨╜╨╕╨╡ ╤Д╨░╨╣╨╗╨░:           C:\Program Files\Microsoft Visual Studio\18\Community\VC\Tools\MSVC\14.51.36231\include\memory
╨Я╤А╨╕╨╝╨╡╤З╨░╨╜╨╕╨╡: ╨▓╨║╨╗╤О╤З╨╡╨╜╨╕╨╡ ╤Д╨░╨╣╨╗╨░:           C:\Program Files\Microsoft Visual Studio\18\Community\VC\Tools\MSVC\14.51.36231\include\iterator
╨Я╤А╨╕╨╝╨╡╤З╨░╨╜╨╕╨╡: ╨▓╨║╨╗╤О╤З╨╡╨╜╨╕╨╡ ╤Д╨░╨╣╨╗╨░:            C:\Program Files\Microsoft Visual Studio\18\Community\VC\Tools\MSVC\14.51.36231\include\iosfwd
╨Я╤А╨╕╨╝╨╡╤З╨░╨╜╨╕╨╡: ╨▓╨║╨╗╤О╤З╨╡╨╜╨╕╨╡ ╤Д╨░╨╣╨╗╨░:           C:\Program Files\Microsoft Visual Studio\18\Community\VC\Tools\MSVC\14.51.36231\include\memory
╨Я╤А╨╕╨╝╨╡╤З╨░╨╜╨╕╨╡: ╨▓╨║╨╗╤О╤З╨╡╨╜╨╕╨╡ ╤Д╨░╨╣╨╗╨░:         C:\Qt\6.10.3\msvc2022_64\include\QtCore/qcontainertools_impl.h
╨Я╤А╨╕╨╝╨╡╤З╨░╨╜╨╕╨╡: ╨▓╨║╨╗╤О╤З╨╡╨╜╨╕╨╡ ╤Д╨░╨╣╨╗╨░:         C:\Qt\6.10.3\msvc2022_64\include\QtCore/q20functional.h
╨Я╤А╨╕╨╝╨╡╤З╨░╨╜╨╕╨╡: ╨▓╨║╨╗╤О╤З╨╡╨╜╨╕╨╡ ╤Д╨░╨╣╨╗╨░:         C:\Qt\6.10.3\msvc2022_64\include\QtCore/q20memory.h
╨Я╤А╨╕╨╝╨╡╤З╨░╨╜╨╕╨╡: ╨▓╨║╨╗╤О╤З╨╡╨╜╨╕╨╡ ╤Д╨░╨╣╨╗╨░:          C:\Qt\6.10.3\msvc2022_64\include\QtCore/q17memory.h
╨Я╤А╨╕╨╝╨╡╤З╨░╨╜╨╕╨╡: ╨▓╨║╨╗╤О╤З╨╡╨╜╨╕╨╡ ╤Д╨░╨╣╨╗╨░:        C:\Qt\6.10.3\msvc2022_64\include\QtCore/qbytearrayalgorithms.h
╨Я╤А╨╕╨╝╨╡╤З╨░╨╜╨╕╨╡: ╨▓╨║╨╗╤О╤З╨╡╨╜╨╕╨╡ ╤Д╨░╨╣╨╗╨░:         C:\Program Files\Microsoft Visual Studio\18\Community\VC\Tools\MSVC\14.51.36231\include\stdarg.h
╨Я╤А╨╕╨╝╨╡╤З╨░╨╜╨╕╨╡: ╨▓╨║╨╗╤О╤З╨╡╨╜╨╕╨╡ ╤Д╨░╨╣╨╗╨░:         C:\Qt\6.10.3\msvc2022_64\include\QtCore/qcontainertools_impl.h
╨Я╤А╨╕╨╝╨╡╤З╨░╨╜╨╕╨╡: ╨▓╨║╨╗╤О╤З╨╡╨╜╨╕╨╡ ╤Д╨░╨╣╨╗╨░:         C:\Qt\6.10.3\msvc2022_64\include\QtCore/q20functional.h
╨Я╤А╨╕╨╝╨╡╤З╨░╨╜╨╕╨╡: ╨▓╨║╨╗╤О╤З╨╡╨╜╨╕╨╡ ╤Д╨░╨╣╨╗╨░:         C:\Qt\6.10.3\msvc2022_64\include\QtCore/q20memory.h
╨Я╤А╨╕╨╝╨╡╤З╨░╨╜╨╕╨╡: ╨▓╨║╨╗╤О╤З╨╡╨╜╨╕╨╡ ╤Д╨░╨╣╨╗╨░:          C:\Qt\6.10.3\msvc2022_64\include\QtCore/q17memory.h
╨Я╤А╨╕╨╝╨╡╤З╨░╨╜╨╕╨╡: ╨▓╨║╨╗╤О╤З╨╡╨╜╨╕╨╡ ╤Д╨░╨╣╨╗╨░:        C:\Qt\6.10.3\msvc2022_64\include\QtCore/qbytearrayview.h
╨Я╤А╨╕╨╝╨╡╤З╨░╨╜╨╕╨╡: ╨▓╨║╨╗╤О╤З╨╡╨╜╨╕╨╡ ╤Д╨░╨╣╨╗╨░:         C:\Qt\6.10.3\msvc2022_64\include\QtCore/qstringfwd.h
╨Я╤А╨╕╨╝╨╡╤З╨░╨╜╨╕╨╡: ╨▓╨║╨╗╤О╤З╨╡╨╜╨╕╨╡ ╤Д╨░╨╣╨╗╨░:         C:\Program Files\Microsoft Visual Studio\18\Community\VC\Tools\MSVC\14.51.36231\include\string
╨Я╤А╨╕╨╝╨╡╤З╨░╨╜╨╕╨╡: ╨▓╨║╨╗╤О╤З╨╡╨╜╨╕╨╡ ╤Д╨░╨╣╨╗╨░:          C:\Program Files\Microsoft Visual Studio\18\Community\VC\Tools\MSVC\14.51.36231\include\xstring
╨Я╤А╨╕╨╝╨╡╤З╨░╨╜╨╕╨╡: ╨▓╨║╨╗╤О╤З╨╡╨╜╨╕╨╡ ╤Д╨░╨╣╨╗╨░:           C:\Program Files\Microsoft Visual Studio\18\Community\VC\Tools\MSVC\14.51.36231\include\__msvc_string_view.hpp
╨Я╤А╨╕╨╝╨╡╤З╨░╨╜╨╕╨╡: ╨▓╨║╨╗╤О╤З╨╡╨╜╨╕╨╡ ╤Д╨░╨╣╨╗╨░:        C:\Qt\6.10.3\msvc2022_64\include\QtCore/qbytearrayalgorithms.h
╨Я╤А╨╕╨╝╨╡╤З╨░╨╜╨╕╨╡: ╨▓╨║╨╗╤О╤З╨╡╨╜╨╕╨╡ ╤Д╨░╨╣╨╗╨░:         C:\Program Files\Microsoft Visual Studio\18\Community\VC\Tools\MSVC\14.51.36231\include\stdarg.h
╨Я╤А╨╕╨╝╨╡╤З╨░╨╜╨╕╨╡: ╨▓╨║╨╗╤О╤З╨╡╨╜╨╕╨╡ ╤Д╨░╨╣╨╗╨░:        C:\Qt\6.10.3\msvc2022_64\include\QtCore/qbytearrayview.h
╨Я╤А╨╕╨╝╨╡╤З╨░╨╜╨╕╨╡: ╨▓╨║╨╗╤О╤З╨╡╨╜╨╕╨╡ ╤Д╨░╨╣╨╗╨░:         C:\Qt\6.10.3\msvc2022_64\include\QtCore/qstringfwd.h
╨Я╤А╨╕╨╝╨╡╤З╨░╨╜╨╕╨╡: ╨▓╨║╨╗╤О╤З╨╡╨╜╨╕╨╡ ╤Д╨░╨╣╨╗╨░:         C:\Program Files\Microsoft Visual Studio\18\Community\VC\Tools\MSVC\14.51.36231\include\string
╨Я╤А╨╕╨╝╨╡╤З╨░╨╜╨╕╨╡: ╨▓╨║╨╗╤О╤З╨╡╨╜╨╕╨╡ ╤Д╨░╨╣╨╗╨░:          C:\Program Files\Microsoft Visual Studio\18\Community\VC\Tools\MSVC\14.51.36231\include\xstring
╨Я╤А╨╕╨╝╨╡╤З╨░╨╜╨╕╨╡: ╨▓╨║╨╗╤О╤З╨╡╨╜╨╕╨╡ ╤Д╨░╨╣╨╗╨░:           C:\Program Files\Microsoft Visual Studio\18\Community\VC\Tools\MSVC\14.51.36231\include\__msvc_string_view.hpp
╨Я╤А╨╕╨╝╨╡╤З╨░╨╜╨╕╨╡: ╨▓╨║╨╗╤О╤З╨╡╨╜╨╕╨╡ ╤Д╨░╨╣╨╗╨░:          C:\Program Files\Microsoft Visual Studio\18\Community\VC\Tools\MSVC\14.51.36231\include\cctype
╨Я╤А╨╕╨╝╨╡╤З╨░╨╜╨╕╨╡: ╨▓╨║╨╗╤О╤З╨╡╨╜╨╕╨╡ ╤Д╨░╨╣╨╗╨░:           C:\Program Files (x86)\Windows Kits\10\include\10.0.26100.0\ucrt\ctype.h
╨Я╤А╨╕╨╝╨╡╤З╨░╨╜╨╕╨╡: ╨▓╨║╨╗╤О╤З╨╡╨╜╨╕╨╡ ╤Д╨░╨╣╨╗╨░:          C:\Program Files\Microsoft Visual Studio\18\Community\VC\Tools\MSVC\14.51.36231\include\cctype
╨Я╤А╨╕╨╝╨╡╤З╨░╨╜╨╕╨╡: ╨▓╨║╨╗╤О╤З╨╡╨╜╨╕╨╡ ╤Д╨░╨╣╨╗╨░:           C:\Program Files (x86)\Windows Kits\10\include\10.0.26100.0\ucrt\ctype.h
╨Я╤А╨╕╨╝╨╡╤З╨░╨╜╨╕╨╡: ╨▓╨║╨╗╤О╤З╨╡╨╜╨╕╨╡ ╤Д╨░╨╣╨╗╨░:         C:\Program Files\Microsoft Visual Studio\18\Community\VC\Tools\MSVC\14.51.36231\include\string_view
╨Я╤А╨╕╨╝╨╡╤З╨░╨╜╨╕╨╡: ╨▓╨║╨╗╤О╤З╨╡╨╜╨╕╨╡ ╤Д╨░╨╣╨╗╨░:         C:\Program Files\Microsoft Visual Studio\18\Community\VC\Tools\MSVC\14.51.36231\include\string_view
╨Я╤А╨╕╨╝╨╡╤З╨░╨╜╨╕╨╡: ╨▓╨║╨╗╤О╤З╨╡╨╜╨╕╨╡ ╤Д╨░╨╣╨╗╨░:       C:\Qt\6.10.3\msvc2022_64\include\QtCore/qstringfwd.h
╨Я╤А╨╕╨╝╨╡╤З╨░╨╜╨╕╨╡: ╨▓╨║╨╗╤О╤З╨╡╨╜╨╕╨╡ ╤Д╨░╨╣╨╗╨░:       C:\Qt\6.10.3\msvc2022_64\include\QtCore/qstringalgorithms.h
╨Я╤А╨╕╨╝╨╡╤З╨░╨╜╨╕╨╡: ╨▓╨║╨╗╤О╤З╨╡╨╜╨╕╨╡ ╤Д╨░╨╣╨╗╨░:        C:\Qt\6.10.3\msvc2022_64\include\QtCore/qstringfwd.h
╨Я╤А╨╕╨╝╨╡╤З╨░╨╜╨╕╨╡: ╨▓╨║╨╗╤О╤З╨╡╨╜╨╕╨╡ ╤Д╨░╨╣╨╗╨░:       C:\Qt\6.10.3\msvc2022_64\include\QtCore/qstringfwd.h
╨Я╤А╨╕╨╝╨╡╤З╨░╨╜╨╕╨╡: ╨▓╨║╨╗╤О╤З╨╡╨╜╨╕╨╡ ╤Д╨░╨╣╨╗╨░:       C:\Qt\6.10.3\msvc2022_64\include\QtCore/qstringalgorithms.h
╨Я╤А╨╕╨╝╨╡╤З╨░╨╜╨╕╨╡: ╨▓╨║╨╗╤О╤З╨╡╨╜╨╕╨╡ ╤Д╨░╨╣╨╗╨░:        C:\Qt\6.10.3\msvc2022_64\include\QtCore/qstringfwd.h
╨Я╤А╨╕╨╝╨╡╤З╨░╨╜╨╕╨╡: ╨▓╨║╨╗╤О╤З╨╡╨╜╨╕╨╡ ╤Д╨░╨╣╨╗╨░:     C:\Qt\6.10.3\msvc2022_64\include\QtCore/qlatin1stringview.h
╨Я╤А╨╕╨╝╨╡╤З╨░╨╜╨╕╨╡: ╨▓╨║╨╗╤О╤З╨╡╨╜╨╕╨╡ ╤Д╨░╨╣╨╗╨░:      C:\Qt\6.10.3\msvc2022_64\include\QtCore/qchar.h
╨Я╤А╨╕╨╝╨╡╤З╨░╨╜╨╕╨╡: ╨▓╨║╨╗╤О╤З╨╡╨╜╨╕╨╡ ╤Д╨░╨╣╨╗╨░:      C:\Qt\6.10.3\msvc2022_64\include\QtCore/qstringfwd.h
╨Я╤А╨╕╨╝╨╡╤З╨░╨╜╨╕╨╡: ╨▓╨║╨╗╤О╤З╨╡╨╜╨╕╨╡ ╤Д╨░╨╣╨╗╨░:     C:\Qt\6.10.3\msvc2022_64\include\QtCore/qlatin1stringview.h
╨Я╤А╨╕╨╝╨╡╤З╨░╨╜╨╕╨╡: ╨▓╨║╨╗╤О╤З╨╡╨╜╨╕╨╡ ╤Д╨░╨╣╨╗╨░:      C:\Qt\6.10.3\msvc2022_64\include\QtCore/qchar.h
╨Я╤А╨╕╨╝╨╡╤З╨░╨╜╨╕╨╡: ╨▓╨║╨╗╤О╤З╨╡╨╜╨╕╨╡ ╤Д╨░╨╣╨╗╨░:      C:\Qt\6.10.3\msvc2022_64\include\QtCore/qstringfwd.h
╨Я╤А╨╕╨╝╨╡╤З╨░╨╜╨╕╨╡: ╨▓╨║╨╗╤О╤З╨╡╨╜╨╕╨╡ ╤Д╨░╨╣╨╗╨░:     C:\Qt\6.10.3\msvc2022_64\include\QtCore/qanystringview.h
╨Я╤А╨╕╨╝╨╡╤З╨░╨╜╨╕╨╡: ╨▓╨║╨╗╤О╤З╨╡╨╜╨╕╨╡ ╤Д╨░╨╣╨╗╨░:      C:\Qt\6.10.3\msvc2022_64\include\QtCore/qutf8stringview.h
╨Я╤А╨╕╨╝╨╡╤З╨░╨╜╨╕╨╡: ╨▓╨║╨╗╤О╤З╨╡╨╜╨╕╨╡ ╤Д╨░╨╣╨╗╨░:       C:\Qt\6.10.3\msvc2022_64\include\QtCore/qstringfwd.h
╨Я╤А╨╕╨╝╨╡╤З╨░╨╜╨╕╨╡: ╨▓╨║╨╗╤О╤З╨╡╨╜╨╕╨╡ ╤Д╨░╨╣╨╗╨░:     C:\Qt\6.10.3\msvc2022_64\include\QtCore/qanystringview.h
╨Я╤А╨╕╨╝╨╡╤З╨░╨╜╨╕╨╡: ╨▓╨║╨╗╤О╤З╨╡╨╜╨╕╨╡ ╤Д╨░╨╣╨╗╨░:      C:\Qt\6.10.3\msvc2022_64\include\QtCore/qutf8stringview.h
╨Я╤А╨╕╨╝╨╡╤З╨░╨╜╨╕╨╡: ╨▓╨║╨╗╤О╤З╨╡╨╜╨╕╨╡ ╤Д╨░╨╣╨╗╨░:       C:\Qt\6.10.3\msvc2022_64\include\QtCore/qstringfwd.h
╨Я╤А╨╕╨╝╨╡╤З╨░╨╜╨╕╨╡: ╨▓╨║╨╗╤О╤З╨╡╨╜╨╕╨╡ ╤Д╨░╨╣╨╗╨░:     C:\Qt\6.10.3\msvc2022_64\include\QtCore/qstringtokenizer.h
╨Я╤А╨╕╨╝╨╡╤З╨░╨╜╨╕╨╡: ╨▓╨║╨╗╤О╤З╨╡╨╜╨╕╨╡ ╤Д╨░╨╣╨╗╨░:     C:\Qt\6.10.3\msvc2022_64\include\QtCore/qstringtokenizer.h
╨Я╤А╨╕╨╝╨╡╤З╨░╨╜╨╕╨╡: ╨▓╨║╨╗╤О╤З╨╡╨╜╨╕╨╡ ╤Д╨░╨╣╨╗╨░:     C:\Qt\6.10.3\msvc2022_64\include\QtCore/qstringbuilder.h
╨Я╤А╨╕╨╝╨╡╤З╨░╨╜╨╕╨╡: ╨▓╨║╨╗╤О╤З╨╡╨╜╨╕╨╡ ╤Д╨░╨╣╨╗╨░:      C:\Qt\6.10.3\msvc2022_64\include\QtCore/qstring.h
╨Я╤А╨╕╨╝╨╡╤З╨░╨╜╨╕╨╡: ╨▓╨║╨╗╤О╤З╨╡╨╜╨╕╨╡ ╤Д╨░╨╣╨╗╨░:     C:\Qt\6.10.3\msvc2022_64\include\QtCore/qstringbuilder.h
╨Я╤А╨╕╨╝╨╡╤З╨░╨╜╨╕╨╡: ╨▓╨║╨╗╤О╤З╨╡╨╜╨╕╨╡ ╤Д╨░╨╣╨╗╨░:      C:\Qt\6.10.3\msvc2022_64\include\QtCore/qstring.h
╨Я╤А╨╕╨╝╨╡╤З╨░╨╜╨╕╨╡: ╨▓╨║╨╗╤О╤З╨╡╨╜╨╕╨╡ ╤Д╨░╨╣╨╗╨░:     C:\Qt\6.10.3\msvc2022_64\include\QtCore/qstringconverter.h
╨Я╤А╨╕╨╝╨╡╤З╨░╨╜╨╕╨╡: ╨▓╨║╨╗╤О╤З╨╡╨╜╨╕╨╡ ╤Д╨░╨╣╨╗╨░:      C:\Qt\6.10.3\msvc2022_64\include\QtCore/qstringconverter_base.h
╨Я╤А╨╕╨╝╨╡╤З╨░╨╜╨╕╨╡: ╨▓╨║╨╗╤О╤З╨╡╨╜╨╕╨╡ ╤Д╨░╨╣╨╗╨░:       C:\Qt\6.10.3\msvc2022_64\include\QtCore/qstringfwd.h
╨Я╤А╨╕╨╝╨╡╤З╨░╨╜╨╕╨╡: ╨▓╨║╨╗╤О╤З╨╡╨╜╨╕╨╡ ╤Д╨░╨╣╨╗╨░:     C:\Qt\6.10.3\msvc2022_64\include\QtCore/qstringconverter.h
╨Я╤А╨╕╨╝╨╡╤З╨░╨╜╨╕╨╡: ╨▓╨║╨╗╤О╤З╨╡╨╜╨╕╨╡ ╤Д╨░╨╣╨╗╨░:      C:\Qt\6.10.3\msvc2022_64\include\QtCore/qstringconverter_base.h
╨Я╤А╨╕╨╝╨╡╤З╨░╨╜╨╕╨╡: ╨▓╨║╨╗╤О╤З╨╡╨╜╨╕╨╡ ╤Д╨░╨╣╨╗╨░:       C:\Qt\6.10.3\msvc2022_64\include\QtCore/qstringfwd.h
╨Я╤А╨╕╨╝╨╡╤З╨░╨╜╨╕╨╡: ╨▓╨║╨╗╤О╤З╨╡╨╜╨╕╨╡ ╤Д╨░╨╣╨╗╨░:      C:\Qt\6.10.3\msvc2022_64\include\QtCore/qstring.h
╨Я╤А╨╕╨╝╨╡╤З╨░╨╜╨╕╨╡: ╨▓╨║╨╗╤О╤З╨╡╨╜╨╕╨╡ ╤Д╨░╨╣╨╗╨░:      C:\Qt\6.10.3\msvc2022_64\include\QtCore/qstringbuilder.h
╨Я╤А╨╕╨╝╨╡╤З╨░╨╜╨╕╨╡: ╨▓╨║╨╗╤О╤З╨╡╨╜╨╕╨╡ ╤Д╨░╨╣╨╗╨░:       C:\Qt\6.10.3\msvc2022_64\include\QtCore/qstring.h
╨Я╤А╨╕╨╝╨╡╤З╨░╨╜╨╕╨╡: ╨▓╨║╨╗╤О╤З╨╡╨╜╨╕╨╡ ╤Д╨░╨╣╨╗╨░:      C:\Qt\6.10.3\msvc2022_64\include\QtCore/qstring.h
╨Я╤А╨╕╨╝╨╡╤З╨░╨╜╨╕╨╡: ╨▓╨║╨╗╤О╤З╨╡╨╜╨╕╨╡ ╤Д╨░╨╣╨╗╨░:      C:\Qt\6.10.3\msvc2022_64\include\QtCore/qstringbuilder.h
╨Я╤А╨╕╨╝╨╡╤З╨░╨╜╨╕╨╡: ╨▓╨║╨╗╤О╤З╨╡╨╜╨╕╨╡ ╤Д╨░╨╣╨╗╨░:       C:\Qt\6.10.3\msvc2022_64\include\QtCore/qstring.h
╨Я╤А╨╕╨╝╨╡╤З╨░╨╜╨╕╨╡: ╨▓╨║╨╗╤О╤З╨╡╨╜╨╕╨╡ ╤Д╨░╨╣╨╗╨░:    C:\Qt\6.10.3\msvc2022_64\include\QtCore/qvariant.h
╨Я╤А╨╕╨╝╨╡╤З╨░╨╜╨╕╨╡: ╨▓╨║╨╗╤О╤З╨╡╨╜╨╕╨╡ ╤Д╨░╨╣╨╗╨░:     C:\Qt\6.10.3\msvc2022_64\include\QtCore/qmetatype.h
╨Я╤А╨╕╨╝╨╡╤З╨░╨╜╨╕╨╡: ╨▓╨║╨╗╤О╤З╨╡╨╜╨╕╨╡ ╤Д╨░╨╣╨╗╨░:      C:\Qt\6.10.3\msvc2022_64\include\QtCore/qdatastream.h
╨Я╤А╨╕╨╝╨╡╤З╨░╨╜╨╕╨╡: ╨▓╨║╨╗╤О╤З╨╡╨╜╨╕╨╡ ╤Д╨░╨╣╨╗╨░:       C:\Qt\6.10.3\msvc2022_64\include\QtCore/qchar.h
╨Я╤А╨╕╨╝╨╡╤З╨░╨╜╨╕╨╡: ╨▓╨║╨╗╤О╤З╨╡╨╜╨╕╨╡ ╤Д╨░╨╣╨╗╨░:       C:\Qt\6.10.3\msvc2022_64\include\QtCore/qiodevicebase.h
╨Я╤А╨╕╨╝╨╡╤З╨░╨╜╨╕╨╡: ╨▓╨║╨╗╤О╤З╨╡╨╜╨╕╨╡ ╤Д╨░╨╣╨╗╨░:       C:\Qt\6.10.3\msvc2022_64\include\QtCore/qscopedpointer.h
╨Я╤А╨╕╨╝╨╡╤З╨░╨╜╨╕╨╡: ╨▓╨║╨╗╤О╤З╨╡╨╜╨╕╨╡ ╤Д╨░╨╣╨╗╨░:    C:\Qt\6.10.3\msvc2022_64\include\QtCore/qvariant.h
╨Я╤А╨╕╨╝╨╡╤З╨░╨╜╨╕╨╡: ╨▓╨║╨╗╤О╤З╨╡╨╜╨╕╨╡ ╤Д╨░╨╣╨╗╨░:     C:\Qt\6.10.3\msvc2022_64\include\QtCore/qmetatype.h
╨Я╤А╨╕╨╝╨╡╤З╨░╨╜╨╕╨╡: ╨▓╨║╨╗╤О╤З╨╡╨╜╨╕╨╡ ╤Д╨░╨╣╨╗╨░:      C:\Qt\6.10.3\msvc2022_64\include\QtCore/qdatastream.h
╨Я╤А╨╕╨╝╨╡╤З╨░╨╜╨╕╨╡: ╨▓╨║╨╗╤О╤З╨╡╨╜╨╕╨╡ ╤Д╨░╨╣╨╗╨░:       C:\Qt\6.10.3\msvc2022_64\include\QtCore/qchar.h
╨Я╤А╨╕╨╝╨╡╤З╨░╨╜╨╕╨╡: ╨▓╨║╨╗╤О╤З╨╡╨╜╨╕╨╡ ╤Д╨░╨╣╨╗╨░:       C:\Qt\6.10.3\msvc2022_64\include\QtCore/qiodevicebase.h
╨Я╤А╨╕╨╝╨╡╤З╨░╨╜╨╕╨╡: ╨▓╨║╨╗╤О╤З╨╡╨╜╨╕╨╡ ╤Д╨░╨╣╨╗╨░:       C:\Qt\6.10.3\msvc2022_64\include\QtCore/qscopedpointer.h
╨Я╤А╨╕╨╝╨╡╤З╨░╨╜╨╕╨╡: ╨▓╨║╨╗╤О╤З╨╡╨╜╨╕╨╡ ╤Д╨░╨╣╨╗╨░:      C:\Qt\6.10.3\msvc2022_64\include\QtCore/qfloat16.h
╨Я╤А╨╕╨╝╨╡╤З╨░╨╜╨╕╨╡: ╨▓╨║╨╗╤О╤З╨╡╨╜╨╕╨╡ ╤Д╨░╨╣╨╗╨░:       C:\Qt\6.10.3\msvc2022_64\include\QtCore/qhashfunctions.h
╨Я╤А╨╕╨╝╨╡╤З╨░╨╜╨╕╨╡: ╨▓╨║╨╗╤О╤З╨╡╨╜╨╕╨╡ ╤Д╨░╨╣╨╗╨░:        C:\Qt\6.10.3\msvc2022_64\include\QtCore/qstringfwd.h
╨Я╤А╨╕╨╝╨╡╤З╨░╨╜╨╕╨╡: ╨▓╨║╨╗╤О╤З╨╡╨╜╨╕╨╡ ╤Д╨░╨╣╨╗╨░:        C:\Program Files\Microsoft Visual Studio\18\Community\VC\Tools\MSVC\14.51.36231\include\numeric
╨Я╤А╨╕╨╝╨╡╤З╨░╨╜╨╕╨╡: ╨▓╨║╨╗╤О╤З╨╡╨╜╨╕╨╡ ╤Д╨░╨╣╨╗╨░:      C:\Qt\6.10.3\msvc2022_64\include\QtCore/qfloat16.h
╨Я╤А╨╕╨╝╨╡╤З╨░╨╜╨╕╨╡: ╨▓╨║╨╗╤О╤З╨╡╨╜╨╕╨╡ ╤Д╨░╨╣╨╗╨░:       C:\Qt\6.10.3\msvc2022_64\include\QtCore/qhashfunctions.h
╨Я╤А╨╕╨╝╨╡╤З╨░╨╜╨╕╨╡: ╨▓╨║╨╗╤О╤З╨╡╨╜╨╕╨╡ ╤Д╨░╨╣╨╗╨░:        C:\Qt\6.10.3\msvc2022_64\include\QtCore/qstringfwd.h
╨Я╤А╨╕╨╝╨╡╤З╨░╨╜╨╕╨╡: ╨▓╨║╨╗╤О╤З╨╡╨╜╨╕╨╡ ╤Д╨░╨╣╨╗╨░:        C:\Program Files\Microsoft Visual Studio\18\Community\VC\Tools\MSVC\14.51.36231\include\numeric
╨Я╤А╨╕╨╝╨╡╤З╨░╨╜╨╕╨╡: ╨▓╨║╨╗╤О╤З╨╡╨╜╨╕╨╡ ╤Д╨░╨╣╨╗╨░:       C:\Qt\6.10.3\msvc2022_64\include\QtCore/qmath.h
╨Я╤А╨╕╨╝╨╡╤З╨░╨╜╨╕╨╡: ╨▓╨║╨╗╤О╤З╨╡╨╜╨╕╨╡ ╤Д╨░╨╣╨╗╨░:        C:\Qt\6.10.3\msvc2022_64\include\QtCore/qalgorithms.h
╨Я╤А╨╕╨╝╨╡╤З╨░╨╜╨╕╨╡: ╨▓╨║╨╗╤О╤З╨╡╨╜╨╕╨╡ ╤Д╨░╨╣╨╗╨░:       C:\Qt\6.10.3\msvc2022_64\include\QtCore/qtformat_impl.h
╨Я╤А╨╕╨╝╨╡╤З╨░╨╜╨╕╨╡: ╨▓╨║╨╗╤О╤З╨╡╨╜╨╕╨╡ ╤Д╨░╨╣╨╗╨░:        C:\Qt\6.10.3\msvc2022_64\include\QtCore/qsystemdetection.h
╨Я╤А╨╕╨╝╨╡╤З╨░╨╜╨╕╨╡: ╨▓╨║╨╗╤О╤З╨╡╨╜╨╕╨╡ ╤Д╨░╨╣╨╗╨░:       C:\Qt\6.10.3\msvc2022_64\include\QtCore/qmath.h
╨Я╤А╨╕╨╝╨╡╤З╨░╨╜╨╕╨╡: ╨▓╨║╨╗╤О╤З╨╡╨╜╨╕╨╡ ╤Д╨░╨╣╨╗╨░:        C:\Qt\6.10.3\msvc2022_64\include\QtCore/qalgorithms.h
╨Я╤А╨╕╨╝╨╡╤З╨░╨╜╨╕╨╡: ╨▓╨║╨╗╤О╤З╨╡╨╜╨╕╨╡ ╤Д╨░╨╣╨╗╨░:       C:\Qt\6.10.3\msvc2022_64\include\QtCore/qtformat_impl.h
╨Я╤А╨╕╨╝╨╡╤З╨░╨╜╨╕╨╡: ╨▓╨║╨╗╤О╤З╨╡╨╜╨╕╨╡ ╤Д╨░╨╣╨╗╨░:        C:\Qt\6.10.3\msvc2022_64\include\QtCore/qsystemdetection.h
╨Я╤А╨╕╨╝╨╡╤З╨░╨╜╨╕╨╡: ╨▓╨║╨╗╤О╤З╨╡╨╜╨╕╨╡ ╤Д╨░╨╣╨╗╨░:      C:\Qt\6.10.3\msvc2022_64\include\QtCore/qiterable.h
╨Я╤А╨╕╨╝╨╡╤З╨░╨╜╨╕╨╡: ╨▓╨║╨╗╤О╤З╨╡╨╜╨╕╨╡ ╤Д╨░╨╣╨╗╨░:       C:\Qt\6.10.3\msvc2022_64\include\QtCore/qtaggedpointer.h
╨Я╤А╨╕╨╝╨╡╤З╨░╨╜╨╕╨╡: ╨▓╨║╨╗╤О╤З╨╡╨╜╨╕╨╡ ╤Д╨░╨╣╨╗╨░:       C:\Qt\6.10.3\msvc2022_64\include\QtCore/qmetacontainer.h
╨Я╤А╨╕╨╝╨╡╤З╨░╨╜╨╕╨╡: ╨▓╨║╨╗╤О╤З╨╡╨╜╨╕╨╡ ╤Д╨░╨╣╨╗╨░:        C:\Qt\6.10.3\msvc2022_64\include\QtCore/qcontainerinfo.h
╨Я╤А╨╕╨╝╨╡╤З╨░╨╜╨╕╨╡: ╨▓╨║╨╗╤О╤З╨╡╨╜╨╕╨╡ ╤Д╨░╨╣╨╗╨░:      C:\Qt\6.10.3\msvc2022_64\include\QtCore/qiterable.h
╨Я╤А╨╕╨╝╨╡╤З╨░╨╜╨╕╨╡: ╨▓╨║╨╗╤О╤З╨╡╨╜╨╕╨╡ ╤Д╨░╨╣╨╗╨░:       C:\Qt\6.10.3\msvc2022_64\include\QtCore/qtaggedpointer.h
╨Я╤А╨╕╨╝╨╡╤З╨░╨╜╨╕╨╡: ╨▓╨║╨╗╤О╤З╨╡╨╜╨╕╨╡ ╤Д╨░╨╣╨╗╨░:       C:\Qt\6.10.3\msvc2022_64\include\QtCore/qmetacontainer.h
╨Я╤А╨╕╨╝╨╡╤З╨░╨╜╨╕╨╡: ╨▓╨║╨╗╤О╤З╨╡╨╜╨╕╨╡ ╤Д╨░╨╣╨╗╨░:        C:\Qt\6.10.3\msvc2022_64\include\QtCore/qcontainerinfo.h
╨Я╤А╨╕╨╝╨╡╤З╨░╨╜╨╕╨╡: ╨▓╨║╨╗╤О╤З╨╡╨╜╨╕╨╡ ╤Д╨░╨╣╨╗╨░:      C:\Qt\6.10.3\msvc2022_64\include\QtCore/qobjectdefs.h
╨Я╤А╨╕╨╝╨╡╤З╨░╨╜╨╕╨╡: ╨▓╨║╨╗╤О╤З╨╡╨╜╨╕╨╡ ╤Д╨░╨╣╨╗╨░:       C:\Qt\6.10.3\msvc2022_64\include\QtCore/qobjectdefs_impl.h
╨Я╤А╨╕╨╝╨╡╤З╨░╨╜╨╕╨╡: ╨▓╨║╨╗╤О╤З╨╡╨╜╨╕╨╡ ╤Д╨░╨╣╨╗╨░:        C:\Qt\6.10.3\msvc2022_64\include\QtCore/qfunctionaltools_impl.h
╨Я╤А╨╕╨╝╨╡╤З╨░╨╜╨╕╨╡: ╨▓╨║╨╗╤О╤З╨╡╨╜╨╕╨╡ ╤Д╨░╨╣╨╗╨░:      C:\Qt\6.10.3\msvc2022_64\include\QtCore/qobjectdefs.h
╨Я╤А╨╕╨╝╨╡╤З╨░╨╜╨╕╨╡: ╨▓╨║╨╗╤О╤З╨╡╨╜╨╕╨╡ ╤Д╨░╨╣╨╗╨░:       C:\Qt\6.10.3\msvc2022_64\include\QtCore/qobjectdefs_impl.h
╨Я╤А╨╕╨╝╨╡╤З╨░╨╜╨╕╨╡: ╨▓╨║╨╗╤О╤З╨╡╨╜╨╕╨╡ ╤Д╨░╨╣╨╗╨░:        C:\Qt\6.10.3\msvc2022_64\include\QtCore/qfunctionaltools_impl.h
╨Я╤А╨╕╨╝╨╡╤З╨░╨╜╨╕╨╡: ╨▓╨║╨╗╤О╤З╨╡╨╜╨╕╨╡ ╤Д╨░╨╣╨╗╨░:      C:\Qt\6.10.3\msvc2022_64\include\QtCore/qscopeguard.h
╨Я╤А╨╕╨╝╨╡╤З╨░╨╜╨╕╨╡: ╨▓╨║╨╗╤О╤З╨╡╨╜╨╕╨╡ ╤Д╨░╨╣╨╗╨░:       C:\Qt\6.10.3\msvc2022_64\include\QtCore/qcompilerdetection.h
╨Я╤А╨╕╨╝╨╡╤З╨░╨╜╨╕╨╡: ╨▓╨║╨╗╤О╤З╨╡╨╜╨╕╨╡ ╤Д╨░╨╣╨╗╨░:      C:\Program Files\Microsoft Visual Studio\18\Community\VC\Tools\MSVC\14.51.36231\include\array
╨Я╤А╨╕╨╝╨╡╤З╨░╨╜╨╕╨╡: ╨▓╨║╨╗╤О╤З╨╡╨╜╨╕╨╡ ╤Д╨░╨╣╨╗╨░:      C:\Qt\6.10.3\msvc2022_64\include\QtCore/qscopeguard.h
╨Я╤А╨╕╨╝╨╡╤З╨░╨╜╨╕╨╡: ╨▓╨║╨╗╤О╤З╨╡╨╜╨╕╨╡ ╤Д╨░╨╣╨╗╨░:       C:\Qt\6.10.3\msvc2022_64\include\QtCore/qcompilerdetection.h
╨Я╤А╨╕╨╝╨╡╤З╨░╨╜╨╕╨╡: ╨▓╨║╨╗╤О╤З╨╡╨╜╨╕╨╡ ╤Д╨░╨╣╨╗╨░:      C:\Program Files\Microsoft Visual Studio\18\Community\VC\Tools\MSVC\14.51.36231\include\array
╨Я╤А╨╕╨╝╨╡╤З╨░╨╜╨╕╨╡: ╨▓╨║╨╗╤О╤З╨╡╨╜╨╕╨╡ ╤Д╨░╨╣╨╗╨░:      C:\Program Files\Microsoft Visual Studio\18\Community\VC\Tools\MSVC\14.51.36231\include\map
╨Я╤А╨╕╨╝╨╡╤З╨░╨╜╨╕╨╡: ╨▓╨║╨╗╤О╤З╨╡╨╜╨╕╨╡ ╤Д╨░╨╣╨╗╨░:       C:\Program Files\Microsoft Visual Studio\18\Community\VC\Tools\MSVC\14.51.36231\include\xtree
╨Я╤А╨╕╨╝╨╡╤З╨░╨╜╨╕╨╡: ╨▓╨║╨╗╤О╤З╨╡╨╜╨╕╨╡ ╤Д╨░╨╣╨╗╨░:      C:\Program Files\Microsoft Visual Studio\18\Community\VC\Tools\MSVC\14.51.36231\include\map
╨Я╤А╨╕╨╝╨╡╤З╨░╨╜╨╕╨╡: ╨▓╨║╨╗╤О╤З╨╡╨╜╨╕╨╡ ╤Д╨░╨╣╨╗╨░:       C:\Program Files\Microsoft Visual Studio\18\Community\VC\Tools\MSVC\14.51.36231\include\xtree
╨Я╤А╨╕╨╝╨╡╤З╨░╨╜╨╕╨╡: ╨▓╨║╨╗╤О╤З╨╡╨╜╨╕╨╡ ╤Д╨░╨╣╨╗╨░:     C:\Qt\6.10.3\msvc2022_64\include\QtCore/qdebug.h
╨Я╤А╨╕╨╝╨╡╤З╨░╨╜╨╕╨╡: ╨▓╨║╨╗╤О╤З╨╡╨╜╨╕╨╡ ╤Д╨░╨╣╨╗╨░:      C:\Qt\6.10.3\msvc2022_64\include\QtCore/qtextstream.h
╨Я╤А╨╕╨╝╨╡╤З╨░╨╜╨╕╨╡: ╨▓╨║╨╗╤О╤З╨╡╨╜╨╕╨╡ ╤Д╨░╨╣╨╗╨░:       C:\Qt\6.10.3\msvc2022_64\include\QtCore/qchar.h
╨Я╤А╨╕╨╝╨╡╤З╨░╨╜╨╕╨╡: ╨▓╨║╨╗╤О╤З╨╡╨╜╨╕╨╡ ╤Д╨░╨╣╨╗╨░:     C:\Qt\6.10.3\msvc2022_64\include\QtCore/qdebug.h
╨Я╤А╨╕╨╝╨╡╤З╨░╨╜╨╕╨╡: ╨▓╨║╨╗╤О╤З╨╡╨╜╨╕╨╡ ╤Д╨░╨╣╨╗╨░:      C:\Qt\6.10.3\msvc2022_64\include\QtCore/qtextstream.h
╨Я╤А╨╕╨╝╨╡╤З╨░╨╜╨╕╨╡: ╨▓╨║╨╗╤О╤З╨╡╨╜╨╕╨╡ ╤Д╨░╨╣╨╗╨░:       C:\Qt\6.10.3\msvc2022_64\include\QtCore/qchar.h
╨Я╤А╨╕╨╝╨╡╤З╨░╨╜╨╕╨╡: ╨▓╨║╨╗╤О╤З╨╡╨╜╨╕╨╡ ╤Д╨░╨╣╨╗╨░:      C:\Qt\6.10.3\msvc2022_64\include\QtCore/qcontiguouscache.h
╨Я╤А╨╕╨╝╨╡╤З╨░╨╜╨╕╨╡: ╨▓╨║╨╗╤О╤З╨╡╨╜╨╕╨╡ ╤Д╨░╨╣╨╗╨░:      C:\Qt\6.10.3\msvc2022_64\include\QtCore/qcontiguouscache.h
╨Я╤А╨╕╨╝╨╡╤З╨░╨╜╨╕╨╡: ╨▓╨║╨╗╤О╤З╨╡╨╜╨╕╨╡ ╤Д╨░╨╣╨╗╨░:      C:\Qt\6.10.3\msvc2022_64\include\QtCore/qsharedpointer.h
╨Я╤А╨╕╨╝╨╡╤З╨░╨╜╨╕╨╡: ╨▓╨║╨╗╤О╤З╨╡╨╜╨╕╨╡ ╤Д╨░╨╣╨╗╨░:       C:\Qt\6.10.3\msvc2022_64\include\QtCore/qshareddata.h
╨Я╤А╨╕╨╝╨╡╤З╨░╨╜╨╕╨╡: ╨▓╨║╨╗╤О╤З╨╡╨╜╨╕╨╡ ╤Д╨░╨╣╨╗╨░:      C:\Qt\6.10.3\msvc2022_64\include\QtCore/qsharedpointer.h
╨Я╤А╨╕╨╝╨╡╤З╨░╨╜╨╕╨╡: ╨▓╨║╨╗╤О╤З╨╡╨╜╨╕╨╡ ╤Д╨░╨╣╨╗╨░:       C:\Qt\6.10.3\msvc2022_64\include\QtCore/qshareddata.h
╨Я╤А╨╕╨╝╨╡╤З╨░╨╜╨╕╨╡: ╨▓╨║╨╗╤О╤З╨╡╨╜╨╕╨╡ ╤Д╨░╨╣╨╗╨░:       C:\Qt\6.10.3\msvc2022_64\include\QtCore/qsharedpointer_impl.h
╨Я╤А╨╕╨╝╨╡╤З╨░╨╜╨╕╨╡: ╨▓╨║╨╗╤О╤З╨╡╨╜╨╕╨╡ ╤Д╨░╨╣╨╗╨░:       C:\Qt\6.10.3\msvc2022_64\include\QtCore/qsharedpointer_impl.h
╨Я╤А╨╕╨╝╨╡╤З╨░╨╜╨╕╨╡: ╨▓╨║╨╗╤О╤З╨╡╨╜╨╕╨╡ ╤Д╨░╨╣╨╗╨░:      C:\Program Files\Microsoft Visual Studio\18\Community\VC\Tools\MSVC\14.51.36231\include\chrono
╨Я╤А╨╕╨╝╨╡╤З╨░╨╜╨╕╨╡: ╨▓╨║╨╗╤О╤З╨╡╨╜╨╕╨╡ ╤Д╨░╨╣╨╗╨░:       C:\Program Files\Microsoft Visual Studio\18\Community\VC\Tools\MSVC\14.51.36231\include\__msvc_chrono.hpp
╨Я╤А╨╕╨╝╨╡╤З╨░╨╜╨╕╨╡: ╨▓╨║╨╗╤О╤З╨╡╨╜╨╕╨╡ ╤Д╨░╨╣╨╗╨░:        C:\Program Files\Microsoft Visual Studio\18\Community\VC\Tools\MSVC\14.51.36231\include\ratio
╨Я╤А╨╕╨╝╨╡╤З╨░╨╜╨╕╨╡: ╨▓╨║╨╗╤О╤З╨╡╨╜╨╕╨╡ ╤Д╨░╨╣╨╗╨░:      C:\Program Files\Microsoft Visual Studio\18\Community\VC\Tools\MSVC\14.51.36231\include\chrono
╨Я╤А╨╕╨╝╨╡╤З╨░╨╜╨╕╨╡: ╨▓╨║╨╗╤О╤З╨╡╨╜╨╕╨╡ ╤Д╨░╨╣╨╗╨░:       C:\Program Files\Microsoft Visual Studio\18\Community\VC\Tools\MSVC\14.51.36231\include\__msvc_chrono.hpp
╨Я╤А╨╕╨╝╨╡╤З╨░╨╜╨╕╨╡: ╨▓╨║╨╗╤О╤З╨╡╨╜╨╕╨╡ ╤Д╨░╨╣╨╗╨░:        C:\Program Files\Microsoft Visual Studio\18\Community\VC\Tools\MSVC\14.51.36231\include\ratio
╨Я╤А╨╕╨╝╨╡╤З╨░╨╜╨╕╨╡: ╨▓╨║╨╗╤О╤З╨╡╨╜╨╕╨╡ ╤Д╨░╨╣╨╗╨░:       C:\Program Files\Microsoft Visual Studio\18\Community\VC\Tools\MSVC\14.51.36231\include\system_error
╨Я╤А╨╕╨╝╨╡╤З╨░╨╜╨╕╨╡: ╨▓╨║╨╗╤О╤З╨╡╨╜╨╕╨╡ ╤Д╨░╨╣╨╗╨░:        C:\Program Files\Microsoft Visual Studio\18\Community\VC\Tools\MSVC\14.51.36231\include\__msvc_system_error_abi.hpp
╨Я╤А╨╕╨╝╨╡╤З╨░╨╜╨╕╨╡: ╨▓╨║╨╗╤О╤З╨╡╨╜╨╕╨╡ ╤Д╨░╨╣╨╗╨░:        C:\Program Files\Microsoft Visual Studio\18\Community\VC\Tools\MSVC\14.51.36231\include\cerrno
╨Я╤А╨╕╨╝╨╡╤З╨░╨╜╨╕╨╡: ╨▓╨║╨╗╤О╤З╨╡╨╜╨╕╨╡ ╤Д╨░╨╣╨╗╨░:        C:\Program Files\Microsoft Visual Studio\18\Community\VC\Tools\MSVC\14.51.36231\include\stdexcept
╨Я╤А╨╕╨╝╨╡╤З╨░╨╜╨╕╨╡: ╨▓╨║╨╗╤О╤З╨╡╨╜╨╕╨╡ ╤Д╨░╨╣╨╗╨░:       C:\Program Files\Microsoft Visual Studio\18\Community\VC\Tools\MSVC\14.51.36231\include\system_error
╨Я╤А╨╕╨╝╨╡╤З╨░╨╜╨╕╨╡: ╨▓╨║╨╗╤О╤З╨╡╨╜╨╕╨╡ ╤Д╨░╨╣╨╗╨░:        C:\Program Files\Microsoft Visual Studio\18\Community\VC\Tools\MSVC\14.51.36231\include\__msvc_system_error_abi.hpp
╨Я╤А╨╕╨╝╨╡╤З╨░╨╜╨╕╨╡: ╨▓╨║╨╗╤О╤З╨╡╨╜╨╕╨╡ ╤Д╨░╨╣╨╗╨░:        C:\Program Files\Microsoft Visual Studio\18\Community\VC\Tools\MSVC\14.51.36231\include\cerrno
╨Я╤А╨╕╨╝╨╡╤З╨░╨╜╨╕╨╡: ╨▓╨║╨╗╤О╤З╨╡╨╜╨╕╨╡ ╤Д╨░╨╣╨╗╨░:        C:\Program Files\Microsoft Visual Studio\18\Community\VC\Tools\MSVC\14.51.36231\include\stdexcept
╨Я╤А╨╕╨╝╨╡╤З╨░╨╜╨╕╨╡: ╨▓╨║╨╗╤О╤З╨╡╨╜╨╕╨╡ ╤Д╨░╨╣╨╗╨░:        C:\Program Files\Microsoft Visual Studio\18\Community\VC\Tools\MSVC\14.51.36231\include\xcall_once.h
╨Я╤А╨╕╨╝╨╡╤З╨░╨╜╨╕╨╡: ╨▓╨║╨╗╤О╤З╨╡╨╜╨╕╨╡ ╤Д╨░╨╣╨╗╨░:        C:\Program Files\Microsoft Visual Studio\18\Community\VC\Tools\MSVC\14.51.36231\include\xerrc.h
╨Я╤А╨╕╨╝╨╡╤З╨░╨╜╨╕╨╡: ╨▓╨║╨╗╤О╤З╨╡╨╜╨╕╨╡ ╤Д╨░╨╣╨╗╨░:        C:\Program Files\Microsoft Visual Studio\18\Community\VC\Tools\MSVC\14.51.36231\include\xcall_once.h
╨Я╤А╨╕╨╝╨╡╤З╨░╨╜╨╕╨╡: ╨▓╨║╨╗╤О╤З╨╡╨╜╨╕╨╡ ╤Д╨░╨╣╨╗╨░:        C:\Program Files\Microsoft Visual Studio\18\Community\VC\Tools\MSVC\14.51.36231\include\xerrc.h
╨Я╤А╨╕╨╝╨╡╤З╨░╨╜╨╕╨╡: ╨▓╨║╨╗╤О╤З╨╡╨╜╨╕╨╡ ╤Д╨░╨╣╨╗╨░:       C:\Program Files\Microsoft Visual Studio\18\Community\VC\Tools\MSVC\14.51.36231\include\xfilesystem_abi.h
╨Я╤А╨╕╨╝╨╡╤З╨░╨╜╨╕╨╡: ╨▓╨║╨╗╤О╤З╨╡╨╜╨╕╨╡ ╤Д╨░╨╣╨╗╨░:       C:\Program Files\Microsoft Visual Studio\18\Community\VC\Tools\MSVC\14.51.36231\include\xfilesystem_abi.h
╨Я╤А╨╕╨╝╨╡╤З╨░╨╜╨╕╨╡: ╨▓╨║╨╗╤О╤З╨╡╨╜╨╕╨╡ ╤Д╨░╨╣╨╗╨░:      C:\Program Files\Microsoft Visual Studio\18\Community\VC\Tools\MSVC\14.51.36231\include\set
╨Я╤А╨╕╨╝╨╡╤З╨░╨╜╨╕╨╡: ╨▓╨║╨╗╤О╤З╨╡╨╜╨╕╨╡ ╤Д╨░╨╣╨╗╨░:      C:\Program Files\Microsoft Visual Studio\18\Community\VC\Tools\MSVC\14.51.36231\include\set
╨Я╤А╨╕╨╝╨╡╤З╨░╨╜╨╕╨╡: ╨▓╨║╨╗╤О╤З╨╡╨╜╨╕╨╡ ╤Д╨░╨╣╨╗╨░:      C:\Program Files\Microsoft Visual Studio\18\Community\VC\Tools\MSVC\14.51.36231\include\unordered_set
╨Я╤А╨╕╨╝╨╡╤З╨░╨╜╨╕╨╡: ╨▓╨║╨╗╤О╤З╨╡╨╜╨╕╨╡ ╤Д╨░╨╣╨╗╨░:      C:\Program Files\Microsoft Visual Studio\18\Community\VC\Tools\MSVC\14.51.36231\include\unordered_set
╨Я╤А╨╕╨╝╨╡╤З╨░╨╜╨╕╨╡: ╨▓╨║╨╗╤О╤З╨╡╨╜╨╕╨╡ ╤Д╨░╨╣╨╗╨░:      C:\Qt\6.10.3\msvc2022_64\include\QtCore/qlist.h
╨Я╤А╨╕╨╝╨╡╤З╨░╨╜╨╕╨╡: ╨▓╨║╨╗╤О╤З╨╡╨╜╨╕╨╡ ╤Д╨░╨╣╨╗╨░:       C:\Qt\6.10.3\msvc2022_64\include\QtCore/qiterator.h
╨Я╤А╨╕╨╝╨╡╤З╨░╨╜╨╕╨╡: ╨▓╨║╨╗╤О╤З╨╡╨╜╨╕╨╡ ╤Д╨░╨╣╨╗╨░:        C:\Qt\6.10.3\msvc2022_64\include\QtCore/qcontainertools_impl.h
╨Я╤А╨╕╨╝╨╡╤З╨░╨╜╨╕╨╡: ╨▓╨║╨╗╤О╤З╨╡╨╜╨╕╨╡ ╤Д╨░╨╣╨╗╨░:       C:\Qt\6.10.3\msvc2022_64\include\QtCore/qcontainertools_impl.h
╨Я╤А╨╕╨╝╨╡╤З╨░╨╜╨╕╨╡: ╨▓╨║╨╗╤О╤З╨╡╨╜╨╕╨╡ ╤Д╨░╨╣╨╗╨░:      C:\Qt\6.10.3\msvc2022_64\include\QtCore/qlist.h
╨Я╤А╨╕╨╝╨╡╤З╨░╨╜╨╕╨╡: ╨▓╨║╨╗╤О╤З╨╡╨╜╨╕╨╡ ╤Д╨░╨╣╨╗╨░:       C:\Qt\6.10.3\msvc2022_64\include\QtCore/qiterator.h
╨Я╤А╨╕╨╝╨╡╤З╨░╨╜╨╕╨╡: ╨▓╨║╨╗╤О╤З╨╡╨╜╨╕╨╡ ╤Д╨░╨╣╨╗╨░:        C:\Qt\6.10.3\msvc2022_64\include\QtCore/qcontainertools_impl.h
╨Я╤А╨╕╨╝╨╡╤З╨░╨╜╨╕╨╡: ╨▓╨║╨╗╤О╤З╨╡╨╜╨╕╨╡ ╤Д╨░╨╣╨╗╨░:       C:\Qt\6.10.3\msvc2022_64\include\QtCore/qcontainertools_impl.h
╨Я╤А╨╕╨╝╨╡╤З╨░╨╜╨╕╨╡: ╨▓╨║╨╗╤О╤З╨╡╨╜╨╕╨╡ ╤Д╨░╨╣╨╗╨░:       C:\Qt\6.10.3\msvc2022_64\include\QtCore/qbytearraylist.h
╨Я╤А╨╕╨╝╨╡╤З╨░╨╜╨╕╨╡: ╨▓╨║╨╗╤О╤З╨╡╨╜╨╕╨╡ ╤Д╨░╨╣╨╗╨░:        C:\Qt\6.10.3\msvc2022_64\include\QtCore/qlist.h
╨Я╤А╨╕╨╝╨╡╤З╨░╨╜╨╕╨╡: ╨▓╨║╨╗╤О╤З╨╡╨╜╨╕╨╡ ╤Д╨░╨╣╨╗╨░:       C:\Qt\6.10.3\msvc2022_64\include\QtCore/qstringlist.h
╨Я╤А╨╕╨╝╨╡╤З╨░╨╜╨╕╨╡: ╨▓╨║╨╗╤О╤З╨╡╨╜╨╕╨╡ ╤Д╨░╨╣╨╗╨░:        C:\Qt\6.10.3\msvc2022_64\include\QtCore/qlist.h
╨Я╤А╨╕╨╝╨╡╤З╨░╨╜╨╕╨╡: ╨▓╨║╨╗╤О╤З╨╡╨╜╨╕╨╡ ╤Д╨░╨╣╨╗╨░:        C:\Qt\6.10.3\msvc2022_64\include\QtCore/qcontainertools_impl.h
╨Я╤А╨╕╨╝╨╡╤З╨░╨╜╨╕╨╡: ╨▓╨║╨╗╤О╤З╨╡╨╜╨╕╨╡ ╤Д╨░╨╣╨╗╨░:        C:\Qt\6.10.3\msvc2022_64\include\QtCore/qstringmatcher.h
╨Я╤А╨╕╨╝╨╡╤З╨░╨╜╨╕╨╡: ╨▓╨║╨╗╤О╤З╨╡╨╜╨╕╨╡ ╤Д╨░╨╣╨╗╨░:       C:\Qt\6.10.3\msvc2022_64\include\QtCore/qbytearraylist.h
╨Я╤А╨╕╨╝╨╡╤З╨░╨╜╨╕╨╡: ╨▓╨║╨╗╤О╤З╨╡╨╜╨╕╨╡ ╤Д╨░╨╣╨╗╨░:        C:\Qt\6.10.3\msvc2022_64\include\QtCore/qlist.h
╨Я╤А╨╕╨╝╨╡╤З╨░╨╜╨╕╨╡: ╨▓╨║╨╗╤О╤З╨╡╨╜╨╕╨╡ ╤Д╨░╨╣╨╗╨░:       C:\Qt\6.10.3\msvc2022_64\include\QtCore/qstringlist.h
╨Я╤А╨╕╨╝╨╡╤З╨░╨╜╨╕╨╡: ╨▓╨║╨╗╤О╤З╨╡╨╜╨╕╨╡ ╤Д╨░╨╣╨╗╨░:        C:\Qt\6.10.3\msvc2022_64\include\QtCore/qlist.h
╨Я╤А╨╕╨╝╨╡╤З╨░╨╜╨╕╨╡: ╨▓╨║╨╗╤О╤З╨╡╨╜╨╕╨╡ ╤Д╨░╨╣╨╗╨░:        C:\Qt\6.10.3\msvc2022_64\include\QtCore/qcontainertools_impl.h
╨Я╤А╨╕╨╝╨╡╤З╨░╨╜╨╕╨╡: ╨▓╨║╨╗╤О╤З╨╡╨╜╨╕╨╡ ╤Д╨░╨╣╨╗╨░:        C:\Qt\6.10.3\msvc2022_64\include\QtCore/qstringmatcher.h
╨Я╤А╨╕╨╝╨╡╤З╨░╨╜╨╕╨╡: ╨▓╨║╨╗╤О╤З╨╡╨╜╨╕╨╡ ╤Д╨░╨╣╨╗╨░:      C:\Qt\6.10.3\msvc2022_64\include\QtCore/qmap.h
╨Я╤А╨╕╨╝╨╡╤З╨░╨╜╨╕╨╡: ╨▓╨║╨╗╤О╤З╨╡╨╜╨╕╨╡ ╤Д╨░╨╣╨╗╨░:       C:\Qt\6.10.3\msvc2022_64\include\QtCore/qshareddata_impl.h
╨Я╤А╨╕╨╝╨╡╤З╨░╨╜╨╕╨╡: ╨▓╨║╨╗╤О╤З╨╡╨╜╨╕╨╡ ╤Д╨░╨╣╨╗╨░:      C:\Qt\6.10.3\msvc2022_64\include\QtCore/qmap.h
╨Я╤А╨╕╨╝╨╡╤З╨░╨╜╨╕╨╡: ╨▓╨║╨╗╤О╤З╨╡╨╜╨╕╨╡ ╤Д╨░╨╣╨╗╨░:       C:\Qt\6.10.3\msvc2022_64\include\QtCore/qshareddata_impl.h
╨Я╤А╨╕╨╝╨╡╤З╨░╨╜╨╕╨╡: ╨▓╨║╨╗╤О╤З╨╡╨╜╨╕╨╡ ╤Д╨░╨╣╨╗╨░:      C:\Qt\6.10.3\msvc2022_64\include\QtCore/qset.h
╨Я╤А╨╕╨╝╨╡╤З╨░╨╜╨╕╨╡: ╨▓╨║╨╗╤О╤З╨╡╨╜╨╕╨╡ ╤Д╨░╨╣╨╗╨░:       C:\Qt\6.10.3\msvc2022_64\include\QtCore/qhash.h
╨Я╤А╨╕╨╝╨╡╤З╨░╨╜╨╕╨╡: ╨▓╨║╨╗╤О╤З╨╡╨╜╨╕╨╡ ╤Д╨░╨╣╨╗╨░:        C:\Qt\6.10.3\msvc2022_64\include\QtCore/qcontainertools_impl.h
╨Я╤А╨╕╨╝╨╡╤З╨░╨╜╨╕╨╡: ╨▓╨║╨╗╤О╤З╨╡╨╜╨╕╨╡ ╤Д╨░╨╣╨╗╨░:      C:\Qt\6.10.3\msvc2022_64\include\QtCore/qset.h
╨Я╤А╨╕╨╝╨╡╤З╨░╨╜╨╕╨╡: ╨▓╨║╨╗╤О╤З╨╡╨╜╨╕╨╡ ╤Д╨░╨╣╨╗╨░:       C:\Qt\6.10.3\msvc2022_64\include\QtCore/qhash.h
╨Я╤А╨╕╨╝╨╡╤З╨░╨╜╨╕╨╡: ╨▓╨║╨╗╤О╤З╨╡╨╜╨╕╨╡ ╤Д╨░╨╣╨╗╨░:        C:\Qt\6.10.3\msvc2022_64\include\QtCore/qcontainertools_impl.h
╨Я╤А╨╕╨╝╨╡╤З╨░╨╜╨╕╨╡: ╨▓╨║╨╗╤О╤З╨╡╨╜╨╕╨╡ ╤Д╨░╨╣╨╗╨░:       C:\Qt\6.10.3\msvc2022_64\include\QtCore/qcontainertools_impl.h
╨Я╤А╨╕╨╝╨╡╤З╨░╨╜╨╕╨╡: ╨▓╨║╨╗╤О╤З╨╡╨╜╨╕╨╡ ╤Д╨░╨╣╨╗╨░:       C:\Qt\6.10.3\msvc2022_64\include\QtCore/qcontainertools_impl.h
╨Я╤А╨╕╨╝╨╡╤З╨░╨╜╨╕╨╡: ╨▓╨║╨╗╤О╤З╨╡╨╜╨╕╨╡ ╤Д╨░╨╣╨╗╨░:      C:\Qt\6.10.3\msvc2022_64\include\QtCore/qvarlengtharray.h
╨Я╤А╨╕╨╝╨╡╤З╨░╨╜╨╕╨╡: ╨▓╨║╨╗╤О╤З╨╡╨╜╨╕╨╡ ╤Д╨░╨╣╨╗╨░:       C:\Qt\6.10.3\msvc2022_64\include\QtCore/qalloc.h
╨Я╤А╨╕╨╝╨╡╤З╨░╨╜╨╕╨╡: ╨▓╨║╨╗╤О╤З╨╡╨╜╨╕╨╡ ╤Д╨░╨╣╨╗╨░:       C:\Qt\6.10.3\msvc2022_64\include\QtCore/qcontainertools_impl.h
╨Я╤А╨╕╨╝╨╡╤З╨░╨╜╨╕╨╡: ╨▓╨║╨╗╤О╤З╨╡╨╜╨╕╨╡ ╤Д╨░╨╣╨╗╨░:      C:\Qt\6.10.3\msvc2022_64\include\QtCore/qvarlengtharray.h
╨Я╤А╨╕╨╝╨╡╤З╨░╨╜╨╕╨╡: ╨▓╨║╨╗╤О╤З╨╡╨╜╨╕╨╡ ╤Д╨░╨╣╨╗╨░:       C:\Qt\6.10.3\msvc2022_64\include\QtCore/qalloc.h
╨Я╤А╨╕╨╝╨╡╤З╨░╨╜╨╕╨╡: ╨▓╨║╨╗╤О╤З╨╡╨╜╨╕╨╡ ╤Д╨░╨╣╨╗╨░:       C:\Qt\6.10.3\msvc2022_64\include\QtCore/qcontainertools_impl.h
╨Я╤А╨╕╨╝╨╡╤З╨░╨╜╨╕╨╡: ╨▓╨║╨╗╤О╤З╨╡╨╜╨╕╨╡ ╤Д╨░╨╣╨╗╨░:     C:\Qt\6.10.3\msvc2022_64\include\QtCore/q23utility.h
╨Я╤А╨╕╨╝╨╡╤З╨░╨╜╨╕╨╡: ╨▓╨║╨╗╤О╤З╨╡╨╜╨╕╨╡ ╤Д╨░╨╣╨╗╨░:      C:\Qt\6.10.3\msvc2022_64\include\QtCore/q20utility.h
╨Я╤А╨╕╨╝╨╡╤З╨░╨╜╨╕╨╡: ╨▓╨║╨╗╤О╤З╨╡╨╜╨╕╨╡ ╤Д╨░╨╣╨╗╨░:     C:\Qt\6.10.3\msvc2022_64\include\QtCore/qstringlist.h
╨Я╤А╨╕╨╝╨╡╤З╨░╨╜╨╕╨╡: ╨▓╨║╨╗╤О╤З╨╡╨╜╨╕╨╡ ╤Д╨░╨╣╨╗╨░:     C:\Qt\6.10.3\msvc2022_64\include\QtCore/qbytearraylist.h
╨Я╤А╨╕╨╝╨╡╤З╨░╨╜╨╕╨╡: ╨▓╨║╨╗╤О╤З╨╡╨╜╨╕╨╡ ╤Д╨░╨╣╨╗╨░:     C:\Qt\6.10.3\msvc2022_64\include\QtCore/qobject.h
╨Я╤А╨╕╨╝╨╡╤З╨░╨╜╨╕╨╡: ╨▓╨║╨╗╤О╤З╨╡╨╜╨╕╨╡ ╤Д╨░╨╣╨╗╨░:      C:\Qt\6.10.3\msvc2022_64\include\QtCore/qobject_impl.h
╨Я╤А╨╕╨╝╨╡╤З╨░╨╜╨╕╨╡: ╨▓╨║╨╗╤О╤З╨╡╨╜╨╕╨╡ ╤Д╨░╨╣╨╗╨░:      C:\Qt\6.10.3\msvc2022_64\include\QtCore/qbindingstorage.h
╨Я╤А╨╕╨╝╨╡╤З╨░╨╜╨╕╨╡: ╨▓╨║╨╗╤О╤З╨╡╨╜╨╕╨╡ ╤Д╨░╨╣╨╗╨░:     C:\Qt\6.10.3\msvc2022_64\include\QtCore/q23utility.h
╨Я╤А╨╕╨╝╨╡╤З╨░╨╜╨╕╨╡: ╨▓╨║╨╗╤О╤З╨╡╨╜╨╕╨╡ ╤Д╨░╨╣╨╗╨░:      C:\Qt\6.10.3\msvc2022_64\include\QtCore/q20utility.h
╨Я╤А╨╕╨╝╨╡╤З╨░╨╜╨╕╨╡: ╨▓╨║╨╗╤О╤З╨╡╨╜╨╕╨╡ ╤Д╨░╨╣╨╗╨░:     C:\Qt\6.10.3\msvc2022_64\include\QtCore/qstringlist.h
╨Я╤А╨╕╨╝╨╡╤З╨░╨╜╨╕╨╡: ╨▓╨║╨╗╤О╤З╨╡╨╜╨╕╨╡ ╤Д╨░╨╣╨╗╨░:     C:\Qt\6.10.3\msvc2022_64\include\QtCore/qbytearraylist.h
╨Я╤А╨╕╨╝╨╡╤З╨░╨╜╨╕╨╡: ╨▓╨║╨╗╤О╤З╨╡╨╜╨╕╨╡ ╤Д╨░╨╣╨╗╨░:     C:\Qt\6.10.3\msvc2022_64\include\QtCore/qobject.h
╨Я╤А╨╕╨╝╨╡╤З╨░╨╜╨╕╨╡: ╨▓╨║╨╗╤О╤З╨╡╨╜╨╕╨╡ ╤Д╨░╨╣╨╗╨░:      C:\Qt\6.10.3\msvc2022_64\include\QtCore/qobject_impl.h
╨Я╤А╨╕╨╝╨╡╤З╨░╨╜╨╕╨╡: ╨▓╨║╨╗╤О╤З╨╡╨╜╨╕╨╡ ╤Д╨░╨╣╨╗╨░:      C:\Qt\6.10.3\msvc2022_64\include\QtCore/qbindingstorage.h
╨Я╤А╨╕╨╝╨╡╤З╨░╨╜╨╕╨╡: ╨▓╨║╨╗╤О╤З╨╡╨╜╨╕╨╡ ╤Д╨░╨╣╨╗╨░:   C:\Qt\6.10.3\msvc2022_64\include\QtQml/qjsvalue.h
╨Я╤А╨╕╨╝╨╡╤З╨░╨╜╨╕╨╡: ╨▓╨║╨╗╤О╤З╨╡╨╜╨╕╨╡ ╤Д╨░╨╣╨╗╨░:   C:\Qt\6.10.3\msvc2022_64\include\QtQml/qjsvalue.h
╨Я╤А╨╕╨╝╨╡╤З╨░╨╜╨╕╨╡: ╨▓╨║╨╗╤О╤З╨╡╨╜╨╕╨╡ ╤Д╨░╨╣╨╗╨░:   C:\Qt\6.10.3\msvc2022_64\include\QtQml/qqmllist.h
╨Я╤А╨╕╨╝╨╡╤З╨░╨╜╨╕╨╡: ╨▓╨║╨╗╤О╤З╨╡╨╜╨╕╨╡ ╤Д╨░╨╣╨╗╨░:   C:\Qt\6.10.3\msvc2022_64\include\QtQml/qqmllist.h
╨Я╤А╨╕╨╝╨╡╤З╨░╨╜╨╕╨╡: ╨▓╨║╨╗╤О╤З╨╡╨╜╨╕╨╡ ╤Д╨░╨╣╨╗╨░:   C:\Qt\6.10.3\msvc2022_64\include\QtQml/qqmlparserstatus.h
╨Я╤А╨╕╨╝╨╡╤З╨░╨╜╨╕╨╡: ╨▓╨║╨╗╤О╤З╨╡╨╜╨╕╨╡ ╤Д╨░╨╣╨╗╨░:   C:\Qt\6.10.3\msvc2022_64\include\QtQml/qqmlpropertyvaluesource.h
╨Я╤А╨╕╨╝╨╡╤З╨░╨╜╨╕╨╡: ╨▓╨║╨╗╤О╤З╨╡╨╜╨╕╨╡ ╤Д╨░╨╣╨╗╨░:   C:\Qt\6.10.3\msvc2022_64\include\QtCore/qdatetime.h
╨Я╤А╨╕╨╝╨╡╤З╨░╨╜╨╕╨╡: ╨▓╨║╨╗╤О╤З╨╡╨╜╨╕╨╡ ╤Д╨░╨╣╨╗╨░:    C:\Qt\6.10.3\msvc2022_64\include\QtCore/qcalendar.h
╨Я╤А╨╕╨╝╨╡╤З╨░╨╜╨╕╨╡: ╨▓╨║╨╗╤О╤З╨╡╨╜╨╕╨╡ ╤Д╨░╨╣╨╗╨░:     C:\Qt\6.10.3\msvc2022_64\include\QtCore/qlocale.h
╨Я╤А╨╕╨╝╨╡╤З╨░╨╜╨╕╨╡: ╨▓╨║╨╗╤О╤З╨╡╨╜╨╕╨╡ ╤Д╨░╨╣╨╗╨░:   C:\Qt\6.10.3\msvc2022_64\include\QtQml/qqmlparserstatus.h
╨Я╤А╨╕╨╝╨╡╤З╨░╨╜╨╕╨╡: ╨▓╨║╨╗╤О╤З╨╡╨╜╨╕╨╡ ╤Д╨░╨╣╨╗╨░:   C:\Qt\6.10.3\msvc2022_64\include\QtQml/qqmlpropertyvaluesource.h
╨Я╤А╨╕╨╝╨╡╤З╨░╨╜╨╕╨╡: ╨▓╨║╨╗╤О╤З╨╡╨╜╨╕╨╡ ╤Д╨░╨╣╨╗╨░:   C:\Qt\6.10.3\msvc2022_64\include\QtCore/qdatetime.h
╨Я╤А╨╕╨╝╨╡╤З╨░╨╜╨╕╨╡: ╨▓╨║╨╗╤О╤З╨╡╨╜╨╕╨╡ ╤Д╨░╨╣╨╗╨░:    C:\Qt\6.10.3\msvc2022_64\include\QtCore/qcalendar.h
╨Я╤А╨╕╨╝╨╡╤З╨░╨╜╨╕╨╡: ╨▓╨║╨╗╤О╤З╨╡╨╜╨╕╨╡ ╤Д╨░╨╣╨╗╨░:     C:\Qt\6.10.3\msvc2022_64\include\QtCore/qlocale.h
╨Я╤А╨╕╨╝╨╡╤З╨░╨╜╨╕╨╡: ╨▓╨║╨╗╤О╤З╨╡╨╜╨╕╨╡ ╤Д╨░╨╣╨╗╨░:   C:\Qt\6.10.3\msvc2022_64\include\QtCore/qmetaobject.h
╨Я╤А╨╕╨╝╨╡╤З╨░╨╜╨╕╨╡: ╨▓╨║╨╗╤О╤З╨╡╨╜╨╕╨╡ ╤Д╨░╨╣╨╗╨░:   C:\Qt\6.10.3\msvc2022_64\include\QtCore/qmetaobject.h
╨Я╤А╨╕╨╝╨╡╤З╨░╨╜╨╕╨╡: ╨▓╨║╨╗╤О╤З╨╡╨╜╨╕╨╡ ╤Д╨░╨╣╨╗╨░:   C:\Qt\6.10.3\msvc2022_64\include\QtCore/qpointer.h
╨Я╤А╨╕╨╝╨╡╤З╨░╨╜╨╕╨╡: ╨▓╨║╨╗╤О╤З╨╡╨╜╨╕╨╡ ╤Д╨░╨╣╨╗╨░:   C:\Qt\6.10.3\msvc2022_64\include\QtCore/qurl.h
╨Я╤А╨╕╨╝╨╡╤З╨░╨╜╨╕╨╡: ╨▓╨║╨╗╤О╤З╨╡╨╜╨╕╨╡ ╤Д╨░╨╣╨╗╨░:   C:\Qt\6.10.3\msvc2022_64\include\QtCore/qpointer.h
╨Я╤А╨╕╨╝╨╡╤З╨░╨╜╨╕╨╡: ╨▓╨║╨╗╤О╤З╨╡╨╜╨╕╨╡ ╤Д╨░╨╣╨╗╨░:   C:\Qt\6.10.3\msvc2022_64\include\QtCore/qurl.h
╨Я╤А╨╕╨╝╨╡╤З╨░╨╜╨╕╨╡: ╨▓╨║╨╗╤О╤З╨╡╨╜╨╕╨╡ ╤Д╨░╨╣╨╗╨░:   C:\Qt\6.10.3\msvc2022_64\include\QtCore/qversionnumber.h
╨Я╤А╨╕╨╝╨╡╤З╨░╨╜╨╕╨╡: ╨▓╨║╨╗╤О╤З╨╡╨╜╨╕╨╡ ╤Д╨░╨╣╨╗╨░:    C:\Qt\6.10.3\msvc2022_64\include\QtCore/qcontainertools_impl.h
╨Я╤А╨╕╨╝╨╡╤З╨░╨╜╨╕╨╡: ╨▓╨║╨╗╤О╤З╨╡╨╜╨╕╨╡ ╤Д╨░╨╣╨╗╨░:    C:\Qt\6.10.3\msvc2022_64\include\QtCore/qspan.h
╨Я╤А╨╕╨╝╨╡╤З╨░╨╜╨╕╨╡: ╨▓╨║╨╗╤О╤З╨╡╨╜╨╕╨╡ ╤Д╨░╨╣╨╗╨░:     C:\Qt\6.10.3\msvc2022_64\include\QtCore/qcompilerdetection.h
╨Я╤А╨╕╨╝╨╡╤З╨░╨╜╨╕╨╡: ╨▓╨║╨╗╤О╤З╨╡╨╜╨╕╨╡ ╤Д╨░╨╣╨╗╨░:     C:\Program Files\Microsoft Visual Studio\18\Community\VC\Tools\MSVC\14.51.36231\include\cassert
╨Я╤А╨╕╨╝╨╡╤З╨░╨╜╨╕╨╡: ╨▓╨║╨╗╤О╤З╨╡╨╜╨╕╨╡ ╤Д╨░╨╣╨╗╨░:      C:\Program Files (x86)\Windows Kits\10\include\10.0.26100.0\ucrt\assert.h
╨Я╤А╨╕╨╝╨╡╤З╨░╨╜╨╕╨╡: ╨▓╨║╨╗╤О╤З╨╡╨╜╨╕╨╡ ╤Д╨░╨╣╨╗╨░:     C:\Qt\6.10.3\msvc2022_64\include\QtCore/q20iterator.h
╨Я╤А╨╕╨╝╨╡╤З╨░╨╜╨╕╨╡: ╨▓╨║╨╗╤О╤З╨╡╨╜╨╕╨╡ ╤Д╨░╨╣╨╗╨░:   C:\Qt\6.10.3\msvc2022_64\include\QtCore/qversionnumber.h
╨Я╤А╨╕╨╝╨╡╤З╨░╨╜╨╕╨╡: ╨▓╨║╨╗╤О╤З╨╡╨╜╨╕╨╡ ╤Д╨░╨╣╨╗╨░:    C:\Qt\6.10.3\msvc2022_64\include\QtCore/qcontainertools_impl.h
╨Я╤А╨╕╨╝╨╡╤З╨░╨╜╨╕╨╡: ╨▓╨║╨╗╤О╤З╨╡╨╜╨╕╨╡ ╤Д╨░╨╣╨╗╨░:    C:\Qt\6.10.3\msvc2022_64\include\QtCore/qspan.h
╨Я╤А╨╕╨╝╨╡╤З╨░╨╜╨╕╨╡: ╨▓╨║╨╗╤О╤З╨╡╨╜╨╕╨╡ ╤Д╨░╨╣╨╗╨░:     C:\Qt\6.10.3\msvc2022_64\include\QtCore/qcompilerdetection.h
╨Я╤А╨╕╨╝╨╡╤З╨░╨╜╨╕╨╡: ╨▓╨║╨╗╤О╤З╨╡╨╜╨╕╨╡ ╤Д╨░╨╣╨╗╨░:     C:\Program Files\Microsoft Visual Studio\18\Community\VC\Tools\MSVC\14.51.36231\include\cassert
╨Я╤А╨╕╨╝╨╡╤З╨░╨╜╨╕╨╡: ╨▓╨║╨╗╤О╤З╨╡╨╜╨╕╨╡ ╤Д╨░╨╣╨╗╨░:      C:\Program Files (x86)\Windows Kits\10\include\10.0.26100.0\ucrt\assert.h
╨Я╤А╨╕╨╝╨╡╤З╨░╨╜╨╕╨╡: ╨▓╨║╨╗╤О╤З╨╡╨╜╨╕╨╡ ╤Д╨░╨╣╨╗╨░:     C:\Qt\6.10.3\msvc2022_64\include\QtCore/q20iterator.h
╨Я╤А╨╕╨╝╨╡╤З╨░╨╜╨╕╨╡: ╨▓╨║╨╗╤О╤З╨╡╨╜╨╕╨╡ ╤Д╨░╨╣╨╗╨░:    C:\Qt\6.10.3\msvc2022_64\include\QtCore/qtyperevision.h
╨Я╤А╨╕╨╝╨╡╤З╨░╨╜╨╕╨╡: ╨▓╨║╨╗╤О╤З╨╡╨╜╨╕╨╡ ╤Д╨░╨╣╨╗╨░:     C:\Qt\6.10.3\msvc2022_64\include\QtCore/qcontainertools_impl.h
╨Я╤А╨╕╨╝╨╡╤З╨░╨╜╨╕╨╡: ╨▓╨║╨╗╤О╤З╨╡╨╜╨╕╨╡ ╤Д╨░╨╣╨╗╨░:    C:\Qt\6.10.3\msvc2022_64\include\QtCore/qtyperevision.h
╨Я╤А╨╕╨╝╨╡╤З╨░╨╜╨╕╨╡: ╨▓╨║╨╗╤О╤З╨╡╨╜╨╕╨╡ ╤Д╨░╨╣╨╗╨░:     C:\Qt\6.10.3\msvc2022_64\include\QtCore/qcontainertools_impl.h
╨Я╤А╨╕╨╝╨╡╤З╨░╨╜╨╕╨╡: ╨▓╨║╨╗╤О╤З╨╡╨╜╨╕╨╡ ╤Д╨░╨╣╨╗╨░:     C:\Qt\6.10.3\msvc2022_64\include\QtCore/qversionnumber.h
╨Я╤А╨╕╨╝╨╡╤З╨░╨╜╨╕╨╡: ╨▓╨║╨╗╤О╤З╨╡╨╜╨╕╨╡ ╤Д╨░╨╣╨╗╨░:     C:\Qt\6.10.3\msvc2022_64\include\QtCore/qversionnumber.h
╨Я╤А╨╕╨╝╨╡╤З╨░╨╜╨╕╨╡: ╨▓╨║╨╗╤О╤З╨╡╨╜╨╕╨╡ ╤Д╨░╨╣╨╗╨░:  C:\Qt\6.10.3\msvc2022_64\include\QtCore/qstringlist.h
╨Я╤А╨╕╨╝╨╡╤З╨░╨╜╨╕╨╡: ╨▓╨║╨╗╤О╤З╨╡╨╜╨╕╨╡ ╤Д╨░╨╣╨╗╨░:  C:\Qt\6.10.3\msvc2022_64\include\QtCore/qtimezone.h
╨Я╤А╨╕╨╝╨╡╤З╨░╨╜╨╕╨╡: ╨▓╨║╨╗╤О╤З╨╡╨╜╨╕╨╡ ╤Д╨░╨╣╨╗╨░:  C:\Qt\6.10.3\msvc2022_64\include\QtCore/qstringlist.h
╨Я╤А╨╕╨╝╨╡╤З╨░╨╜╨╕╨╡: ╨▓╨║╨╗╤О╤З╨╡╨╜╨╕╨╡ ╤Д╨░╨╣╨╗╨░:  C:\Qt\6.10.3\msvc2022_64\include\QtCore/qtimezone.h
╨Я╤А╨╕╨╝╨╡╤З╨░╨╜╨╕╨╡: ╨▓╨║╨╗╤О╤З╨╡╨╜╨╕╨╡ ╤Д╨░╨╣╨╗╨░:  C:\Qt\6.10.3\msvc2022_64\include\QtQml/qjsengine.h
╨Я╤А╨╕╨╝╨╡╤З╨░╨╜╨╕╨╡: ╨▓╨║╨╗╤О╤З╨╡╨╜╨╕╨╡ ╤Д╨░╨╣╨╗╨░:   C:\Qt\6.10.3\msvc2022_64\include\QtQml/qjsmanagedvalue.h
╨Я╤А╨╕╨╝╨╡╤З╨░╨╜╨╕╨╡: ╨▓╨║╨╗╤О╤З╨╡╨╜╨╕╨╡ ╤Д╨░╨╣╨╗╨░:   C:\Qt\6.10.3\msvc2022_64\include\QtQml/qqmldebug.h
╨Я╤А╨╕╨╝╨╡╤З╨░╨╜╨╕╨╡: ╨▓╨║╨╗╤О╤З╨╡╨╜╨╕╨╡ ╤Д╨░╨╣╨╗╨░:  C:\Qt\6.10.3\msvc2022_64\include\QtQml/qjsengine.h
╨Я╤А╨╕╨╝╨╡╤З╨░╨╜╨╕╨╡: ╨▓╨║╨╗╤О╤З╨╡╨╜╨╕╨╡ ╤Д╨░╨╣╨╗╨░:   C:\Qt\6.10.3\msvc2022_64\include\QtQml/qjsmanagedvalue.h
╨Я╤А╨╕╨╝╨╡╤З╨░╨╜╨╕╨╡: ╨▓╨║╨╗╤О╤З╨╡╨╜╨╕╨╡ ╤Д╨░╨╣╨╗╨░:   C:\Qt\6.10.3\msvc2022_64\include\QtQml/qqmldebug.h
╨Я╤А╨╕╨╝╨╡╤З╨░╨╜╨╕╨╡: ╨▓╨║╨╗╤О╤З╨╡╨╜╨╕╨╡ ╤Д╨░╨╣╨╗╨░:  C:\Qt\6.10.3\msvc2022_64\include\QtQml/qqmlcomponent.h
╨Я╤А╨╕╨╝╨╡╤З╨░╨╜╨╕╨╡: ╨▓╨║╨╗╤О╤З╨╡╨╜╨╕╨╡ ╤Д╨░╨╣╨╗╨░:   C:\Qt\6.10.3\msvc2022_64\include\QtQml/qqml.h
╨Я╤А╨╕╨╝╨╡╤З╨░╨╜╨╕╨╡: ╨▓╨║╨╗╤О╤З╨╡╨╜╨╕╨╡ ╤Д╨░╨╣╨╗╨░:    C:\Qt\6.10.3\msvc2022_64\include\QtQml/qqmlregistration.h
╨Я╤А╨╕╨╝╨╡╤З╨░╨╜╨╕╨╡: ╨▓╨║╨╗╤О╤З╨╡╨╜╨╕╨╡ ╤Д╨░╨╣╨╗╨░:     C:\Qt\6.10.3\msvc2022_64\include\QtQmlIntegration/qqmlintegration.h
╨Я╤А╨╕╨╝╨╡╤З╨░╨╜╨╕╨╡: ╨▓╨║╨╗╤О╤З╨╡╨╜╨╕╨╡ ╤Д╨░╨╣╨╗╨░:  C:\Qt\6.10.3\msvc2022_64\include\QtQml/qqmlcomponent.h
╨Я╤А╨╕╨╝╨╡╤З╨░╨╜╨╕╨╡: ╨▓╨║╨╗╤О╤З╨╡╨╜╨╕╨╡ ╤Д╨░╨╣╨╗╨░:   C:\Qt\6.10.3\msvc2022_64\include\QtQml/qqml.h
╨Я╤А╨╕╨╝╨╡╤З╨░╨╜╨╕╨╡: ╨▓╨║╨╗╤О╤З╨╡╨╜╨╕╨╡ ╤Д╨░╨╣╨╗╨░:    C:\Qt\6.10.3\msvc2022_64\include\QtQml/qqmlregistration.h
╨Я╤А╨╕╨╝╨╡╤З╨░╨╜╨╕╨╡: ╨▓╨║╨╗╤О╤З╨╡╨╜╨╕╨╡ ╤Д╨░╨╣╨╗╨░:     C:\Qt\6.10.3\msvc2022_64\include\QtQmlIntegration/qqmlintegration.h
╨Я╤А╨╕╨╝╨╡╤З╨░╨╜╨╕╨╡: ╨▓╨║╨╗╤О╤З╨╡╨╜╨╕╨╡ ╤Д╨░╨╣╨╗╨░:   C:\Qt\6.10.3\msvc2022_64\include\QtQml/qqmlerror.h
╨Я╤А╨╕╨╝╨╡╤З╨░╨╜╨╕╨╡: ╨▓╨║╨╗╤О╤З╨╡╨╜╨╕╨╡ ╤Д╨░╨╣╨╗╨░:   C:\Qt\6.10.3\msvc2022_64\include\QtQml/qqmlerror.h
╨Я╤А╨╕╨╝╨╡╤З╨░╨╜╨╕╨╡: ╨▓╨║╨╗╤О╤З╨╡╨╜╨╕╨╡ ╤Д╨░╨╣╨╗╨░:  C:\Qt\6.10.3\msvc2022_64\include\QtQml/qqmlcontext.h
╨Я╤А╨╕╨╝╨╡╤З╨░╨╜╨╕╨╡: ╨▓╨║╨╗╤О╤З╨╡╨╜╨╕╨╡ ╤Д╨░╨╣╨╗╨░:  C:\Qt\6.10.3\msvc2022_64\include\QtQml/qqmlengine.h
╨Я╤А╨╕╨╝╨╡╤З╨░╨╜╨╕╨╡: ╨▓╨║╨╗╤О╤З╨╡╨╜╨╕╨╡ ╤Д╨░╨╣╨╗╨░:  C:\Qt\6.10.3\msvc2022_64\include\QtQml/qqmlcontext.h
╨Я╤А╨╕╨╝╨╡╤З╨░╨╜╨╕╨╡: ╨▓╨║╨╗╤О╤З╨╡╨╜╨╕╨╡ ╤Д╨░╨╣╨╗╨░:   C:\Qt\6.10.3\msvc2022_64\include\QtQml/qqmlabstracturlinterceptor.h
╨Я╤А╨╕╨╝╨╡╤З╨░╨╜╨╕╨╡: ╨▓╨║╨╗╤О╤З╨╡╨╜╨╕╨╡ ╤Д╨░╨╣╨╗╨░:  C:\Qt\6.10.3\msvc2022_64\include\QtQml/qqmlengine.h
╨Я╤А╨╕╨╝╨╡╤З╨░╨╜╨╕╨╡: ╨▓╨║╨╗╤О╤З╨╡╨╜╨╕╨╡ ╤Д╨░╨╣╨╗╨░:   C:\Qt\6.10.3\msvc2022_64\include\QtQml/qqmlabstracturlinterceptor.h
[ 31%] Linking CXX executable dialog-g2-hmi.exe
Adding local dependencyC:/Qt_work/DialogG2/build/Desktop_Qt_6_10_3_MSVC2022_64bit-Debug/MSVCP140D.dll
Adding local dependencyC:/Qt_work/DialogG2/build/Desktop_Qt_6_10_3_MSVC2022_64bit-Debug/VCRUNTIME140D.dll
Adding local dependencyC:/Qt_work/DialogG2/build/Desktop_Qt_6_10_3_MSVC2022_64bit-Debug/VCRUNTIME140_1D.dll
Adding local dependencyC:/Qt_work/DialogG2/build/Desktop_Qt_6_10_3_MSVC2022_64bit-Debug/MSVCP140_1D.dll
Adding local dependencyC:/Qt_work/DialogG2/build/Desktop_Qt_6_10_3_MSVC2022_64bit-Debug/MSVCP140_2D.dll
Adding local dependencyC:/Qt_work/DialogG2/build/Desktop_Qt_6_10_3_MSVC2022_64bit-Debug/icuuc.dll
C:\Qt_work\DialogG2\build\Desktop_Qt_6_10_3_MSVC2022_64bit-Debug\dialog-g2-hmi.exe 64 bit, debug executable [QML]
Scanning C:\Qt_work\DialogG2\qml:
QML imports:
  'QtQuick' C:\Qt\6.10.3\msvc2022_64\qml\QtQuick
  'QtQml' C:\Qt\6.10.3\msvc2022_64\qml\QtQml
  'QML' C:\Qt\6.10.3\msvc2022_64\qml\QML
  'QtQml.Models' C:\Qt\6.10.3\msvc2022_64\qml\QtQml\Models
  'QtQml.WorkerScript' C:\Qt\6.10.3\msvc2022_64\qml\QtQml\WorkerScript
  'QtQuick.Window' C:\Qt\6.10.3\msvc2022_64\qml\QtQuick\Window
  'QtQuick.Controls' C:\Qt\6.10.3\msvc2022_64\qml\QtQuick\Controls
  'QtQuick.Controls.Fusion' C:\Qt\6.10.3\msvc2022_64\qml\QtQuick\Controls\Fusion
  'QtQuick.Controls.Material' C:\Qt\6.10.3\msvc2022_64\qml\QtQuick\Controls\Material
  'QtQuick.Controls.Imagine' C:\Qt\6.10.3\msvc2022_64\qml\QtQuick\Controls\Imagine
  'QtQuick.Controls.Universal' C:\Qt\6.10.3\msvc2022_64\qml\QtQuick\Controls\Universal
  'QtQuick.Controls.FluentWinUI3' C:\Qt\6.10.3\msvc2022_64\qml\QtQuick\Controls\FluentWinUI3
  'QtQuick.Controls.Windows' C:\Qt\6.10.3\msvc2022_64\qml\QtQuick\Controls\Windows
  'QtQuick.Controls.Basic' C:\Qt\6.10.3\msvc2022_64\qml\QtQuick\Controls\Basic
  'QtQuick.Templates' C:\Qt\6.10.3\msvc2022_64\qml\QtQuick\Templates
  'QtQuick.Controls.impl' C:\Qt\6.10.3\msvc2022_64\qml\QtQuick\Controls\impl
  'QtQuick.Controls.Fusion.impl' C:\Qt\6.10.3\msvc2022_64\qml\QtQuick\Controls\Fusion\impl
  'QtQuick.Controls.Material.impl' C:\Qt\6.10.3\msvc2022_64\qml\QtQuick\Controls\Material\impl
  'QtQuick.Controls.Imagine.impl' C:\Qt\6.10.3\msvc2022_64\qml\QtQuick\Controls\Imagine\impl
  'QtQuick.Controls.Universal.impl' C:\Qt\6.10.3\msvc2022_64\qml\QtQuick\Controls\Universal\impl
  'QtQuick.Controls.FluentWinUI3.impl' C:\Qt\6.10.3\msvc2022_64\qml\QtQuick\Controls\FluentWinUI3\impl
  'QtQuick.Effects' C:\Qt\6.10.3\msvc2022_64\qml\QtQuick\Effects
  'QtQuick.Layouts' C:\Qt\6.10.3\msvc2022_64\qml\QtQuick\Layouts
  'QtQuick.Shapes' C:\Qt\6.10.3\msvc2022_64\qml\QtQuick\Shapes
  'QtQuick.NativeStyle' C:\Qt\6.10.3\msvc2022_64\qml\QtQuick\NativeStyle
  'QtQuick.Controls.Windows.impl' C:\Qt\6.10.3\msvc2022_64\qml\QtQuick\Controls\Windows\impl
  'QtQuick.Controls.Basic.impl' C:\Qt\6.10.3\msvc2022_64\qml\QtQuick\Controls\Basic\impl
Adding in plugin type generic for module: Qt6Gui
Adding in plugin type iconengines for module: Qt6Gui
Adding Qt6Svg for qsvgicond.dll from plugin type: iconengines
Adding in plugin type imageformats for module: Qt6Gui
Adding in plugin type networkinformation for module: Qt6Network
Adding in plugin type platforminputcontexts for module: Qt6Gui
Adding Qt6VirtualKeyboard for qtvirtualkeyboardplugind.dll from plugin type: platforminputcontexts
Adding in plugin type platforms for module: Qt6Gui
Adding in plugin type qmltooling for module: Qt6Qml
Adding Qt6Quick3DUtils for qmldbg_quick3dprofilerd.dll from plugin type: qmltooling
Adding in plugin type tls for module: Qt6Network
Skipping plugin qopensslbackendd.dll. Use -force-openssl or specify -openssl-root if you want to use it.
Adding in plugin type vectorimageformats for module: Qt6Quick
Adding Qt6Lottie Qt6LottieVectorImageGenerator Qt6QuickVectorImageGenerator for qlottievectorimaged.dll from plugin type: vectorimageformats
Performing additional pass of finding Qt plugins due to updated Qt module list: Qt6Core Qt6Gui Qt6Lottie Qt6LottieVectorImageGenerator Qt6Network Qt6OpenGL Qt6Qml Qt6QmlMeta Qt6QmlModels Qt6QmlWorkerScript Qt6Quick Qt6Quick3DUtils Qt6QuickControls2 Qt6QuickControls2Basic Qt6QuickControls2BasicStyleImpl Qt6QuickControls2FluentWinUI3StyleImpl Qt6QuickControls2Fusion Qt6QuickControls2FusionStyleImpl Qt6QuickControls2Imagine Qt6QuickControls2ImagineStyleImpl Qt6QuickControls2Impl Qt6QuickControls2Material Qt6QuickControls2MaterialStyleImpl Qt6QuickControls2Universal Qt6QuickControls2UniversalStyleImpl Qt6QuickControls2WindowsStyleImpl Qt6QuickEffects Qt6QuickLayouts Qt6QuickShapes Qt6QuickTemplates2 Qt6QuickVectorImageGenerator Qt6Svg Qt6VirtualKeyboard
Adding in plugin type generic for module: Qt6Gui
Adding in plugin type iconengines for module: Qt6Gui
Adding in plugin type imageformats for module: Qt6Gui
Adding in plugin type networkinformation for module: Qt6Network
Adding in plugin type platforminputcontexts for module: Qt6Gui
Adding in plugin type platforms for module: Qt6Gui
Adding in plugin type qmltooling for module: Qt6Qml
Adding in plugin type tls for module: Qt6Network
Skipping plugin qopensslbackendd.dll. Use -force-openssl or specify -openssl-root if you want to use it.
Adding in plugin type vectorimageformats for module: Qt6Quick
Direct dependencies: Qt6Core Qt6Gui Qt6Network Qt6OpenGL Qt6Qml Qt6QmlMeta Qt6QmlModels Qt6QmlWorkerScript Qt6Quick Qt6QuickControls2 Qt6QuickTemplates2
All dependencies   : Qt6Core Qt6Gui Qt6Network Qt6OpenGL Qt6Qml Qt6QmlMeta Qt6QmlModels Qt6QmlWorkerScript Qt6Quick Qt6QuickControls2 Qt6QuickControls2Basic Qt6QuickControls2BasicStyleImpl Qt6QuickControls2FluentWinUI3StyleImpl Qt6QuickControls2Fusion Qt6QuickControls2FusionStyleImpl Qt6QuickControls2Imagine Qt6QuickControls2ImagineStyleImpl Qt6QuickControls2Impl Qt6QuickControls2Material Qt6QuickControls2MaterialStyleImpl Qt6QuickControls2Universal Qt6QuickControls2UniversalStyleImpl Qt6QuickControls2WindowsStyleImpl Qt6QuickEffects Qt6QuickLayouts Qt6QuickShapes Qt6QuickTemplates2
To be deployed     : Qt6Core Qt6Gui Qt6Lottie Qt6LottieVectorImageGenerator Qt6Network Qt6OpenGL Qt6Qml Qt6QmlMeta Qt6QmlModels Qt6QmlWorkerScript Qt6Quick Qt6Quick3DUtils Qt6QuickControls2 Qt6QuickControls2Basic Qt6QuickControls2BasicStyleImpl Qt6QuickControls2FluentWinUI3StyleImpl Qt6QuickControls2Fusion Qt6QuickControls2FusionStyleImpl Qt6QuickControls2Imagine Qt6QuickControls2ImagineStyleImpl Qt6QuickControls2Impl Qt6QuickControls2Material Qt6QuickControls2MaterialStyleImpl Qt6QuickControls2Universal Qt6QuickControls2UniversalStyleImpl Qt6QuickControls2WindowsStyleImpl Qt6QuickEffects Qt6QuickLayouts Qt6QuickShapes Qt6QuickTemplates2 Qt6QuickVectorImageGenerator Qt6Svg Qt6VirtualKeyboard
icuuc.dll is up to date.
Qt6Cored.dll is up to date.
Qt6Guid.dll is up to date.
Qt6Lottied.dll is up to date.
Qt6LottieVectorImageGeneratord.dll is up to date.
Qt6Networkd.dll is up to date.
Qt6OpenGLd.dll is up to date.
Qt6Qmld.dll is up to date.
Qt6QmlMetad.dll is up to date.
Qt6QmlModelsd.dll is up to date.
Qt6QmlWorkerScriptd.dll is up to date.
Qt6Quickd.dll is up to date.
Qt6Quick3DUtilsd.dll is up to date.
Qt6QuickControls2d.dll is up to date.
Qt6QuickControls2Basicd.dll is up to date.
Qt6QuickControls2BasicStyleImpld.dll is up to date.
Qt6QuickControls2FluentWinUI3StyleImpld.dll is up to date.
Qt6QuickControls2Fusiond.dll is up to date.
Qt6QuickControls2FusionStyleImpld.dll is up to date.
Qt6QuickControls2Imagined.dll is up to date.
Qt6QuickControls2ImagineStyleImpld.dll is up to date.
Qt6QuickControls2Impld.dll is up to date.
Qt6QuickControls2Materiald.dll is up to date.
Qt6QuickControls2MaterialStyleImpld.dll is up to date.
Qt6QuickControls2Universald.dll is up to date.
Qt6QuickControls2UniversalStyleImpld.dll is up to date.
Qt6QuickControls2WindowsStyleImpld.dll is up to date.
Qt6QuickEffectsd.dll is up to date.
Qt6QuickLayoutsd.dll is up to date.
Qt6QuickShapesd.dll is up to date.
Qt6QuickTemplates2d.dll is up to date.
Qt6QuickVectorImageGeneratord.dll is up to date.
Qt6Svgd.dll is up to date.
Qt6VirtualKeyboardd.dll is up to date.
opengl32sw.dll is up to date.
d3dcompiler_47.dll is up to date.
dxcompiler.dll is up to date.
dxil.dll is up to date.
concrt140d.dll is up to date.
msvcp140_1d.dll is up to date.
msvcp140_2d.dll is up to date.
msvcp140d.dll is up to date.
msvcp140d_atomic_wait.dll is up to date.
msvcp140d_codecvt_ids.dll is up to date.
vccorlib140d.dll is up to date.
vcruntime140_1d.dll is up to date.
vcruntime140_threadsd.dll is up to date.
vcruntime140d.dll is up to date.
qtuiotouchplugind.dll is up to date.
qsvgicond.dll is up to date.
qgifd.dll is up to date.
qicnsd.dll is up to date.
qicod.dll is up to date.
qjpegd.dll is up to date.
qsvgd.dll is up to date.
qtgad.dll is up to date.
qtiffd.dll is up to date.
qwbmpd.dll is up to date.
qwebpd.dll is up to date.
qnetworklistmanagerd.dll is up to date.
qtvirtualkeyboardplugind.dll is up to date.
qwindowsd.dll is up to date.
qmldbg_debuggerd.dll is up to date.
qmldbg_inspectord.dll is up to date.
qmldbg_locald.dll is up to date.
qmldbg_messagesd.dll is up to date.
qmldbg_natived.dll is up to date.
qmldbg_nativedebuggerd.dll is up to date.
qmldbg_previewd.dll is up to date.
qmldbg_profilerd.dll is up to date.
qmldbg_quick3dprofilerd.dll is up to date.
qmldbg_quickprofilerd.dll is up to date.
qmldbg_serverd.dll is up to date.
qmldbg_tcpd.dll is up to date.
qcertonlybackendd.dll is up to date.
qschannelbackendd.dll is up to date.
qlottievectorimaged.dll is up to date.
qtquick2plugind.dll is up to date.
plugins.qmltypes is up to date.
qmldir is up to date.
Skipping C:\Qt\6.10.3\msvc2022_64\qml\QtQuick\Controls\designer.
qmlplugind.dll is up to date.
plugins.qmltypes is up to date.
qmldir is up to date.
plugins.qmltypes is up to date.
qmldir is up to date.
modelsplugind.dll is up to date.
plugins.qmltypes is up to date.
qmldir is up to date.
workerscriptplugind.dll is up to date.
plugins.qmltypes is up to date.
qmldir is up to date.
quickwindowplugind.dll is up to date.
qmldir is up to date.
quickwindow.qmltypes is up to date.
qtquickcontrols2plugind.dll is up to date.
plugins.qmltypes is up to date.
qmldir is up to date.
Skipping C:\Qt\6.10.3\msvc2022_64\qml\QtQuick\Controls\designer.
qtquickcontrols2fusionstyleplugind.dll is up to date.
ApplicationWindow.qml is up to date.
BusyIndicator.qml is up to date.
Button.qml is up to date.
CheckBox.qml is up to date.
CheckDelegate.qml is up to date.
ComboBox.qml is up to date.
DelayButton.qml is up to date.
Dial.qml is up to date.
Dialog.qml is up to date.
DialogButtonBox.qml is up to date.
Drawer.qml is up to date.
Frame.qml is up to date.
GroupBox.qml is up to date.
HorizontalHeaderView.qml is up to date.
HorizontalHeaderViewDelegate.qml is up to date.
ItemDelegate.qml is up to date.
Label.qml is up to date.
Menu.qml is up to date.
MenuBar.qml is up to date.
MenuBarItem.qml is up to date.
MenuItem.qml is up to date.
MenuSeparator.qml is up to date.
Page.qml is up to date.
PageIndicator.qml is up to date.
Pane.qml is up to date.
plugins.qmltypes is up to date.
Popup.qml is up to date.
ProgressBar.qml is up to date.
qmldir is up to date.
RadioButton.qml is up to date.
RadioDelegate.qml is up to date.
RangeSlider.qml is up to date.
RoundButton.qml is up to date.
ScrollBar.qml is up to date.
ScrollIndicator.qml is up to date.
ScrollView.qml is up to date.
SearchField.qml is up to date.
SelectionRectangle.qml is up to date.
Slider.qml is up to date.
SpinBox.qml is up to date.
SplitView.qml is up to date.
SwipeDelegate.qml is up to date.
Switch.qml is up to date.
SwitchDelegate.qml is up to date.
TabBar.qml is up to date.
TabButton.qml is up to date.
TextArea.qml is up to date.
TextField.qml is up to date.
ToolBar.qml is up to date.
ToolButton.qml is up to date.
ToolSeparator.qml is up to date.
ToolTip.qml is up to date.
TreeViewDelegate.qml is up to date.
Tumbler.qml is up to date.
VerticalHeaderView.qml is up to date.
VerticalHeaderViewDelegate.qml is up to date.
qtquickcontrols2materialstyleplugind.dll is up to date.
ApplicationWindow.qml is up to date.
BusyIndicator.qml is up to date.
Button.qml is up to date.
CheckBox.qml is up to date.
CheckDelegate.qml is up to date.
ComboBox.qml is up to date.
DelayButton.qml is up to date.
Dial.qml is up to date.
Dialog.qml is up to date.
DialogButtonBox.qml is up to date.
Drawer.qml is up to date.
Frame.qml is up to date.
GroupBox.qml is up to date.
HorizontalHeaderView.qml is up to date.
HorizontalHeaderViewDelegate.qml is up to date.
ItemDelegate.qml is up to date.
Label.qml is up to date.
Menu.qml is up to date.
MenuBar.qml is up to date.
MenuBarItem.qml is up to date.
MenuItem.qml is up to date.
MenuSeparator.qml is up to date.
Page.qml is up to date.
PageIndicator.qml is up to date.
Pane.qml is up to date.
plugins.qmltypes is up to date.
Popup.qml is up to date.
ProgressBar.qml is up to date.
qmldir is up to date.
RadioButton.qml is up to date.
RadioDelegate.qml is up to date.
RangeSlider.qml is up to date.
RoundButton.qml is up to date.
ScrollBar.qml is up to date.
ScrollIndicator.qml is up to date.
ScrollView.qml is up to date.
SearchField.qml is up to date.
SelectionRectangle.qml is up to date.
Slider.qml is up to date.
SpinBox.qml is up to date.
SplitView.qml is up to date.
StackView.qml is up to date.
SwipeDelegate.qml is up to date.
SwipeView.qml is up to date.
Switch.qml is up to date.
SwitchDelegate.qml is up to date.
TabBar.qml is up to date.
TabButton.qml is up to date.
TextArea.qml is up to date.
TextField.qml is up to date.
ToolBar.qml is up to date.
ToolButton.qml is up to date.
ToolSeparator.qml is up to date.
ToolTip.qml is up to date.
TreeViewDelegate.qml is up to date.
Tumbler.qml is up to date.
VerticalHeaderView.qml is up to date.
VerticalHeaderViewDelegate.qml is up to date.
qtquickcontrols2imaginestyleplugind.dll is up to date.
ApplicationWindow.qml is up to date.
BusyIndicator.qml is up to date.
Button.qml is up to date.
CheckBox.qml is up to date.
CheckDelegate.qml is up to date.
ComboBox.qml is up to date.
DelayButton.qml is up to date.
Dial.qml is up to date.
Dialog.qml is up to date.
DialogButtonBox.qml is up to date.
Drawer.qml is up to date.
Frame.qml is up to date.
GroupBox.qml is up to date.
HorizontalHeaderView.qml is up to date.
HorizontalHeaderViewDelegate.qml is up to date.
ItemDelegate.qml is up to date.
Label.qml is up to date.
Menu.qml is up to date.
MenuItem.qml is up to date.
MenuSeparator.qml is up to date.
Page.qml is up to date.
PageIndicator.qml is up to date.
Pane.qml is up to date.
plugins.qmltypes is up to date.
Popup.qml is up to date.
ProgressBar.qml is up to date.
qmldir is up to date.
RadioButton.qml is up to date.
RadioDelegate.qml is up to date.
RangeSlider.qml is up to date.
RoundButton.qml is up to date.
ScrollBar.qml is up to date.
ScrollIndicator.qml is up to date.
ScrollView.qml is up to date.
SearchField.qml is up to date.
SelectionRectangle.qml is up to date.
Slider.qml is up to date.
SpinBox.qml is up to date.
SplitView.qml is up to date.
StackView.qml is up to date.
SwipeDelegate.qml is up to date.
SwipeView.qml is up to date.
Switch.qml is up to date.
SwitchDelegate.qml is up to date.
TabBar.qml is up to date.
TabButton.qml is up to date.
TextArea.qml is up to date.
TextField.qml is up to date.
ToolBar.qml is up to date.
ToolButton.qml is up to date.
ToolSeparator.qml is up to date.
ToolTip.qml is up to date.
Tumbler.qml is up to date.
VerticalHeaderView.qml is up to date.
VerticalHeaderViewDelegate.qml is up to date.
qtquickcontrols2universalstyleplugind.dll is up to date.
ApplicationWindow.qml is up to date.
BusyIndicator.qml is up to date.
Button.qml is up to date.
CheckBox.qml is up to date.
CheckDelegate.qml is up to date.
ComboBox.qml is up to date.
DelayButton.qml is up to date.
Dial.qml is up to date.
Dialog.qml is up to date.
DialogButtonBox.qml is up to date.
Drawer.qml is up to date.
Frame.qml is up to date.
GroupBox.qml is up to date.
HorizontalHeaderView.qml is up to date.
HorizontalHeaderViewDelegate.qml is up to date.
ItemDelegate.qml is up to date.
Label.qml is up to date.
Menu.qml is up to date.
MenuBar.qml is up to date.
MenuBarItem.qml is up to date.
MenuItem.qml is up to date.
MenuSeparator.qml is up to date.
Page.qml is up to date.
PageIndicator.qml is up to date.
Pane.qml is up to date.
plugins.qmltypes is up to date.
Popup.qml is up to date.
ProgressBar.qml is up to date.
qmldir is up to date.
RadioButton.qml is up to date.
RadioDelegate.qml is up to date.
RangeSlider.qml is up to date.
RoundButton.qml is up to date.
ScrollBar.qml is up to date.
ScrollIndicator.qml is up to date.
ScrollView.qml is up to date.
SearchField.qml is up to date.
SelectionRectangle.qml is up to date.
Slider.qml is up to date.
SpinBox.qml is up to date.
SplitView.qml is up to date.
StackView.qml is up to date.
SwipeDelegate.qml is up to date.
Switch.qml is up to date.
SwitchDelegate.qml is up to date.
TabBar.qml is up to date.
TabButton.qml is up to date.
TextArea.qml is up to date.
TextField.qml is up to date.
ToolBar.qml is up to date.
ToolButton.qml is up to date.
ToolSeparator.qml is up to date.
ToolTip.qml is up to date.
Tumbler.qml is up to date.
VerticalHeaderView.qml is up to date.
VerticalHeaderViewDelegate.qml is up to date.
qtquickcontrols2fluentwinui3styleplugind.dll is up to date.
ApplicationWindow.qml is up to date.
BusyIndicator.qml is up to date.
Button.qml is up to date.
CheckBox.qml is up to date.
CheckDelegate.qml is up to date.
ComboBox.qml is up to date.
Config.qml is up to date.
DelayButton.qml is up to date.
Dialog.qml is up to date.
DialogButtonBox.qml is up to date.
FocusFrame.qml is up to date.
Frame.qml is up to date.
GroupBox.qml is up to date.
ItemDelegate.qml is up to date.
Menu.qml is up to date.
MenuBar.qml is up to date.
MenuBarItem.qml is up to date.
MenuItem.qml is up to date.
MenuSeparator.qml is up to date.
PageIndicator.qml is up to date.
plugins.qmltypes is up to date.
Popup.qml is up to date.
ProgressBar.qml is up to date.
qmldir is up to date.
RadioButton.qml is up to date.
RadioDelegate.qml is up to date.
RangeSlider.qml is up to date.
RoundButton.qml is up to date.
SearchField.qml is up to date.
Slider.qml is up to date.
SpinBox.qml is up to date.
StyleImage.qml is up to date.
SwipeDelegate.qml is up to date.
Switch.qml is up to date.
SwitchDelegate.qml is up to date.
TabBar.qml is up to date.
TabButton.qml is up to date.
TextArea.qml is up to date.
TextField.qml is up to date.
ToolBar.qml is up to date.
ToolButton.qml is up to date.
ToolSeparator.qml is up to date.
ToolTip.qml is up to date.
checkbox-indicator-checked-disabled.png is up to date.
checkbox-indicator-checked-disabled@2x.png is up to date.
checkbox-indicator-checked-disabled@3x.png is up to date.
checkbox-indicator-checked-hovered.png is up to date.
checkbox-indicator-checked-hovered@2x.png is up to date.
checkbox-indicator-checked-hovered@3x.png is up to date.
checkbox-indicator-checked-pressed.png is up to date.
checkbox-indicator-checked-pressed@2x.png is up to date.
checkbox-indicator-checked-pressed@3x.png is up to date.
checkbox-indicator-checked.png is up to date.
checkbox-indicator-checked@2x.png is up to date.
checkbox-indicator-checked@3x.png is up to date.
checkbox-indicator-disabled-partiallyChecked.png is up to date.
checkbox-indicator-disabled-partiallyChecked@2x.png is up to date.
checkbox-indicator-disabled-partiallyChecked@3x.png is up to date.
checkbox-indicator-disabled.png is up to date.
checkbox-indicator-disabled@2x.png is up to date.
checkbox-indicator-disabled@3x.png is up to date.
checkbox-indicator-hovered-partiallyChecked.png is up to date.
checkbox-indicator-hovered-partiallyChecked@2x.png is up to date.
checkbox-indicator-hovered-partiallyChecked@3x.png is up to date.
checkbox-indicator-hovered.png is up to date.
checkbox-indicator-hovered@2x.png is up to date.
checkbox-indicator-hovered@3x.png is up to date.
checkbox-indicator-partiallyChecked-pressed.png is up to date.
checkbox-indicator-partiallyChecked-pressed@2x.png is up to date.
checkbox-indicator-partiallyChecked-pressed@3x.png is up to date.
checkbox-indicator-partiallyChecked.png is up to date.
checkbox-indicator-partiallyChecked@2x.png is up to date.
checkbox-indicator-partiallyChecked@3x.png is up to date.
checkbox-indicator-pressed.png is up to date.
checkbox-indicator-pressed@2x.png is up to date.
checkbox-indicator-pressed@3x.png is up to date.
checkbox-indicator.png is up to date.
checkbox-indicator@2x.png is up to date.
checkbox-indicator@3x.png is up to date.
combobox-background-disabled.png is up to date.
combobox-background-disabled@2x.png is up to date.
combobox-background-disabled@3x.png is up to date.
combobox-background-focused.png is up to date.
combobox-background-focused@2x.png is up to date.
combobox-background-focused@3x.png is up to date.
combobox-background-hovered-open.png is up to date.
combobox-background-hovered-open@2x.png is up to date.
combobox-background-hovered-open@3x.png is up to date.
combobox-background-hovered.png is up to date.
combobox-background-hovered@2x.png is up to date.
combobox-background-hovered@3x.png is up to date.
combobox-background-open-pressed.png is up to date.
combobox-background-open-pressed@2x.png is up to date.
combobox-background-open-pressed@3x.png is up to date.
combobox-background-open.png is up to date.
combobox-background-open@2x.png is up to date.
combobox-background-open@3x.png is up to date.
combobox-background-pressed.png is up to date.
combobox-background-pressed@2x.png is up to date.
combobox-background-pressed@3x.png is up to date.
combobox-background.png is up to date.
combobox-background@2x.png is up to date.
combobox-background@3x.png is up to date.
combobox-indicator-disabled.png is up to date.
combobox-indicator-disabled@2x.png is up to date.
combobox-indicator-disabled@3x.png is up to date.
combobox-indicator-focused.png is up to date.
combobox-indicator-focused@2x.png is up to date.
combobox-indicator-focused@3x.png is up to date.
combobox-indicator-hovered-open.png is up to date.
combobox-indicator-hovered-open@2x.png is up to date.
combobox-indicator-hovered-open@3x.png is up to date.
combobox-indicator-hovered.png is up to date.
combobox-indicator-hovered@2x.png is up to date.
combobox-indicator-hovered@3x.png is up to date.
combobox-indicator-open-pressed.png is up to date.
combobox-indicator-open-pressed@2x.png is up to date.
combobox-indicator-open-pressed@3x.png is up to date.
combobox-indicator-open.png is up to date.
combobox-indicator-open@2x.png is up to date.
combobox-indicator-open@3x.png is up to date.
combobox-indicator-pressed.png is up to date.
combobox-indicator-pressed@2x.png is up to date.
combobox-indicator-pressed@3x.png is up to date.
combobox-indicator.png is up to date.
combobox-indicator@2x.png is up to date.
combobox-indicator@3x.png is up to date.
editablecombobox-background-hovered-open.png is up to date.
editablecombobox-background-hovered-open@2x.png is up to date.
editablecombobox-background-hovered-open@3x.png is up to date.
editablecombobox-background-open-pressed.png is up to date.
editablecombobox-background-open-pressed@2x.png is up to date.
editablecombobox-background-open-pressed@3x.png is up to date.
editablecombobox-background-open.png is up to date.
editablecombobox-background-open@2x.png is up to date.
editablecombobox-background-open@3x.png is up to date.
editablecombobox-indicator-hovered-open.png is up to date.
editablecombobox-indicator-hovered-open@2x.png is up to date.
editablecombobox-indicator-hovered-open@3x.png is up to date.
editablecombobox-indicator-open-pressed.png is up to date.
editablecombobox-indicator-open-pressed@2x.png is up to date.
editablecombobox-indicator-open-pressed@3x.png is up to date.
editablecombobox-indicator-open.png is up to date.
editablecombobox-indicator-open@2x.png is up to date.
editablecombobox-indicator-open@3x.png is up to date.
editablecombobox-popup-background-hovered-open.png is up to date.
editablecombobox-popup-background-hovered-open@2x.png is up to date.
editablecombobox-popup-background-hovered-open@3x.png is up to date.
editablecombobox-popup-background-open-pressed.png is up to date.
editablecombobox-popup-background-open-pressed@2x.png is up to date.
editablecombobox-popup-background-open-pressed@3x.png is up to date.
editablecombobox-popup-background-open.png is up to date.
editablecombobox-popup-background-open@2x.png is up to date.
editablecombobox-popup-background-open@3x.png is up to date.
frame-background-disabled.png is up to date.
frame-background-disabled@2x.png is up to date.
frame-background-disabled@3x.png is up to date.
frame-background.png is up to date.
frame-background@2x.png is up to date.
frame-background@3x.png is up to date.
itemdelegate-background-highlighted-hovered.png is up to date.
itemdelegate-background-highlighted-hovered@2x.png is up to date.
itemdelegate-background-highlighted-hovered@3x.png is up to date.
itemdelegate-background-highlighted-pressed.png is up to date.
itemdelegate-background-highlighted-pressed@2x.png is up to date.
itemdelegate-background-highlighted-pressed@3x.png is up to date.
itemdelegate-background-highlighted.png is up to date.
itemdelegate-background-highlighted@2x.png is up to date.
itemdelegate-background-highlighted@3x.png is up to date.
itemdelegate-background-hovered.png is up to date.
itemdelegate-background-hovered@2x.png is up to date.
itemdelegate-background-hovered@3x.png is up to date.
itemdelegate-background-pressed.png is up to date.
itemdelegate-background-pressed@2x.png is up to date.
itemdelegate-background-pressed@3x.png is up to date.
pageindicatordelegate-indicator-delegate-current-hovered.png is up to date.
pageindicatordelegate-indicator-delegate-current-hovered@2x.png is up to date.
pageindicatordelegate-indicator-delegate-current-hovered@3x.png is up to date.
pageindicatordelegate-indicator-delegate-current-pressed.png is up to date.
pageindicatordelegate-indicator-delegate-current-pressed@2x.png is up to date.
pageindicatordelegate-indicator-delegate-current-pressed@3x.png is up to date.
pageindicatordelegate-indicator-delegate-current.png is up to date.
pageindicatordelegate-indicator-delegate-current@2x.png is up to date.
pageindicatordelegate-indicator-delegate-current@3x.png is up to date.
pageindicatordelegate-indicator-delegate-pressed.png is up to date.
pageindicatordelegate-indicator-delegate-pressed@2x.png is up to date.
pageindicatordelegate-indicator-delegate-pressed@3x.png is up to date.
pageindicatordelegate-indicator-disabled.png is up to date.
pageindicatordelegate-indicator-disabled@2x.png is up to date.
pageindicatordelegate-indicator-disabled@3x.png is up to date.
pageindicatordelegate-indicator-hovered.png is up to date.
pageindicatordelegate-indicator-hovered@2x.png is up to date.
pageindicatordelegate-indicator-hovered@3x.png is up to date.
pageindicatordelegate-indicator.png is up to date.
pageindicatordelegate-indicator@2x.png is up to date.
pageindicatordelegate-indicator@3x.png is up to date.
popup-background.png is up to date.
popup-background@2x.png is up to date.
popup-background@3x.png is up to date.
progressbar-groove-disabled.png is up to date.
progressbar-groove-disabled@2x.png is up to date.
progressbar-groove-disabled@3x.png is up to date.
progressbar-groove.png is up to date.
progressbar-groove@2x.png is up to date.
progressbar-groove@3x.png is up to date.
radiobutton-indicator-checked-disabled.png is up to date.
radiobutton-indicator-checked-disabled@2x.png is up to date.
radiobutton-indicator-checked-disabled@3x.png is up to date.
radiobutton-indicator-checked-hovered.png is up to date.
radiobutton-indicator-checked-hovered@2x.png is up to date.
radiobutton-indicator-checked-hovered@3x.png is up to date.
radiobutton-indicator-checked-pressed.png is up to date.
radiobutton-indicator-checked-pressed@2x.png is up to date.
radiobutton-indicator-checked-pressed@3x.png is up to date.
radiobutton-indicator-checked.png is up to date.
radiobutton-indicator-checked@2x.png is up to date.
radiobutton-indicator-checked@3x.png is up to date.
radiobutton-indicator-disabled.png is up to date.
radiobutton-indicator-disabled@2x.png is up to date.
radiobutton-indicator-disabled@3x.png is up to date.
radiobutton-indicator-hovered.png is up to date.
radiobutton-indicator-hovered@2x.png is up to date.
radiobutton-indicator-hovered@3x.png is up to date.
radiobutton-indicator-pressed.png is up to date.
radiobutton-indicator-pressed@2x.png is up to date.
radiobutton-indicator-pressed@3x.png is up to date.
radiobutton-indicator.png is up to date.
radiobutton-indicator@2x.png is up to date.
radiobutton-indicator@3x.png is up to date.
rangeslider-first-handle-disabled.png is up to date.
rangeslider-first-handle-disabled@2x.png is up to date.
rangeslider-first-handle-disabled@3x.png is up to date.
rangeslider-first-handle-handle-pressed.png is up to date.
rangeslider-first-handle-handle-pressed@2x.png is up to date.
rangeslider-first-handle-handle-pressed@3x.png is up to date.
rangeslider-first-handle-hovered.png is up to date.
rangeslider-first-handle-hovered@2x.png is up to date.
rangeslider-first-handle-hovered@3x.png is up to date.
rangeslider-first-handle.png is up to date.
rangeslider-first-handle@2x.png is up to date.
rangeslider-first-handle@3x.png is up to date.
rangeslider-groove-disabled.png is up to date.
rangeslider-groove-disabled@2x.png is up to date.
rangeslider-groove-disabled@3x.png is up to date.
rangeslider-groove-handle-pressed.png is up to date.
rangeslider-groove-handle-pressed@2x.png is up to date.
rangeslider-groove-handle-pressed@3x.png is up to date.
rangeslider-groove-hovered.png is up to date.
rangeslider-groove-hovered@2x.png is up to date.
rangeslider-groove-hovered@3x.png is up to date.
rangeslider-groove.png is up to date.
rangeslider-groove@2x.png is up to date.
rangeslider-groove@3x.png is up to date.
rangeslider-second-handle-disabled.png is up to date.
rangeslider-second-handle-disabled@2x.png is up to date.
rangeslider-second-handle-disabled@3x.png is up to date.
rangeslider-second-handle-handle-pressed.png is up to date.
rangeslider-second-handle-handle-pressed@2x.png is up to date.
rangeslider-second-handle-handle-pressed@3x.png is up to date.
rangeslider-second-handle-hovered.png is up to date.
rangeslider-second-handle-hovered@2x.png is up to date.
rangeslider-second-handle-hovered@3x.png is up to date.
rangeslider-second-handle.png is up to date.
rangeslider-second-handle@2x.png is up to date.
rangeslider-second-handle@3x.png is up to date.
slider-groove-disabled.png is up to date.
slider-groove-disabled@2x.png is up to date.
slider-groove-disabled@3x.png is up to date.
slider-groove-hovered.png is up to date.
slider-groove-hovered@2x.png is up to date.
slider-groove-hovered@3x.png is up to date.
slider-groove-pressed.png is up to date.
slider-groove-pressed@2x.png is up to date.
slider-groove-pressed@3x.png is up to date.
slider-groove.png is up to date.
slider-groove@2x.png is up to date.
slider-groove@3x.png is up to date.
slider-handle-disabled.png is up to date.
slider-handle-disabled@2x.png is up to date.
slider-handle-disabled@3x.png is up to date.
slider-handle-hovered.png is up to date.
slider-handle-hovered@2x.png is up to date.
slider-handle-hovered@3x.png is up to date.
slider-handle-pressed.png is up to date.
slider-handle-pressed@2x.png is up to date.
slider-handle-pressed@3x.png is up to date.
slider-handle.png is up to date.
slider-handle@2x.png is up to date.
slider-handle@3x.png is up to date.
spinbox-background-atlimit.png is up to date.
spinbox-background-atlimit@2x.png is up to date.
spinbox-background-atlimit@3x.png is up to date.
spinbox-background-disabled.png is up to date.
spinbox-background-disabled@2x.png is up to date.
spinbox-background-disabled@3x.png is up to date.
spinbox-background-down-hovered.png is up to date.
spinbox-background-down-hovered@2x.png is up to date.
spinbox-background-down-hovered@3x.png is up to date.
spinbox-background-down-pressed.png is up to date.
spinbox-background-down-pressed@2x.png is up to date.
spinbox-background-down-pressed@3x.png is up to date.
spinbox-background-hovered.png is up to date.
spinbox-background-hovered@2x.png is up to date.
spinbox-background-hovered@3x.png is up to date.
spinbox-background-up-hovered.png is up to date.
spinbox-background-up-hovered@2x.png is up to date.
spinbox-background-up-hovered@3x.png is up to date.
spinbox-background-up-pressed.png is up to date.
spinbox-background-up-pressed@2x.png is up to date.
spinbox-background-up-pressed@3x.png is up to date.
spinbox-background.png is up to date.
spinbox-background@2x.png is up to date.
spinbox-background@3x.png is up to date.
spinbox-indicator-down-background-atlimit.png is up to date.
spinbox-indicator-down-background-atlimit@2x.png is up to date.
spinbox-indicator-down-background-atlimit@3x.png is up to date.
spinbox-indicator-down-background-disabled.png is up to date.
spinbox-indicator-down-background-disabled@2x.png is up to date.
spinbox-indicator-down-background-disabled@3x.png is up to date.
spinbox-indicator-down-background-down-hovered.png is up to date.
spinbox-indicator-down-background-down-hovered@2x.png is up to date.
spinbox-indicator-down-background-down-hovered@3x.png is up to date.
spinbox-indicator-down-background-down-pressed.png is up to date.
spinbox-indicator-down-background-down-pressed@2x.png is up to date.
spinbox-indicator-down-background-down-pressed@3x.png is up to date.
spinbox-indicator-down-background-hovered.png is up to date.
spinbox-indicator-down-background-hovered@2x.png is up to date.
spinbox-indicator-down-background-hovered@3x.png is up to date.
spinbox-indicator-down-background-up-hovered.png is up to date.
spinbox-indicator-down-background-up-hovered@2x.png is up to date.
spinbox-indicator-down-background-up-hovered@3x.png is up to date.
spinbox-indicator-down-background-up-pressed.png is up to date.
spinbox-indicator-down-background-up-pressed@2x.png is up to date.
spinbox-indicator-down-background-up-pressed@3x.png is up to date.
spinbox-indicator-down-background.png is up to date.
spinbox-indicator-down-background@2x.png is up to date.
spinbox-indicator-down-background@3x.png is up to date.
spinbox-indicator-down-icon-atlimit.png is up to date.
spinbox-indicator-down-icon-atlimit@2x.png is up to date.
spinbox-indicator-down-icon-atlimit@3x.png is up to date.
spinbox-indicator-down-icon-disabled.png is up to date.
spinbox-indicator-down-icon-disabled@2x.png is up to date.
spinbox-indicator-down-icon-disabled@3x.png is up to date.
spinbox-indicator-down-icon-down-hovered.png is up to date.
spinbox-indicator-down-icon-down-hovered@2x.png is up to date.
spinbox-indicator-down-icon-down-hovered@3x.png is up to date.
spinbox-indicator-down-icon-down-pressed.png is up to date.
spinbox-indicator-down-icon-down-pressed@2x.png is up to date.
spinbox-indicator-down-icon-down-pressed@3x.png is up to date.
spinbox-indicator-down-icon-hovered.png is up to date.
spinbox-indicator-down-icon-hovered@2x.png is up to date.
spinbox-indicator-down-icon-hovered@3x.png is up to date.
spinbox-indicator-down-icon-up-hovered.png is up to date.
spinbox-indicator-down-icon-up-hovered@2x.png is up to date.
spinbox-indicator-down-icon-up-hovered@3x.png is up to date.
spinbox-indicator-down-icon-up-pressed.png is up to date.
spinbox-indicator-down-icon-up-pressed@2x.png is up to date.
spinbox-indicator-down-icon-up-pressed@3x.png is up to date.
spinbox-indicator-down-icon.png is up to date.
spinbox-indicator-down-icon@2x.png is up to date.
spinbox-indicator-down-icon@3x.png is up to date.
spinbox-indicator-up-background-atlimit.png is up to date.
spinbox-indicator-up-background-atlimit@2x.png is up to date.
spinbox-indicator-up-background-atlimit@3x.png is up to date.
spinbox-indicator-up-background-disabled.png is up to date.
spinbox-indicator-up-background-disabled@2x.png is up to date.
spinbox-indicator-up-background-disabled@3x.png is up to date.
spinbox-indicator-up-background-down-hovered.png is up to date.
spinbox-indicator-up-background-down-hovered@2x.png is up to date.
spinbox-indicator-up-background-down-hovered@3x.png is up to date.
spinbox-indicator-up-background-down-pressed.png is up to date.
spinbox-indicator-up-background-down-pressed@2x.png is up to date.
spinbox-indicator-up-background-down-pressed@3x.png is up to date.
spinbox-indicator-up-background-hovered.png is up to date.
spinbox-indicator-up-background-hovered@2x.png is up to date.
spinbox-indicator-up-background-hovered@3x.png is up to date.
spinbox-indicator-up-background-up-hovered.png is up to date.
spinbox-indicator-up-background-up-hovered@2x.png is up to date.
spinbox-indicator-up-background-up-hovered@3x.png is up to date.
spinbox-indicator-up-background-up-pressed.png is up to date.
spinbox-indicator-up-background-up-pressed@2x.png is up to date.
spinbox-indicator-up-background-up-pressed@3x.png is up to date.
spinbox-indicator-up-background.png is up to date.
spinbox-indicator-up-background@2x.png is up to date.
spinbox-indicator-up-background@3x.png is up to date.
spinbox-indicator-up-icon-atlimit.png is up to date.
spinbox-indicator-up-icon-atlimit@2x.png is up to date.
spinbox-indicator-up-icon-atlimit@3x.png is up to date.
spinbox-indicator-up-icon-disabled.png is up to date.
spinbox-indicator-up-icon-disabled@2x.png is up to date.
spinbox-indicator-up-icon-disabled@3x.png is up to date.
spinbox-indicator-up-icon-down-hovered.png is up to date.
spinbox-indicator-up-icon-down-hovered@2x.png is up to date.
spinbox-indicator-up-icon-down-hovered@3x.png is up to date.
spinbox-indicator-up-icon-down-pressed.png is up to date.
spinbox-indicator-up-icon-down-pressed@2x.png is up to date.
spinbox-indicator-up-icon-down-pressed@3x.png is up to date.
spinbox-indicator-up-icon-hovered.png is up to date.
spinbox-indicator-up-icon-hovered@2x.png is up to date.
spinbox-indicator-up-icon-hovered@3x.png is up to date.
spinbox-indicator-up-icon-up-hovered.png is up to date.
spinbox-indicator-up-icon-up-hovered@2x.png is up to date.
spinbox-indicator-up-icon-up-hovered@3x.png is up to date.
spinbox-indicator-up-icon-up-pressed.png is up to date.
spinbox-indicator-up-icon-up-pressed@2x.png is up to date.
spinbox-indicator-up-icon-up-pressed@3x.png is up to date.
spinbox-indicator-up-icon.png is up to date.
spinbox-indicator-up-icon@2x.png is up to date.
spinbox-indicator-up-icon@3x.png is up to date.
textarea-background-disabled.png is up to date.
textarea-background-disabled@2x.png is up to date.
textarea-background-disabled@3x.png is up to date.
textarea-background-focused.png is up to date.
textarea-background-focused@2x.png is up to date.
textarea-background-focused@3x.png is up to date.
textarea-background-hovered.png is up to date.
textarea-background-hovered@2x.png is up to date.
textarea-background-hovered@3x.png is up to date.
textarea-background.png is up to date.
textarea-background@2x.png is up to date.
textarea-background@3x.png is up to date.
textfield-background-disabled.png is up to date.
textfield-background-disabled@2x.png is up to date.
textfield-background-disabled@3x.png is up to date.
textfield-background-focused.png is up to date.
textfield-background-focused@2x.png is up to date.
textfield-background-focused@3x.png is up to date.
textfield-background-hovered.png is up to date.
textfield-background-hovered@2x.png is up to date.
textfield-background-hovered@3x.png is up to date.
textfield-background.png is up to date.
textfield-background@2x.png is up to date.
textfield-background@3x.png is up to date.
checkmark.png is up to date.
checkmark@2x.png is up to date.
checkmark@3x.png is up to date.
close_big.png is up to date.
close_big@2x.png is up to date.
close_big@3x.png is up to date.
menuarrow.png is up to date.
menuarrow@2x.png is up to date.
menuarrow@3x.png is up to date.
search-magnifier.png is up to date.
search-magnifier@2x.png is up to date.
search-magnifier@3x.png is up to date.
checkbox-indicator-checked-disabled.png is up to date.
checkbox-indicator-checked-disabled@2x.png is up to date.
checkbox-indicator-checked-disabled@3x.png is up to date.
checkbox-indicator-checked-hovered.png is up to date.
checkbox-indicator-checked-hovered@2x.png is up to date.
checkbox-indicator-checked-hovered@3x.png is up to date.
checkbox-indicator-checked-pressed.png is up to date.
checkbox-indicator-checked-pressed@2x.png is up to date.
checkbox-indicator-checked-pressed@3x.png is up to date.
checkbox-indicator-checked.png is up to date.
checkbox-indicator-checked@2x.png is up to date.
checkbox-indicator-checked@3x.png is up to date.
checkbox-indicator-disabled-partiallyChecked.png is up to date.
checkbox-indicator-disabled-partiallyChecked@2x.png is up to date.
checkbox-indicator-disabled-partiallyChecked@3x.png is up to date.
checkbox-indicator-disabled.png is up to date.
checkbox-indicator-disabled@2x.png is up to date.
checkbox-indicator-disabled@3x.png is up to date.
checkbox-indicator-hovered-partiallyChecked.png is up to date.
checkbox-indicator-hovered-partiallyChecked@2x.png is up to date.
checkbox-indicator-hovered-partiallyChecked@3x.png is up to date.
checkbox-indicator-hovered.png is up to date.
checkbox-indicator-hovered@2x.png is up to date.
checkbox-indicator-hovered@3x.png is up to date.
checkbox-indicator-partiallyChecked-pressed.png is up to date.
checkbox-indicator-partiallyChecked-pressed@2x.png is up to date.
checkbox-indicator-partiallyChecked-pressed@3x.png is up to date.
checkbox-indicator-partiallyChecked.png is up to date.
checkbox-indicator-partiallyChecked@2x.png is up to date.
checkbox-indicator-partiallyChecked@3x.png is up to date.
checkbox-indicator-pressed.png is up to date.
checkbox-indicator-pressed@2x.png is up to date.
checkbox-indicator-pressed@3x.png is up to date.
checkbox-indicator.png is up to date.
checkbox-indicator@2x.png is up to date.
checkbox-indicator@3x.png is up to date.
combobox-background-disabled.png is up to date.
combobox-background-disabled@2x.png is up to date.
combobox-background-disabled@3x.png is up to date.
combobox-background-focused.png is up to date.
combobox-background-focused@2x.png is up to date.
combobox-background-focused@3x.png is up to date.
combobox-background-hovered-open.png is up to date.
combobox-background-hovered-open@2x.png is up to date.
combobox-background-hovered-open@3x.png is up to date.
combobox-background-hovered.png is up to date.
combobox-background-hovered@2x.png is up to date.
combobox-background-hovered@3x.png is up to date.
combobox-background-open-pressed.png is up to date.
combobox-background-open-pressed@2x.png is up to date.
combobox-background-open-pressed@3x.png is up to date.
combobox-background-open.png is up to date.
combobox-background-open@2x.png is up to date.
combobox-background-open@3x.png is up to date.
combobox-background-pressed.png is up to date.
combobox-background-pressed@2x.png is up to date.
combobox-background-pressed@3x.png is up to date.
combobox-background.png is up to date.
combobox-background@2x.png is up to date.
combobox-background@3x.png is up to date.
combobox-indicator-disabled.png is up to date.
combobox-indicator-disabled@2x.png is up to date.
combobox-indicator-disabled@3x.png is up to date.
combobox-indicator-focused.png is up to date.
combobox-indicator-focused@2x.png is up to date.
combobox-indicator-focused@3x.png is up to date.
combobox-indicator-hovered-open.png is up to date.
combobox-indicator-hovered-open@2x.png is up to date.
combobox-indicator-hovered-open@3x.png is up to date.
combobox-indicator-hovered.png is up to date.
combobox-indicator-hovered@2x.png is up to date.
combobox-indicator-hovered@3x.png is up to date.
combobox-indicator-open-pressed.png is up to date.
combobox-indicator-open-pressed@2x.png is up to date.
combobox-indicator-open-pressed@3x.png is up to date.
combobox-indicator-open.png is up to date.
combobox-indicator-open@2x.png is up to date.
combobox-indicator-open@3x.png is up to date.
combobox-indicator-pressed.png is up to date.
combobox-indicator-pressed@2x.png is up to date.
combobox-indicator-pressed@3x.png is up to date.
combobox-indicator.png is up to date.
combobox-indicator@2x.png is up to date.
combobox-indicator@3x.png is up to date.
editablecombobox-background-hovered-open.png is up to date.
editablecombobox-background-hovered-open@2x.png is up to date.
editablecombobox-background-hovered-open@3x.png is up to date.
editablecombobox-background-open-pressed.png is up to date.
editablecombobox-background-open-pressed@2x.png is up to date.
editablecombobox-background-open-pressed@3x.png is up to date.
editablecombobox-background-open.png is up to date.
editablecombobox-background-open@2x.png is up to date.
editablecombobox-background-open@3x.png is up to date.
editablecombobox-indicator-hovered-open.png is up to date.
editablecombobox-indicator-hovered-open@2x.png is up to date.
editablecombobox-indicator-hovered-open@3x.png is up to date.
editablecombobox-indicator-open-pressed.png is up to date.
editablecombobox-indicator-open-pressed@2x.png is up to date.
editablecombobox-indicator-open-pressed@3x.png is up to date.
editablecombobox-indicator-open.png is up to date.
editablecombobox-indicator-open@2x.png is up to date.
editablecombobox-indicator-open@3x.png is up to date.
editablecombobox-popup-background-hovered-open.png is up to date.
editablecombobox-popup-background-hovered-open@2x.png is up to date.
editablecombobox-popup-background-hovered-open@3x.png is up to date.
editablecombobox-popup-background-open-pressed.png is up to date.
editablecombobox-popup-background-open-pressed@2x.png is up to date.
editablecombobox-popup-background-open-pressed@3x.png is up to date.
editablecombobox-popup-background-open.png is up to date.
editablecombobox-popup-background-open@2x.png is up to date.
editablecombobox-popup-background-open@3x.png is up to date.
frame-background-disabled.png is up to date.
frame-background-disabled@2x.png is up to date.
frame-background-disabled@3x.png is up to date.
frame-background.png is up to date.
frame-background@2x.png is up to date.
frame-background@3x.png is up to date.
itemdelegate-background-highlighted-hovered.png is up to date.
itemdelegate-background-highlighted-hovered@2x.png is up to date.
itemdelegate-background-highlighted-hovered@3x.png is up to date.
itemdelegate-background-highlighted-pressed.png is up to date.
itemdelegate-background-highlighted-pressed@2x.png is up to date.
itemdelegate-background-highlighted-pressed@3x.png is up to date.
itemdelegate-background-highlighted.png is up to date.
itemdelegate-background-highlighted@2x.png is up to date.
itemdelegate-background-highlighted@3x.png is up to date.
itemdelegate-background-hovered.png is up to date.
itemdelegate-background-hovered@2x.png is up to date.
itemdelegate-background-hovered@3x.png is up to date.
itemdelegate-background-pressed.png is up to date.
itemdelegate-background-pressed@2x.png is up to date.
itemdelegate-background-pressed@3x.png is up to date.
pageindicatordelegate-indicator-delegate-current-hovered.png is up to date.
pageindicatordelegate-indicator-delegate-current-hovered@2x.png is up to date.
pageindicatordelegate-indicator-delegate-current-hovered@3x.png is up to date.
pageindicatordelegate-indicator-delegate-current-pressed.png is up to date.
pageindicatordelegate-indicator-delegate-current-pressed@2x.png is up to date.
pageindicatordelegate-indicator-delegate-current-pressed@3x.png is up to date.
pageindicatordelegate-indicator-delegate-current.png is up to date.
pageindicatordelegate-indicator-delegate-current@2x.png is up to date.
pageindicatordelegate-indicator-delegate-current@3x.png is up to date.
pageindicatordelegate-indicator-delegate-pressed.png is up to date.
pageindicatordelegate-indicator-delegate-pressed@2x.png is up to date.
pageindicatordelegate-indicator-delegate-pressed@3x.png is up to date.
pageindicatordelegate-indicator-disabled.png is up to date.
pageindicatordelegate-indicator-disabled@2x.png is up to date.
pageindicatordelegate-indicator-disabled@3x.png is up to date.
pageindicatordelegate-indicator-hovered.png is up to date.
pageindicatordelegate-indicator-hovered@2x.png is up to date.
pageindicatordelegate-indicator-hovered@3x.png is up to date.
pageindicatordelegate-indicator.png is up to date.
pageindicatordelegate-indicator@2x.png is up to date.
pageindicatordelegate-indicator@3x.png is up to date.
popup-background.png is up to date.
popup-background@2x.png is up to date.
popup-background@3x.png is up to date.
progressbar-groove-disabled.png is up to date.
progressbar-groove-disabled@2x.png is up to date.
progressbar-groove-disabled@3x.png is up to date.
progressbar-groove.png is up to date.
progressbar-groove@2x.png is up to date.
progressbar-groove@3x.png is up to date.
radiobutton-indicator-checked-disabled.png is up to date.
radiobutton-indicator-checked-disabled@2x.png is up to date.
radiobutton-indicator-checked-disabled@3x.png is up to date.
radiobutton-indicator-checked-hovered.png is up to date.
radiobutton-indicator-checked-hovered@2x.png is up to date.
radiobutton-indicator-checked-hovered@3x.png is up to date.
radiobutton-indicator-checked-pressed.png is up to date.
radiobutton-indicator-checked-pressed@2x.png is up to date.
radiobutton-indicator-checked-pressed@3x.png is up to date.
radiobutton-indicator-checked.png is up to date.
radiobutton-indicator-checked@2x.png is up to date.
radiobutton-indicator-checked@3x.png is up to date.
radiobutton-indicator-disabled.png is up to date.
radiobutton-indicator-disabled@2x.png is up to date.
radiobutton-indicator-disabled@3x.png is up to date.
radiobutton-indicator-hovered.png is up to date.
radiobutton-indicator-hovered@2x.png is up to date.
radiobutton-indicator-hovered@3x.png is up to date.
radiobutton-indicator-pressed.png is up to date.
radiobutton-indicator-pressed@2x.png is up to date.
radiobutton-indicator-pressed@3x.png is up to date.
radiobutton-indicator.png is up to date.
radiobutton-indicator@2x.png is up to date.
radiobutton-indicator@3x.png is up to date.
rangeslider-first-handle-disabled.png is up to date.
rangeslider-first-handle-disabled@2x.png is up to date.
rangeslider-first-handle-disabled@3x.png is up to date.
rangeslider-first-handle-handle-pressed.png is up to date.
rangeslider-first-handle-handle-pressed@2x.png is up to date.
rangeslider-first-handle-handle-pressed@3x.png is up to date.
rangeslider-first-handle-hovered.png is up to date.
rangeslider-first-handle-hovered@2x.png is up to date.
rangeslider-first-handle-hovered@3x.png is up to date.
rangeslider-first-handle.png is up to date.
rangeslider-first-handle@2x.png is up to date.
rangeslider-first-handle@3x.png is up to date.
rangeslider-groove-disabled.png is up to date.
rangeslider-groove-disabled@2x.png is up to date.
rangeslider-groove-disabled@3x.png is up to date.
rangeslider-groove-handle-pressed.png is up to date.
rangeslider-groove-handle-pressed@2x.png is up to date.
rangeslider-groove-handle-pressed@3x.png is up to date.
rangeslider-groove-hovered.png is up to date.
rangeslider-groove-hovered@2x.png is up to date.
rangeslider-groove-hovered@3x.png is up to date.
rangeslider-groove.png is up to date.
rangeslider-groove@2x.png is up to date.
rangeslider-groove@3x.png is up to date.
rangeslider-second-handle-disabled.png is up to date.
rangeslider-second-handle-disabled@2x.png is up to date.
rangeslider-second-handle-disabled@3x.png is up to date.
rangeslider-second-handle-handle-pressed.png is up to date.
rangeslider-second-handle-handle-pressed@2x.png is up to date.
rangeslider-second-handle-handle-pressed@3x.png is up to date.
rangeslider-second-handle-hovered.png is up to date.
rangeslider-second-handle-hovered@2x.png is up to date.
rangeslider-second-handle-hovered@3x.png is up to date.
rangeslider-second-handle.png is up to date.
rangeslider-second-handle@2x.png is up to date.
rangeslider-second-handle@3x.png is up to date.
slider-groove-disabled.png is up to date.
slider-groove-disabled@2x.png is up to date.
slider-groove-disabled@3x.png is up to date.
slider-groove-hovered.png is up to date.
slider-groove-hovered@2x.png is up to date.
slider-groove-hovered@3x.png is up to date.
slider-groove-pressed.png is up to date.
slider-groove-pressed@2x.png is up to date.
slider-groove-pressed@3x.png is up to date.
slider-groove.png is up to date.
slider-groove@2x.png is up to date.
slider-groove@3x.png is up to date.
slider-handle-disabled.png is up to date.
slider-handle-disabled@2x.png is up to date.
slider-handle-disabled@3x.png is up to date.
slider-handle-hovered.png is up to date.
slider-handle-hovered@2x.png is up to date.
slider-handle-hovered@3x.png is up to date.
slider-handle-pressed.png is up to date.
slider-handle-pressed@2x.png is up to date.
slider-handle-pressed@3x.png is up to date.
slider-handle.png is up to date.
slider-handle@2x.png is up to date.
slider-handle@3x.png is up to date.
spinbox-background-atlimit.png is up to date.
spinbox-background-atlimit@2x.png is up to date.
spinbox-background-atlimit@3x.png is up to date.
spinbox-background-disabled.png is up to date.
spinbox-background-disabled@2x.png is up to date.
spinbox-background-disabled@3x.png is up to date.
spinbox-background-down-hovered.png is up to date.
spinbox-background-down-hovered@2x.png is up to date.
spinbox-background-down-hovered@3x.png is up to date.
spinbox-background-down-pressed.png is up to date.
spinbox-background-down-pressed@2x.png is up to date.
spinbox-background-down-pressed@3x.png is up to date.
spinbox-background-hovered.png is up to date.
spinbox-background-hovered@2x.png is up to date.
spinbox-background-hovered@3x.png is up to date.
spinbox-background-up-hovered.png is up to date.
spinbox-background-up-hovered@2x.png is up to date.
spinbox-background-up-hovered@3x.png is up to date.
spinbox-background-up-pressed.png is up to date.
spinbox-background-up-pressed@2x.png is up to date.
spinbox-background-up-pressed@3x.png is up to date.
spinbox-background.png is up to date.
spinbox-background@2x.png is up to date.
spinbox-background@3x.png is up to date.
spinbox-indicator-down-background-atlimit.png is up to date.
spinbox-indicator-down-background-atlimit@2x.png is up to date.
spinbox-indicator-down-background-atlimit@3x.png is up to date.
spinbox-indicator-down-background-disabled.png is up to date.
spinbox-indicator-down-background-disabled@2x.png is up to date.
spinbox-indicator-down-background-disabled@3x.png is up to date.
spinbox-indicator-down-background-down-hovered.png is up to date.
spinbox-indicator-down-background-down-hovered@2x.png is up to date.
spinbox-indicator-down-background-down-hovered@3x.png is up to date.
spinbox-indicator-down-background-down-pressed.png is up to date.
spinbox-indicator-down-background-down-pressed@2x.png is up to date.
spinbox-indicator-down-background-down-pressed@3x.png is up to date.
spinbox-indicator-down-background-hovered.png is up to date.
spinbox-indicator-down-background-hovered@2x.png is up to date.
spinbox-indicator-down-background-hovered@3x.png is up to date.
spinbox-indicator-down-background-up-hovered.png is up to date.
spinbox-indicator-down-background-up-hovered@2x.png is up to date.
spinbox-indicator-down-background-up-hovered@3x.png is up to date.
spinbox-indicator-down-background-up-pressed.png is up to date.
spinbox-indicator-down-background-up-pressed@2x.png is up to date.
spinbox-indicator-down-background-up-pressed@3x.png is up to date.
spinbox-indicator-down-background.png is up to date.
spinbox-indicator-down-background@2x.png is up to date.
spinbox-indicator-down-background@3x.png is up to date.
spinbox-indicator-down-icon-atlimit.png is up to date.
spinbox-indicator-down-icon-atlimit@2x.png is up to date.
spinbox-indicator-down-icon-atlimit@3x.png is up to date.
spinbox-indicator-down-icon-disabled.png is up to date.
spinbox-indicator-down-icon-disabled@2x.png is up to date.
spinbox-indicator-down-icon-disabled@3x.png is up to date.
spinbox-indicator-down-icon-down-hovered.png is up to date.
spinbox-indicator-down-icon-down-hovered@2x.png is up to date.
spinbox-indicator-down-icon-down-hovered@3x.png is up to date.
spinbox-indicator-down-icon-down-pressed.png is up to date.
spinbox-indicator-down-icon-down-pressed@2x.png is up to date.
spinbox-indicator-down-icon-down-pressed@3x.png is up to date.
spinbox-indicator-down-icon-hovered.png is up to date.
spinbox-indicator-down-icon-hovered@2x.png is up to date.
spinbox-indicator-down-icon-hovered@3x.png is up to date.
spinbox-indicator-down-icon-up-hovered.png is up to date.
spinbox-indicator-down-icon-up-hovered@2x.png is up to date.
spinbox-indicator-down-icon-up-hovered@3x.png is up to date.
spinbox-indicator-down-icon-up-pressed.png is up to date.
spinbox-indicator-down-icon-up-pressed@2x.png is up to date.
spinbox-indicator-down-icon-up-pressed@3x.png is up to date.
spinbox-indicator-down-icon.png is up to date.
spinbox-indicator-down-icon@2x.png is up to date.
spinbox-indicator-down-icon@3x.png is up to date.
spinbox-indicator-up-background-atlimit.png is up to date.
spinbox-indicator-up-background-atlimit@2x.png is up to date.
spinbox-indicator-up-background-atlimit@3x.png is up to date.
spinbox-indicator-up-background-disabled.png is up to date.
spinbox-indicator-up-background-disabled@2x.png is up to date.
spinbox-indicator-up-background-disabled@3x.png is up to date.
spinbox-indicator-up-background-down-hovered.png is up to date.
spinbox-indicator-up-background-down-hovered@2x.png is up to date.
spinbox-indicator-up-background-down-hovered@3x.png is up to date.
spinbox-indicator-up-background-down-pressed.png is up to date.
spinbox-indicator-up-background-down-pressed@2x.png is up to date.
spinbox-indicator-up-background-down-pressed@3x.png is up to date.
spinbox-indicator-up-background-hovered.png is up to date.
spinbox-indicator-up-background-hovered@2x.png is up to date.
spinbox-indicator-up-background-hovered@3x.png is up to date.
spinbox-indicator-up-background-up-hovered.png is up to date.
spinbox-indicator-up-background-up-hovered@2x.png is up to date.
spinbox-indicator-up-background-up-hovered@3x.png is up to date.
spinbox-indicator-up-background-up-pressed.png is up to date.
spinbox-indicator-up-background-up-pressed@2x.png is up to date.
spinbox-indicator-up-background-up-pressed@3x.png is up to date.
spinbox-indicator-up-background.png is up to date.
spinbox-indicator-up-background@2x.png is up to date.
spinbox-indicator-up-background@3x.png is up to date.
spinbox-indicator-up-icon-atlimit.png is up to date.
spinbox-indicator-up-icon-atlimit@2x.png is up to date.
spinbox-indicator-up-icon-atlimit@3x.png is up to date.
spinbox-indicator-up-icon-disabled.png is up to date.
spinbox-indicator-up-icon-disabled@2x.png is up to date.
spinbox-indicator-up-icon-disabled@3x.png is up to date.
spinbox-indicator-up-icon-down-hovered.png is up to date.
spinbox-indicator-up-icon-down-hovered@2x.png is up to date.
spinbox-indicator-up-icon-down-hovered@3x.png is up to date.
spinbox-indicator-up-icon-down-pressed.png is up to date.
spinbox-indicator-up-icon-down-pressed@2x.png is up to date.
spinbox-indicator-up-icon-down-pressed@3x.png is up to date.
spinbox-indicator-up-icon-hovered.png is up to date.
spinbox-indicator-up-icon-hovered@2x.png is up to date.
spinbox-indicator-up-icon-hovered@3x.png is up to date.
spinbox-indicator-up-icon-up-hovered.png is up to date.
spinbox-indicator-up-icon-up-hovered@2x.png is up to date.
spinbox-indicator-up-icon-up-hovered@3x.png is up to date.
spinbox-indicator-up-icon-up-pressed.png is up to date.
spinbox-indicator-up-icon-up-pressed@2x.png is up to date.
spinbox-indicator-up-icon-up-pressed@3x.png is up to date.
spinbox-indicator-up-icon.png is up to date.
spinbox-indicator-up-icon@2x.png is up to date.
spinbox-indicator-up-icon@3x.png is up to date.
textarea-background-disabled.png is up to date.
textarea-background-disabled@2x.png is up to date.
textarea-background-disabled@3x.png is up to date.
textarea-background-focused.png is up to date.
textarea-background-focused@2x.png is up to date.
textarea-background-focused@3x.png is up to date.
textarea-background-hovered.png is up to date.
textarea-background-hovered@2x.png is up to date.
textarea-background-hovered@3x.png is up to date.
textarea-background.png is up to date.
textarea-background@2x.png is up to date.
textarea-background@3x.png is up to date.
textfield-background-disabled.png is up to date.
textfield-background-disabled@2x.png is up to date.
textfield-background-disabled@3x.png is up to date.
textfield-background-focused.png is up to date.
textfield-background-focused@2x.png is up to date.
textfield-background-focused@3x.png is up to date.
textfield-background-hovered.png is up to date.
textfield-background-hovered@2x.png is up to date.
textfield-background-hovered@3x.png is up to date.
textfield-background.png is up to date.
textfield-background@2x.png is up to date.
textfield-background@3x.png is up to date.
qtquickcontrols2windowsstyleplugind.dll is up to date.
ApplicationWindow.qml is up to date.
Button.qml is up to date.
CheckBox.qml is up to date.
CheckDelegate.qml is up to date.
ComboBox.qml is up to date.
DelayButton.qml is up to date.
Frame.qml is up to date.
GroupBox.qml is up to date.
ItemDelegate.qml is up to date.
Menu.qml is up to date.
MenuBar.qml is up to date.
MenuBarItem.qml is up to date.
MenuItem.qml is up to date.
MenuSeparator.qml is up to date.
plugins.qmltypes is up to date.
ProgressBar.qml is up to date.
qmldir is up to date.
RadioButton.qml is up to date.
RadioDelegate.qml is up to date.
RangeSlider.qml is up to date.
ScrollBar.qml is up to date.
ScrollIndicator.qml is up to date.
ScrollView.qml is up to date.
SearchField.qml is up to date.
SelectionRectangle.qml is up to date.
Slider.qml is up to date.
SpinBox.qml is up to date.
Switch.qml is up to date.
SwitchDelegate.qml is up to date.
TextArea.qml is up to date.
TextField.qml is up to date.
checkmark.png is up to date.
checkmark@2x.png is up to date.
checkmark@3x.png is up to date.
close_big.png is up to date.
close_big@2x.png is up to date.
close_big@3x.png is up to date.
menuarrow.png is up to date.
menuarrow@2x.png is up to date.
menuarrow@3x.png is up to date.
search-magnifier.png is up to date.
search-magnifier@2x.png is up to date.
search-magnifier@3x.png is up to date.
qtquickcontrols2basicstyleplugind.dll is up to date.
AbstractButton.qml is up to date.
Action.qml is up to date.
ActionGroup.qml is up to date.
ApplicationWindow.qml is up to date.
BusyIndicator.qml is up to date.
Button.qml is up to date.
ButtonGroup.qml is up to date.
Calendar.qml is up to date.
CalendarModel.qml is up to date.
CheckBox.qml is up to date.
CheckDelegate.qml is up to date.
ComboBox.qml is up to date.
Container.qml is up to date.
Control.qml is up to date.
DayOfWeekRow.qml is up to date.
DelayButton.qml is up to date.
Dial.qml is up to date.
Dialog.qml is up to date.
DialogButtonBox.qml is up to date.
Drawer.qml is up to date.
Frame.qml is up to date.
GroupBox.qml is up to date.
HorizontalHeaderView.qml is up to date.
HorizontalHeaderViewDelegate.qml is up to date.
ItemDelegate.qml is up to date.
Label.qml is up to date.
Menu.qml is up to date.
MenuBar.qml is up to date.
MenuBarItem.qml is up to date.
MenuItem.qml is up to date.
MenuSeparator.qml is up to date.
MonthGrid.qml is up to date.
Page.qml is up to date.
PageIndicator.qml is up to date.
Pane.qml is up to date.
plugins.qmltypes is up to date.
Popup.qml is up to date.
ProgressBar.qml is up to date.
qmldir is up to date.
RadioButton.qml is up to date.
RadioDelegate.qml is up to date.
RangeSlider.qml is up to date.
RoundButton.qml is up to date.
ScrollBar.qml is up to date.
ScrollIndicator.qml is up to date.
ScrollView.qml is up to date.
SearchField.qml is up to date.
SelectionRectangle.qml is up to date.
Slider.qml is up to date.
SpinBox.qml is up to date.
SplitView.qml is up to date.
StackView.qml is up to date.
SwipeDelegate.qml is up to date.
SwipeView.qml is up to date.
Switch.qml is up to date.
SwitchDelegate.qml is up to date.
TabBar.qml is up to date.
TabButton.qml is up to date.
TableViewDelegate.qml is up to date.
TextArea.qml is up to date.
TextField.qml is up to date.
ToolBar.qml is up to date.
ToolButton.qml is up to date.
ToolSeparator.qml is up to date.
ToolTip.qml is up to date.
TreeViewDelegate.qml is up to date.
Tumbler.qml is up to date.
VerticalHeaderView.qml is up to date.
VerticalHeaderViewDelegate.qml is up to date.
WeekNumberColumn.qml is up to date.
qtquicktemplates2plugind.dll is up to date.
plugins.qmltypes is up to date.
qmldir is up to date.
qtquickcontrols2implplugind.dll is up to date.
plugins.qmltypes is up to date.
qmldir is up to date.
qtquickcontrols2fusionstyleimplplugind.dll is up to date.
ButtonPanel.qml is up to date.
CheckIndicator.qml is up to date.
plugins.qmltypes is up to date.
qmldir is up to date.
RadioIndicator.qml is up to date.
SliderGroove.qml is up to date.
SliderHandle.qml is up to date.
SwitchIndicator.qml is up to date.
TextFieldBackground.qml is up to date.
qtquickcontrols2materialstyleimplplugind.dll is up to date.
BoxShadow.qml is up to date.
CheckIndicator.qml is up to date.
CursorDelegate.qml is up to date.
ElevationEffect.qml is up to date.
plugins.qmltypes is up to date.
qmldir is up to date.
RadioIndicator.qml is up to date.
RectangularGlow.qml is up to date.
RoundedElevationEffect.qml is up to date.
SliderHandle.qml is up to date.
SwitchIndicator.qml is up to date.
qtquickcontrols2imaginestyleimplplugind.dll is up to date.
OpacityMask.qml is up to date.
qmldir is up to date.
QuickControls2ImagineStyleImpl.qmltypes is up to date.
qtquickcontrols2universalstyleimplplugind.dll is up to date.
CheckIndicator.qml is up to date.
plugins.qmltypes is up to date.
qmldir is up to date.
RadioIndicator.qml is up to date.
SwitchIndicator.qml is up to date.
qtquickcontrols2fluentwinui3styleimplplugind.dll is up to date.
ButtonBackground.qml is up to date.
CheckIndicator.qml is up to date.
FocusFrame.qml is up to date.
plugins.qmltypes is up to date.
qmldir is up to date.
RadioIndicator.qml is up to date.
StyleImage.qml is up to date.
SwitchIndicator.qml is up to date.
effectsplugind.dll is up to date.
plugins.qmltypes is up to date.
qmldir is up to date.
qquicklayoutsplugind.dll is up to date.
plugins.qmltypes is up to date.
qmldir is up to date.
qmlshapesplugind.dll is up to date.
plugins.qmltypes is up to date.
qmldir is up to date.
qtquickcontrols2nativestyleplugind.dll is up to date.
plugins.qmltypes is up to date.
qmldir is up to date.
qtquickcontrols2windowsstyleimplplugind.dll is up to date.
CheckIndicator.qml is up to date.
qmldir is up to date.
QuickControls2WindowsStyleImpl.qmltypes is up to date.
SwitchIndicator.qml is up to date.
qtquickcontrols2basicstyleimplplugind.dll is up to date.
plugins.qmltypes is up to date.
qmldir is up to date.
[100%] Built target dialog-g2-hmi
